id,distance_km_per_day,annual_distance_km,fuel_type,fuel_vehicle_mileage_kmpl,fuel_price_per_liter,ev_efficiency_kwh_per_km,electricity_price_per_kwh,grid_emission_factor,fuel_emission_factor,fuel_cost_rs_per_year,ev_cost_rs_per_year,cost_savings_rs_per_year,fuel_emissions_kg_per_year,ev_emissions_kg_per_year,carbon_reduction_kg_per_year
1,99,29700,petrol,18.9,107.63,0.14,8.1,0.572,2.31,169132.86,33679.8,135453.06,3630.0,2378.38,1251.62
2,87,26100,petrol,12.2,102.89,0.14,8.56,0.676,2.31,220117.13,31278.24,188838.89,4941.89,2470.1,2471.79
3,65,19500,diesel,17.5,89.52,0.119,6.37,0.585,2.68,99750.86,14781.59,84969.27,2986.29,1357.49,1628.8
4,116,34800,petrol,16.5,105.95,0.158,7.52,0.682,2.31,223458.18,41347.97,182110.21,4872.0,3749.91,1122.09
5,16,4800,petrol,17.2,100.68,0.115,6.5,0.613,2.31,28096.74,3588.0,24508.74,644.65,338.38,306.27
6,89,26700,petrol,12.9,106.7,0.157,8.8,0.706,2.31,220844.19,36888.72,183955.47,4781.16,2959.48,1821.68
7,89,26700,petrol,16.1,104.82,0.168,6.99,0.703,2.31,173831.93,31354.34,142477.59,3830.87,3153.38,677.49
8,26,7800,petrol,19.6,106.03,0.114,7.77,0.635,2.31,42195.61,6909.08,35286.53,919.29,564.64,354.65
9,87,26100,petrol,12.6,107.94,0.163,6.89,0.757,2.31,223590.0,29312.13,194277.87,4785.0,3220.51,1564.49
10,56,16800,diesel,20.4,89.37,0.187,7.81,0.569,2.68,73598.82,24535.9,49062.92,2207.06,1787.57,419.49
11,21,6300,petrol,19.9,105.58,0.156,6.92,0.709,2.31,33424.82,6800.98,26623.84,731.31,696.81,34.5
12,85,25500,petrol,12.3,99.02,0.182,8.93,0.579,2.31,205285.37,41444.13,163841.24,4789.02,2687.14,2101.88
13,108,32400,diesel,22.1,96.97,0.137,8.15,0.665,2.68,142164.16,36176.22,105987.94,3929.05,2951.8,977.25
14,99,29700,diesel,18.1,92.06,0.186,6.26,0.558,2.68,151059.78,34581.49,116478.29,4397.57,3082.5,1315.07
15,118,35400,petrol,20.4,102.64,0.165,7.73,0.61,2.31,178110.59,45150.93,132959.66,4008.53,3563.01,445.52
16,112,33600,petrol,14.9,102.12,0.125,6.53,0.74,2.31,230284.03,27426.0,202858.03,5209.13,3108.0,2101.13
17,16,4800,petrol,18.0,107.63,0.128,6.56,0.6,2.31,28701.33,4030.46,24670.87,616.0,368.64,247.36
18,59,17700,petrol,14.0,103.12,0.115,6.08,0.676,2.31,130373.14,12375.84,117997.3,2920.5,1376.0,1544.5
19,75,22500,petrol,20.0,103.53,0.15,6.33,0.629,2.31,116471.25,21363.75,95107.5,2598.75,2122.88,475.87
20,67,20100,petrol,18.9,100.39,0.11,8.1,0.579,2.31,106763.97,17909.1,88854.87,2456.67,1280.17,1176.5
21,35,10500,petrol,15.4,99.95,0.125,6.35,0.622,2.31,68147.73,8334.38,59813.35,1575.0,816.38,758.62
22,79,23700,petrol,17.2,105.23,0.126,6.13,0.612,2.31,144997.15,18305.41,126691.74,3182.97,1827.55,1355.42
23,44,13200,petrol,19.5,106.15,0.149,7.02,0.624,2.31,71855.38,13806.94,58048.44,1563.69,1227.28,336.41
24,36,10800,petrol,16.3,104.76,0.133,8.01,0.619,2.31,69411.53,11505.56,57905.97,1530.55,889.13,641.42
25,66,19800,petrol,14.8,107.67,0.17,7.46,0.676,2.31,144045.0,25110.36,118934.64,3090.41,2275.42,814.99
26,65,19500,petrol,16.7,104.18,0.127,8.79,0.697,2.31,121647.31,21768.43,99878.88,2697.31,1726.12,971.19
27,87,26100,diesel,20.7,94.82,0.174,7.91,0.57,2.68,119555.65,35922.47,83633.18,3379.13,2588.6,790.53
28,93,27900,diesel,16.1,97.87,0.159,8.19,0.669,2.68,169600.81,36331.66,133269.15,4644.22,2967.75,1676.47
29,72,21600,petrol,21.0,102.77,0.115,7.38,0.71,2.31,105706.29,18331.92,87374.37,2376.0,1763.64,612.36
30,24,7200,petrol,19.2,102.22,0.139,8.35,0.711,2.31,38332.5,8356.68,29975.82,866.25,711.57,154.68
31,49,14700,petrol,19.5,100.9,0.173,6.55,0.619,2.31,76063.08,16657.31,59405.77,1741.38,1574.18,167.2
32,116,34800,petrol,17.3,103.74,0.114,6.54,0.754,2.31,208679.31,25945.49,182733.82,4646.71,2991.27,1655.44
33,37,11100,diesel,15.3,95.19,0.161,7.52,0.714,2.68,69059.41,13438.99,55620.42,1944.31,1275.99,668.32
34,73,21900,petrol,15.5,103.78,0.189,8.5,0.574,2.31,146631.1,35182.35,111448.75,3263.81,2375.84,887.97
35,56,16800,diesel,15.2,96.5,0.135,8.27,0.609,2.68,106657.89,18756.36,87901.53,2962.11,1381.21,1580.9
36,98,29400,petrol,16.7,99.46,0.156,7.89,0.679,2.31,175097.25,36186.7,138910.55,4066.71,3114.17,952.54
37,23,6900,petrol,12.1,105.46,0.149,6.23,0.575,2.31,60138.35,6405.06,53733.29,1317.27,591.16,726.11
38,67,20100,diesel,20.3,95.13,0.154,7.44,0.769,2.68,94192.76,23029.78,71162.98,2653.6,2380.36,273.24
39,20,6000,petrol,14.4,107.3,0.117,7.67,0.624,2.31,44708.33,5384.34,39323.99,962.5,438.05,524.45
40,55,16500,petrol,13.8,106.7,0.143,6.18,0.696,2.31,127576.09,14581.71,112994.38,2761.96,1642.21,1119.75
41,23,6900,petrol,20.4,104.53,0.13,8.32,0.559,2.31,35355.74,7463.04,27892.7,781.32,501.42,279.9
42,48,14400,petrol,12.2,104.54,0.15,8.56,0.734,2.31,123391.48,18489.6,104901.88,2726.56,1585.44,1141.12
43,43,12900,petrol,14.5,104.47,0.173,7.88,0.624,2.31,92942.28,17585.8,75356.48,2055.1,1392.58,662.52
44,62,18600,diesel,22.5,95.35,0.143,6.99,0.636,2.68,78822.67,18592.0,60230.67,2215.47,1691.63,523.84
45,66,19800,diesel,17.9,96.5,0.149,6.05,0.737,2.68,106743.02,17848.71,88894.31,2964.47,2174.3,790.17
46,14,4200,petrol,20.1,100.61,0.179,6.23,0.568,2.31,21022.99,4683.71,16339.28,482.69,427.02,55.67
47,12,3600,petrol,17.7,101.26,0.165,7.51,0.671,2.31,20595.25,4460.94,16134.31,469.83,398.57,71.26
48,107,32100,petrol,20.8,101.18,0.139,7.17,0.58,2.31,156147.98,31991.82,124156.16,3564.95,2587.9,977.05
49,86,25800,diesel,14.6,90.03,0.145,8.04,0.597,2.68,159094.11,30077.64,129016.47,4735.89,2233.38,2502.51
50,81,24300,petrol,17.0,102.87,0.151,6.07,0.711,2.31,147043.59,22272.65,124770.94,3301.94,2608.87,693.07
51,57,17100,petrol,14.5,102.83,0.112,8.17,0.57,2.31,121268.48,15647.18,105621.3,2724.21,1091.66,1632.55
52,17,5100,petrol,12.2,101.44,0.178,7.62,0.556,2.31,42405.25,6917.44,35487.81,965.66,504.74,460.92
53,14,4200,petrol,13.1,104.8,0.134,6.81,0.622,2.31,33600.0,3832.67,29767.33,740.61,350.06,390.55
54,111,33300,petrol,18.7,103.88,0.143,7.08,0.653,2.31,184984.17,33714.25,151269.92,4113.53,3109.52,1004.01
55,73,21900,diesel,17.2,97.65,0.182,7.33,0.65,2.68,124333.43,29215.91,95117.52,3412.33,2590.77,821.56
56,95,28500,petrol,17.4,101.4,0.15,7.22,0.773,2.31,166086.21,30865.5,135220.71,3783.62,3304.58,479.04
57,23,6900,petrol,19.2,104.56,0.151,7.31,0.677,2.31,37576.25,7616.29,29959.96,830.16,705.37,124.79
58,42,12600,petrol,19.0,104.95,0.177,8.34,0.747,2.31,69598.42,18599.87,50998.55,1531.89,1665.96,-134.07
59,90,27000,petrol,18.9,100.52,0.125,7.05,0.693,2.31,143600.0,23793.75,119806.25,3300.0,2338.88,961.12
60,76,22800,petrol,17.4,102.96,0.143,6.02,0.758,2.31,134913.1,19627.61,115285.49,3026.9,2471.38,555.52
61,50,15000,petrol,14.7,105.52,0.111,8.96,0.751,2.31,107673.47,14918.4,92755.07,2357.14,1250.41,1106.73
62,101,30300,petrol,19.8,107.02,0.12,8.88,0.627,2.31,163773.03,32287.68,131485.35,3535.0,2279.77,1255.23
63,39,11700,petrol,12.3,106.19,0.131,6.52,0.651,2.31,101010.0,9993.2,91016.8,2197.32,997.79,1199.53
64,15,4500,petrol,20.4,99.83,0.134,8.15,0.687,2.31,22021.32,4914.45,17106.87,509.56,414.26,95.3
65,91,27300,petrol,15.2,107.92,0.14,7.34,0.633,2.31,193830.0,28053.48,165776.52,4148.88,2419.33,1729.55
66,71,21300,petrol,17.3,105.81,0.122,7.46,0.616,2.31,130274.74,19385.56,110889.18,2844.1,1600.74,1243.36
67,60,18000,petrol,13.4,107.94,0.158,8.07,0.779,2.31,144994.03,22951.08,122042.95,3102.99,2215.48,887.51
68,82,24600,diesel,22.7,92.13,0.177,8.09,0.554,2.68,99841.32,35225.48,64615.84,2904.32,2412.23,492.09
69,33,9900,diesel,22.1,92.03,0.168,8.48,0.652,2.68,41226.11,14103.94,27122.17,1200.54,1084.41,116.13
70,58,17400,petrol,15.0,101.67,0.123,6.6,0.677,2.31,117937.2,14125.32,103811.88,2679.6,1448.92,1230.68
71,52,15600,petrol,14.1,101.15,0.128,8.66,0.616,2.31,111910.64,17292.29,94618.35,2555.74,1230.03,1325.71
72,71,21300,diesel,20.3,90.12,0.113,6.87,0.625,2.68,94559.41,16535.4,78024.01,2812.02,1504.31,1307.71
73,59,17700,petrol,17.3,99.35,0.156,8.74,0.563,2.31,101647.11,24132.89,77514.22,2363.41,1554.56,808.85
74,116,34800,petrol,13.1,105.08,0.186,8.78,0.718,2.31,279143.82,56831.18,222312.64,6136.49,4647.47,1489.02
75,113,33900,petrol,15.1,107.85,0.13,8.4,0.736,2.31,242126.82,37018.8,205108.02,5186.03,3243.55,1942.48
76,110,33000,petrol,14.0,105.47,0.173,7.45,0.647,2.31,248607.86,42532.05,206075.81,5445.0,3693.72,1751.28
77,92,27600,petrol,19.8,102.18,0.14,8.83,0.65,2.31,142432.73,34119.12,108313.61,3220.0,2511.6,708.4
78,113,33900,petrol,20.2,104.51,0.148,8.64,0.724,2.31,175390.54,43348.61,132041.93,3876.68,3632.45,244.23
79,16,4800,petrol,13.9,102.45,0.126,7.37,0.775,2.31,35378.42,4457.38,30921.04,797.7,468.72,328.98
80,116,34800,petrol,18.6,103.61,0.117,7.05,0.721,2.31,193850.97,28704.78,165146.19,4321.94,2935.62,1386.32
81,40,12000,petrol,17.9,103.99,0.142,6.51,0.646,2.31,69713.97,11093.04,58620.93,1548.6,1100.78,447.82
82,16,4800,petrol,13.1,106.1,0.177,7.24,0.754,2.31,38876.34,6151.1,32725.24,846.41,640.6,205.81
83,81,24300,petrol,18.8,105.57,0.132,8.41,0.626,2.31,136454.84,26975.92,109478.92,2985.8,2007.96,977.84
84,59,17700,petrol,18.6,106.81,0.156,8.18,0.672,2.31,101641.77,22586.62,79055.15,2198.23,1855.53,342.7
85,22,6600,petrol,15.0,106.98,0.185,7.08,0.58,2.31,47071.2,8644.68,38426.52,1016.4,708.18,308.22
86,69,20700,petrol,20.6,103.56,0.177,8.98,0.587,2.31,104062.72,32901.82,71160.9,2321.21,2150.71,170.5
87,65,19500,petrol,12.0,104.11,0.183,8.05,0.669,2.31,169178.75,28726.43,140452.32,3753.75,2387.33,1366.42
88,37,11100,petrol,15.6,103.5,0.122,8.74,0.651,2.31,73644.23,11835.71,61808.52,1643.65,881.58,762.07
89,32,9600,petrol,14.2,101.33,0.117,6.28,0.74,2.31,68504.79,7053.7,61451.09,1561.69,831.17,730.52
90,95,28500,petrol,20.4,101.79,0.111,7.11,0.631,2.31,142206.62,22492.49,119714.13,3227.21,1996.17,1231.04
91,10,3000,diesel,21.3,95.3,0.187,8.07,0.602,2.68,13422.54,4527.27,8895.27,377.46,337.72,39.74
92,94,28200,petrol,19.9,105.65,0.185,8.91,0.758,2.31,149715.08,46483.47,103231.61,3273.47,3954.49,-681.02
93,37,11100,petrol,15.1,104.46,0.188,6.59,0.611,2.31,76788.48,13752.01,63036.47,1698.08,1275.03,423.05
94,45,13500,petrol,12.7,105.32,0.13,7.0,0.69,2.31,111954.33,12285.0,99669.33,2455.51,1210.95,1244.56
95,114,34200,petrol,15.4,105.34,0.143,8.59,0.768,2.31,233936.88,42010.25,191926.63,5130.0,3755.98,1374.02
96,25,7500,petrol,17.8,99.94,0.147,6.95,0.764,2.31,42109.55,7662.38,34447.17,973.31,842.31,131.0
97,65,19500,petrol,19.5,104.33,0.17,8.0,0.731,2.31,104330.0,26520.0,77810.0,2310.0,2423.27,-113.27
98,113,33900,diesel,17.3,90.9,0.112,6.23,0.757,2.68,178121.97,23654.06,154467.91,5251.56,2874.18,2377.38
99,104,31200,petrol,12.4,99.14,0.169,8.18,0.731,2.31,249449.03,43131.5,206317.53,5812.26,3854.42,1957.84
100,97,29100,petrol,13.3,105.41,0.135,7.13,0.56,2.31,230633.91,28010.21,202623.7,5054.21,2199.96,2854.25
101,56,16800,petrol,14.0,106.51,0.162,8.86,0.613,2.31,127812.0,24113.38,103698.62,2772.0,1668.34,1103.66
102,109,32700,diesel,18.2,89.1,0.148,6.03,0.594,2.68,160086.26,29182.79,130903.47,4815.16,2874.72,1940.44
103,37,11100,petrol,19.7,101.84,0.157,7.51,0.554,2.31,57381.93,13087.68,44294.25,1301.57,965.46,336.11
104,74,22200,petrol,13.0,102.42,0.148,7.82,0.566,2.31,174901.85,25693.39,149208.46,3944.77,1859.65,2085.12
105,114,34200,diesel,15.2,91.01,0.138,7.44,0.65,2.68,204772.5,35113.82,169658.68,6030.0,3067.74,2962.26
106,102,30600,petrol,16.0,105.11,0.149,6.78,0.76,2.31,201022.88,30912.73,170110.15,4417.88,3465.14,952.74
107,118,35400,petrol,15.4,104.76,0.134,7.53,0.743,2.31,240811.95,35719.31,205092.64,5310.0,3524.49,1785.51
108,12,3600,diesel,19.2,92.77,0.175,7.77,0.573,2.68,17394.38,4895.1,12499.28,502.5,360.99,141.51
109,73,21900,petrol,20.8,102.11,0.154,6.64,0.667,2.31,107510.05,22394.06,85115.99,2432.16,2249.52,182.64
110,50,15000,diesel,21.9,95.13,0.175,8.13,0.756,2.68,65157.53,21341.25,43816.28,1835.62,1984.5,-148.88
111,60,18000,petrol,13.5,107.67,0.165,8.29,0.707,2.31,143560.0,24621.3,118938.7,3080.0,2099.79,980.21
112,12,3600,petrol,12.4,99.87,0.166,7.7,0.569,2.31,28994.52,4601.52,24393.0,670.65,340.03,330.62
113,117,35100,petrol,14.5,100.85,0.151,8.52,0.593,2.31,244126.55,45156.85,198969.7,5591.79,3142.96,2448.83
114,23,6900,diesel,21.5,96.8,0.153,7.71,0.772,2.68,31066.05,8139.45,22926.6,860.09,815.0,45.09
115,53,15900,petrol,18.2,101.46,0.116,7.27,0.584,2.31,88638.13,13408.79,75229.34,2018.08,1077.13,940.95
116,112,33600,petrol,13.1,100.47,0.157,7.58,0.655,2.31,257694.05,39986.02,217708.03,5924.89,3455.26,2469.63
117,40,12000,petrol,19.2,106.43,0.112,7.64,0.587,2.31,66518.75,10268.16,56250.59,1443.75,788.93,654.82
118,33,9900,petrol,14.7,103.92,0.127,7.25,0.607,2.31,69986.94,9115.42,60871.52,1555.71,763.18,792.53
119,44,13200,diesel,22.0,93.82,0.123,8.42,0.675,2.68,56292.0,13670.71,42621.29,1608.0,1095.93,512.07
120,22,6600,petrol,21.0,102.1,0.147,7.78,0.642,2.31,32088.57,7548.16,24540.41,726.0,622.87,103.13
121,61,18300,diesel,20.3,97.37,0.134,6.32,0.739,2.68,87776.9,15497.9,72279.0,2415.96,1812.18,603.78
122,24,7200,petrol,16.1,107.79,0.18,7.36,0.685,2.31,48204.22,9538.56,38665.66,1033.04,887.76,145.28
123,79,23700,petrol,16.0,99.31,0.154,7.02,0.736,2.31,147102.94,25621.6,121481.34,3421.69,2686.25,735.44
124,46,13800,petrol,17.1,104.89,0.18,6.12,0.629,2.31,84648.07,15202.08,69445.99,1864.21,1562.44,301.77
125,84,25200,petrol,12.3,100.78,0.12,7.72,0.743,2.31,206476.1,23345.28,183130.82,4732.68,2246.83,2485.85
126,114,34200,petrol,17.9,102.45,0.181,6.01,0.577,2.31,195742.46,37203.1,158539.36,4413.52,3571.75,841.77
127,108,32400,petrol,18.3,106.88,0.146,7.45,0.753,2.31,189230.16,35241.48,153988.68,4089.84,3561.99,527.85
128,45,13500,petrol,17.3,99.66,0.135,8.68,0.705,2.31,77769.36,15819.3,61950.06,1802.6,1284.86,517.74
129,45,13500,petrol,16.7,101.58,0.117,6.25,0.743,2.31,82115.57,9871.88,72243.69,1867.37,1173.57,693.8
130,54,16200,petrol,15.8,100.33,0.15,7.74,0.628,2.31,102870.0,18808.2,84061.8,2368.48,1526.04,842.44
131,90,27000,petrol,17.5,101.41,0.137,8.19,0.758,2.31,156461.14,30294.81,126166.33,3564.0,2803.84,760.16
132,64,19200,petrol,14.2,106.84,0.165,6.43,0.588,2.31,144459.72,20370.24,124089.48,3123.38,1862.78,1260.6
133,72,21600,petrol,20.3,103.61,0.118,8.39,0.562,2.31,110245.12,21384.43,88860.69,2457.93,1432.43,1025.5
134,94,28200,petrol,20.5,103.42,0.125,6.37,0.719,2.31,142265.56,22454.25,119811.31,3177.66,2534.47,643.19
135,42,12600,petrol,18.6,104.94,0.14,7.25,0.581,2.31,71088.39,12789.0,58299.39,1564.84,1024.88,539.96
136,41,12300,diesel,20.0,92.96,0.158,7.68,0.671,2.68,57170.4,14925.31,42245.09,1648.2,1304.02,344.18
137,62,18600,petrol,17.5,103.35,0.116,7.51,0.673,2.31,109846.29,16203.58,93642.71,2455.2,1452.06,1003.14
138,10,3000,petrol,12.2,101.77,0.188,6.69,0.674,2.31,25025.41,3773.16,21252.25,568.03,380.14,187.89
139,45,13500,petrol,19.4,103.46,0.17,8.04,0.72,2.31,71995.36,18451.8,53543.56,1607.47,1652.4,-44.93
140,56,16800,diesel,22.5,91.83,0.147,7.43,0.562,2.68,68566.4,18349.13,50217.27,2001.07,1387.92,613.15
141,84,25200,petrol,18.9,104.63,0.158,6.92,0.632,2.31,139506.67,27552.67,111954.0,3080.0,2516.37,563.63
142,10,3000,petrol,18.9,107.4,0.117,6.43,0.551,2.31,17047.62,2256.93,14790.69,366.67,193.4,173.27
143,95,28500,diesel,21.9,92.52,0.177,7.97,0.664,2.68,120402.74,40204.67,80198.07,3487.67,3349.55,138.12
144,28,8400,petrol,18.9,100.26,0.133,7.09,0.602,2.31,44560.0,7920.95,36639.05,1026.67,672.55,354.12
145,59,17700,petrol,17.8,105.47,0.152,6.44,0.679,2.31,104877.47,17326.18,87551.29,2297.02,1826.78,470.24
146,93,27900,diesel,21.6,95.0,0.17,6.99,0.562,2.68,122708.33,33153.57,89554.76,3461.67,2665.57,796.1
147,12,3600,petrol,12.9,103.09,0.136,8.84,0.769,2.31,28769.3,4328.06,24441.24,644.65,376.5,268.15
148,40,12000,petrol,20.2,105.3,0.149,6.93,0.691,2.31,62554.46,12390.84,50163.62,1372.28,1235.51,136.77
149,29,8700,petrol,19.1,107.38,0.147,7.86,0.589,2.31,48911.31,10052.15,38859.16,1052.2,753.27,298.93
150,84,25200,petrol,18.7,107.3,0.168,7.52,0.555,2.31,144596.79,31836.67,112760.12,3112.94,2349.65,763.29
151,73,21900,petrol,20.2,105.3,0.151,8.94,0.645,2.31,114161.88,29563.69,84598.19,2504.41,2132.95,371.46
152,111,33300,diesel,17.2,92.88,0.184,6.01,0.699,2.68,179820.0,36824.47,142995.53,5188.6,4282.91,905.69
153,110,33000,petrol,19.7,99.39,0.169,8.27,0.632,2.31,166490.86,46121.79,120369.07,3869.54,3524.66,344.88
154,11,3300,petrol,15.7,105.51,0.168,7.98,0.592,2.31,22177.26,4424.11,17753.15,485.54,328.2,157.34
155,104,31200,petrol,17.1,101.3,0.141,7.9,0.588,2.31,184828.07,34753.68,150074.39,4214.74,2586.73,1628.01
156,59,17700,petrol,17.3,105.98,0.114,8.65,0.59,2.31,108430.4,17453.97,90976.43,2363.41,1190.5,1172.91
157,36,10800,petrol,19.3,100.86,0.189,6.25,0.555,2.31,56439.79,12757.5,43682.29,1292.64,1132.87,159.77
158,53,15900,diesel,17.0,91.45,0.124,7.72,0.725,2.68,85532.65,15220.75,70311.9,2506.59,1429.41,1077.18
159,81,24300,petrol,14.5,102.01,0.153,7.73,0.704,2.31,170954.69,28739.37,142215.32,3871.24,2617.4,1253.84
160,76,22800,petrol,18.0,101.83,0.169,7.73,0.569,2.31,128984.67,29785.24,99199.43,2926.0,2192.47,733.53
161,18,5400,petrol,12.8,104.07,0.168,6.62,0.776,2.31,43904.53,6005.66,37898.87,974.53,703.99,270.54
162,78,23400,diesel,16.6,92.4,0.157,6.99,0.599,2.68,130250.6,25679.86,104570.74,3777.83,2200.61,1577.22
163,34,10200,petrol,14.8,102.32,0.153,8.92,0.631,2.31,70517.84,13920.55,56597.29,1592.03,984.74,607.29
164,48,14400,diesel,19.6,95.14,0.133,8.26,0.561,2.68,69898.78,15819.55,54079.23,1968.98,1074.43,894.55
165,50,15000,petrol,19.7,99.33,0.161,8.55,0.595,2.31,75631.98,20648.25,54983.73,1758.88,1436.92,321.96
166,84,25200,diesel,19.0,93.53,0.156,7.37,0.68,2.68,124050.32,28972.94,95077.38,3554.53,2673.22,881.31
167,98,29400,petrol,17.9,106.49,0.115,7.33,0.704,2.31,174905.36,24782.73,150122.63,3794.08,2380.22,1413.86
168,98,29400,diesel,14.2,96.7,0.128,7.96,0.622,2.68,200209.86,29955.07,170254.79,5548.73,2340.71,3208.02
169,113,33900,petrol,19.1,107.02,0.125,6.14,0.764,2.31,189946.49,26018.25,163928.24,4099.95,3237.45,862.5
170,83,24900,petrol,12.9,100.25,0.137,8.92,0.775,2.31,193505.81,30428.8,163077.01,4458.84,2643.76,1815.08
171,25,7500,petrol,20.0,103.79,0.18,6.38,0.575,2.31,38921.25,8613.0,30308.25,866.25,776.25,90.0
172,81,24300,petrol,20.3,107.09,0.123,8.26,0.604,2.31,128191.48,24688.31,103503.17,2765.17,1805.3,959.87
173,74,22200,petrol,12.2,99.88,0.173,6.55,0.602,2.31,181748.85,25155.93,156592.92,4203.44,2312.04,1891.4
174,66,19800,diesel,17.5,93.47,0.16,8.51,0.761,2.68,105754.63,26959.68,78794.95,3032.23,2410.85,621.38
175,34,10200,petrol,15.8,101.71,0.111,6.65,0.653,2.31,65660.89,7529.13,58131.76,1491.27,739.33,751.94
176,41,12300,petrol,17.8,104.31,0.123,7.0,0.746,2.31,72079.38,10590.3,61489.08,1596.24,1128.62,467.62
177,106,31800,petrol,12.1,105.41,0.157,8.06,0.688,2.31,277027.93,40240.36,236787.57,6070.91,3434.91,2636.0
178,30,9000,petrol,17.7,102.73,0.164,6.68,0.707,2.31,52235.59,9859.68,42375.91,1174.58,1043.53,131.05
179,62,18600,diesel,16.9,91.12,0.165,7.52,0.714,2.68,100285.92,23078.88,77207.04,2949.59,2191.27,758.32
180,62,18600,petrol,20.9,103.96,0.162,8.43,0.746,2.31,92519.43,25401.28,67118.15,2055.79,2247.85,-192.06
181,85,25500,petrol,21.0,107.46,0.187,6.76,0.733,2.31,130487.14,32235.06,98252.08,2805.0,3495.31,-690.31
182,48,14400,petrol,13.1,101.3,0.148,8.82,0.69,2.31,111352.67,18797.18,92555.49,2539.24,1470.53,1068.71
183,18,5400,petrol,17.5,106.45,0.123,7.9,0.557,2.31,32847.43,5247.18,27600.25,712.8,369.96,342.84
184,84,25200,petrol,13.3,106.26,0.189,8.45,0.727,2.31,201334.74,40245.66,161089.08,4376.84,3462.56,914.28
185,57,17100,diesel,21.0,96.75,0.133,8.09,0.636,2.68,78782.14,18399.09,60383.05,2182.29,1446.45,735.84
186,82,24600,petrol,15.4,102.77,0.19,7.13,0.571,2.31,164165.06,33325.62,130839.44,3690.0,2668.85,1021.15
187,61,18300,diesel,16.4,96.16,0.126,7.63,0.677,2.68,107300.49,17593.25,89707.24,2990.49,1561.03,1429.46
188,28,8400,petrol,16.3,106.68,0.185,8.49,0.576,2.31,54976.2,13193.46,41782.74,1190.43,895.1,295.33
189,80,24000,petrol,16.3,100.05,0.128,7.04,0.745,2.31,147312.88,21626.88,125686.0,3401.23,2288.64,1112.59
190,68,20400,petrol,15.6,104.7,0.154,8.42,0.751,2.31,136915.38,26452.27,110463.11,3020.77,2359.34,661.43
191,59,17700,petrol,13.4,100.32,0.136,7.41,0.748,2.31,132512.24,17837.35,114674.89,3051.27,1800.59,1250.68
192,58,17400,petrol,18.3,104.1,0.171,7.01,0.631,2.31,98980.33,20857.55,78122.78,2196.39,1877.48,318.91
193,106,31800,diesel,19.1,93.97,0.127,8.6,0.578,2.68,156452.67,34731.96,121720.71,4461.99,2334.31,2127.68
194,45,13500,diesel,15.8,92.81,0.128,6.14,0.747,2.68,79299.68,10609.92,68689.76,2289.87,1290.82,999.05
195,73,21900,petrol,16.2,103.77,0.172,6.27,0.703,2.31,140281.67,23617.84,116663.83,3122.78,2648.06,474.72
196,47,14100,petrol,14.7,99.63,0.188,8.25,0.758,2.31,95563.47,21869.1,73694.37,2215.71,2009.31,206.4
197,114,34200,petrol,19.6,101.27,0.184,7.34,0.597,2.31,176705.82,46189.15,130516.67,4030.71,3756.8,273.91
198,111,33300,diesel,18.7,96.54,0.111,6.09,0.632,2.68,171913.48,22510.47,149403.01,4772.41,2336.06,2436.35
199,89,26700,petrol,15.0,106.09,0.132,8.28,0.693,2.31,188840.2,29182.03,159658.17,4111.8,2442.41,1669.39
200,79,23700,petrol,13.5,101.75,0.184,8.76,0.599,2.31,178627.78,38200.61,140427.17,4055.33,2612.12,1443.21
201,82,24600,diesel,21.1,94.15,0.132,6.9,0.714,2.68,109767.3,22405.68,87361.62,3124.55,2318.5,806.05
202,112,33600,petrol,15.3,103.04,0.14,6.46,0.726,2.31,226283.92,30387.84,195896.08,5072.94,3415.1,1657.84
203,78,23400,diesel,16.7,92.47,0.111,7.24,0.751,2.68,129568.74,18805.18,110763.56,3755.21,1950.65,1804.56
204,85,25500,diesel,20.5,97.45,0.132,8.75,0.769,2.68,121218.29,29452.5,91765.79,3333.66,2588.45,745.21
205,52,15600,petrol,20.7,100.15,0.135,8.02,0.654,2.31,75475.36,16890.12,58585.24,1740.87,1377.32,363.55
206,100,30000,petrol,14.1,105.23,0.113,6.01,0.566,2.31,223893.62,20373.9,203519.72,4914.89,1918.74,2996.15
207,110,33000,petrol,17.5,104.45,0.142,7.81,0.761,2.31,196962.86,36597.66,160365.2,4356.0,3566.05,789.95
208,82,24600,petrol,20.7,101.2,0.14,8.62,0.683,2.31,120266.67,29687.28,90579.39,2745.22,2352.25,392.97
209,12,3600,diesel,19.7,93.89,0.127,8.49,0.717,2.68,17157.56,3881.63,13275.93,489.75,327.81,161.94
210,109,32700,diesel,17.6,97.21,0.138,7.86,0.705,2.68,180611.76,35469.04,145142.72,4979.32,3181.38,1797.94
211,117,35100,petrol,14.3,99.41,0.143,6.99,0.695,2.31,244006.36,35084.91,208921.45,5670.0,3488.41,2181.59
212,111,33300,diesel,20.3,95.23,0.162,6.08,0.661,2.68,156214.73,32799.17,123415.56,4396.26,3565.83,830.43
213,37,11100,diesel,20.9,95.68,0.135,7.97,0.757,2.68,50815.69,11943.05,38872.64,1423.35,1134.36,288.99
214,54,16200,diesel,17.9,90.38,0.179,8.96,0.665,2.68,81796.42,25982.21,55814.21,2425.47,1928.37,497.1
215,39,11700,petrol,15.8,99.42,0.118,7.02,0.66,2.31,73621.14,9691.81,63929.33,1710.57,911.2,799.37
216,88,26400,petrol,14.3,106.64,0.154,6.99,0.737,2.31,196873.85,28418.54,168455.31,4264.62,2996.35,1268.27
217,116,34800,petrol,16.6,99.91,0.155,7.91,0.678,2.31,209449.88,42666.54,166783.34,4842.65,3657.13,1185.52
218,82,24600,diesel,15.6,97.02,0.153,6.08,0.63,2.68,152993.08,22883.9,130109.18,4226.15,2371.19,1854.96
219,93,27900,petrol,20.1,101.25,0.123,7.71,0.592,2.31,140541.04,26458.41,114082.63,3206.42,2031.57,1174.85
220,40,12000,petrol,15.9,106.44,0.147,7.48,0.759,2.31,80332.08,13194.72,67137.36,1743.4,1338.88,404.52
221,109,32700,diesel,17.0,95.68,0.175,7.44,0.683,2.68,184043.29,42575.4,141467.89,5155.06,3908.47,1246.59
222,30,9000,petrol,14.4,100.73,0.121,6.99,0.564,2.31,62956.25,7612.11,55344.14,1443.75,614.2,829.55
223,65,19500,diesel,17.1,90.61,0.188,8.86,0.599,2.68,103327.19,32480.76,70846.43,3056.14,2195.93,860.21
224,62,18600,petrol,12.0,106.59,0.18,7.31,0.693,2.31,165214.5,24473.88,140740.62,3580.5,2320.16,1260.34
225,102,30600,petrol,15.2,101.1,0.123,6.54,0.777,2.31,203530.26,24615.25,178915.01,4650.39,2924.47,1725.92
226,52,15600,diesel,15.4,92.48,0.124,7.48,0.637,2.68,93681.04,14469.31,79211.73,2714.81,1232.21,1482.6
227,85,25500,petrol,20.3,107.4,0.139,6.62,0.745,2.31,134911.33,23464.59,111446.74,2901.72,2640.65,261.07
228,71,21300,diesel,22.2,96.44,0.167,8.24,0.568,2.68,92530.27,29310.5,63219.77,2571.35,2020.43,550.92
229,83,24900,diesel,21.0,96.85,0.173,7.59,0.717,2.68,114836.43,32695.44,82140.99,3177.71,3088.62,89.09
230,105,31500,diesel,19.8,94.16,0.157,6.89,0.567,2.68,149800.0,34074.49,115725.51,4263.64,2804.1,1459.54
231,55,16500,petrol,17.7,105.53,0.164,6.94,0.569,2.31,98375.42,18779.64,79595.78,2153.39,1539.71,613.68
232,87,26100,petrol,13.3,107.1,0.126,7.98,0.609,2.31,210173.68,26243.03,183930.65,4533.16,2002.76,2530.4
233,72,21600,diesel,16.2,91.41,0.123,7.91,0.668,2.68,121880.0,21015.29,100864.71,3573.33,1774.74,1798.59
234,84,25200,diesel,18.2,89.79,0.137,6.81,0.563,2.68,124324.62,23510.84,100813.78,3710.77,1943.7,1767.07
235,118,35400,petrol,12.1,107.99,0.16,7.95,0.688,2.31,315937.69,45028.8,270908.89,6758.18,3896.83,2861.35
236,36,10800,petrol,12.6,102.79,0.171,6.69,0.589,2.31,88105.71,12355.09,75750.62,1980.0,1087.77,892.23
237,93,27900,petrol,15.2,107.15,0.188,8.78,0.765,2.31,196676.64,46052.86,150623.78,4240.07,4012.58,227.49
238,43,12900,petrol,16.7,104.76,0.162,8.14,0.558,2.31,80922.4,17010.97,63911.43,1784.37,1166.11,618.26
239,103,30900,diesel,22.6,95.67,0.178,6.01,0.762,2.68,130805.44,33056.2,97749.24,3664.25,4191.15,-526.9
240,54,16200,petrol,12.4,104.29,0.129,8.22,0.582,2.31,136249.84,17178.16,119071.68,3017.9,1216.26,1801.64
241,53,15900,diesel,14.5,95.82,0.172,6.86,0.703,2.68,105071.59,18760.73,86310.86,2938.76,1922.56,1016.2
242,10,3000,diesel,15.7,89.26,0.165,6.47,0.689,2.68,17056.05,3202.65,13853.4,512.1,341.05,171.05
243,28,8400,petrol,17.0,105.24,0.152,7.24,0.565,2.31,52000.94,9244.03,42756.91,1141.41,721.39,420.02
244,20,6000,petrol,13.5,100.49,0.18,6.98,0.68,2.31,44662.22,7538.4,37123.82,1026.67,734.4,292.27
245,47,14100,petrol,19.0,99.71,0.164,6.43,0.772,2.31,73995.32,14868.73,59126.59,1714.26,1785.17,-70.91
246,26,7800,petrol,18.1,101.82,0.177,6.9,0.769,2.31,43878.23,9526.14,34352.09,995.47,1061.68,-66.21
247,48,14400,diesel,14.7,91.53,0.146,7.14,0.555,2.68,89662.04,15011.14,74650.9,2625.31,1166.83,1458.48
248,101,30300,petrol,19.6,100.74,0.177,6.35,0.698,2.31,155735.82,34055.68,121680.14,3571.07,3743.44,-172.37
249,75,22500,petrol,19.6,100.39,0.149,8.07,0.704,2.31,115243.62,27054.67,88188.95,2651.79,2360.16,291.63
250,117,35100,petrol,13.2,103.33,0.132,7.64,0.633,2.31,274763.86,35397.65,239366.21,6142.5,2932.82,3209.68
251,98,29400,diesel,19.1,94.4,0.113,7.36,0.632,2.68,145306.81,24451.39,120855.42,4125.24,2099.63,2025.61
252,100,30000,petrol,13.3,100.59,0.187,7.1,0.563,2.31,226894.74,39831.0,187063.74,5210.53,3158.43,2052.1
253,37,11100,petrol,16.3,104.77,0.154,8.1,0.761,2.31,71346.44,13846.14,57500.3,1573.07,1300.85,272.22
254,16,4800,diesel,16.4,90.7,0.17,7.45,0.695,2.68,26546.34,6079.2,20467.14,784.39,567.12,217.27
255,14,4200,petrol,20.4,102.85,0.13,8.14,0.634,2.31,21175.0,4444.44,16730.56,475.59,346.16,129.43
256,108,32400,petrol,14.8,102.93,0.142,6.81,0.589,2.31,225333.24,31331.45,194001.79,5057.03,2709.87,2347.16
257,12,3600,petrol,14.4,105.88,0.174,7.6,0.697,2.31,26470.0,4760.64,21709.36,577.5,436.6,140.9
258,63,18900,diesel,16.9,94.29,0.144,8.99,0.578,2.68,105448.58,24467.18,80981.4,2997.16,1573.08,1424.08
259,68,20400,petrol,17.5,102.85,0.14,6.96,0.708,2.31,119893.71,19877.76,100015.95,2692.8,2022.05,670.75
260,41,12300,petrol,14.3,105.77,0.186,8.54,0.62,2.31,90976.99,19537.81,71439.18,1986.92,1418.44,568.48
261,109,32700,petrol,14.7,102.95,0.142,7.19,0.728,2.31,229011.22,33386.05,195625.17,5138.57,3380.4,1758.17
262,16,4800,petrol,19.5,107.96,0.173,7.0,0.77,2.31,26574.77,5812.8,20761.97,568.62,639.41,-70.79
263,67,20100,petrol,19.1,100.07,0.125,8.15,0.736,2.31,105309.27,20476.88,84832.39,2430.94,1849.2,581.74
264,98,29400,petrol,12.6,102.1,0.152,8.62,0.693,2.31,238233.33,38521.06,199712.27,5390.0,3096.88,2293.12
265,76,22800,petrol,17.9,105.66,0.184,8.75,0.653,2.31,134583.69,36708.0,97875.69,2942.35,2739.47,202.88
266,39,11700,diesel,21.7,93.51,0.135,6.39,0.572,2.68,50417.83,10093.0,40324.83,1444.98,903.47,541.51
267,26,7800,petrol,17.3,106.58,0.117,6.52,0.761,2.31,48053.41,5950.15,42103.26,1041.5,694.49,347.01
268,25,7500,petrol,16.6,103.96,0.164,6.77,0.7,2.31,46969.88,8327.1,38642.78,1043.67,861.0,182.67
269,85,25500,diesel,19.4,93.84,0.151,6.22,0.762,2.68,123346.39,23950.11,99396.28,3522.68,2934.08,588.6
270,77,23100,petrol,14.8,106.31,0.143,6.24,0.773,2.31,165929.8,20612.59,145317.21,3605.47,2553.45,1052.02
271,93,27900,petrol,18.8,106.53,0.174,6.24,0.65,2.31,158095.05,30292.7,127802.35,3428.14,3155.49,272.65
272,103,30900,petrol,19.5,99.99,0.125,8.91,0.572,2.31,158445.69,34414.88,124030.81,3660.46,2209.35,1451.11
273,78,23400,petrol,16.9,106.06,0.153,6.34,0.715,2.31,146852.31,22698.47,124153.84,3198.46,2559.84,638.62
274,15,4500,petrol,15.5,100.81,0.19,7.51,0.559,2.31,29267.42,6421.05,22846.37,670.65,477.95,192.7
275,46,13800,diesel,15.9,97.15,0.113,7.24,0.637,2.68,84318.87,11290.06,73028.81,2326.04,993.34,1332.7
276,51,15300,petrol,14.4,104.39,0.185,8.6,0.656,2.31,110914.38,24342.3,86572.08,2454.38,1856.81,597.57
277,58,17400,diesel,18.2,95.96,0.137,6.91,0.694,2.68,91741.98,16472.06,75269.92,2562.2,1654.36,907.84
278,10,3000,diesel,22.8,89.76,0.135,6.49,0.629,2.68,11810.53,2628.45,9182.08,352.63,254.75,97.88
279,98,29400,petrol,15.8,104.33,0.184,7.96,0.699,2.31,194133.04,43060.42,151072.62,4298.35,3781.31,517.04
280,42,12600,petrol,18.7,106.89,0.124,8.47,0.675,2.31,72022.14,13233.53,58788.61,1556.47,1054.62,501.85
281,86,25800,petrol,16.9,104.87,0.169,7.7,0.608,2.31,160097.4,33573.54,126523.86,3526.51,2651.0,875.51
282,110,33000,petrol,17.9,99.54,0.121,7.93,0.71,2.31,183509.5,31664.49,151845.01,4258.66,2835.03,1423.63
283,36,10800,diesel,18.3,93.09,0.185,8.44,0.647,2.68,54938.36,16863.12,38075.24,1581.64,1292.71,288.93
284,53,15900,petrol,15.1,103.26,0.148,8.6,0.649,2.31,108730.73,20237.52,88493.21,2432.38,1527.23,905.15
285,16,4800,petrol,16.1,103.55,0.156,8.14,0.572,2.31,30872.05,6095.23,24776.82,688.7,428.31,260.39
286,40,12000,petrol,18.1,105.52,0.165,6.5,0.59,2.31,69958.01,12870.0,57088.01,1531.49,1168.2,363.29
287,117,35100,diesel,14.6,92.04,0.159,7.45,0.667,2.68,221274.25,41577.71,179696.54,6443.01,3722.46,2720.55
288,31,9300,petrol,16.9,102.59,0.156,6.96,0.749,2.31,56454.85,10097.57,46357.28,1271.18,1086.65,184.53
289,34,10200,petrol,19.6,104.23,0.127,6.23,0.75,2.31,54242.14,8070.34,46171.8,1202.14,971.55,230.59
290,54,16200,petrol,17.6,100.98,0.178,8.89,0.684,2.31,92947.5,25635.2,67312.3,2126.25,1972.38,153.87
291,55,16500,diesel,16.3,94.41,0.168,6.05,0.679,2.68,95568.4,16770.6,78797.8,2712.88,1882.19,830.69
292,98,29400,petrol,12.5,107.58,0.179,7.74,0.719,2.31,253028.16,40732.52,212295.64,5433.12,3783.81,1649.31
293,45,13500,petrol,17.7,102.97,0.186,7.28,0.725,2.31,78536.44,18280.08,60256.36,1761.86,1820.47,-58.61
294,84,25200,diesel,17.7,94.73,0.17,6.95,0.589,2.68,134869.83,29773.8,105096.03,3815.59,2523.28,1292.31
295,34,10200,petrol,17.7,105.46,0.151,6.74,0.762,2.31,60773.56,10380.95,50392.61,1331.19,1173.63,157.56
296,13,3900,petrol,18.7,105.51,0.175,6.23,0.766,2.31,22004.76,4251.98,17752.78,481.76,522.79,-41.03
297,38,11400,diesel,15.3,90.91,0.163,8.24,0.622,2.68,67736.86,15311.57,52425.29,1996.86,1155.8,841.06
298,65,19500,diesel,16.9,94.84,0.171,7.24,0.697,2.68,109430.77,24141.78,85288.99,3092.31,2324.15,768.16
299,49,14700,petrol,18.4,106.42,0.152,6.56,0.744,2.31,85020.33,14657.66,70362.67,1845.49,1662.39,183.1
300,96,28800,petrol,15.2,106.85,0.167,6.67,0.693,2.31,202452.63,32080.03,170372.6,4376.84,3333.05,1043.79
301,104,31200,petrol,20.5,100.39,0.121,6.03,0.661,2.31,152788.68,22764.46,130024.22,3515.71,2495.41,1020.3
302,108,32400,petrol,12.7,102.71,0.128,7.24,0.594,2.31,262031.81,30025.73,232006.08,5893.23,2463.44,3429.79
303,90,27000,petrol,14.3,99.07,0.114,7.46,0.648,2.31,187055.24,22961.88,164093.36,4361.54,1994.54,2367.0
304,31,9300,diesel,17.5,92.96,0.16,7.21,0.731,2.68,49401.6,10728.48,38673.12,1424.23,1087.73,336.5
305,79,23700,diesel,22.5,94.33,0.172,8.71,0.632,2.68,99360.93,35505.44,63855.49,2822.93,2576.28,246.65
306,75,22500,diesel,19.3,94.08,0.13,6.99,0.659,2.68,109678.76,20445.75,89233.01,3124.35,1927.58,1196.77
307,98,29400,petrol,12.4,104.69,0.13,6.91,0.624,2.31,248216.61,26410.02,221806.59,5476.94,2384.93,3092.01
308,61,18300,diesel,21.8,93.21,0.135,8.32,0.615,2.68,78245.09,20554.56,57690.53,2249.72,1519.36,730.36
309,82,24600,petrol,19.3,101.4,0.12,8.17,0.555,2.31,129245.6,24117.84,105127.76,2944.35,1638.36,1305.99
310,93,27900,diesel,18.7,95.09,0.126,6.9,0.758,2.68,141872.25,24256.26,117615.99,3998.5,2664.67,1333.83
311,15,4500,diesel,19.7,89.51,0.154,6.78,0.572,2.68,20446.45,4698.54,15747.91,612.18,396.4,215.78
312,95,28500,petrol,12.6,104.78,0.127,8.24,0.733,2.31,237002.38,29824.68,207177.7,5225.0,2653.09,2571.91
313,35,10500,diesel,17.9,91.46,0.156,8.05,0.683,2.68,53649.72,13185.9,40463.82,1572.07,1118.75,453.32
314,110,33000,diesel,21.4,92.87,0.18,6.43,0.758,2.68,143210.75,38194.2,105016.55,4132.71,4502.52,-369.81
315,31,9300,petrol,16.6,101.55,0.165,8.13,0.758,2.31,56892.47,12475.49,44416.98,1294.16,1163.15,131.01
316,110,33000,petrol,12.6,103.41,0.173,8.42,0.766,2.31,270835.71,48069.78,222765.93,6050.0,4373.09,1676.91
317,111,33300,petrol,20.8,106.4,0.153,6.66,0.661,2.31,170342.31,33932.03,136410.28,3698.22,3367.73,330.49
318,116,34800,petrol,19.3,103.58,0.113,6.79,0.632,2.31,186766.01,26701.0,160065.01,4165.18,2485.28,1679.9
319,53,15900,petrol,20.8,101.0,0.154,7.34,0.65,2.31,77206.73,17972.72,59234.01,1765.82,1591.59,174.23
320,116,34800,diesel,15.6,92.41,0.169,6.45,0.738,2.68,206145.38,37933.74,168211.64,5978.46,4340.33,1638.13
321,18,5400,petrol,14.3,106.1,0.135,7.65,0.601,2.31,40065.73,5576.85,34488.88,872.31,438.13,434.18
322,44,13200,petrol,15.2,102.85,0.14,8.9,0.556,2.31,89317.11,16447.2,72869.91,2006.05,1027.49,978.56
323,99,29700,petrol,12.5,102.34,0.174,6.1,0.769,2.31,243159.84,31523.58,211636.26,5488.56,3974.04,1514.52
324,52,15600,diesel,17.0,90.48,0.16,6.47,0.658,2.68,83028.71,16149.12,66879.59,2459.29,1642.37,816.92
325,38,11400,petrol,13.9,102.76,0.157,7.86,0.575,2.31,84277.99,14067.83,70210.16,1894.53,1029.13,865.4
326,42,12600,diesel,15.6,96.98,0.118,8.14,0.684,2.68,78330.0,12102.55,66227.45,2164.62,1016.97,1147.65
327,88,26400,petrol,20.4,102.31,0.126,6.18,0.617,2.31,132401.18,20557.15,111844.03,2989.41,2052.39,937.02
328,22,6600,petrol,14.5,99.44,0.125,8.36,0.647,2.31,45262.34,6897.0,38365.34,1051.45,533.77,517.68
329,61,18300,petrol,18.3,106.67,0.135,6.19,0.554,2.31,106670.0,15292.4,91377.6,2310.0,1368.66,941.34
330,40,12000,diesel,14.8,97.57,0.162,6.42,0.766,2.68,79110.81,12480.48,66630.33,2172.97,1489.1,683.87
331,116,34800,petrol,17.5,103.44,0.111,7.9,0.666,2.31,205697.83,30516.12,175181.71,4593.6,2572.62,2020.98
332,113,33900,diesel,19.9,91.4,0.155,7.57,0.628,2.68,155701.51,39776.57,115924.94,4565.43,3299.83,1265.6
333,54,16200,petrol,16.0,104.62,0.148,8.36,0.719,2.31,105927.75,20043.94,85883.81,2338.88,1723.87,615.01
334,57,17100,diesel,14.6,93.01,0.117,6.47,0.768,2.68,108936.37,12944.53,95991.84,3138.9,1536.54,1602.36
335,15,4500,petrol,17.8,105.88,0.142,7.74,0.653,2.31,26767.42,4945.86,21821.56,583.99,417.27,166.72
336,57,17100,petrol,12.6,100.58,0.17,7.65,0.662,2.31,136501.43,22238.55,114262.88,3135.0,1924.43,1210.57
337,35,10500,petrol,18.0,106.55,0.128,6.97,0.768,2.31,62154.17,9367.68,52786.49,1347.5,1032.19,315.31
338,113,33900,petrol,14.0,100.5,0.187,7.66,0.603,2.31,243353.57,48559.04,194794.53,5593.5,3822.6,1770.9
339,90,27000,petrol,20.0,106.06,0.177,8.05,0.704,2.31,143181.0,38470.95,104710.05,3118.5,3364.42,-245.92
340,22,6600,diesel,20.2,94.35,0.185,7.37,0.712,2.68,30827.23,8998.77,21828.46,875.64,869.35,6.29
341,107,32100,petrol,17.3,102.07,0.14,6.79,0.766,2.31,189390.0,30514.26,158875.74,4286.18,3442.4,843.78
342,46,13800,petrol,20.6,99.12,0.175,7.25,0.763,2.31,66400.78,17508.75,48892.03,1547.48,1842.64,-295.16
343,18,5400,diesel,20.3,91.91,0.149,8.1,0.627,2.68,24448.97,6517.26,17931.71,712.91,504.48,208.43
344,103,30900,petrol,13.2,104.51,0.134,8.61,0.641,2.31,244648.41,35650.57,208997.84,5407.5,2654.12,2753.38
345,117,35100,petrol,12.7,101.96,0.15,7.79,0.644,2.31,281794.96,41014.35,240780.61,6384.33,3390.66,2993.67
346,53,15900,petrol,13.5,99.72,0.156,6.18,0.7,2.31,117448.0,15328.87,102119.13,2720.67,1736.28,984.39
347,82,24600,petrol,17.4,105.42,0.134,7.78,0.761,2.31,149042.07,25645.99,123396.08,3265.86,2508.56,757.3
348,49,14700,petrol,14.6,104.18,0.144,6.99,0.74,2.31,104893.56,14796.43,90097.13,2325.82,1566.43,759.39
349,41,12300,petrol,16.3,100.0,0.134,7.11,0.638,2.31,75460.12,11718.7,63741.42,1743.13,1051.55,691.58
350,57,17100,petrol,13.6,104.17,0.136,7.02,0.724,2.31,130978.46,16325.71,114652.75,2904.49,1683.73,1220.76
351,74,22200,diesel,14.1,95.12,0.16,7.16,0.736,2.68,149763.4,25432.32,124331.08,4219.57,2614.27,1605.3
352,103,30900,petrol,20.9,99.78,0.123,8.89,0.635,2.31,147521.63,33788.22,113733.41,3415.26,2413.44,1001.82
353,99,29700,diesel,17.3,94.0,0.141,7.85,0.711,2.68,161375.72,32873.44,128502.28,4600.92,2977.45,1623.47
354,99,29700,diesel,17.1,94.55,0.183,7.28,0.669,2.68,164218.42,39567.53,124650.89,4654.74,3636.08,1018.66
355,41,12300,diesel,19.9,93.96,0.136,6.42,0.67,2.68,58075.78,10739.38,47336.4,1656.48,1120.78,535.7
356,102,30600,petrol,17.9,104.68,0.129,7.28,0.685,2.31,178950.17,28737.07,150213.1,3948.94,2703.97,1244.97
357,84,25200,diesel,19.5,95.57,0.127,8.75,0.757,2.68,123505.85,28003.5,95502.35,3463.38,2422.7,1040.68
358,60,18000,diesel,22.8,91.51,0.14,8.63,0.755,2.68,72244.74,21747.6,50497.14,2115.79,1902.6,213.19
359,97,29100,petrol,16.4,104.01,0.163,6.75,0.751,2.31,184554.33,32017.28,152537.05,4098.84,3562.22,536.62
360,112,33600,petrol,12.3,103.68,0.129,8.95,0.709,2.31,283223.41,38792.88,244430.53,6310.24,3073.09,3237.15
361,95,28500,diesel,17.6,97.39,0.178,8.08,0.615,2.68,157705.4,40989.84,116715.56,4339.77,3119.89,1219.88
362,49,14700,diesel,14.6,94.14,0.144,6.34,0.654,2.68,94784.79,13420.51,81364.28,2698.36,1384.39,1313.97
363,115,34500,diesel,14.7,93.18,0.171,7.54,0.767,2.68,218687.76,44482.23,174205.53,6289.8,4524.92,1764.88
364,65,19500,petrol,13.3,103.25,0.167,7.99,0.658,2.31,151381.58,26019.44,125362.14,3386.84,2142.78,1244.06
365,78,23400,petrol,16.3,104.24,0.125,8.15,0.731,2.31,149645.15,23838.75,125806.4,3316.2,2138.17,1178.03
366,55,16500,diesel,21.3,96.31,0.138,6.11,0.576,2.68,74606.34,13912.47,60693.87,2076.06,1311.55,764.51
367,64,19200,diesel,19.2,97.59,0.114,6.78,0.642,2.68,97590.0,14840.06,82749.94,2680.0,1405.21,1274.79
368,104,31200,petrol,20.4,103.22,0.12,8.33,0.645,2.31,157865.88,31187.52,126678.36,3532.94,2414.88,1118.06
369,44,13200,petrol,18.6,107.13,0.134,7.2,0.711,2.31,76027.74,12735.36,63292.38,1639.35,1257.62,381.73
370,83,24900,petrol,18.9,103.51,0.164,8.15,0.607,2.31,136370.32,33281.34,103088.98,3043.33,2478.75,564.58
371,77,23100,petrol,14.8,100.66,0.178,8.33,0.684,2.31,157111.22,34251.29,122859.93,3605.47,2812.47,793.0
372,24,7200,petrol,16.9,107.05,0.183,8.99,0.74,2.31,45607.1,11845.22,33761.88,984.14,975.02,9.12
373,25,7500,petrol,12.1,105.9,0.139,6.0,0.673,2.31,65640.5,6255.0,59385.5,1431.82,701.6,730.22
374,37,11100,petrol,12.1,103.16,0.16,7.32,0.624,2.31,94634.38,13000.32,81634.06,2119.09,1108.22,1010.87
375,44,13200,petrol,13.6,99.29,0.177,7.78,0.692,2.31,96369.71,18177.19,78192.52,2242.06,1616.79,625.27
376,60,18000,petrol,16.7,105.42,0.187,7.93,0.564,2.31,113626.35,26692.38,86933.97,2489.82,1898.42,591.4
377,44,13200,petrol,17.0,99.84,0.169,8.82,0.676,2.31,77522.82,19675.66,57847.16,1793.65,1508.02,285.63
378,22,6600,petrol,14.0,105.49,0.132,7.93,0.665,2.31,49731.0,6908.62,42822.38,1089.0,579.35,509.65
379,76,22800,petrol,20.7,105.18,0.183,7.73,0.613,2.31,115850.43,32252.65,83597.78,2544.35,2557.68,-13.33
380,25,7500,petrol,18.4,99.08,0.183,6.81,0.619,2.31,40385.87,9346.73,31039.14,941.58,849.58,92.0
381,89,26700,petrol,12.6,107.38,0.13,8.07,0.555,2.31,227543.33,28010.97,199532.36,4895.0,1926.41,2968.59
382,101,30300,petrol,20.8,105.96,0.135,7.14,0.742,2.31,154355.19,29206.17,125149.02,3365.05,3035.15,329.9
383,118,35400,petrol,16.3,104.65,0.184,6.18,0.78,2.31,227276.69,40254.05,187022.64,5016.81,5080.61,-63.8
384,49,14700,petrol,19.3,102.34,0.163,7.1,0.63,2.31,77948.08,17012.31,60935.77,1759.43,1509.54,249.89
385,20,6000,petrol,15.3,104.04,0.138,6.21,0.67,2.31,40800.0,5141.88,35658.12,905.88,554.76,351.12
386,32,9600,diesel,14.8,92.94,0.147,6.06,0.628,2.68,60285.41,8551.87,51733.54,1738.38,886.23,852.15
387,67,20100,petrol,16.3,103.95,0.164,6.84,0.773,2.31,128183.74,22547.38,105636.36,2848.53,2548.12,300.41
388,64,19200,petrol,12.5,105.49,0.14,6.14,0.618,2.31,162032.64,16504.32,145528.32,3548.16,1661.18,1886.98
389,72,21600,petrol,15.1,104.05,0.137,6.27,0.552,2.31,148839.74,18554.18,130285.56,3304.37,1633.48,1670.89
390,27,8100,petrol,18.6,107.04,0.143,8.82,0.686,2.31,46614.19,10216.21,36397.98,1005.97,794.59,211.38
391,29,8700,petrol,13.6,105.73,0.121,6.81,0.716,2.31,67636.1,7168.89,60467.21,1477.72,753.73,723.99
392,27,8100,petrol,17.7,105.92,0.147,8.43,0.745,2.31,48471.86,10037.6,38434.26,1057.12,887.07,170.05
393,70,21000,petrol,14.2,107.23,0.156,8.58,0.678,2.31,158579.58,28108.08,130471.5,3416.2,2221.13,1195.07
394,39,11700,petrol,17.9,102.97,0.181,6.5,0.761,2.31,67304.41,13765.05,53539.36,1509.89,1611.57,-101.68
395,98,29400,diesel,17.5,97.14,0.145,8.3,0.726,2.68,163195.2,35382.9,127812.3,4502.4,3094.94,1407.46
396,44,13200,petrol,18.7,101.29,0.154,8.48,0.763,2.31,71498.82,17238.14,54260.68,1630.59,1551.03,79.56
397,77,23100,diesel,18.4,93.05,0.135,6.66,0.702,2.68,116818.21,20769.21,96049.0,3364.57,2189.19,1175.38
398,94,28200,petrol,15.7,101.07,0.154,8.75,0.745,2.31,181539.75,37999.5,143540.25,4149.17,3235.39,913.78
399,26,7800,petrol,14.7,101.23,0.147,8.67,0.605,2.31,53713.88,9941.02,43772.86,1225.71,693.69,532.02
400,35,10500,petrol,18.9,107.35,0.142,8.89,0.729,2.31,59638.89,13254.99,46383.9,1283.33,1086.94,196.39
401,44,13200,petrol,18.9,100.61,0.169,6.83,0.673,2.31,70267.3,15236.36,55030.94,1613.33,1501.33,112.0
402,84,25200,diesel,21.8,95.98,0.169,7.6,0.574,2.68,110949.36,32366.88,78582.48,3097.98,2444.55,653.43
403,74,22200,petrol,13.3,103.55,0.138,8.5,0.672,2.31,172842.86,26040.6,146802.26,3855.79,2058.74,1797.05
404,91,27300,diesel,16.7,93.43,0.13,8.59,0.571,2.68,152732.87,30485.91,122246.96,4381.08,2026.48,2354.6
405,45,13500,petrol,12.4,100.9,0.165,8.46,0.677,2.31,109850.81,18844.65,91006.16,2514.92,1508.02,1006.9
406,42,12600,petrol,20.2,106.12,0.117,8.05,0.584,2.31,66193.66,11867.31,54326.35,1440.89,860.93,579.96
407,27,8100,petrol,20.2,100.14,0.145,7.93,0.705,2.31,40155.15,9313.78,30841.37,926.29,828.02,98.27
408,18,5400,petrol,20.3,105.65,0.111,6.62,0.643,2.31,28103.94,3968.03,24135.91,614.48,385.41,229.07
409,60,18000,petrol,20.7,99.22,0.143,7.92,0.758,2.31,86278.26,20386.08,65892.18,2008.7,1951.09,57.61
410,21,6300,petrol,17.0,101.28,0.153,7.87,0.585,2.31,37533.18,7585.89,29947.29,856.06,563.88,292.18
411,98,29400,diesel,20.3,89.3,0.158,7.81,0.59,2.68,129331.03,36279.01,93052.02,3881.38,2740.67,1140.71
412,62,18600,diesel,22.0,90.31,0.126,7.38,0.615,2.68,76353.0,17295.77,59057.23,2265.82,1441.31,824.51
413,93,27900,petrol,16.0,101.64,0.185,7.35,0.609,2.31,177234.75,37937.03,139297.72,4028.06,3143.35,884.71
414,105,31500,diesel,20.9,92.32,0.151,8.59,0.671,2.68,139142.58,40858.33,98284.25,4039.23,3191.61,847.62
415,84,25200,petrol,18.3,101.53,0.162,8.41,0.702,2.31,139811.8,34332.98,105478.82,3180.98,2865.84,315.14
416,68,20400,diesel,19.0,92.94,0.183,7.7,0.623,2.68,99788.21,28745.64,71042.57,2877.47,2325.78,551.69
417,85,25500,petrol,20.1,102.31,0.112,6.94,0.612,2.31,129796.27,19820.64,109975.63,2930.6,1747.87,1182.73
418,20,6000,diesel,20.6,91.68,0.13,6.94,0.567,2.68,26702.91,5413.2,21289.71,780.58,442.26,338.32
419,116,34800,petrol,20.7,101.13,0.125,7.13,0.636,2.31,170015.65,31015.5,139000.15,3883.48,2766.6,1116.88
420,78,23400,diesel,22.6,92.31,0.189,6.79,0.709,2.68,95577.61,30029.45,65548.16,2774.87,3135.62,-360.75
421,15,4500,petrol,14.7,104.12,0.142,7.12,0.755,2.31,31873.47,4549.68,27323.79,707.14,482.44,224.7
422,78,23400,petrol,19.3,100.54,0.163,7.03,0.661,2.31,121898.24,26813.83,95084.41,2800.73,2521.19,279.54
423,88,26400,petrol,14.3,104.08,0.173,8.03,0.553,2.31,192147.69,36674.62,155473.07,4264.62,2525.66,1738.96
424,86,25800,diesel,15.4,94.32,0.156,7.64,0.625,2.68,158016.62,30749.47,127267.15,4489.87,2515.5,1974.37
425,29,8700,petrol,16.3,102.11,0.176,8.4,0.677,2.31,54500.43,12862.08,41638.35,1232.94,1036.62,196.32
426,12,3600,petrol,18.1,104.93,0.159,7.18,0.71,2.31,20870.06,4109.83,16760.23,459.45,406.4,53.05
427,94,28200,petrol,12.3,100.77,0.127,7.18,0.56,2.31,231033.66,25714.45,205319.21,5296.1,2005.58,3290.52
428,27,8100,petrol,20.8,107.12,0.185,6.08,0.758,2.31,41715.0,9110.88,32604.12,899.57,1135.86,-236.29
429,104,31200,petrol,17.9,102.83,0.144,8.92,0.709,2.31,179234.41,40075.78,139158.63,4026.37,3185.4,840.97
430,33,9900,diesel,22.4,91.99,0.112,7.45,0.711,2.68,40656.29,8260.56,32395.73,1184.46,788.36,396.1
431,13,3900,petrol,14.8,104.37,0.133,6.94,0.559,2.31,27502.91,3599.78,23903.13,608.72,289.95,318.77
432,24,7200,petrol,16.7,102.32,0.124,6.36,0.706,2.31,44114.01,5678.21,38435.8,995.93,630.32,365.61
433,102,30600,petrol,18.6,107.22,0.17,6.48,0.625,2.31,176394.19,33708.96,142685.23,3800.32,3251.25,549.07
434,95,28500,diesel,15.5,90.34,0.145,6.3,0.698,2.68,166109.03,26034.75,140074.28,4927.74,2884.48,2043.26
435,94,28200,petrol,16.3,103.38,0.148,8.53,0.704,2.31,178853.74,35600.81,143252.93,3996.44,2938.21,1058.23
436,91,27300,petrol,14.4,104.27,0.176,6.24,0.705,2.31,197678.54,29981.95,167696.59,4379.38,3387.38,992.0
437,80,24000,petrol,20.5,105.06,0.155,7.95,0.75,2.31,122997.07,29574.0,93423.07,2704.39,2790.0,-85.61
438,20,6000,petrol,18.4,103.61,0.188,8.09,0.768,2.31,33785.87,9125.52,24660.35,753.26,866.3,-113.04
439,70,21000,petrol,13.4,102.44,0.121,7.66,0.634,2.31,160540.3,19464.06,141076.24,3620.15,1610.99,2009.16
440,85,25500,petrol,12.7,105.64,0.158,6.77,0.662,2.31,212111.81,27276.33,184835.48,4638.19,2667.2,1970.99
441,105,31500,diesel,22.1,97.15,0.167,6.53,0.694,2.68,138471.72,34351.07,104120.65,3819.91,3650.79,169.12
442,52,15600,petrol,14.1,101.56,0.162,6.68,0.776,2.31,112364.26,16881.7,95482.56,2555.74,1961.11,594.63
443,65,19500,petrol,19.0,99.56,0.147,8.52,0.672,2.31,102180.0,24422.58,77757.42,2370.79,1926.29,444.5
444,113,33900,diesel,14.3,89.59,0.168,8.65,0.576,2.68,212384.69,49263.48,163121.21,6353.29,3280.44,3072.85
445,111,33300,petrol,15.3,107.24,0.118,6.69,0.627,2.31,233404.71,26287.69,207117.02,5027.65,2463.73,2563.92
446,36,10800,petrol,19.6,101.98,0.151,7.3,0.737,2.31,56193.06,11904.84,44288.22,1272.86,1201.9,70.96
447,119,35700,diesel,16.2,94.88,0.183,6.7,0.669,2.68,209087.41,43771.77,165315.64,5905.93,4370.64,1535.29
448,13,3900,petrol,19.3,103.28,0.175,7.86,0.605,2.31,20870.05,5364.45,15505.6,466.79,412.91,53.88
449,23,6900,petrol,15.6,104.29,0.123,7.83,0.579,2.31,46128.27,6645.32,39482.95,1021.73,491.4,530.33
450,41,12300,petrol,16.8,106.03,0.122,8.41,0.652,2.31,77629.11,12620.05,65009.06,1691.25,978.39,712.86
451,101,30300,diesel,17.5,90.59,0.151,8.33,0.565,2.68,156850.11,38112.25,118737.86,4640.23,2585.04,2055.19
452,101,30300,petrol,16.2,107.28,0.118,6.6,0.629,2.31,200653.33,23597.64,177055.69,4320.56,2248.93,2071.63
453,78,23400,petrol,14.2,103.72,0.148,6.54,0.733,2.31,170918.87,22649.33,148269.54,3806.62,2538.53,1268.09
454,10,3000,petrol,12.5,106.29,0.188,8.1,0.766,2.31,25509.6,4568.4,20941.2,554.4,432.02,122.38
455,58,17400,diesel,21.6,89.74,0.16,8.26,0.764,2.68,72290.56,22995.84,49294.72,2158.89,2126.98,31.91
456,76,22800,petrol,18.6,99.99,0.175,8.25,0.705,2.31,122568.39,32917.5,89650.89,2831.61,2812.95,18.66
457,20,6000,diesel,18.0,92.49,0.166,7.37,0.618,2.68,30830.0,7340.52,23489.48,893.33,615.53,277.8
458,53,15900,petrol,12.4,102.02,0.131,6.08,0.765,2.31,130815.97,12664.03,118151.94,2962.02,1593.42,1368.6
459,99,29700,petrol,19.7,103.62,0.135,8.53,0.746,2.31,156218.98,34201.04,122017.94,3482.59,2991.09,491.5
460,10,3000,diesel,15.4,97.52,0.171,8.01,0.674,2.68,18997.4,4109.13,14888.27,522.08,345.76,176.32
461,100,30000,diesel,19.6,94.45,0.18,8.25,0.698,2.68,144566.33,44550.0,100016.33,4102.04,3769.2,332.84
462,39,11700,diesel,14.2,97.47,0.159,7.6,0.597,2.68,80309.79,14138.28,66171.51,2208.17,1110.6,1097.57
463,77,23100,petrol,17.8,100.82,0.168,8.93,0.698,2.31,130839.44,34655.54,96183.9,2997.81,2708.8,289.01
464,50,15000,petrol,17.5,101.73,0.186,7.0,0.741,2.31,87197.14,19530.0,67667.14,1980.0,2067.39,-87.39
465,85,25500,petrol,15.7,105.4,0.119,6.67,0.619,2.31,171191.08,20240.12,150950.96,3751.91,1878.36,1873.55
466,113,33900,petrol,18.7,104.13,0.155,8.48,0.608,2.31,188770.43,44558.16,144212.27,4187.65,3194.74,992.91
467,61,18300,diesel,14.9,92.8,0.152,7.88,0.755,2.68,113975.84,21919.01,92056.83,3291.54,2100.11,1191.43
468,92,27600,petrol,15.6,99.22,0.185,6.27,0.587,2.31,175543.08,32014.62,143528.46,4086.92,2997.22,1089.7
469,44,13200,petrol,15.7,100.91,0.183,8.67,0.745,2.31,84841.53,20943.25,63898.28,1942.17,1799.62,142.55
470,43,12900,petrol,18.2,99.14,0.119,6.99,0.618,2.31,70269.56,10730.35,59539.21,1637.31,948.69,688.62
471,58,17400,petrol,20.0,106.09,0.119,8.48,0.672,2.31,92298.3,17558.69,74739.61,2009.7,1391.44,618.26
472,66,19800,petrol,13.4,102.53,0.169,6.56,0.662,2.31,151499.55,21951.07,129548.48,3413.28,2215.18,1198.1
473,28,8400,diesel,17.7,93.76,0.129,7.84,0.697,2.68,44496.27,8495.42,36000.85,1271.86,755.27,516.59
474,75,22500,petrol,12.4,104.54,0.151,6.24,0.689,2.31,189689.52,21200.4,168489.12,4191.53,2340.88,1850.65
475,25,7500,petrol,15.9,105.47,0.158,8.92,0.624,2.31,49750.0,10570.2,39179.8,1089.62,739.44,350.18
476,20,6000,petrol,20.2,99.04,0.181,7.63,0.665,2.31,29417.82,8286.18,21131.64,686.14,722.19,-36.05
477,29,8700,diesel,21.1,95.43,0.188,8.86,0.609,2.68,39347.91,14491.42,24856.49,1105.02,996.08,108.94
478,102,30600,petrol,15.1,104.2,0.167,8.94,0.689,2.31,211160.26,45685.19,165475.07,4681.19,3520.93,1160.26
479,99,29700,diesel,16.0,89.64,0.117,7.03,0.744,2.68,166394.25,24428.55,141965.7,4974.75,2585.33,2389.42
480,71,21300,petrol,12.1,102.92,0.132,6.57,0.756,2.31,181173.22,18472.21,162701.01,4066.36,2125.57,1940.79
481,90,27000,diesel,21.1,89.6,0.138,8.84,0.667,2.68,114654.03,32937.84,81716.19,3429.38,2485.24,944.14
482,78,23400,petrol,18.7,107.75,0.185,8.89,0.672,2.31,134831.55,38484.81,96346.74,2890.59,2909.09,-18.5
483,41,12300,diesel,20.6,94.31,0.134,6.81,0.768,2.68,56311.31,11224.24,45087.07,1600.19,1265.82,334.37
484,11,3300,diesel,18.3,92.02,0.152,7.59,0.582,2.68,16593.77,3807.14,12786.63,483.28,291.93,191.35
485,74,22200,petrol,19.3,100.51,0.133,7.55,0.602,2.31,115612.54,22292.13,93320.41,2657.1,1777.47,879.63
486,77,23100,petrol,13.5,103.55,0.134,6.96,0.688,2.31,177185.56,21543.98,155641.58,3952.67,2129.64,1823.03
487,73,21900,petrol,13.7,106.31,0.146,7.71,0.685,2.31,169940.8,24651.95,145288.85,3692.63,2190.22,1502.41
488,55,16500,petrol,12.5,99.48,0.119,8.54,0.712,2.31,131313.6,16768.29,114545.31,3049.2,1398.01,1651.19
489,43,12900,diesel,15.0,90.53,0.123,8.2,0.672,2.68,77855.8,13010.94,64844.86,2304.8,1066.26,1238.54
490,26,7800,petrol,14.4,99.07,0.116,8.4,0.727,2.31,53662.92,7600.32,46062.6,1251.25,657.79,593.46
491,106,31800,diesel,18.0,95.35,0.142,8.36,0.71,2.68,168451.67,37750.42,130701.25,4734.67,3206.08,1528.59
492,21,6300,petrol,14.9,102.38,0.173,6.79,0.61,2.31,43288.19,7400.42,35887.77,976.71,664.84,311.87
493,40,12000,petrol,20.4,103.32,0.158,7.42,0.747,2.31,60776.47,14068.32,46708.15,1358.82,1416.31,-57.49
494,73,21900,petrol,20.9,107.23,0.11,7.92,0.664,2.31,112360.62,19079.28,93281.34,2420.53,1599.58,820.95
495,69,20700,petrol,18.9,103.14,0.175,7.06,0.629,2.31,112962.86,25574.85,87388.01,2530.0,2278.55,251.45
496,93,27900,petrol,18.2,103.86,0.122,8.89,0.689,2.31,159213.96,30259.78,128954.18,3541.15,2345.22,1195.93
497,16,4800,petrol,14.8,102.64,0.138,8.56,0.743,2.31,33288.65,5670.14,27618.51,749.19,492.16,257.03
498,61,18300,petrol,19.9,100.97,0.182,7.11,0.587,2.31,92851.81,23680.57,69171.24,2124.27,1955.06,169.21
499,106,31800,petrol,14.0,99.57,0.148,6.62,0.76,2.31,226166.14,31156.37,195009.77,5247.0,3576.86,1670.14
500,112,33600,petrol,14.7,104.08,0.141,8.0,0.767,2.31,237897.14,37900.8,199996.34,5280.0,3633.74,1646.26
501,118,35400,petrol,15.7,101.39,0.172,8.6,0.677,2.31,228611.85,52363.68,176248.17,5208.54,4122.12,1086.42
502,42,12600,petrol,12.7,100.95,0.154,8.07,0.712,2.31,100155.12,15659.03,84496.09,2291.81,1381.56,910.25
503,119,35700,petrol,20.2,104.36,0.167,8.13,0.698,2.31,184438.22,48470.25,135967.97,4082.52,4161.41,-78.89
504,75,22500,petrol,14.3,100.47,0.184,6.72,0.729,2.31,158082.17,27820.8,130261.37,3634.62,3018.06,616.56
505,67,20100,diesel,21.4,94.75,0.124,8.72,0.758,2.68,88994.16,21733.73,67260.43,2517.2,1889.24,627.96
506,98,29400,petrol,19.5,102.86,0.156,6.09,0.652,2.31,155081.23,27931.18,127150.05,3482.77,2990.33,492.44
507,31,9300,petrol,20.4,100.31,0.164,8.55,0.716,2.31,45729.56,13040.46,32689.1,1053.09,1092.04,-38.95
508,23,6900,diesel,18.8,94.18,0.168,7.73,0.713,2.68,34566.06,8960.62,25605.44,983.62,826.51,157.11
509,113,33900,petrol,17.8,101.03,0.188,8.88,0.689,2.31,192411.07,56594.02,135817.05,4399.38,4391.13,8.25
510,30,9000,petrol,12.3,103.24,0.166,8.45,0.775,2.31,75541.46,12624.3,62917.16,1690.24,1157.85,532.39
511,91,27300,diesel,17.4,93.36,0.174,7.12,0.623,2.68,146478.62,33821.42,112657.2,4204.83,2959.37,1245.46
512,93,27900,petrol,16.9,104.32,0.12,6.8,0.613,2.31,172220.59,22766.4,149454.19,3813.55,2052.32,1761.23
513,63,18900,petrol,16.8,103.62,0.163,8.16,0.773,2.31,116572.5,25138.51,91433.99,2598.75,2381.38,217.37
514,74,22200,petrol,19.6,101.5,0.172,8.12,0.711,2.31,114964.29,31005.41,83958.88,2616.43,2714.88,-98.45
515,60,18000,petrol,12.0,103.95,0.178,8.38,0.716,2.31,155925.0,26849.52,129075.48,3465.0,2294.06,1170.94
516,66,19800,petrol,16.3,102.62,0.175,8.97,0.608,2.31,124654.97,31081.05,93573.92,2806.01,2106.72,699.29
517,93,27900,petrol,17.8,100.29,0.141,8.81,0.571,2.31,157196.12,34657.66,122538.46,3620.73,2246.26,1374.47
518,28,8400,diesel,17.6,90.09,0.131,8.11,0.727,2.68,42997.5,8924.24,34073.26,1279.09,799.99,479.1
519,19,5700,petrol,13.2,99.73,0.133,6.3,0.727,2.31,43065.23,4776.03,38289.2,997.5,551.14,446.36
520,32,9600,petrol,15.0,102.91,0.187,8.16,0.634,2.31,65862.4,14648.83,51213.57,1478.4,1138.16,340.24
521,103,30900,diesel,18.0,96.15,0.177,7.91,0.753,2.68,165057.5,43262.16,121795.34,4600.67,4118.38,482.29
522,19,5700,diesel,16.3,90.48,0.184,7.82,0.555,2.68,31640.25,8201.62,23438.63,937.18,582.08,355.1
523,81,24300,petrol,12.3,103.46,0.13,6.48,0.646,2.31,204396.59,20470.32,183926.27,4563.66,2040.71,2522.95
524,94,28200,petrol,16.9,104.66,0.144,8.43,0.701,2.31,174639.76,34232.54,140407.22,3854.56,2846.62,1007.94
525,32,9600,petrol,20.0,103.06,0.164,6.57,0.773,2.31,49468.8,10343.81,39124.99,1108.8,1217.01,-108.21
526,56,16800,petrol,20.6,104.32,0.186,7.33,0.66,2.31,85076.5,22904.78,62171.72,1883.88,2062.37,-178.49
527,88,26400,petrol,15.2,104.45,0.16,7.25,0.592,2.31,181413.16,30624.0,150789.16,4012.11,2500.61,1511.5
528,69,20700,petrol,18.9,103.91,0.167,8.12,0.653,2.31,113806.19,28070.03,85736.16,2530.0,2257.36,272.64
529,14,4200,petrol,14.9,104.97,0.112,8.62,0.671,2.31,29588.86,4054.85,25534.01,651.14,315.64,335.5
530,96,28800,petrol,12.7,100.23,0.179,7.57,0.654,2.31,227293.23,39024.86,188268.37,5238.43,3371.5,1866.93
531,39,11700,petrol,13.9,100.5,0.136,7.29,0.6,2.31,84593.53,11599.85,72993.68,1944.39,954.72,989.67
532,58,17400,petrol,13.0,101.8,0.121,7.33,0.749,2.31,136255.38,15432.58,120822.8,3091.85,1576.94,1514.91
533,71,21300,petrol,16.0,101.86,0.112,7.65,0.63,2.31,135601.12,18249.84,117351.28,3075.19,1502.93,1572.26
534,23,6900,petrol,12.2,105.02,0.117,7.8,0.761,2.31,59396.56,6296.94,53099.62,1306.48,614.36,692.12
535,72,21600,petrol,19.6,107.66,0.176,6.15,0.71,2.31,118645.71,23379.84,95265.87,2545.71,2699.14,-153.43
536,41,12300,diesel,18.1,89.72,0.116,6.23,0.639,2.68,60969.94,8888.96,52080.98,1821.22,911.73,909.49
537,119,35700,petrol,15.9,105.94,0.182,7.57,0.733,2.31,237865.28,49185.32,188679.96,5186.6,4762.59,424.01
538,115,34500,petrol,17.8,105.15,0.181,8.99,0.661,2.31,203801.97,56138.06,147663.91,4477.25,4127.61,349.64
539,63,18900,petrol,19.6,102.18,0.183,6.56,0.557,2.31,98530.71,22689.07,75841.64,2227.5,1926.5,301.0
540,99,29700,petrol,19.9,103.32,0.189,7.21,0.587,2.31,154201.21,40471.89,113729.32,3447.59,3295.01,152.58
541,13,3900,petrol,15.1,103.55,0.167,8.3,0.631,2.31,26744.7,5405.79,21338.91,596.62,410.97,185.65
542,117,35100,petrol,12.6,99.23,0.179,8.04,0.653,2.31,276426.43,50514.52,225911.91,6435.0,4102.73,2332.27
543,15,4500,diesel,14.9,91.18,0.153,6.07,0.613,2.68,27537.58,4179.2,23358.38,809.4,422.05,387.35
544,18,5400,petrol,17.9,105.08,0.157,7.49,0.655,2.31,31700.11,6350.02,25350.09,696.87,555.31,141.56
545,82,24600,petrol,19.5,107.01,0.181,8.19,0.707,2.31,134997.23,36466.79,98530.44,2914.15,3147.99,-233.84
546,13,3900,petrol,18.0,106.12,0.167,6.26,0.582,2.31,22992.67,4077.14,18915.53,500.5,379.06,121.44
547,115,34500,petrol,15.9,100.19,0.158,7.0,0.644,2.31,217393.4,38157.0,179236.4,5012.26,3510.44,1501.82
548,91,27300,petrol,14.8,105.75,0.188,6.47,0.649,2.31,195065.88,33206.63,161859.25,4261.01,3330.93,930.08
549,28,8400,petrol,14.4,101.34,0.122,8.5,0.576,2.31,59115.0,8710.8,50404.2,1347.5,590.28,757.22
550,14,4200,petrol,20.5,101.76,0.149,6.44,0.599,2.31,20848.39,4030.15,16818.24,473.27,374.85,98.42
551,43,12900,diesel,21.3,92.46,0.165,7.34,0.56,2.68,55996.9,15623.19,40373.71,1623.1,1191.96,431.14
552,18,5400,petrol,20.8,106.69,0.168,6.97,0.757,2.31,27698.37,6323.18,21375.19,599.71,686.75,-87.04
553,36,10800,diesel,20.3,96.59,0.155,7.92,0.579,2.68,51387.78,13258.08,38129.7,1425.81,969.25,456.56
554,83,24900,diesel,19.1,94.71,0.114,7.28,0.613,2.68,123470.1,20665.01,102805.09,3493.82,1740.06,1753.76
555,92,27600,petrol,18.4,99.61,0.135,7.91,0.655,2.31,149415.0,29472.66,119942.34,3465.0,2440.53,1024.47
556,89,26700,petrol,18.8,102.45,0.135,6.51,0.727,2.31,145500.8,23465.3,122035.5,3280.69,2620.47,660.22
557,23,6900,diesel,19.3,89.5,0.138,7.71,0.555,2.68,31997.41,7341.46,24655.95,958.13,528.47,429.66
558,89,26700,petrol,19.9,104.91,0.171,8.9,0.642,2.31,140758.64,40634.73,100123.91,3099.35,2931.18,168.17
559,79,23700,diesel,17.6,94.61,0.189,6.19,0.576,2.68,127400.97,27726.87,99674.1,3608.86,2580.08,1028.78
560,108,32400,petrol,13.8,101.73,0.178,6.61,0.659,2.31,238844.35,38121.19,200723.16,5423.48,3800.58,1622.9
561,104,31200,petrol,14.8,105.12,0.138,6.52,0.697,2.31,221604.32,28072.51,193531.81,4869.73,3001.0,1868.73
562,34,10200,petrol,16.6,102.99,0.172,8.77,0.632,2.31,63283.01,15386.09,47896.92,1419.4,1108.78,310.62
563,19,5700,petrol,16.2,103.49,0.174,8.93,0.664,2.31,36413.15,8856.77,27556.38,812.78,658.56,154.22
564,13,3900,petrol,17.9,104.64,0.122,8.36,0.581,2.31,22798.66,3977.69,18820.97,503.3,276.44,226.86
565,76,22800,petrol,18.8,104.1,0.153,6.97,0.665,2.31,126248.94,24314.15,101934.79,2801.49,2319.79,481.7
566,51,15300,petrol,15.3,102.72,0.13,6.16,0.753,2.31,102720.0,12252.24,90467.76,2310.0,1497.72,812.28
567,119,35700,petrol,17.5,103.54,0.138,7.28,0.587,2.31,211221.6,35865.65,175355.95,4712.4,2891.91,1820.49
568,73,21900,diesel,18.3,96.23,0.112,7.06,0.624,2.68,115160.49,17316.77,97843.72,3207.21,1530.55,1676.66
569,115,34500,petrol,18.4,100.7,0.135,8.43,0.766,2.31,188812.5,39262.72,149549.78,4331.25,3567.64,763.61
570,38,11400,diesel,15.6,94.45,0.11,7.98,0.757,2.68,69021.15,10006.92,59014.23,1958.46,949.28,1009.18
571,25,7500,petrol,13.0,104.92,0.188,7.59,0.668,2.31,60530.77,10701.9,49828.87,1332.69,941.88,390.81
572,33,9900,diesel,21.7,97.71,0.152,7.15,0.552,2.68,44577.37,10759.32,33818.05,1222.67,830.65,392.02
573,24,7200,diesel,14.3,91.3,0.167,6.18,0.556,2.68,45969.23,7430.83,38538.4,1349.37,668.53,680.84
574,30,9000,petrol,14.6,103.53,0.17,8.87,0.655,2.31,63819.86,13571.1,50248.76,1423.97,1002.15,421.82
575,35,10500,petrol,16.0,105.65,0.128,7.41,0.698,2.31,69332.81,9959.04,59373.77,1515.94,938.11,577.83
576,83,24900,diesel,17.0,97.83,0.122,7.02,0.727,2.68,143292.18,21325.36,121966.82,3925.41,2208.48,1716.93
577,89,26700,petrol,19.8,102.29,0.156,6.09,0.738,2.31,137936.52,25366.07,112570.45,3115.0,3073.92,41.08
578,44,13200,petrol,17.2,105.54,0.145,6.2,0.717,2.31,80995.81,11866.8,69129.01,1772.79,1372.34,400.45
579,46,13800,petrol,20.4,100.01,0.147,7.67,0.761,2.31,67653.82,15559.36,52094.46,1562.65,1543.76,18.89
580,100,30000,diesel,21.2,94.85,0.187,6.1,0.629,2.68,134221.7,34221.0,100000.7,3792.45,3528.69,263.76
581,95,28500,diesel,14.4,97.35,0.141,7.26,0.676,2.68,192671.87,29174.31,163497.56,5304.17,2716.51,2587.66
582,33,9900,petrol,20.8,102.94,0.111,6.1,0.566,2.31,48995.48,6703.29,42292.19,1099.47,621.98,477.49
583,110,33000,petrol,14.0,103.45,0.137,8.41,0.769,2.31,243846.43,38021.61,205824.82,5445.0,3476.65,1968.35
584,29,8700,diesel,20.4,93.32,0.167,6.83,0.737,2.68,39798.24,9923.31,29874.93,1142.94,1070.79,72.15
585,89,26700,petrol,14.0,99.31,0.131,6.77,0.668,2.31,189398.36,23679.43,165718.93,4405.5,2336.46,2069.04
586,82,24600,petrol,12.8,104.12,0.187,7.17,0.562,2.31,200105.62,32983.43,167122.19,4439.53,2585.31,1854.22
587,79,23700,petrol,17.9,101.38,0.154,8.46,0.62,2.31,134229.39,30877.31,103352.08,3058.49,2262.88,795.61
588,70,21000,diesel,16.3,90.28,0.179,6.53,0.584,2.68,116311.66,24546.27,91765.39,3452.76,2195.26,1257.5
589,54,16200,petrol,13.1,99.16,0.152,6.03,0.69,2.31,122625.34,14848.27,107777.07,2856.64,1699.06,1157.58
590,42,12600,petrol,14.7,100.92,0.135,8.6,0.645,2.31,86502.86,14628.6,71874.26,1980.0,1097.14,882.86
591,56,16800,petrol,16.8,106.08,0.132,7.23,0.718,2.31,106080.0,16033.25,90046.75,2310.0,1592.24,717.76
592,95,28500,petrol,12.7,102.36,0.153,7.36,0.655,2.31,229705.51,32093.28,197612.23,5183.86,2856.13,2327.73
593,85,25500,petrol,17.0,107.39,0.122,8.82,0.573,2.31,161085.0,27439.02,133645.98,3465.0,1782.6,1682.4
594,11,3300,diesel,19.1,92.29,0.173,6.47,0.71,2.68,15945.39,3693.72,12251.67,463.04,405.34,57.7
595,104,31200,diesel,20.4,97.06,0.119,6.73,0.698,2.68,148444.71,24987.14,123457.57,4098.82,2591.53,1507.29
596,26,7800,petrol,15.7,106.68,0.143,6.14,0.74,2.31,53000.25,6848.56,46151.69,1147.64,825.4,322.24
597,109,32700,petrol,18.2,100.75,0.134,6.01,0.553,2.31,181017.86,26334.62,154683.24,4150.38,2423.14,1727.24
598,63,18900,petrol,20.3,103.35,0.184,6.53,0.594,2.31,96222.41,22708.73,73513.68,2150.69,2065.69,85.0
599,54,16200,diesel,21.9,90.66,0.146,8.74,0.736,2.68,67063.56,20671.85,46391.71,1982.47,1740.79,241.68
600,102,30600,petrol,13.5,107.09,0.119,7.39,0.693,2.31,242737.33,26909.95,215827.38,5236.0,2523.49,2712.51
601,43,12900,petrol,17.7,103.55,0.147,8.84,0.642,2.31,75468.64,16763.29,58705.35,1683.56,1217.42,466.14
602,112,33600,diesel,20.1,95.62,0.174,7.44,0.709,2.68,159842.39,43497.22,116345.17,4480.0,4145.1,334.9
603,101,30300,diesel,15.9,90.13,0.173,7.64,0.712,2.68,171757.17,40048.12,131709.05,5107.17,3732.23,1374.94
604,26,7800,diesel,15.6,89.58,0.161,8.41,0.697,2.68,44790.0,10561.28,34228.72,1340.0,875.29,464.71
605,11,3300,diesel,19.4,91.57,0.147,7.2,0.616,2.68,15576.34,3492.72,12083.62,455.88,298.82,157.06
606,12,3600,petrol,14.3,107.29,0.118,7.21,0.652,2.31,27010.07,3062.81,23947.26,581.54,276.97,304.57
607,62,18600,petrol,17.8,100.07,0.151,7.96,0.696,2.31,104567.53,22356.46,82211.07,2413.82,1954.79,459.03
608,35,10500,petrol,15.5,102.89,0.183,8.16,0.645,2.31,69699.68,15679.44,54020.24,1564.84,1239.37,325.47
609,39,11700,petrol,18.7,103.16,0.18,6.95,0.644,2.31,64543.96,14636.7,49907.26,1445.29,1356.26,89.03
610,20,6000,petrol,19.8,107.57,0.176,7.8,0.662,2.31,32596.97,8236.8,24360.17,700.0,699.07,0.93
611,75,22500,diesel,14.7,97.16,0.151,7.04,0.58,2.68,148714.29,23918.4,124795.89,4102.04,1970.55,2131.49
612,35,10500,petrol,14.8,99.75,0.134,6.09,0.564,2.31,70768.58,8568.63,62199.95,1638.85,793.55,845.3
613,95,28500,petrol,12.4,107.84,0.175,8.63,0.601,2.31,247858.06,43042.13,204815.93,5309.27,2997.49,2311.78
614,92,27600,petrol,13.6,104.1,0.139,7.58,0.754,2.31,211261.76,29079.91,182181.85,4687.94,2892.65,1795.29
615,94,28200,petrol,19.2,103.65,0.153,6.39,0.633,2.31,152235.94,27570.29,124665.65,3392.81,2731.14,661.67
616,18,5400,diesel,14.3,90.68,0.125,8.3,0.578,2.68,34242.8,5602.5,28640.3,1012.03,390.15,621.88
617,25,7500,petrol,15.0,104.79,0.125,7.99,0.572,2.31,52395.0,7490.62,44904.38,1155.0,536.25,618.75
618,75,22500,diesel,18.8,90.66,0.143,7.66,0.721,2.68,108502.66,24646.05,83856.61,3207.45,2319.82,887.63
619,112,33600,petrol,15.3,107.08,0.111,8.44,0.754,2.31,235156.08,31477.82,203678.26,5072.94,2812.12,2260.82
620,115,34500,petrol,18.9,101.06,0.14,8.97,0.714,2.31,184474.6,43325.1,141149.5,4216.67,3448.62,768.05
621,35,10500,petrol,13.4,105.75,0.162,8.38,0.594,2.31,82863.81,14254.38,68609.43,1810.07,1010.39,799.68
622,117,35100,petrol,15.1,99.05,0.143,7.57,0.741,2.31,230242.05,37996.1,192245.95,5369.6,3719.3,1650.3
623,12,3600,diesel,22.0,96.57,0.153,6.88,0.576,2.68,15802.36,3789.5,12012.86,438.55,317.26,121.29
624,97,29100,petrol,17.8,104.4,0.189,8.9,0.552,2.31,170676.4,48949.11,121727.29,3776.46,3035.94,740.52
625,17,5100,petrol,13.4,101.1,0.131,8.77,0.675,2.31,38478.36,5859.24,32619.12,879.18,450.97,428.21
626,21,6300,petrol,12.6,100.48,0.145,8.57,0.566,2.31,50240.0,7828.69,42411.31,1155.0,517.04,637.96
627,20,6000,petrol,17.3,99.5,0.162,6.45,0.664,2.31,34508.67,6269.4,28239.27,801.16,645.41,155.75
628,91,27300,petrol,19.3,106.6,0.157,6.52,0.685,2.31,150786.53,27945.37,122841.16,3267.51,2935.98,331.53
629,29,8700,petrol,12.5,103.27,0.138,8.73,0.648,2.31,71875.92,10481.24,61394.68,1607.76,777.99,829.77
630,15,4500,petrol,18.5,106.96,0.175,6.28,0.68,2.31,26017.3,4945.5,21071.8,561.89,535.5,26.39
631,21,6300,diesel,18.2,91.22,0.145,6.98,0.595,2.68,31576.15,6376.23,25199.92,927.69,543.53,384.16
632,54,16200,petrol,12.4,99.66,0.111,6.09,0.705,2.31,130200.97,10951.04,119249.93,3017.9,1267.73,1750.17
633,99,29700,petrol,14.8,107.54,0.176,7.58,0.664,2.31,215806.62,39622.18,176184.44,4635.61,3470.86,1164.75
634,86,25800,diesel,20.0,97.72,0.14,8.29,0.762,2.68,126058.8,29943.48,96115.32,3457.2,2752.34,704.86
635,13,3900,petrol,13.5,101.04,0.115,6.6,0.65,2.31,29189.33,2960.1,26229.23,667.33,291.53,375.8
636,40,12000,petrol,19.4,101.39,0.184,8.44,0.767,2.31,62715.46,18635.52,44079.94,1428.87,1693.54,-264.67
637,94,28200,diesel,15.2,90.94,0.149,7.37,0.596,2.68,168717.63,30967.27,137750.36,4972.11,2504.27,2467.84
638,83,24900,petrol,14.1,106.31,0.127,6.85,0.751,2.31,187738.94,21661.76,166077.18,4079.36,2374.89,1704.47
639,42,12600,petrol,20.0,104.49,0.138,8.66,0.599,2.31,65828.7,15058.01,50770.69,1455.3,1041.54,413.76
640,15,4500,petrol,18.9,103.47,0.117,7.94,0.658,2.31,24635.71,4180.41,20455.3,550.0,346.44,203.56
641,71,21300,petrol,17.0,101.94,0.174,7.06,0.712,2.31,127724.82,26165.77,101559.05,2894.29,2638.81,255.48
642,99,29700,petrol,14.1,99.54,0.134,8.7,0.593,2.31,209669.36,34624.26,175045.1,4865.74,2360.02,2505.72
643,49,14700,petrol,16.6,102.83,0.121,7.8,0.744,2.31,91060.3,13873.86,77186.44,2045.6,1323.35,722.25
644,21,6300,petrol,18.7,107.96,0.161,6.75,0.708,2.31,36371.55,6846.53,29525.02,778.24,718.12,60.12
645,19,5700,petrol,17.9,101.27,0.177,7.93,0.564,2.31,32247.99,8000.58,24247.41,735.59,569.02,166.57
646,72,21600,petrol,17.9,99.56,0.15,8.21,0.716,2.31,120139.44,26600.4,93539.04,2787.49,2319.84,467.65
647,114,34200,petrol,12.5,103.33,0.155,8.35,0.555,2.31,282710.88,44263.35,238447.53,6320.16,2942.06,3378.1
648,84,25200,petrol,15.0,104.95,0.174,6.68,0.552,2.31,176316.0,29290.46,147025.54,3880.8,2420.41,1460.39
649,21,6300,petrol,15.9,106.6,0.135,7.97,0.605,2.31,42237.74,6778.48,35459.26,915.28,514.55,400.73
650,106,31800,diesel,19.9,90.15,0.134,7.64,0.629,2.68,144058.79,32555.57,111503.22,4282.61,2680.29,1602.32
651,90,27000,petrol,16.8,103.64,0.122,8.56,0.584,2.31,166564.29,28196.64,138367.65,3712.5,1923.7,1788.8
652,39,11700,petrol,19.6,102.54,0.187,8.59,0.751,2.31,61210.1,18794.06,42416.04,1378.93,1643.11,-264.18
653,103,30900,diesel,16.5,97.79,0.18,6.62,0.633,2.68,183134.0,36820.44,146313.56,5018.91,3520.75,1498.16
654,82,24600,petrol,12.6,100.63,0.164,6.39,0.552,2.31,196468.1,25779.82,170688.28,4510.0,2226.99,2283.01
655,84,25200,petrol,13.1,107.43,0.152,7.79,0.608,2.31,206659.24,29838.82,176820.42,4443.66,2328.88,2114.78
656,22,6600,diesel,21.9,92.56,0.118,7.0,0.619,2.68,27894.79,5451.6,22443.19,807.67,482.08,325.59
657,36,10800,petrol,16.7,100.23,0.15,7.38,0.727,2.31,64819.4,11955.6,52863.8,1493.89,1177.74,316.15
658,89,26700,diesel,21.5,93.14,0.17,8.16,0.565,2.68,115666.88,37038.24,78628.64,3328.19,2564.53,763.66
659,99,29700,diesel,15.8,96.73,0.135,6.91,0.682,2.68,181827.91,27705.65,154122.26,5037.72,2734.48,2303.24
660,40,12000,diesel,15.2,96.1,0.167,8.03,0.553,2.68,75868.42,16092.12,59776.3,2115.79,1108.21,1007.58
661,91,27300,petrol,13.7,102.43,0.146,6.41,0.766,2.31,204112.34,25548.98,178563.36,4603.14,3053.12,1550.02
662,104,31200,petrol,14.2,99.78,0.119,7.1,0.563,2.31,219234.93,26360.88,192874.05,5075.49,2090.31,2985.18
663,120,36000,diesel,15.3,91.48,0.174,8.33,0.569,2.68,215247.06,52179.12,163067.94,6305.88,3564.22,2741.66
664,33,9900,diesel,18.8,96.52,0.177,6.25,0.719,2.68,50827.02,10951.88,39875.14,1411.28,1259.9,151.38
665,41,12300,diesel,22.7,94.55,0.111,7.44,0.696,2.68,51231.94,10157.83,41074.11,1452.16,950.25,501.91
666,118,35400,petrol,15.5,99.24,0.163,7.93,0.596,2.31,226651.35,45757.69,180893.66,5275.74,3439.04,1836.7
667,31,9300,petrol,20.5,102.17,0.168,6.84,0.699,2.31,46350.29,10686.82,35663.47,1047.95,1092.12,-44.17
668,34,10200,petrol,17.6,107.96,0.126,7.73,0.769,2.31,62567.73,9934.6,52633.13,1338.75,988.32,350.43
669,28,8400,petrol,19.5,102.01,0.156,6.57,0.669,2.31,43942.77,8609.33,35333.44,995.08,876.66,118.42
670,35,10500,petrol,17.4,105.49,0.138,8.42,0.674,2.31,63657.76,12200.58,51457.18,1393.97,976.63,417.34
671,60,18000,petrol,16.9,99.13,0.143,6.23,0.693,2.31,105582.25,16036.02,89546.23,2460.36,1783.78,676.58
672,80,24000,petrol,12.9,100.02,0.129,6.26,0.634,2.31,186083.72,19380.96,166702.76,4297.67,1962.86,2334.81
673,116,34800,petrol,17.3,106.74,0.143,7.15,0.773,2.31,214713.99,35581.26,179132.73,4646.71,3846.76,799.95
674,20,6000,petrol,13.8,99.67,0.184,8.68,0.648,2.31,43334.78,9582.72,33752.06,1004.35,715.39,288.96
675,48,14400,petrol,16.0,107.02,0.184,8.91,0.777,2.31,96318.0,23607.94,72710.06,2079.0,2058.74,20.26
676,104,31200,diesel,22.2,94.75,0.115,7.76,0.642,2.68,133162.16,27842.88,105319.28,3766.49,2303.5,1462.99
677,33,9900,petrol,20.4,105.75,0.137,7.42,0.726,2.31,51319.85,10063.75,41256.1,1121.03,984.67,136.36
678,28,8400,petrol,16.2,106.24,0.186,7.11,0.771,2.31,55087.41,11108.66,43978.75,1197.78,1204.61,-6.83
679,65,19500,diesel,15.4,89.09,0.15,7.51,0.699,2.68,112808.77,21966.75,90842.02,3393.51,2044.57,1348.94
680,60,18000,petrol,18.2,99.39,0.116,8.6,0.728,2.31,98297.8,17956.8,80341.0,2284.62,1520.06,764.56
681,78,23400,petrol,20.9,103.14,0.146,6.86,0.686,2.31,115477.32,23436.5,92040.82,2586.32,2343.65,242.67
682,72,21600,diesel,17.4,89.28,0.172,6.25,0.758,2.68,110830.34,23220.0,87610.34,3326.9,2816.12,510.78
683,96,28800,diesel,19.0,92.33,0.126,8.75,0.741,2.68,139952.84,31752.0,108200.84,4062.32,2688.94,1373.38
684,65,19500,diesel,18.3,90.04,0.187,8.8,0.677,2.68,95944.26,32089.2,63855.06,2855.74,2468.68,387.06
685,62,18600,petrol,14.9,102.06,0.163,7.2,0.739,2.31,127403.76,21828.96,105574.8,2883.62,2240.5,643.12
686,74,22200,diesel,21.6,96.54,0.17,6.3,0.722,2.68,99221.67,23776.2,75445.47,2754.44,2724.83,29.61
687,62,18600,petrol,16.3,105.98,0.165,7.95,0.701,2.31,120934.23,24398.55,96535.68,2635.95,2151.37,484.58
688,47,14100,diesel,15.2,91.04,0.138,8.35,0.769,2.68,84451.58,16247.43,68204.15,2486.05,1496.32,989.73
689,40,12000,petrol,19.9,100.97,0.117,6.68,0.666,2.31,60886.43,9378.72,51507.71,1392.96,935.06,457.9
690,45,13500,petrol,16.3,104.56,0.144,8.15,0.604,2.31,86598.77,15843.6,70755.17,1913.19,1174.18,739.01
691,10,3000,diesel,20.7,92.46,0.131,6.69,0.613,2.68,13400.0,2629.17,10770.83,388.41,240.91,147.5
692,62,18600,petrol,14.9,106.57,0.118,8.89,0.577,2.31,133033.69,19511.77,113521.92,2883.62,1266.4,1617.22
693,68,20400,petrol,19.5,106.32,0.159,7.53,0.614,2.31,111227.08,24424.31,86802.77,2416.62,1991.57,425.05
694,104,31200,diesel,19.1,97.35,0.151,8.37,0.668,2.68,159021.99,39432.74,119589.25,4377.8,3147.08,1230.72
695,88,26400,petrol,17.7,107.35,0.123,8.56,0.566,2.31,160115.25,27796.03,132319.22,3445.42,1837.92,1607.5
696,70,21000,diesel,16.9,93.19,0.129,8.6,0.64,2.68,115798.22,23297.4,92500.82,3330.18,1733.76,1596.42
697,78,23400,petrol,19.0,106.33,0.146,6.01,0.717,2.31,130953.79,20532.56,110421.23,2844.95,2449.56,395.39
698,46,13800,petrol,16.6,107.48,0.175,6.6,0.762,2.31,89350.84,15939.0,73411.84,1920.36,1840.23,80.13
699,112,33600,diesel,22.3,90.38,0.173,8.53,0.605,2.68,136177.94,49583.18,86594.76,4038.03,3516.74,521.29
700,27,8100,petrol,13.5,104.03,0.139,8.52,0.623,2.31,62418.0,9592.67,52825.33,1386.0,701.44,684.56
701,80,24000,diesel,15.5,89.8,0.171,8.82,0.61,2.68,139045.16,36197.28,102847.88,4149.68,2503.44,1646.24
702,11,3300,petrol,19.9,101.31,0.126,6.91,0.751,2.31,16800.15,2873.18,13926.97,383.07,312.27,70.8
703,20,6000,petrol,16.9,106.79,0.124,8.96,0.679,2.31,37913.61,6666.24,31247.37,820.12,505.18,314.94
704,57,17100,diesel,16.3,89.64,0.178,7.23,0.577,2.68,94039.51,22006.67,72032.84,2811.53,1756.27,1055.26
705,43,12900,petrol,13.9,103.6,0.161,7.3,0.574,2.31,96146.76,15161.37,80985.39,2143.81,1192.14,951.67
706,77,23100,diesel,19.9,93.94,0.114,6.53,0.585,2.68,109045.93,17196.1,91849.83,3110.95,1540.54,1570.41
707,114,34200,petrol,19.3,99.17,0.186,8.75,0.616,2.31,175731.3,55660.5,120070.8,4093.37,3918.5,174.87
708,43,12900,diesel,17.2,97.91,0.143,8.78,0.717,2.68,73432.5,16196.47,57236.03,2010.0,1322.65,687.35
709,110,33000,petrol,16.3,103.86,0.185,8.38,0.58,2.31,210268.71,51159.9,159108.81,4676.69,3540.9,1135.79
710,71,21300,petrol,18.7,99.39,0.165,8.24,0.708,2.31,113208.93,28959.48,84249.45,2631.18,2488.27,142.91
711,61,18300,petrol,14.0,105.54,0.153,6.14,0.687,2.31,137955.86,17191.39,120764.47,3019.5,1923.53,1095.97
712,74,22200,petrol,13.2,106.83,0.173,6.94,0.657,2.31,179668.64,26653.76,153014.88,3885.0,2523.27,1361.73
713,97,29100,petrol,21.0,107.25,0.162,8.94,0.653,2.31,148617.86,42144.95,106472.91,3201.0,3078.37,122.63
714,61,18300,petrol,20.1,102.51,0.16,7.6,0.583,2.31,93330.0,22252.8,71077.2,2103.13,1707.02,396.11
715,51,15300,petrol,13.2,100.83,0.123,6.99,0.656,2.31,116871.14,13154.48,103716.66,2677.5,1234.53,1442.97
716,89,26700,petrol,13.4,107.58,0.176,7.7,0.672,2.31,214357.16,36183.84,178173.32,4602.76,3157.86,1444.9
717,101,30300,diesel,15.0,90.65,0.146,7.42,0.641,2.68,183113.0,32824.6,150288.4,5413.6,2835.66,2577.94
718,111,33300,petrol,17.8,99.64,0.134,8.08,0.674,2.31,186405.17,36054.58,150350.59,4321.52,3007.52,1314.0
719,88,26400,diesel,22.7,97.99,0.163,8.5,0.746,2.68,113961.94,36577.2,77384.74,3116.83,3210.19,-93.36
720,74,22200,petrol,20.1,107.08,0.113,7.98,0.556,2.31,118267.46,20018.63,98248.83,2551.34,1394.78,1156.56
721,62,18600,petrol,17.8,105.48,0.152,6.51,0.705,2.31,110220.67,18405.07,91815.6,2413.82,1993.18,420.64
722,62,18600,diesel,20.1,97.03,0.161,7.04,0.614,2.68,89788.96,21081.98,68706.98,2480.0,1838.68,641.32
723,42,12600,petrol,19.1,102.75,0.124,6.07,0.721,2.31,67782.72,9483.77,58298.95,1523.87,1126.49,397.38
724,88,26400,petrol,19.8,106.51,0.127,8.16,0.58,2.31,142013.33,27358.85,114654.48,3080.0,1944.62,1135.38
725,14,4200,petrol,18.6,105.09,0.169,8.9,0.63,2.31,23730.0,6317.22,17412.78,521.61,447.17,74.44
726,32,9600,petrol,19.6,100.25,0.158,7.53,0.72,2.31,49102.04,11421.5,37680.54,1131.43,1092.1,39.33
727,56,16800,petrol,14.2,99.51,0.165,8.94,0.776,2.31,117730.14,24781.68,92948.46,2732.96,2151.07,581.89
728,45,13500,diesel,16.7,95.42,0.113,7.38,0.65,2.68,77135.93,11258.19,65877.74,2166.47,991.58,1174.89
729,71,21300,petrol,14.8,105.03,0.176,7.05,0.636,2.31,151158.04,26429.04,124729.0,3324.53,2384.24,940.29
730,78,23400,petrol,14.4,100.25,0.186,7.24,0.753,2.31,162906.25,31511.38,131394.87,3753.75,3277.36,476.39
731,41,12300,diesel,16.2,97.92,0.147,7.03,0.631,2.68,74346.67,12710.94,61635.73,2034.81,1140.91,893.9
732,90,27000,petrol,17.1,106.88,0.119,7.27,0.729,2.31,168757.89,23358.51,145399.38,3647.37,2342.28,1305.09
733,35,10500,diesel,22.3,90.41,0.171,8.51,0.745,2.68,42569.73,15279.71,27290.02,1261.88,1337.65,-75.77
734,95,28500,petrol,19.2,107.85,0.118,6.19,0.722,2.31,160089.84,20816.97,139272.87,3428.91,2428.09,1000.82
735,36,10800,petrol,12.2,106.88,0.134,6.2,0.675,2.31,94615.08,8972.64,85642.44,2044.92,976.86,1068.06
736,79,23700,petrol,17.1,107.1,0.145,6.75,0.628,2.31,148436.84,23196.37,125240.47,3201.58,2158.12,1043.46
737,99,29700,diesel,16.4,91.19,0.171,7.65,0.688,2.68,165142.87,38852.06,126290.81,4853.41,3494.15,1359.26
738,34,10200,petrol,18.6,106.07,0.183,8.83,0.569,2.31,58167.42,16482.08,41685.34,1266.77,1062.1,204.67
739,48,14400,diesel,15.7,97.62,0.166,8.83,0.611,2.68,89536.82,21107.23,68429.59,2458.09,1460.53,997.56
740,74,22200,petrol,13.3,105.05,0.149,6.13,0.756,2.31,175346.62,20276.81,155069.81,3855.79,2500.7,1355.09
741,100,30000,petrol,20.8,100.06,0.166,6.07,0.707,2.31,144317.31,30228.6,114088.71,3331.73,3520.86,-189.13
742,110,33000,petrol,18.0,105.22,0.139,6.09,0.702,2.31,192903.33,27934.83,164968.5,4235.0,3220.07,1014.93
743,66,19800,diesel,22.6,97.21,0.143,7.24,0.618,2.68,85166.28,20499.34,64666.94,2347.96,1749.81,598.15
744,109,32700,diesel,14.6,93.23,0.116,6.16,0.635,2.68,208809.66,23366.11,185443.55,6002.47,2408.68,3593.79
745,95,28500,petrol,15.2,104.72,0.11,6.96,0.629,2.31,196350.0,21819.6,174530.4,4331.25,1971.91,2359.34
746,111,33300,petrol,15.7,107.31,0.179,7.07,0.699,2.31,227606.56,42142.15,185464.41,4899.55,4166.53,733.02
747,92,27600,diesel,20.0,90.96,0.163,8.93,0.619,2.68,125524.8,40174.28,85350.52,3698.4,2784.76,913.64
748,65,19500,petrol,18.6,104.3,0.131,7.87,0.617,2.31,109346.77,20103.92,89242.85,2421.77,1576.13,845.64
749,21,6300,petrol,14.6,105.62,0.128,8.13,0.594,2.31,45575.75,6556.03,39019.72,996.78,479.0,517.78
750,87,26100,petrol,20.4,104.04,0.15,6.01,0.605,2.31,133110.0,23529.15,109580.85,2955.44,2368.57,586.87
751,81,24300,petrol,14.8,99.55,0.157,8.01,0.624,2.31,163450.34,30558.95,132891.39,3792.77,2380.62,1412.15
752,13,3900,petrol,12.3,100.36,0.121,7.98,0.577,2.31,31821.46,3765.76,28055.7,732.44,272.29,460.15
753,62,18600,petrol,13.0,107.59,0.169,8.92,0.656,2.31,153936.46,28039.13,125897.33,3305.08,2062.07,1243.01
754,12,3600,petrol,16.7,107.69,0.187,7.97,0.568,2.31,23214.61,5365.4,17849.21,497.96,382.38,115.58
755,50,15000,diesel,19.6,93.63,0.147,7.47,0.728,2.68,71655.61,16471.35,55184.26,2051.02,1605.24,445.78
756,114,34200,petrol,19.9,107.14,0.169,7.48,0.567,2.31,184130.05,43232.9,140897.15,3969.95,3277.15,692.8
757,118,35400,petrol,14.7,103.5,0.148,6.53,0.556,2.31,249244.9,34211.98,215032.92,5562.86,2913.0,2649.86
758,120,36000,diesel,20.6,97.36,0.168,6.99,0.564,2.68,170143.69,42275.52,127868.17,4683.5,3411.07,1272.43
759,82,24600,petrol,12.2,101.12,0.119,8.12,0.653,2.31,203897.7,23770.49,180127.21,4657.87,1911.59,2746.28
760,20,6000,petrol,14.2,99.04,0.143,8.45,0.655,2.31,41847.89,7250.1,34597.79,976.06,561.99,414.07
761,110,33000,petrol,14.6,105.85,0.125,6.47,0.698,2.31,239250.0,26688.75,212561.25,5221.23,2879.25,2341.98
762,62,18600,petrol,17.4,106.39,0.176,6.17,0.666,2.31,113727.24,20198.11,93529.13,2469.31,2180.22,289.09
763,28,8400,diesel,14.6,95.4,0.151,7.56,0.753,2.68,54887.67,9589.1,45298.57,1541.92,955.11,586.81
764,71,21300,petrol,20.5,105.76,0.171,6.48,0.602,2.31,109887.22,23602.1,86285.12,2400.15,2192.66,207.49
765,91,27300,petrol,18.9,105.96,0.146,8.09,0.612,2.31,153053.33,32245.12,120808.21,3336.67,2439.31,897.36
766,112,33600,diesel,17.3,90.32,0.171,8.63,0.729,2.68,175419.19,49584.53,125834.66,5205.09,4188.54,1016.55
767,24,7200,diesel,21.7,95.59,0.157,6.51,0.629,2.68,31716.5,7358.9,24357.6,889.22,711.02,178.2
768,45,13500,petrol,15.5,103.79,0.163,7.32,0.554,2.31,90397.74,16107.66,74290.08,2011.94,1219.08,792.86
769,41,12300,petrol,14.0,100.05,0.15,7.77,0.629,2.31,87901.07,14335.65,73565.42,2029.5,1160.51,868.99
770,114,34200,petrol,20.5,107.73,0.118,7.77,0.693,2.31,179725.17,31356.61,148368.56,3853.76,2796.67,1057.09
771,70,21000,petrol,19.8,99.23,0.186,8.3,0.589,2.31,105243.94,32419.8,72824.14,2450.0,2300.63,149.37
772,76,22800,petrol,17.1,101.52,0.133,8.53,0.765,2.31,135360.0,25866.37,109493.63,3080.0,2319.79,760.21
773,79,23700,petrol,19.4,103.61,0.13,6.81,0.678,2.31,126575.1,20981.61,105593.49,2822.01,2088.92,733.09
774,45,13500,diesel,22.0,93.15,0.115,7.9,0.732,2.68,57160.23,12264.75,44895.48,1644.55,1136.43,508.12
775,60,18000,petrol,17.4,102.62,0.183,8.4,0.702,2.31,106158.62,27669.6,78489.02,2389.66,2312.39,77.27
776,48,14400,petrol,12.3,102.62,0.167,7.83,0.777,2.31,120140.49,18829.58,101310.91,2704.39,1868.53,835.86
777,13,3900,diesel,16.2,90.06,0.143,7.21,0.665,2.68,21681.11,4021.02,17660.09,645.19,370.87,274.32
778,87,26100,petrol,16.4,104.05,0.135,7.81,0.705,2.31,165591.77,27518.54,138073.23,3676.28,2484.07,1192.21
779,73,21900,diesel,18.0,94.57,0.145,6.67,0.653,2.68,115060.17,21180.58,93879.59,3260.67,2073.6,1187.07
780,55,16500,petrol,20.9,104.49,0.171,8.52,0.621,2.31,82492.11,24039.18,58452.93,1823.68,1752.15,71.53
781,86,25800,petrol,19.4,100.57,0.15,7.65,0.594,2.31,133747.73,29605.5,104142.23,3072.06,2298.78,773.28
782,36,10800,petrol,20.7,103.96,0.127,6.83,0.774,2.31,54240.0,9368.03,44871.97,1205.22,1061.62,143.6
783,120,36000,petrol,19.7,104.89,0.117,6.53,0.659,2.31,191677.16,27504.36,164172.8,4221.32,2775.71,1445.61
784,65,19500,petrol,20.6,100.83,0.16,8.79,0.668,2.31,95445.87,27424.8,68021.07,2186.65,2084.16,102.49
785,56,16800,petrol,18.2,100.59,0.131,6.75,0.563,2.31,92852.31,14855.4,77996.91,2132.31,1239.05,893.26
786,118,35400,petrol,15.1,102.4,0.137,8.76,0.6,2.31,240063.58,42484.25,197579.33,5415.5,2909.88,2505.62
787,70,21000,diesel,15.9,93.66,0.173,8.42,0.736,2.68,123701.89,30589.86,93112.03,3539.62,2673.89,865.73
788,26,7800,diesel,16.6,94.52,0.158,7.52,0.667,2.68,44413.01,9267.65,35145.36,1259.28,822.01,437.27
789,106,31800,petrol,14.4,99.49,0.186,6.03,0.691,2.31,219707.08,35666.24,184040.84,5101.25,4087.13,1014.12
790,69,20700,petrol,13.3,103.01,0.176,7.84,0.576,2.31,160323.83,28562.69,131761.14,3595.26,2098.48,1496.78
791,53,15900,petrol,13.6,107.23,0.126,8.17,0.663,2.31,125364.49,16367.78,108996.71,2700.66,1328.25,1372.41
792,59,17700,petrol,15.9,102.46,0.159,8.31,0.65,2.31,114059.25,23386.83,90672.42,2571.51,1829.3,742.21
793,79,23700,petrol,20.5,103.82,0.183,8.68,0.618,2.31,120026.05,37646.03,82380.02,2670.59,2680.33,-9.74
794,68,20400,petrol,16.5,105.64,0.129,7.76,0.78,2.31,130609.45,20421.22,110188.23,2856.0,2052.65,803.35
795,115,34500,petrol,17.0,102.92,0.121,7.76,0.613,2.31,208867.06,32394.12,176472.94,4687.94,2558.97,2128.97
796,44,13200,petrol,20.8,101.11,0.112,7.41,0.765,2.31,64165.96,10954.94,53211.02,1465.96,1130.98,334.98
797,59,17700,petrol,21.0,99.55,0.153,7.17,0.6,2.31,83906.43,19417.08,64489.35,1947.0,1624.86,322.14
798,119,35700,diesel,15.7,95.43,0.148,7.67,0.571,2.68,216996.88,40525.21,176471.67,6094.01,3016.94,3077.07
799,97,29100,petrol,12.4,105.46,0.166,8.31,0.653,2.31,247490.81,40142.29,207348.52,5421.05,3154.38,2266.67
800,51,15300,diesel,19.9,94.29,0.147,8.7,0.607,2.68,72494.32,19567.17,52927.15,2060.5,1365.2,695.3
801,62,18600,petrol,18.8,103.66,0.151,7.43,0.738,2.31,102557.23,20867.9,81689.33,2285.43,2072.75,212.68
802,17,5100,petrol,20.8,101.23,0.161,8.99,0.697,2.31,24820.82,7381.69,17439.13,566.39,572.31,-5.92
803,73,21900,petrol,16.0,99.02,0.161,8.67,0.658,2.31,135533.62,30569.55,104964.07,3161.81,2320.04,841.77
804,22,6600,petrol,18.0,104.69,0.122,8.77,0.751,2.31,38386.33,7061.6,31324.73,847.0,604.71,242.29
805,115,34500,diesel,18.3,89.91,0.113,7.87,0.701,2.68,169502.46,30681.19,138821.27,5052.46,2732.85,2319.61
806,104,31200,petrol,14.6,104.35,0.187,7.55,0.685,2.31,222994.52,44049.72,178944.8,4936.44,3996.56,939.88
807,91,27300,diesel,14.5,96.45,0.167,8.87,0.67,2.68,181592.07,40439.22,141152.85,5045.79,3054.6,1991.19
808,111,33300,petrol,17.2,100.32,0.159,6.36,0.58,2.31,194224.19,33674.29,160549.9,4472.27,3070.93,1401.34
809,46,13800,diesel,20.2,96.68,0.158,7.26,0.568,2.68,66048.71,15829.7,50219.01,1830.89,1238.47,592.42
810,71,21300,petrol,19.0,107.25,0.17,7.96,0.556,2.31,120232.89,28823.16,91409.73,2589.63,2013.28,576.35
811,69,20700,diesel,20.3,92.23,0.14,8.06,0.719,2.68,94047.34,23357.88,70689.46,2732.81,2083.66,649.15
812,77,23100,diesel,14.4,97.82,0.175,6.74,0.743,2.68,156919.58,27246.45,129673.13,4299.17,3003.58,1295.59
813,63,18900,petrol,18.2,104.75,0.177,7.81,0.647,2.31,108778.85,26126.79,82652.06,2398.85,2164.41,234.44
814,50,15000,petrol,20.3,103.97,0.147,8.54,0.649,2.31,76825.12,18830.7,57994.42,1706.9,1431.05,275.85
815,15,4500,petrol,13.1,107.85,0.136,6.72,0.691,2.31,37047.71,4112.64,32935.07,793.51,422.89,370.62
816,117,35100,petrol,18.1,103.14,0.114,6.72,0.666,2.31,200011.82,26889.41,173122.41,4479.61,2664.93,1814.68
817,78,23400,petrol,18.7,103.44,0.117,6.01,0.693,2.31,129438.29,16454.18,112984.11,2890.59,1897.3,993.29
818,47,14100,petrol,14.4,104.25,0.131,8.75,0.706,2.31,102078.12,16162.13,85915.99,2261.88,1304.05,957.83
819,48,14400,petrol,12.7,99.6,0.153,8.82,0.58,2.31,112932.28,19432.22,93500.06,2619.21,1277.86,1341.35
820,13,3900,petrol,20.2,101.97,0.157,8.96,0.629,2.31,19687.28,5486.21,14201.07,445.99,385.14,60.85
821,119,35700,petrol,13.6,104.63,0.17,6.25,0.706,2.31,274653.75,37931.25,236722.5,6063.75,4284.71,1779.04
822,24,7200,petrol,16.4,106.47,0.125,7.12,0.596,2.31,46742.93,6408.0,40334.93,1014.15,536.4,477.75
823,120,36000,diesel,18.1,92.88,0.137,9.0,0.585,2.68,184733.7,44388.0,140345.7,5330.39,2885.22,2445.17
824,63,18900,petrol,15.7,105.53,0.167,8.26,0.64,2.31,127039.3,26071.04,100968.26,2780.83,2020.03,760.8
825,54,16200,petrol,16.7,106.73,0.111,8.64,0.665,2.31,103534.49,15536.45,87998.04,2240.84,1195.8,1045.04
826,111,33300,petrol,18.7,101.41,0.149,7.91,0.588,2.31,180585.72,39247.05,141338.67,4113.53,2917.48,1196.05
827,77,23100,petrol,19.2,99.71,0.127,6.09,0.652,2.31,119963.59,17866.23,102097.36,2779.22,1912.77,866.45
828,115,34500,petrol,14.7,101.02,0.157,6.17,0.751,2.31,237087.76,33419.81,203667.95,5421.43,4067.79,1353.64
829,113,33900,petrol,20.8,99.55,0.161,8.81,0.637,2.31,162247.36,48084.1,114163.26,3764.86,3476.68,288.18
830,68,20400,petrol,14.4,106.06,0.167,7.85,0.619,2.31,150251.67,26743.38,123508.29,3272.5,2108.81,1163.69
831,27,8100,petrol,19.6,100.69,0.143,8.15,0.608,2.31,41611.68,9440.15,32171.53,954.64,704.25,250.39
832,85,25500,diesel,18.6,95.57,0.175,8.08,0.762,2.68,131023.39,36057.0,94966.39,3674.19,3400.43,273.76
833,94,28200,petrol,12.6,99.02,0.146,8.55,0.617,2.31,221616.19,35202.06,186414.13,5170.0,2540.31,2629.69
834,71,21300,petrol,16.3,104.05,0.153,6.67,0.764,2.31,135967.18,21736.86,114230.32,3018.59,2489.8,528.79
835,20,6000,petrol,15.2,103.95,0.117,8.01,0.584,2.31,41032.89,5623.02,35409.87,911.84,409.97,501.87
836,55,16500,petrol,20.6,104.24,0.12,6.09,0.752,2.31,83493.2,12058.2,71435.0,1850.24,1488.96,361.28
837,61,18300,petrol,12.0,103.64,0.132,8.64,0.751,2.31,158051.0,20870.78,137180.22,3522.75,1814.12,1708.63
838,75,22500,petrol,12.6,104.94,0.146,8.57,0.641,2.31,187392.86,28152.45,159240.41,4125.0,2105.68,2019.32
839,15,4500,diesel,16.8,90.65,0.141,7.01,0.589,2.68,24281.25,4447.84,19833.41,717.86,373.72,344.14
840,28,8400,petrol,15.8,103.15,0.181,7.88,0.653,2.31,54839.24,11980.75,42858.49,1228.1,992.82,235.28
841,112,33600,petrol,14.8,107.69,0.158,6.99,0.692,2.31,244485.41,37108.51,207376.9,5244.32,3673.69,1570.63
842,44,13200,petrol,17.8,101.4,0.145,7.8,0.727,2.31,75195.51,14929.2,60266.31,1713.03,1391.48,321.55
843,61,18300,diesel,16.2,93.61,0.181,6.48,0.583,2.68,105744.63,21463.7,84280.93,3027.41,1931.07,1096.34
844,62,18600,petrol,12.3,107.47,0.118,8.26,0.61,2.31,162515.61,18129.05,144386.56,3493.17,1338.83,2154.34
845,48,14400,petrol,20.4,100.47,0.143,7.44,0.714,2.31,70920.0,15320.45,55599.55,1630.59,1470.27,160.32
846,16,4800,petrol,17.7,101.09,0.18,7.08,0.708,2.31,27414.24,6117.12,21297.12,626.44,611.71,14.73
847,14,4200,petrol,20.9,105.61,0.181,7.97,0.559,2.31,21223.06,6058.79,15164.27,464.21,424.95,39.26
848,86,25800,diesel,16.9,93.38,0.125,6.31,0.593,2.68,142556.45,20349.75,122206.7,4091.36,1912.42,2178.94
849,117,35100,diesel,22.4,91.67,0.151,7.02,0.615,2.68,143643.62,37206.7,106436.92,4199.46,3259.56,939.9
850,34,10200,diesel,17.2,93.97,0.177,6.97,0.747,2.68,55726.4,12583.64,43142.76,1589.3,1348.63,240.67
851,56,16800,diesel,14.4,94.8,0.148,7.82,0.723,2.68,110600.0,19443.65,91156.35,3126.67,1797.67,1329.0
852,92,27600,petrol,12.3,103.35,0.14,8.86,0.688,2.31,231907.32,34235.04,197672.28,5183.41,2658.43,2524.98
853,55,16500,diesel,21.1,91.27,0.133,6.41,0.577,2.68,71372.27,14066.75,57305.52,2095.73,1266.23,829.5
854,37,11100,petrol,16.7,103.19,0.155,7.78,0.75,2.31,68587.37,13385.49,55201.88,1535.39,1290.38,245.01
855,12,3600,petrol,19.6,101.61,0.181,8.67,0.591,2.31,18663.06,5649.37,13013.69,424.29,385.1,39.19
856,82,24600,petrol,14.9,105.25,0.123,8.43,0.729,2.31,173768.46,25507.49,148260.97,3813.83,2205.81,1608.02
857,79,23700,diesel,19.8,93.36,0.114,6.22,0.654,2.68,111749.09,16805.2,94943.89,3207.88,1766.98,1440.9
858,76,22800,petrol,13.8,107.34,0.163,8.1,0.753,2.31,177344.35,30102.84,147241.51,3816.52,2798.45,1018.07
859,51,15300,diesel,17.9,91.16,0.141,8.7,0.729,2.68,77918.88,18768.51,59150.37,2290.73,1572.67,718.06
860,89,26700,diesel,22.3,89.69,0.113,6.54,0.669,2.68,107386.68,19731.83,87654.85,3208.79,2018.44,1190.35
861,118,35400,petrol,12.7,100.07,0.132,6.35,0.667,2.31,278935.28,29672.28,249263.0,6438.9,3116.76,3322.14
862,57,17100,diesel,19.0,96.21,0.172,7.98,0.67,2.68,86589.0,23470.78,63118.22,2412.0,1970.6,441.4
863,100,30000,petrol,14.8,107.44,0.129,8.38,0.643,2.31,217783.78,32430.6,185353.18,4682.43,2488.41,2194.02
864,50,15000,petrol,19.5,102.24,0.146,7.76,0.586,2.31,78646.15,16994.4,61651.75,1776.92,1283.34,493.58
865,96,28800,diesel,15.3,97.06,0.174,8.49,0.659,2.68,182701.18,42545.09,140156.09,5044.71,3302.38,1742.33
866,91,27300,petrol,14.8,102.88,0.167,6.42,0.741,2.31,189771.89,29269.42,160502.47,4261.01,3378.29,882.72
867,11,3300,petrol,12.3,103.91,0.185,7.79,0.711,2.31,27878.29,4755.8,23122.49,619.76,434.07,185.69
868,28,8400,petrol,12.9,106.75,0.19,7.3,0.616,2.31,69511.63,11650.8,57860.83,1504.19,983.14,521.05
869,107,32100,petrol,14.7,105.76,0.177,7.21,0.573,2.31,230945.31,40965.06,189980.25,5044.29,3255.61,1788.68
870,83,24900,petrol,13.3,103.53,0.13,8.83,0.561,2.31,193826.84,28582.71,165244.13,4324.74,1815.96,2508.78
871,118,35400,diesel,19.3,92.42,0.131,8.64,0.56,2.68,169516.48,40067.14,129449.34,4915.65,2596.94,2318.71
872,14,4200,petrol,13.1,104.41,0.121,7.18,0.716,2.31,33474.96,3648.88,29826.08,740.61,363.87,376.74
873,94,28200,petrol,14.4,104.73,0.159,8.17,0.681,2.31,205096.25,36632.65,168463.6,4523.75,3053.47,1470.28
874,75,22500,petrol,17.1,102.69,0.16,6.75,0.555,2.31,135118.42,24300.0,110818.42,3039.47,1998.0,1041.47
875,95,28500,petrol,20.7,102.84,0.114,8.43,0.691,2.31,141591.3,27389.07,114202.23,3180.43,2245.06,935.37
876,20,6000,petrol,16.9,99.06,0.149,7.36,0.761,2.31,35169.23,6579.84,28589.39,820.12,680.33,139.79
877,110,33000,petrol,13.7,104.63,0.146,7.99,0.669,2.31,252028.47,38495.82,213532.65,5564.23,3223.24,2340.99
878,75,22500,diesel,14.2,92.73,0.124,7.91,0.772,2.68,146931.34,22068.9,124862.44,4246.48,2153.88,2092.6
879,83,24900,petrol,15.1,102.72,0.161,8.7,0.605,2.31,169385.96,34877.43,134508.53,3809.21,2425.38,1383.83
880,102,30600,petrol,13.3,101.35,0.145,8.02,0.753,2.31,233181.2,35584.74,197596.46,5314.74,3341.06,1973.68
881,103,30900,diesel,22.5,93.08,0.132,6.51,0.606,2.68,127829.87,26552.99,101276.88,3680.53,2471.75,1208.78
882,68,20400,petrol,20.5,106.84,0.122,7.14,0.742,2.31,106318.83,17770.03,88548.8,2298.73,1846.69,452.04
883,97,29100,petrol,15.7,103.26,0.183,6.5,0.715,2.31,191392.74,34614.45,156778.29,4281.59,3807.59,474.0
884,60,18000,petrol,12.0,105.93,0.187,8.41,0.716,2.31,158895.0,28308.06,130586.94,3465.0,2410.06,1054.94
885,26,7800,diesel,17.0,97.62,0.115,6.48,0.688,2.68,44790.35,5812.56,38977.79,1229.65,617.14,612.51
886,56,16800,petrol,18.0,106.67,0.158,8.0,0.719,2.31,99558.67,21235.2,78323.47,2156.0,1908.51,247.49
887,55,16500,petrol,19.9,106.62,0.121,8.64,0.606,2.31,88403.52,17249.76,71153.76,1915.33,1209.88,705.45
888,76,22800,diesel,21.0,90.08,0.152,8.35,0.739,2.68,97801.14,28937.76,68863.38,2909.71,2561.08,348.63
889,38,11400,diesel,20.6,93.0,0.131,8.02,0.58,2.68,51466.02,11977.07,39488.95,1483.11,866.17,616.94
890,21,6300,petrol,17.9,100.45,0.12,6.83,0.651,2.31,35353.91,5163.48,30190.43,813.02,492.16,320.86
891,40,12000,diesel,21.8,93.55,0.159,7.76,0.714,2.68,51495.41,14806.08,36689.33,1475.23,1362.31,112.92
892,80,24000,petrol,15.7,107.65,0.16,8.68,0.698,2.31,164560.51,33331.2,131229.31,3531.21,2680.32,850.89
893,55,16500,diesel,15.1,97.32,0.122,6.12,0.666,2.68,106343.05,12319.56,94023.49,2928.48,1340.66,1587.82
894,29,8700,petrol,19.9,103.56,0.145,8.56,0.564,2.31,45274.97,10798.44,34476.53,1009.9,711.49,298.41
895,89,26700,diesel,15.1,93.9,0.16,6.68,0.606,2.68,166035.1,28536.96,137498.14,4738.81,2588.83,2149.98
896,83,24900,diesel,14.5,90.82,0.127,7.7,0.66,2.68,155959.86,24349.71,131610.15,4602.21,2087.12,2515.09
897,117,35100,diesel,22.9,92.6,0.158,6.61,0.658,2.68,141932.75,36657.74,105275.01,4107.77,3649.14,458.63
898,24,7200,diesel,17.2,94.99,0.127,7.41,0.725,2.68,39763.26,6775.7,32987.56,1121.86,662.94,458.92
899,17,5100,petrol,20.1,99.78,0.153,8.75,0.569,2.31,25317.31,6827.62,18489.69,586.12,443.99,142.13
900,103,30900,petrol,15.6,103.38,0.149,7.1,0.754,2.31,204771.92,32689.11,172082.81,4575.58,3471.49,1104.09
901,85,25500,petrol,17.7,105.46,0.115,7.83,0.666,2.31,151933.9,22961.47,128972.43,3327.97,1953.05,1374.92
902,84,25200,petrol,15.6,102.44,0.184,6.85,0.704,2.31,165480.0,31762.08,133717.92,3731.54,3264.31,467.23
903,29,8700,diesel,17.8,93.17,0.168,6.05,0.745,2.68,45538.15,8842.68,36695.47,1309.89,1088.89,221.0
904,118,35400,diesel,21.3,92.14,0.176,8.22,0.692,2.68,153134.08,51213.89,101920.19,4454.08,4311.44,142.64
905,89,26700,petrol,20.8,104.79,0.158,6.78,0.75,2.31,134514.09,28602.11,105911.98,2965.24,3163.95,-198.71
906,75,22500,petrol,13.8,102.4,0.153,8.17,0.564,2.31,166956.52,28125.22,138831.3,3766.3,1941.57,1824.73
907,119,35700,diesel,20.7,90.89,0.127,6.59,0.605,2.68,156752.32,29878.4,126873.92,4622.03,2743.01,1879.02
908,76,22800,petrol,17.8,106.43,0.167,8.18,0.767,2.31,136326.07,31146.17,105179.9,2958.88,2920.43,38.45
909,46,13800,diesel,18.5,90.44,0.151,8.18,0.662,2.68,67463.35,17045.48,50417.87,1999.14,1379.48,619.66
910,69,20700,petrol,13.1,100.08,0.16,8.36,0.589,2.31,158141.68,27688.32,130453.36,3650.15,1950.77,1699.38
911,66,19800,diesel,17.3,89.95,0.137,6.27,0.633,2.68,102948.55,17008.0,85940.55,3067.28,1717.08,1350.2
912,87,26100,diesel,20.0,97.9,0.113,7.0,0.734,2.68,127759.5,20645.1,107114.4,3497.4,2164.79,1332.61
913,74,22200,petrol,14.7,100.46,0.131,8.49,0.578,2.31,151715.1,24690.62,127024.48,3488.57,1680.94,1807.63
914,92,27600,petrol,18.1,102.59,0.183,7.21,0.603,2.31,156435.58,36416.27,120019.31,3522.43,3045.63,476.8
915,49,14700,diesel,21.9,93.01,0.14,8.6,0.568,2.68,62431.37,17698.8,44732.57,1798.9,1168.94,629.96
916,102,30600,diesel,21.8,96.24,0.122,7.2,0.694,2.68,135089.17,26879.04,108210.13,3761.83,2590.84,1170.99
917,61,18300,petrol,16.6,103.07,0.127,8.16,0.74,2.31,113625.36,18964.66,94660.7,2546.57,1719.83,826.74
918,44,13200,petrol,15.5,106.54,0.122,6.36,0.666,2.31,90730.84,10242.14,80488.7,1967.23,1072.53,894.7
919,31,9300,petrol,13.7,101.75,0.128,6.51,0.759,2.31,69071.17,7749.5,61321.67,1568.1,903.51,664.59
920,28,8400,petrol,16.2,103.97,0.125,8.78,0.588,2.31,53910.37,9219.0,44691.37,1197.78,617.4,580.38
921,47,14100,petrol,19.1,104.11,0.142,8.0,0.599,2.31,76856.07,16017.6,60838.47,1705.29,1199.32,505.97
922,74,22200,petrol,20.3,99.14,0.155,8.09,0.716,2.31,108419.11,27837.69,80581.42,2526.21,2463.76,62.45
923,13,3900,petrol,15.6,99.87,0.155,7.53,0.739,2.31,24967.5,4551.89,20415.61,577.5,446.73,130.77
924,119,35700,petrol,20.3,105.91,0.115,7.74,0.695,2.31,186255.52,31776.57,154478.95,4062.41,2853.32,1209.09
925,99,29700,petrol,12.9,100.02,0.163,6.42,0.748,2.31,230278.6,31079.86,199198.74,5318.37,3621.14,1697.23
926,74,22200,diesel,21.0,96.47,0.164,8.74,0.576,2.68,101982.57,31820.59,70161.98,2833.14,2097.1,736.04
927,22,6600,diesel,21.9,89.74,0.118,6.29,0.579,2.68,27044.93,4898.65,22146.28,807.67,450.93,356.74
928,94,28200,diesel,22.2,95.8,0.174,8.68,0.579,2.68,121691.89,42591.02,79100.87,3404.32,2841.04,563.28
929,11,3300,petrol,14.8,99.66,0.128,7.32,0.622,2.31,22221.49,3091.97,19129.52,515.07,262.73,252.34
930,37,11100,petrol,19.6,99.65,0.169,8.05,0.687,2.31,56434.44,15101.0,41333.44,1308.21,1288.74,19.47
931,91,27300,diesel,15.2,91.62,0.112,8.11,0.769,2.68,164554.34,24797.14,139757.2,4813.42,2351.29,2462.13
932,76,22800,petrol,15.5,103.97,0.157,7.28,0.582,2.31,152936.52,26059.49,126877.03,3397.94,2083.33,1314.61
933,12,3600,diesel,16.6,91.9,0.14,6.91,0.739,2.68,19930.12,3482.64,16447.48,581.2,372.46,208.74
934,62,18600,petrol,19.2,99.31,0.173,6.79,0.774,2.31,96206.56,21848.86,74357.7,2237.81,2490.58,-252.77
935,116,34800,petrol,17.7,101.26,0.112,8.56,0.661,2.31,199087.46,33363.46,165724.0,4541.69,2576.31,1965.38
936,94,28200,petrol,14.6,100.4,0.128,8.63,0.578,2.31,193923.29,31150.85,162772.44,4461.78,2086.35,2375.43
937,90,27000,diesel,18.4,97.92,0.171,6.44,0.633,2.68,143686.96,29733.48,113953.48,3932.61,2922.56,1010.05
938,73,21900,petrol,15.5,106.05,0.138,6.79,0.73,2.31,149838.39,20520.74,129317.65,3263.81,2206.21,1057.6
939,49,14700,diesel,21.4,92.81,0.131,7.22,0.768,2.68,63752.66,13903.55,49849.11,1840.93,1478.94,361.99
940,28,8400,petrol,20.3,101.31,0.124,6.55,0.73,2.31,41921.38,6822.48,35098.9,955.86,760.37,195.49
941,13,3900,petrol,12.9,100.17,0.134,7.89,0.672,2.31,30283.95,4123.31,26160.64,698.37,351.19,347.18
942,44,13200,petrol,13.3,102.96,0.133,7.18,0.615,2.31,102185.86,12605.21,89580.65,2292.63,1079.69,1212.94
943,41,12300,petrol,17.9,99.92,0.188,6.06,0.693,2.31,68660.11,14013.14,54646.97,1587.32,1602.49,-15.17
944,91,27300,petrol,16.0,104.55,0.117,8.62,0.706,2.31,178388.44,27533.14,150855.3,3941.44,2255.03,1686.41
945,112,33600,petrol,12.4,101.81,0.152,8.98,0.581,2.31,275872.26,45862.66,230009.6,6259.35,2967.28,3292.07
946,20,6000,petrol,16.6,105.24,0.183,7.2,0.748,2.31,38038.55,7905.6,30132.95,834.94,821.3,13.64
947,101,30300,petrol,12.9,105.76,0.16,6.69,0.769,2.31,248413.02,32433.12,215979.9,5425.81,3728.11,1697.7
948,103,30900,petrol,14.9,99.97,0.138,8.37,0.747,2.31,207320.34,35691.35,171628.99,4790.54,3185.36,1605.18
949,114,34200,petrol,20.6,105.84,0.129,7.78,0.751,2.31,175714.95,34323.8,141391.15,3835.05,3313.26,521.79
950,34,10200,diesel,19.5,92.92,0.141,6.77,0.565,2.68,48604.31,9736.61,38867.7,1401.85,812.58,589.27
951,116,34800,diesel,18.3,91.14,0.174,7.1,0.761,2.68,173315.41,42991.92,130323.49,5096.39,4608.01,488.38
952,115,34500,diesel,19.3,95.43,0.185,8.9,0.677,2.68,170587.31,56804.25,113783.06,4790.67,4320.95,469.72
953,108,32400,petrol,12.4,105.62,0.172,8.05,0.727,2.31,275974.84,44861.04,231113.8,6035.81,4051.43,1984.38
954,38,11400,petrol,18.6,101.83,0.149,8.92,0.578,2.31,62411.94,15151.51,47260.43,1415.81,981.79,434.02
955,12,3600,petrol,16.3,102.91,0.124,7.23,0.619,2.31,22728.59,3227.47,19501.12,510.18,276.32,233.86
956,95,28500,petrol,13.6,105.77,0.153,8.92,0.679,2.31,221650.37,38895.66,182754.71,4840.81,2960.78,1880.03
957,89,26700,diesel,16.1,97.77,0.151,6.08,0.682,2.68,162140.31,24512.74,137627.57,4444.47,2749.62,1694.85
958,43,12900,petrol,17.7,101.98,0.131,7.05,0.575,2.31,74324.41,11913.8,62410.61,1683.56,971.69,711.87
959,56,16800,petrol,14.3,103.75,0.147,7.24,0.762,2.31,121888.11,17879.9,104008.21,2713.85,1881.84,832.01
960,42,12600,petrol,20.2,106.15,0.124,6.16,0.672,2.31,66212.38,9624.38,56588.0,1440.89,1049.93,390.96
961,27,8100,petrol,13.1,101.46,0.122,6.1,0.674,2.31,62734.81,6028.02,56706.79,1428.32,666.05,762.27
962,34,10200,petrol,20.8,103.66,0.189,7.11,0.592,2.31,50833.27,13706.66,37126.61,1132.79,1141.26,-8.47
963,49,14700,petrol,18.3,102.27,0.19,8.87,0.564,2.31,82151.31,24773.91,57377.4,1855.57,1575.25,280.32
964,94,28200,petrol,18.7,99.82,0.177,7.74,0.608,2.31,150530.7,38633.44,111897.26,3483.53,3034.77,448.76
965,10,3000,diesel,16.3,89.57,0.131,8.64,0.754,2.68,16485.28,3395.52,13089.76,493.25,296.32,196.93
966,67,20100,petrol,12.2,101.28,0.183,6.36,0.672,2.31,166862.95,23393.99,143468.96,3805.82,2471.82,1334.0
967,101,30300,diesel,22.8,95.22,0.133,8.01,0.669,2.68,126542.37,32279.5,94262.87,3561.58,2696.0,865.58
968,104,31200,petrol,13.7,101.31,0.112,8.14,0.776,2.31,230720.58,28444.42,202276.16,5260.73,2711.65,2549.08
969,16,4800,diesel,19.6,95.19,0.179,6.74,0.617,2.68,23311.84,5791.01,17520.83,656.33,530.13,126.2
970,49,14700,petrol,16.9,102.64,0.152,6.51,0.61,2.31,89278.58,14545.94,74732.64,2009.29,1362.98,646.31
971,107,32100,petrol,14.1,106.38,0.18,7.14,0.623,2.31,242184.26,41254.92,200929.34,5258.94,3599.69,1659.25
972,55,16500,diesel,17.3,95.92,0.185,7.36,0.595,2.68,91484.39,22466.4,69017.99,2556.07,1816.24,739.83
973,95,28500,diesel,18.0,90.01,0.122,7.7,0.626,2.68,142515.83,26772.9,115742.93,4243.33,2176.6,2066.73
974,50,15000,petrol,13.3,104.04,0.169,6.99,0.638,2.31,117338.35,17719.65,99618.7,2605.26,1617.33,987.93
975,29,8700,petrol,16.8,103.37,0.167,8.94,0.703,2.31,53530.89,12988.93,40541.96,1196.25,1021.39,174.86
976,114,34200,petrol,17.3,100.36,0.141,8.79,0.569,2.31,198399.54,42387.14,156012.4,4566.59,2743.83,1822.76
977,92,27600,petrol,12.2,100.77,0.139,6.04,0.759,2.31,227971.48,23171.86,204799.62,5225.9,2911.83,2314.07
978,32,9600,petrol,16.9,99.81,0.185,6.24,0.754,2.31,56696.8,11082.24,45614.56,1312.19,1339.1,-26.91
979,42,12600,diesel,16.7,92.21,0.142,8.8,0.633,2.68,69571.62,15744.96,53826.66,2022.04,1132.56,889.48
980,37,11100,petrol,17.1,105.04,0.14,6.22,0.605,2.31,68183.86,9665.88,58517.98,1499.47,940.17,559.3
981,12,3600,petrol,16.4,106.77,0.184,8.16,0.707,2.31,23437.32,5405.18,18032.14,507.07,468.32,38.75
982,80,24000,petrol,14.4,105.2,0.115,6.15,0.609,2.31,175333.33,16974.0,158359.33,3850.0,1680.84,2169.16
983,109,32700,petrol,13.8,100.71,0.153,7.54,0.557,2.31,238638.91,37723.37,200915.54,5473.7,2786.73,2686.97
984,106,31800,petrol,12.5,103.48,0.149,8.69,0.694,2.31,263253.12,41174.96,222078.16,5876.64,3288.31,2588.33
985,92,27600,petrol,18.0,105.18,0.185,6.71,0.698,2.31,161276.0,34261.26,127014.74,3542.0,3563.99,-21.99
986,28,8400,diesel,21.0,92.98,0.175,6.28,0.613,2.68,37192.0,9231.6,27960.4,1072.0,901.11,170.89
987,91,27300,petrol,18.2,103.66,0.188,7.79,0.715,2.31,155490.0,39981.4,115508.6,3465.0,3669.67,-204.67
988,102,30600,petrol,12.6,104.63,0.154,7.38,0.674,2.31,254101.43,34777.51,219323.92,5610.0,3176.16,2433.84
989,95,28500,petrol,13.3,101.45,0.162,7.82,0.767,2.31,217392.86,36104.94,181287.92,4950.0,3541.24,1408.76
990,46,13800,petrol,12.9,101.02,0.11,6.73,0.756,2.31,108067.91,10216.14,97851.77,2471.16,1147.61,1323.55
991,46,13800,petrol,16.3,105.97,0.124,7.05,0.562,2.31,89716.93,12063.96,77652.97,1955.71,961.69,994.02
992,59,17700,petrol,14.4,106.53,0.115,6.14,0.58,2.31,130943.13,12497.97,118445.16,2839.38,1180.59,1658.79
993,32,9600,diesel,20.7,97.93,0.141,6.09,0.595,2.68,45416.81,8243.42,37173.39,1242.9,805.39,437.51
994,59,17700,petrol,19.2,102.94,0.142,8.41,0.646,2.31,94897.81,21137.69,73760.12,2129.53,1623.66,505.87
995,100,30000,petrol,19.9,106.19,0.169,6.72,0.714,2.31,160085.43,34070.4,126015.03,3482.41,3619.98,-137.57
996,26,7800,petrol,18.1,101.03,0.143,7.96,0.581,2.31,43537.79,8878.58,34659.21,995.47,648.05,347.42
997,111,33300,diesel,21.3,92.09,0.173,7.3,0.564,2.68,143971.69,42054.57,101917.12,4189.86,3249.15,940.71
998,41,12300,petrol,13.6,100.12,0.166,7.84,0.661,2.31,90549.71,16007.71,74542.0,2089.19,1349.63,739.56
999,86,25800,petrol,19.7,101.19,0.179,7.73,0.602,2.31,132522.94,35698.69,96824.25,3025.28,2780.16,245.12
1000,85,25500,diesel,18.0,89.74,0.149,8.2,0.707,2.68,127131.67,31155.9,95975.77,3796.67,2686.25,1110.42
