id,distance_km_per_day,annual_distance_km,fuel_type,fuel_vehicle_mileage_kmpl,fuel_price_per_liter,ev_efficiency_kwh_per_km,electricity_price_per_kwh,grid_emission_factor,fuel_emission_factor,fuel_cost_rs_per_year,ev_cost_rs_per_year,cost_savings_rs_per_year,fuel_emissions_kg_per_year,ev_emissions_kg_per_year,carbon_reduction_kg_per_year,vehicle_type,vehicle_age_years,trip_days_per_year,city_traffic_level,ac_usage_level,highway_ratio,urban_ratio,battery_capacity_kwh,battery_health_percent,home_charging_ratio,public_charging_ratio,fast_charging_ratio,charging_type,renewable_energy_usage_ratio,annual_maintenance_cost_fuel_rs,annual_maintenance_cost_ev_rs,subsidy_amount_rs,road_tax_savings_rs,vehicle_purchase_cost_fuel_rs,vehicle_purchase_cost_ev_rs,total_savings_including_maintenance_rs_per_year,payback_period_years,trees_saved_equivalent,environmental_benefit_score,cost_savings_5yr_rs,carbon_reduction_5yr_kg,ev_energy_used_kwh_per_year,fuel_used_liters_per_year,fuel_efficiency_cost_per_km,ev_cost_per_km,cost_difference_per_km,fuel_consumption_per_day,energy_consumption_per_day,total_ownership_cost_fuel_5yr,total_ownership_cost_ev_5yr,net_savings_5yr,roi_percentage,monthly_savings_rs,carbon_reduction_per_km,carbon_reduction_per_day,lifetime_carbon_savings,eco_score,effective_electricity_price,charging_efficiency,charging_loss_kwh,battery_degradation_rate,range_efficiency_score,vehicle_efficiency_score,maintenance_savings_rs_per_year,total_annual_savings_rs,public_charging_cost_penalty,renewable_adjusted_emission
1,99,29700,petrol,18.9,107.63,0.14,8.1,0.572,2.31,169132.86,33679.8,135453.06,3630.0,2378.38,1251.62,4-wheeler,6,300,high,5,0.49,0.51,54.97,80.9,0.65,0.35,0.08,mixed,0.1,17540.46,10106.76,108175.03,14583.47,878596.2,1328395.55,145803.45,2.34,59.6,54.0,837192.28,6258.1,4158.0,1571.4285714285716,5.6947090909090905,1.1340000000000001,4.56070909090909,5.238095238095238,13.86,1811962.7999999998,1424569.85,387392.9499999997,29.16246971769814,11287.755,0.042142087542087536,4.172066666666666,12516.199999999999,34.82729931353808,8.799999999999999,0.9,415.7999999999999,3.1833333333333322,5.7785714285714285,82.53275109170306,7433.699999999999,142886.76,2910.6,2140.5420000000004
2,87,26100,petrol,12.2,102.89,0.14,8.56,0.676,2.31,220117.13,31278.24,188838.89,4941.89,2470.1,2471.79,fleet/commercial,7,300,high,4,0.63,0.37,61.61,82.9,0.26,0.74,0.28,mixed,0.04,27314.2,17868.77,177938.08,26977.95,1860756.43,2916152.68,203679.91,4.31,117.7,68.2,1196337.63,12358.95,3654.0000000000005,2139.344262295082,8.433606513409963,1.1984000000000001,7.235206513409962,7.131147540983607,12.180000000000001,3097913.08,2956971.6999999997,140941.38000000035,4.8331275987922675,15736.574166666667,0.09470459770114942,8.2393,24717.9,68.77947793276735,10.04,0.9,365.4,2.442857142857142,5.921428571428572,53.275109170305676,9445.43,198284.32,5407.920000000001,2371.296
3,65,19500,diesel,17.5,89.52,0.119,6.37,0.585,2.68,99750.86,14781.59,84969.27,2986.29,1357.49,1628.8,4-wheeler,7,300,high,4,0.67,0.33,58.73,84.0,0.85,0.15,0.08,home/slow-dominant,0.36,17340.81,9997.35,97504.61,11422.57,837079.4,1282199.27,94597.24,3.67,77.56,68.5,570490.81,8144.0,2320.5,1114.2857142857142,5.115428717948718,0.7580302564102565,4.3573984615384616,3.714285714285714,7.735,1422537.75,1297166.7899999998,125370.9600000002,9.77780622196113,7080.7725,0.08352820512820512,5.429333333333333,16288.0,45.32262597425002,6.67,0.9,232.04999999999995,2.2857142857142856,7.0588235294117645,76.41921397379913,7343.460000000001,92312.73000000001,696.15,868.7936
4,116,34800,petrol,16.5,105.95,0.158,7.52,0.682,2.31,223458.18,41347.97,182110.21,4872.0,3749.91,1122.09,4-wheeler,9,300,high,3,0.42,0.58,39.18,76.0,0.57,0.43,0.22,mixed,0.17,19423.72,11086.46,103633.66,14927.07,840036.83,1345830.05,193432.88,2.08,53.43,52.6,1070798.06,5610.45,5498.4,2109.090909090909,6.421212068965517,1.1881600574712643,5.233052011494253,7.03030303030303,18.328,2054446.33,1489441.4700000002,565004.8599999999,41.98188768336685,15175.850833333332,0.032243965517241374,3.7402999999999995,11220.9,31.22302638718456,8.379999999999999,0.9,549.8399999999998,2.6666666666666665,4.810126582278481,72.0524017467249,8337.260000000002,190447.47,4728.624,3112.4253
5,16,4800,petrol,17.2,100.68,0.115,6.5,0.613,2.31,28096.74,3588.0,24508.74,644.65,338.38,306.27,2-wheeler,8,300,low,2,0.12,0.88,2.5,83.0,0.91,0.09,0.01,home/slow-dominant,0.11,10055.25,6426.86,16949.93,4423.85,117587.5,175788.31,29021.9,1.42,14.58,20.9,162059.43,1531.35,552.0,279.06976744186045,5.8534875,0.7475,5.1059874999999995,0.9302325581395349,1.84,308347.45,204488.83,103858.62000000002,59.08164200452239,2042.3950000000002,0.06380625,1.0209,3062.7,8.522200796373744,6.68,0.9,55.19999999999999,2.125,7.217391304347825,75.10917030567686,3628.3900000000003,28137.13,99.36,301.1582
6,89,26700,petrol,12.9,106.7,0.157,8.8,0.706,2.31,220844.19,36888.72,183955.47,4781.16,2959.48,1821.68,4-wheeler,11,300,high,4,0.66,0.34,36.8,70.0,0.61,0.39,0.2,mixed,0.24,20206.58,12384.93,104902.59,14402.09,842921.28,1348822.9,194657.54,2.06,86.75,68.7,1078190.29,9108.4,4191.9,2069.767441860465,8.27131797752809,1.3816,6.889717977528091,6.89922480620155,13.972999999999999,2048175.1300000001,1475886.4699999997,572288.6600000004,42.428747317383205,15329.6225,0.06822771535580524,6.072266666666667,18216.8,50.68966188898072,9.580000000000002,0.9,419.1899999999999,2.727272727272727,4.45859872611465,56.33187772925765,7821.6500000000015,191777.12,3269.682,2249.2048
7,89,26700,petrol,16.1,104.82,0.168,6.99,0.703,2.31,173831.93,31354.34,142477.59,3830.87,3153.38,677.49,2-wheeler,9,300,high,4,0.49,0.51,5.33,74.3,0.83,0.17,0.02,home/slow-dominant,0.26,12374.79,5860.11,21919.4,1692.6,104076.49,152955.65,149330.79,0.18,32.26,40.8,768573.35,3387.45,4485.6,1658.3850931677018,6.510559176029962,1.1743198501872658,5.336239325842696,5.527950310559006,14.952000000000002,1035110.09,315415.9,719694.19,470.52475014816383,11873.1325,0.025374157303370788,2.2583,6774.9,18.8516858247143,7.33,0.9,448.55999999999995,2.855555555555556,4.4226190476190474,70.3056768558952,6514.680000000001,148992.27,1525.1040000000003,2333.5012
8,26,7800,petrol,19.6,106.03,0.114,7.77,0.635,2.31,42195.61,6909.08,35286.53,919.29,564.64,354.65,4-wheeler,6,300,medium,3,0.06,0.94,34.15,85.1,0.57,0.43,0.2,mixed,0.09,16913.16,9396.48,106269.61,13019.84,883923.94,1374234.92,45407.18,8.46,16.89,23.5,333305.51,1773.25,889.2,397.95918367346934,5.40969358974359,0.8857794871794872,4.5239141025641025,1.3265306122448979,2.964,1179467.79,1336473.2699999998,-157005.47999999975,-11.424937448103833,2940.5441666666666,0.045467948717948715,1.1821666666666666,3546.5,9.86841189941538,8.629999999999999,0.9,88.91999999999999,2.4833333333333343,7.464912280701754,85.58951965065503,7516.68,42803.21,764.712,513.8224
9,87,26100,petrol,12.6,107.94,0.163,6.89,0.757,2.31,223590.0,29312.13,194277.87,4785.0,3220.51,1564.49,4-wheeler,10,300,high,3,0.69,0.31,54.99,75.6,0.64,0.36,0.1,mixed,0.35,18668.99,11691.11,109133.92,13794.39,862180.8,1359914.67,204014.63,1.9,74.5,66.9,1129207.07,7822.45,4254.3,2071.4285714285716,8.566666666666666,1.1230701149425288,7.443596551724138,6.904761904761905,14.181000000000001,2073475.75,1442002.56,631473.19,46.43476564599454,16189.8225,0.05994214559386973,5.214966666666666,15644.9,43.53315023971907,7.61,0.9,425.42999999999995,2.4400000000000004,4.63803680981595,55.02183406113538,6977.880000000001,201255.75,3063.096,2093.3315000000002
10,56,16800,diesel,20.4,89.37,0.187,7.81,0.569,2.68,73598.82,24535.9,49062.92,2207.06,1787.57,419.49,4-wheeler,2,300,high,3,0.3,0.7,55.49,84.8,0.82,0.18,0.1,home/slow-dominant,0.49,12619.74,7727.95,100973.85,13171.79,855341.61,1366876.34,56589.07,7.26,19.98,37.7,383919.2,2097.45,3141.6,823.529411764706,4.380882142857144,1.4604702380952381,2.9204119047619055,2.7450980392156867,10.472,1286434.4100000001,1414049.95,-127615.5399999998,-9.336290069956132,4088.5766666666664,0.024969642857142857,1.3983,4194.9,11.672635295885403,8.17,0.9,314.1599999999999,7.600000000000001,4.5347593582887695,89.08296943231441,4891.79,53954.71,1130.9759999999999,911.6607
11,21,6300,petrol,19.9,105.58,0.156,6.92,0.709,2.31,33424.82,6800.98,26623.84,731.31,696.81,34.5,2-wheeler,6,300,low,2,0.17,0.83,3.23,82.1,0.95,0.05,0.01,home/slow-dominant,0.49,8290.24,4935.05,13095.8,4166.59,97198.92,136494.31,30812.35,0.85,1.64,19.4,167157.55,172.5,982.8,316.58291457286435,5.305526984126984,1.0795206349206348,4.226006349206349,1.0552763819095479,3.276,305774.22,177912.07,127862.14999999997,93.67580963631376,2218.653333333333,0.0054761904761904765,0.115,345.0,0.9599893149015385,7.02,0.9,98.27999999999997,2.9833333333333343,5.262820512820513,86.8995633187773,3355.1899999999996,29979.03,98.28,355.37309999999997
12,85,25500,petrol,12.3,99.02,0.182,8.93,0.579,2.31,205285.37,41444.13,163841.24,4789.02,2687.14,2101.88,fleet/commercial,10,300,high,3,0.38,0.62,44.16,70.0,0.24,0.76,0.31,mixed,0.13,30140.11,18870.31,183263.69,27271.5,1914102.5,2952759.83,180565.34,4.74,100.09,68.2,1086090.39,10509.4,4641.0,2073.170731707317,8.050406666666666,1.62526,6.425146666666666,6.9105691056910565,15.47,3091229.9,3043796.8400000003,47433.05999999959,1.6063974969477823,13653.436666666666,0.08242666666666668,7.006266666666667,21018.800000000003,58.486444672615825,10.45,0.9,464.0999999999999,3.0,3.846153846153846,53.7117903930131,11269.8,175111.03999999998,7054.32,2337.8118
13,108,32400,diesel,22.1,96.97,0.137,8.15,0.665,2.68,142164.16,36176.22,105987.94,3929.05,2951.8,977.25,fleet/commercial,5,300,high,3,0.48,0.52,76.23,88.1,0.34,0.66,0.51,fast-dominant,0.07,25258.9,16791.94,176661.15,25497.35,1815135.43,2729547.04,119554.37,6.17,46.54,45.3,774433.0,4886.25,4438.8,1466.0633484162895,4.387782716049383,1.11655,3.271232716049383,4.886877828054298,14.796000000000001,2652250.73,2792229.34,-139978.60999999987,-5.128272491687847,8832.328333333333,0.030162037037037036,3.2575,9772.5,27.192740811232706,9.47,0.9,443.87999999999994,2.3800000000000012,6.430656934306568,96.50655021834062,8466.960000000003,114454.90000000001,5859.216,2745.174
14,99,29700,diesel,18.1,92.06,0.186,6.26,0.558,2.68,151059.78,34581.49,116478.29,4397.57,3082.5,1315.07,4-wheeler,4,300,high,4,0.63,0.37,33.84,82.6,0.71,0.29,0.07,home/slow-dominant,0.17,13851.33,9037.91,99332.77,14394.67,897879.93,1407773.8,124170.64,3.31,62.62,57.4,720185.97,6575.35,5524.2,1640.8839779005523,5.086187878787879,1.1643599326599325,3.921827946127946,5.469613259668508,18.413999999999998,1722435.48,1512143.36,210292.11999999988,14.937919714090423,9706.524166666666,0.044278451178451174,4.383566666666667,13150.699999999999,36.5928448796396,6.84,0.9,552.4199999999998,4.350000000000001,4.440860215053763,79.03930131004367,4813.42,121291.70999999999,3204.0359999999996,2558.475
15,118,35400,petrol,20.4,102.64,0.165,7.73,0.61,2.31,178110.59,45150.93,132959.66,4008.53,3563.01,445.52,4-wheeler,3,300,high,5,0.5,0.5,51.75,87.0,0.86,0.14,0.02,home/slow-dominant,0.18,15316.02,9472.08,98118.32,11651.66,859544.3,1358782.07,141133.93,2.84,21.22,29.5,803787.97,2227.6,5841.0,1735.294117647059,5.031372598870057,1.27545,3.7559225988700566,5.784313725490197,19.47,1826677.35,1522127.1400000001,304550.20999999996,22.413469880420188,11079.971666666666,0.012585310734463276,1.4850666666666665,4455.2,12.396940277534302,8.01,0.9,584.0999999999999,4.333333333333333,5.2727272727272725,89.08296943231441,5843.9400000000005,138803.6,1635.4800000000002,2921.6682000000005
16,112,33600,petrol,14.9,102.12,0.125,6.53,0.74,2.31,230284.03,27426.0,202858.03,5209.13,3108.0,2101.13,4-wheeler,10,300,high,4,0.7,0.3,38.82,79.1,0.82,0.18,0.09,home/slow-dominant,0.43,18707.31,11034.23,100948.46,12083.54,844312.01,1329946.3,212947.82,1.81,100.05,77.1,1165687.56,10505.65,4200.0,2255.0335570469797,6.853691369047619,0.81625,6.0374413690476185,7.516778523489933,14.0,2089268.71,1409215.45,680053.26,51.13388863896235,16904.835833333334,0.06253363095238096,7.003766666666667,21011.300000000003,58.465575339683184,6.89,0.9,419.9999999999999,2.0900000000000007,6.327999999999999,65.06550218340612,7673.080000000002,210531.11,1512.0,1771.5600000000002
17,16,4800,petrol,18.0,107.63,0.128,6.56,0.6,2.31,28701.33,4030.46,24670.87,616.0,368.64,247.36,2-wheeler,6,300,low,2,0.24,0.76,3.7,85.9,0.87,0.13,0.02,home/slow-dominant,0.54,7822.94,4950.58,11668.25,1673.38,81404.77,141648.94,27877.91,1.74,11.78,30.8,151057.8,1236.8,614.4,266.6666666666667,5.979443750000001,0.8396791666666666,5.139764583333334,0.888888888888889,2.048,264026.12000000005,173212.51,90813.61000000004,64.11174697106809,2055.9058333333332,0.051533333333333334,0.8245333333333333,2473.6000000000004,6.882984258957814,6.819999999999999,0.9,61.43999999999998,2.349999999999999,6.710937500000001,78.60262008733625,2872.3599999999997,27543.23,159.744,169.57439999999997
18,59,17700,petrol,14.0,103.12,0.115,6.08,0.676,2.31,130373.14,12375.84,117997.3,2920.5,1376.0,1544.5,4-wheeler,10,300,high,4,0.41,0.59,51.56,79.6,0.78,0.22,0.04,home/slow-dominant,0.39,18869.12,10863.52,95477.63,12457.71,840613.21,1323376.46,128494.44,3.01,73.55,68.0,737949.83,7722.5,2035.5,1264.2857142857142,7.365714124293786,0.6992,6.666514124293785,4.214285714285714,6.785,1586824.51,1331637.92,255186.59000000008,19.282992989009347,9833.108333333334,0.08725988700564971,5.148333333333333,15445.0,42.97691295262105,6.52,0.9,203.54999999999995,2.0400000000000005,6.921739130434782,61.13537117903931,8005.5999999999985,126002.9,895.62,839.36
19,75,22500,petrol,20.0,103.53,0.15,6.33,0.629,2.31,116471.25,21363.75,95107.5,2598.75,2122.88,475.87,4-wheeler,5,300,high,5,0.43,0.57,36.53,83.4,0.85,0.15,0.07,home/slow-dominant,0.5,15114.07,9954.18,104851.91,12519.64,866626.12,1346620.78,102771.32,3.65,22.66,40.7,618708.51,2379.35,3375.0,1125.0,5.1765,0.9495,4.227,3.75,11.25,1524552.7200000002,1385838.8800000001,138713.84000000008,10.300883668229156,7925.625,0.021149777777777778,1.5862333333333334,4758.7,13.241452616875222,6.63,0.9,337.49999999999994,3.319999999999999,5.5600000000000005,87.33624454148472,5159.889999999999,100267.39,1012.5,1061.44
20,67,20100,petrol,18.9,100.39,0.11,8.1,0.579,2.31,106763.97,17909.1,88854.87,2456.67,1280.17,1176.5,4-wheeler,6,300,high,4,0.47,0.53,38.84,85.2,0.55,0.45,0.17,mixed,0.25,16312.81,10631.61,104153.73,14221.08,838399.85,1310945.32,97380.29,3.78,56.02,56.2,591055.18,5882.5,2211.0,1063.4920634920636,5.311640298507463,0.8909999999999999,4.420640298507463,3.5449735449735456,7.37,1453783.75,1335274.06,118509.68999999994,9.04001777892612,7404.572499999999,0.058532338308457714,3.921666666666667,11765.0,32.737026927004635,9.0,0.9,221.09999999999994,2.4666666666666663,7.745454545454545,82.53275109170306,5681.199999999999,94536.06999999999,1989.9,960.1275
21,35,10500,petrol,15.4,99.95,0.125,6.35,0.622,2.31,68147.73,8334.38,59813.35,1575.0,816.38,758.62,4-wheeler,10,300,medium,2,0.37,0.63,36.3,77.6,0.69,0.31,0.09,mixed,0.22,20508.94,12130.62,105625.38,13612.52,891736.29,1364938.58,70914.17,5.18,36.12,42.6,460196.23,3793.1,1312.5,681.8181818181818,6.490259999999999,0.7937504761904761,5.696509523809523,2.2727272727272725,4.375,1335019.6400000001,1348025.6800000002,-13006.040000000037,-0.9528663187174354,4984.445833333333,0.0722495238095238,2.5287333333333333,7586.2,21.109191132481307,6.969999999999999,0.9,131.24999999999997,2.2400000000000007,6.207999999999999,67.24890829694323,8378.319999999998,68191.67,813.75,636.7764
22,79,23700,petrol,17.2,105.23,0.126,6.13,0.612,2.31,144997.15,18305.41,126691.74,3182.97,1827.55,1355.42,4-wheeler,6,300,high,4,0.37,0.63,35.96,85.4,0.87,0.13,0.03,home/slow-dominant,0.29,17410.04,9919.13,104905.8,12746.89,888637.9,1361890.98,136732.03,2.69,64.54,61.9,788565.95,6777.1,2986.2,1377.906976744186,6.1180232067510545,0.7723801687763713,5.345643037974683,4.593023255813954,9.953999999999999,1700673.85,1385360.99,315312.8600000001,23.152577161499384,10557.645,0.05719071729957806,4.518066666666667,13554.2,37.715614991415755,6.39,0.9,298.6199999999999,2.4333333333333322,6.777777777777779,75.10917030567686,7490.910000000002,134182.65,776.412,1297.5604999999998
23,44,13200,petrol,19.5,106.15,0.149,7.02,0.624,2.31,71855.38,13806.94,58048.44,1563.69,1227.28,336.41,4-wheeler,6,300,medium,2,0.49,0.51,41.99,84.6,0.81,0.19,0.09,home/slow-dominant,0.11,16396.55,9845.59,96714.42,13608.46,866742.96,1357493.25,67321.09,5.85,16.02,22.8,433319.87,1682.05,1966.8,676.9230769230769,5.443589393939394,1.045980303030303,4.397609090909091,2.2564102564102564,6.556,1308002.6099999999,1365433.02,-57430.41000000015,-4.230622141215077,4837.37,0.025485606060606063,1.1213666666666668,3364.1000000000004,9.360869722493524,7.4,0.9,196.67999999999995,2.5666666666666678,5.677852348993289,85.15283842794761,6550.959999999999,64599.4,747.384,1092.2792
24,36,10800,petrol,16.3,104.76,0.133,8.01,0.619,2.31,69411.53,11505.56,57905.97,1530.55,889.13,641.42,4-wheeler,7,300,medium,3,0.47,0.53,52.73,82.9,0.74,0.26,0.11,home/slow-dominant,0.09,17036.16,10841.05,99366.18,11211.13,906301.15,1356098.59,66343.31,5.28,30.54,34.7,431082.73,3207.1,1436.4,662.5766871165644,6.426993518518518,1.0653296296296295,5.361663888888889,2.2085889570552144,4.788,1338539.6,1357254.3300000003,-18714.730000000214,-1.380041992374626,4825.4975,0.05939074074074074,2.1380666666666666,6414.2,17.84801003954043,8.53,0.9,143.64,2.442857142857142,6.2330827067669174,71.17903930131006,6195.110000000001,64101.08,746.9280000000001,809.1083
25,66,19800,petrol,14.8,107.67,0.17,7.46,0.676,2.31,144045.0,25110.36,118934.64,3090.41,2275.42,814.99,4-wheeler,8,300,high,4,0.6,0.4,35.75,76.8,0.74,0.26,0.09,home/slow-dominant,0.36,18132.02,11657.56,96942.9,11721.09,837468.53,1332184.68,127753.32,3.11,38.81,48.9,735709.5,4074.95,3366.0000000000005,1337.8378378378377,7.275,1.2682,6.0068,4.459459459459459,11.22,1648353.63,1407360.2899999998,240993.34000000008,18.090084927263998,9911.22,0.041161111111111114,2.7166333333333332,8149.9,22.677730195698693,7.98,0.9,336.59999999999997,2.9000000000000004,4.517647058823529,64.62882096069869,6474.460000000001,125409.1,1750.3200000000004,1456.2688
26,65,19500,petrol,16.7,104.18,0.127,8.79,0.697,2.31,121647.31,21768.43,99878.88,2697.31,1726.12,971.19,fleet/commercial,7,300,high,5,0.58,0.42,66.21,80.5,0.29,0.71,0.36,fast-dominant,0.1,26634.29,18207.73,187644.59,26507.79,1941601.02,3039442.88,113607.0,8.01,46.25,46.0,755679.59,4855.95,2476.5,1167.6646706586828,6.238323589743589,1.1163297435897437,5.1219938461538455,3.892215568862276,8.255,2683009.02,3025171.3,-342162.2799999998,-11.257401224792876,8323.24,0.049804615384615385,3.2373000000000003,9711.900000000001,27.02411660113696,10.209999999999999,0.9,247.64999999999995,2.7857142857142856,6.338582677165355,72.92576419213974,8426.560000000001,108305.44,3516.6299999999997,1553.508
27,87,26100,diesel,20.7,94.82,0.174,7.91,0.57,2.68,119555.65,35922.47,83633.18,3379.13,2588.6,790.53,4-wheeler,5,300,high,4,0.6,0.4,47.49,86.3,0.73,0.27,0.04,home/slow-dominant,0.29,14675.24,9269.46,106203.55,13565.47,871312.32,1353439.66,91752.05,4.1,37.64,45.9,564963.8,3952.65,4541.4,1260.8695652173913,4.580676245210728,1.376339846743295,3.204336398467433,4.202898550724638,15.137999999999998,1542466.77,1459630.2899999998,82836.48000000021,6.120441305820772,6969.431666666666,0.030288505747126437,2.6351,7905.299999999999,21.99711168432212,8.450000000000001,0.9,454.1399999999999,2.7400000000000007,4.959770114942529,90.39301310043668,5405.780000000001,89038.95999999999,2452.3559999999998,1837.906
28,93,27900,diesel,16.1,97.87,0.159,8.19,0.669,2.68,169600.81,36331.66,133269.15,4644.22,2967.75,1676.47,4-wheeler,7,300,high,4,0.35,0.65,32.24,79.6,0.78,0.22,0.07,home/slow-dominant,0.32,18304.14,11255.47,98022.91,14096.54,883372.28,1373379.41,143137.13,2.74,79.83,68.3,813708.56,8382.35,4436.1,1732.919254658385,6.078882078853047,1.3022100358422941,4.776672043010753,5.7763975155279494,14.787,1822897.03,1499195.61,323701.4199999999,23.56970096122236,11105.762499999999,0.06008853046594982,5.588233333333333,16764.7,46.64908077544876,8.629999999999999,0.9,443.60999999999996,2.914285714285715,5.0062893081761,70.3056768558952,7048.67,140317.82,1951.8840000000002,2018.0699999999997
29,72,21600,petrol,21.0,102.77,0.115,7.38,0.71,2.31,105706.29,18331.92,87374.37,2376.0,1763.64,612.36,4-wheeler,7,300,high,5,0.43,0.57,32.55,86.6,0.7,0.3,0.06,home/slow-dominant,0.18,16498.08,9569.48,100119.64,12612.0,882556.6,1401216.55,96825.37,4.32,29.16,36.1,584246.49,3061.8,2484.0,1028.5714285714287,4.893809722222222,0.8486999999999999,4.045109722222222,3.428571428571429,8.28,1493578.45,1427991.9100000001,65586.5399999998,4.680685508603206,7281.197499999999,0.02835,2.0412,6123.6,17.039392952843656,7.979999999999999,0.9,248.39999999999995,1.914285714285715,7.530434782608696,91.70305676855895,6928.600000000002,94302.97,1490.3999999999999,1446.1848000000002
30,24,7200,petrol,19.2,102.22,0.139,8.35,0.711,2.31,38332.5,8356.68,29975.82,866.25,711.57,154.68,2-wheeler,4,300,low,1,0.16,0.84,5.27,87.2,0.91,0.09,0.02,home/slow-dominant,0.33,6776.16,3645.68,24499.22,4390.22,135972.96,205691.93,33984.34,1.33,7.37,19.7,194420.92,773.4,1000.8000000000001,375.0,5.323958333333334,1.16065,4.163308333333333,1.25,3.3360000000000003,361516.26,236814.28999999998,124701.97000000003,60.62560159749585,2497.985,0.021483333333333333,0.5156000000000001,1546.8000000000002,4.304091224028116,8.53,0.9,100.07999999999998,3.1999999999999993,6.273381294964028,83.84279475982534,3130.48,33106.3,180.144,476.7519
31,49,14700,petrol,19.5,100.9,0.173,6.55,0.619,2.31,76063.08,16657.31,59405.77,1741.38,1574.18,167.2,4-wheeler,5,300,medium,3,0.45,0.55,49.49,83.3,0.85,0.15,0.06,home/slow-dominant,0.31,15683.9,8927.43,103912.39,13735.92,869639.83,1367203.99,68909.42,5.71,7.96,19.9,448459.49,836.0,2543.1,753.8461538461538,5.174359183673469,1.1331503401360545,4.041208843537415,2.5128205128205128,8.477,1328374.73,1377479.3800000001,-49104.65000000014,-3.591611080655209,4950.480833333333,0.011374149659863945,0.5573333333333333,1672.0,4.652469955117021,6.85,0.9,254.30999999999995,3.3400000000000007,4.815028901734104,85.15283842794761,6756.469999999999,66162.23999999999,762.93,1086.1842
32,116,34800,petrol,17.3,103.74,0.114,6.54,0.754,2.31,208679.31,25945.49,182733.82,4646.71,2991.27,1655.44,4-wheeler,6,300,high,4,0.35,0.65,43.93,84.9,0.6,0.4,0.2,mixed,0.19,16479.87,9489.78,107017.33,14853.57,869177.97,1350378.11,192694.62,1.94,78.83,63.9,1070490.43,8277.2,3967.2000000000003,2011.5606936416184,5.9965318965517245,0.7455600574712644,5.25097183908046,6.705202312138728,13.224,1994973.8699999999,1405683.56,589290.3099999998,43.63891162305643,15227.818333333335,0.04757011494252874,5.518133333333333,16554.4,46.06390468001747,7.34,0.9,396.7199999999999,2.5166666666666657,7.447368421052632,75.54585152838429,6990.089999999998,189723.91,3173.76,2422.9287
33,37,11100,diesel,15.3,95.19,0.161,7.52,0.714,2.68,69059.41,13438.99,55620.42,1944.31,1275.99,668.32,2-wheeler,11,300,medium,3,0.34,0.66,4.27,71.8,0.85,0.15,0.01,home/slow-dominant,0.47,11594.24,7688.7,13968.87,2360.52,81222.94,121888.72,59998.06,0.44,31.82,46.9,313959.17,3341.6,1787.1000000000001,725.4901960784314,6.221568468468469,1.21071981981982,5.010848648648649,2.418300653594771,5.957000000000001,484491.19000000006,211197.78,273293.41000000003,224.2155057498348,4635.035,0.06020900900900902,2.2277333333333336,6683.200000000001,18.596523447391196,7.819999999999999,0.9,178.70999999999998,2.563636363636364,4.459627329192546,66.81222707423582,3905.54,59525.96,536.13,676.2747
34,73,21900,petrol,15.5,103.78,0.189,8.5,0.574,2.31,146631.1,35182.35,111448.75,3263.81,2375.84,887.97,fleet/commercial,8,300,high,4,0.62,0.38,41.46,73.4,0.31,0.69,0.48,fast-dominant,0.11,27155.09,18694.68,178150.79,26206.72,1865604.75,2928361.98,125150.5,7.07,42.28,44.1,803903.29,4439.85,4139.1,1412.9032258064517,6.695484018264841,1.6065,5.08898401826484,4.709677419354839,13.797,2734535.7,2993389.6199999996,-258853.91999999946,-8.83954653720779,9287.395833333334,0.04054657534246575,2.9599,8879.7,24.708455418930992,9.879999999999999,0.9,413.90999999999997,3.3249999999999993,3.883597883597884,67.68558951965066,8460.41,119909.16,5711.958,2114.4976
35,56,16800,diesel,15.2,96.5,0.135,8.27,0.609,2.68,106657.89,18756.36,87901.53,2962.11,1381.21,1580.9,fleet/commercial,10,300,high,5,0.4,0.6,70.91,76.3,0.42,0.58,0.42,fast-dominant,0.18,29207.57,19131.23,186758.75,26407.06,1830989.96,2830745.08,103259.28,7.87,75.28,62.2,703055.15,7904.5,2268.0,1105.2631578947369,6.348683928571429,1.11645,5.2322339285714285,3.6842105263157894,7.56,2510317.26,2807017.22,-296699.9600000004,-10.481338008719614,7325.1275,0.09410119047619048,5.269666666666667,15809.0,43.989771244285286,9.43,0.9,226.79999999999995,2.37,5.651851851851852,66.37554585152839,10076.34,97977.87,2630.8799999999997,1132.5922
36,98,29400,petrol,16.7,99.46,0.156,7.89,0.679,2.31,175097.25,36186.7,138910.55,4066.71,3114.17,952.54,fleet/commercial,5,300,high,4,0.37,0.63,65.48,86.1,0.25,0.75,0.43,fast-dominant,0.15,26190.95,16654.71,185288.09,27994.59,1841918.74,2753927.58,154045.71,4.72,45.36,47.2,955516.64,4762.7,4586.4,1760.4790419161677,5.955688775510204,1.2308401360544217,4.724848639455782,5.868263473053893,15.287999999999998,2848359.74,2804851.95,43507.79000000004,1.5798451025353413,11575.879166666666,0.03239931972789115,3.175133333333333,9525.4,26.50516585554526,9.39,0.9,458.6399999999999,2.780000000000001,5.519230769230769,72.92576419213974,9536.240000000002,148446.78999999998,6879.599999999999,2647.0445
37,23,6900,petrol,12.1,105.46,0.149,6.23,0.575,2.31,60138.35,6405.06,53733.29,1317.27,591.16,726.11,2-wheeler,10,300,low,2,0.15,0.85,3.91,72.1,0.9,0.1,0.0,home/slow-dominant,0.52,11348.2,6917.35,20214.67,2304.74,151872.39,253793.03,58625.09,1.39,34.58,50.2,313340.12,3630.55,1028.1,570.2479338842975,8.715702898550724,0.9282695652173913,7.7874333333333325,1.9008264462809916,3.4269999999999996,509305.14,297885.67000000004,211419.46999999997,83.30389136376203,4477.774166666667,0.10523333333333333,2.4203666666666668,7261.1,20.204575114294382,6.430000000000001,0.9,102.80999999999997,2.7900000000000005,4.8389261744966445,52.838427947598255,4430.85,58164.14,205.62,283.7568
38,67,20100,diesel,20.3,95.13,0.154,7.44,0.769,2.68,94192.76,23029.78,71162.98,2653.6,2380.36,273.24,2-wheeler,6,300,high,4,0.55,0.45,3.26,81.4,0.95,0.05,0.0,home/slow-dominant,0.56,8815.23,5363.93,18289.52,3592.87,85886.93,175667.79,75332.85,0.95,13.01,32.6,394953.77,1366.2,3095.4,990.1477832512315,4.686206965174129,1.145760199004975,3.540446766169154,3.3004926108374386,10.318,600926.8799999999,295753.94999999995,305172.92999999993,173.7216196549179,5930.248333333333,0.013594029850746269,0.9108,2732.4,7.6031153740201844,7.54,0.9,309.53999999999996,3.099999999999999,5.2857142857142865,88.646288209607,3451.2999999999993,74614.28,309.54,1047.3583999999998
39,20,6000,petrol,14.4,107.3,0.117,7.67,0.624,2.31,44708.33,5384.34,39323.99,962.5,438.05,524.45,4-wheeler,9,300,low,3,0.06,0.94,25.1,81.5,0.7,0.3,0.1,home/slow-dominant,0.17,18887.63,10900.33,103453.68,12384.74,861068.49,1390604.98,49788.24,8.56,24.97,33.2,352394.88,2622.25,702.0,416.66666666666663,7.451388333333334,0.89739,6.553998333333334,1.3888888888888888,2.34,1179048.29,1356189.9100000001,-177141.6200000001,-12.738457185735097,3276.9991666666665,0.08740833333333334,1.7481666666666669,5244.5,14.593228875365563,8.27,0.9,70.19999999999999,2.0555555555555554,6.965811965811965,62.882096069869,7987.300000000001,47311.29,421.2,363.5815
40,55,16500,petrol,13.8,106.7,0.143,6.18,0.696,2.31,127576.09,14581.71,112994.38,2761.96,1642.21,1119.75,4-wheeler,11,300,medium,4,0.53,0.47,29.35,77.2,0.87,0.13,0.06,home/slow-dominant,0.1,21182.62,12536.09,106035.46,13103.57,857679.89,1319166.35,124261.62,2.86,53.32,50.5,727343.56,5598.75,2359.5,1195.6521739130435,7.731884242424242,0.88374,6.848144242424242,3.9855072463768115,7.865,1601473.44,1335616.32,265857.1199999999,20.153418861844063,9416.198333333334,0.06786363636363636,3.7325,11197.5,31.157914068434717,6.4399999999999995,0.9,235.94999999999996,2.0727272727272723,5.398601398601399,60.26200873362446,8646.529999999999,121640.91,613.47,1477.989
41,23,6900,petrol,20.4,104.53,0.13,8.32,0.559,2.31,35355.74,7463.04,27892.7,781.32,501.42,279.9,2-wheeler,4,300,low,3,0.07,0.93,5.33,89.7,0.98,0.02,0.0,home/slow-dominant,0.24,7082.57,4198.5,14050.04,2428.51,122591.79,222753.15,31262.47,2.75,13.33,23.4,170362.39,1399.5,897.0,338.2352941176471,5.124020289855072,1.0816,4.042420289855072,1.1274509803921569,2.99,334783.33999999997,264582.3,70201.03999999998,31.51517273717565,2324.391666666667,0.040565217391304344,0.9329999999999999,2799.0,7.788435050462046,8.360000000000001,0.9,89.69999999999997,2.5749999999999993,6.9,89.08296943231441,2884.0699999999997,30776.77,35.88,381.0792
42,48,14400,petrol,12.2,104.54,0.15,8.56,0.734,2.31,123391.48,18489.6,104901.88,2726.56,1585.44,1141.12,4-wheeler,12,300,medium,2,0.54,0.46,37.53,71.2,0.59,0.41,0.11,mixed,0.15,20120.54,12956.49,100291.53,11190.45,849438.92,1353285.16,114304.02,3.53,54.34,52.3,671811.63,5705.6,2160.0,1180.327868852459,8.568852777777778,1.2839999999999998,7.284852777777778,3.9344262295081966,7.2,1566999.02,1399033.63,167965.39000000013,12.41167752109246,8741.823333333334,0.07924444444444444,3.803733333333333,11411.199999999999,31.752550928128798,9.379999999999999,0.9,215.99999999999994,2.4,4.746666666666667,53.275109170305676,7164.050000000001,112065.93000000001,1771.1999999999998,1347.624
43,43,12900,petrol,14.5,104.47,0.173,7.88,0.624,2.31,92942.28,17585.8,75356.48,2055.1,1392.58,662.52,2-wheeler,13,300,medium,3,0.23,0.77,3.63,70.0,0.8,0.2,0.0,home/slow-dominant,0.48,14224.25,8107.5,23074.55,3790.26,84605.49,192309.62,82231.28,1.03,31.55,47.1,434230.95,3312.6,2231.7,889.6551724137931,7.204827906976744,1.3632403100775192,5.841587596899225,2.9655172413793105,7.438999999999999,620438.14,293911.31,326526.83,169.79224960249,6279.706666666666,0.05135813953488372,2.2084,6625.2,18.435133939378762,8.280000000000001,0.9,223.16999999999993,2.3076923076923075,4.046242774566474,63.31877729257642,6116.75,81473.23,892.68,724.1416
44,62,18600,diesel,22.5,95.35,0.143,6.99,0.636,2.68,78822.67,18592.0,60230.67,2215.47,1691.63,523.84,fleet/commercial,3,300,high,3,0.58,0.42,42.64,94.5,0.53,0.47,0.35,fast-dominant,0.24,24842.13,15941.37,179632.98,25343.42,1798377.36,2880365.95,74200.11,12.16,24.94,35.2,550633.53,2619.2,2659.7999999999997,826.6666666666666,4.237777956989247,0.9995698924731182,3.238208064516129,2.7555555555555555,8.866,2316701.3600000003,2848056.4000000004,-531355.04,-18.44748373032253,5019.2225,0.028163440860215057,1.7461333333333335,5238.400000000001,14.576255151247015,7.93,0.9,265.9799999999999,1.8333333333333333,6.608391608391608,98.25327510917032,8900.76,69131.43,2500.2119999999995,1285.6388000000002
45,66,19800,diesel,17.9,96.5,0.149,6.05,0.737,2.68,106743.02,17848.71,88894.31,2964.47,2174.3,790.17,4-wheeler,6,300,high,4,0.57,0.43,23.43,79.8,0.89,0.11,0.06,home/slow-dominant,0.13,15563.66,9713.22,103194.64,11727.77,871810.54,1352138.74,97090.3,3.88,37.63,41.0,588646.14,3950.85,2950.2,1106.145251396648,5.3910616161616165,0.90145,4.489611616161617,3.6871508379888267,9.834,1483343.94,1375025.98,108317.95999999996,8.01086137063124,7407.859166666666,0.03990757575757575,2.6338999999999997,7901.7,21.987094404514455,6.2700000000000005,0.9,295.0199999999999,3.366666666666667,5.355704697986577,78.16593886462881,5850.4400000000005,94744.75,649.044,1891.641
46,14,4200,petrol,20.1,100.61,0.179,6.23,0.568,2.31,21022.99,4683.71,16339.28,482.69,427.02,55.67,4-wheeler,8,300,low,1,0.13,0.87,49.25,75.5,0.58,0.42,0.21,mixed,0.1,17819.24,10834.84,105539.59,12295.74,907998.03,1437132.61,25782.83,16.43,2.65,8.5,234453.74,278.35,751.8,208.955223880597,5.00547380952381,1.1151690476190477,3.8903047619047624,0.6965174129353233,2.506,1102209.1800000002,1396890.03,-294680.84999999986,-20.50477791329221,1361.6066666666668,0.013254761904761905,0.18556666666666669,556.7,1.5490610191469174,7.07,0.9,75.17999999999998,3.0625,4.217877094972067,87.77292576419215,6984.4000000000015,23323.68,631.512,384.318
47,12,3600,petrol,17.7,101.26,0.165,7.51,0.671,2.31,20595.25,4460.94,16134.31,469.83,398.57,71.26,2-wheeler,9,300,low,2,0.07,0.93,3.88,71.5,0.75,0.25,0.05,home/slow-dominant,0.14,10092.68,7019.23,24998.87,1697.12,128763.36,165204.1,19547.18,0.59,3.39,10.2,122734.77,356.3,594.0,203.38983050847457,5.720902777777778,1.23915,4.481752777777778,0.6779661016949152,1.98,282203.01,195908.96000000002,86294.04999999999,52.234811363640475,1344.5258333333334,0.019794444444444444,0.23753333333333335,712.6,1.9828648863734386,8.01,0.9,59.399999999999984,3.1666666666666665,4.333333333333333,77.29257641921397,3073.4500000000007,19207.760000000002,297.0,342.7702
48,107,32100,petrol,20.8,101.18,0.139,7.17,0.58,2.31,156147.98,31991.82,124156.16,3564.95,2587.9,977.05,4-wheeler,4,300,high,4,0.42,0.58,41.33,83.9,0.61,0.39,0.07,mixed,0.27,13880.54,9193.4,101529.37,14801.77,872962.76,1360587.44,131803.65,2.93,46.53,51.2,760547.62,4885.25,4461.900000000001,1543.2692307692307,4.864423052959502,0.9966299065420561,3.867793146417446,5.144230769230769,14.873000000000001,1723105.36,1450182.4,272922.9600000002,20.059200311300845,10346.346666666666,0.030437694704049844,3.2568333333333332,9770.5,27.187175655784003,7.949999999999999,0.9,446.18999999999994,4.024999999999999,6.0359712230215825,90.82969432314411,4687.140000000001,128843.3,3480.2820000000006,1889.167
49,86,25800,diesel,14.6,90.03,0.145,8.04,0.597,2.68,159094.11,30077.64,129016.47,4735.89,2233.38,2502.51,4-wheeler,8,300,high,3,0.66,0.34,31.24,80.0,0.9,0.1,0.03,home/slow-dominant,0.45,17959.09,11422.74,101421.39,13324.59,873583.48,1364837.75,138217.74,2.82,119.17,80.6,792510.09,12512.55,3740.9999999999995,1767.123287671233,6.1664383720930225,1.1658,5.0006383720930225,5.89041095890411,12.469999999999999,1758849.48,1457593.67,301255.81000000006,22.072646364009206,10751.3725,0.09699651162790698,8.341700000000001,25025.100000000002,69.6342858096884,8.24,0.9,374.09999999999985,2.5,5.517241379310345,63.75545851528385,6536.35,135552.82,748.1999999999999,1228.3590000000002
50,81,24300,petrol,17.0,102.87,0.151,6.07,0.711,2.31,147043.59,22272.65,124770.94,3301.94,2608.87,693.07,4-wheeler,7,300,high,4,0.61,0.39,50.3,81.2,0.61,0.39,0.09,mixed,0.35,16765.67,10144.24,107638.83,14259.07,836404.35,1340414.81,134244.18,2.95,33.0,44.2,778859.73,3465.35,3669.2999999999997,1429.4117647058824,6.051176543209876,0.9165699588477367,5.134606584362139,4.764705882352941,12.231,1655450.65,1380601.3599999999,274849.29000000004,20.504793586994165,10397.578333333333,0.028521399176954735,2.3102333333333336,6930.700000000001,19.285211434168385,6.8500000000000005,0.9,366.9299999999999,2.6857142857142855,5.37748344370861,74.23580786026201,6621.4299999999985,131392.37,2862.054,1695.7655
51,57,17100,petrol,14.5,102.83,0.112,8.17,0.57,2.31,121268.48,15647.18,105621.3,2724.21,1091.66,1632.55,fleet/commercial,6,300,high,4,0.41,0.59,48.41,87.2,0.35,0.65,0.34,mixed,0.22,27328.26,16530.93,187082.55,25692.47,1902545.06,2816793.71,121557.12,5.98,77.74,64.4,794868.15,8162.75,1915.2,1179.3103448275863,7.091723976608187,0.9150397660818713,6.176684210526316,3.931034482758621,6.384,2645528.76,2764909.2399999998,-119380.47999999998,-4.23816907770644,8801.775,0.09547076023391812,5.441833333333333,16325.5,45.426972638913234,9.469999999999999,0.9,191.51999999999995,2.133333333333333,7.785714285714286,63.31877729257642,10797.329999999998,116418.63,2489.76,851.4948
52,17,5100,petrol,12.2,101.44,0.178,7.62,0.556,2.31,42405.25,6917.44,35487.81,965.66,504.74,460.92,4-wheeler,8,300,low,2,0.19,0.81,29.22,75.2,0.85,0.15,0.08,home/slow-dominant,0.18,18245.17,11661.98,105966.14,14613.26,877767.96,1368920.46,44993.65,8.56,21.95,30.4,330934.39,2304.6,907.8,418.0327868852459,8.314754901960784,1.3563607843137253,6.9583941176470585,1.3934426229508197,3.026,1181020.06,1341238.1600000001,-160218.1000000001,-11.703974385772574,2957.3174999999997,0.0903764705882353,1.5364,4609.2,12.825457247084554,7.92,0.9,90.77999999999997,3.0999999999999996,4.224719101123596,53.275109170305676,6583.189999999999,42071.0,272.34,413.88680000000005
53,14,4200,petrol,13.1,104.8,0.134,6.81,0.622,2.31,33600.0,3832.67,29767.33,740.61,350.06,390.55,4-wheeler,8,300,low,1,0.28,0.72,39.51,86.9,0.56,0.44,0.23,mixed,0.15,17889.44,10397.99,101948.44,12933.27,886183.78,1333869.57,39845.43,8.68,18.6,26.4,301175.59,1952.75,562.8000000000001,320.6106870229008,8.0,0.9125404761904762,7.087459523809524,1.0687022900763359,1.8760000000000003,1143630.98,1290141.1600000001,-146510.18000000017,-10.983846044257547,2480.6108333333336,0.09298809523809524,1.3018333333333334,3905.5,10.867357302457851,7.6899999999999995,0.9,56.279999999999994,1.6374999999999993,6.485074626865672,57.20524017467249,7491.449999999999,37258.78,495.26400000000007,297.551
54,111,33300,petrol,18.7,103.88,0.143,7.08,0.653,2.31,184984.17,33714.25,151269.92,4113.53,3109.52,1004.01,fleet/commercial,5,300,high,4,0.58,0.42,54.31,85.7,0.39,0.61,0.3,mixed,0.09,25529.04,16490.8,179859.09,26295.78,1888373.05,2837330.96,165567.32,4.65,47.81,47.1,1007695.69,5020.05,4761.9,1780.7486631016043,5.55508018018018,1.01243993993994,4.542640240240241,5.935828877005347,15.873,2940939.1,2882201.3400000003,58737.75999999978,2.070176543662703,12605.826666666668,0.03015045045045045,3.3467,10040.1,27.93735861026938,8.3,0.9,476.1899999999999,2.8599999999999994,5.993006993006993,81.6593886462882,9038.240000000002,160308.16,5809.517999999999,2829.6632
55,73,21900,diesel,17.2,97.65,0.182,7.33,0.65,2.68,124333.43,29215.91,95117.52,3412.33,2590.77,821.56,4-wheeler,7,300,high,4,0.66,0.34,31.4,78.2,0.65,0.35,0.17,mixed,0.19,17243.39,10272.42,104130.96,12967.18,873025.22,1382624.34,104681.93,3.87,39.12,44.0,627540.61,4107.8,3985.7999999999997,1273.2558139534883,5.677325570776255,1.334059817351598,4.3432657534246575,4.2441860465116275,13.286,1580909.32,1462967.8500000003,117941.46999999974,8.530261372369571,7926.46,0.03751415525114155,2.7385333333333333,8215.599999999999,22.860545552188636,8.03,0.9,398.57999999999987,3.114285714285714,4.2967032967032965,75.10917030567686,6970.969999999999,102088.49,2790.0599999999995,2098.5237
56,95,28500,petrol,17.4,101.4,0.15,7.22,0.773,2.31,166086.21,30865.5,135220.71,3783.62,3304.58,479.04,fleet/commercial,7,300,high,3,0.55,0.45,72.26,79.7,0.49,0.51,0.38,fast-dominant,0.3,26147.05,17107.67,188143.35,26933.11,1901431.58,2816401.21,149646.71,4.86,22.81,35.0,936376.9,2395.2,4275.0,1637.9310344827588,5.827586315789474,1.083,4.744586315789474,5.459770114942529,14.25,2862597.88,2841190.6,21407.279999999795,0.7600934101288713,11268.3925,0.01680842105263158,1.5968,4790.400000000001,13.32966033073719,8.239999999999998,0.9,427.4999999999999,2.8999999999999995,5.3133333333333335,75.9825327510917,9039.380000000001,144260.09,4360.5,2313.2059999999997
57,23,6900,petrol,19.2,104.56,0.151,7.31,0.677,2.31,37576.25,7616.29,29959.96,830.16,705.37,124.79,2-wheeler,8,300,low,1,0.07,0.93,4.28,79.3,0.82,0.18,0.01,home/slow-dominant,0.34,11442.7,6084.52,23256.66,3766.62,124338.86,236559.35,36071.46,2.47,5.94,18.2,203613.96,623.95,1041.8999999999999,359.375,5.445833333333334,1.1038101449275362,4.342023188405798,1.1979166666666667,3.4729999999999994,369433.61,278040.12000000005,91393.48999999993,38.6344864407177,2496.6633333333334,0.018085507246376812,0.4159666666666667,1247.9,3.4723787422192167,7.669999999999999,0.9,104.18999999999997,2.5875000000000004,5.251655629139073,83.84279475982534,5358.18,35318.14,375.08399999999995,465.54419999999993
58,42,12600,petrol,19.0,104.95,0.177,8.34,0.747,2.31,69598.42,18599.87,50998.55,1531.89,1665.96,-134.07,2-wheeler,4,300,medium,3,0.49,0.51,4.89,83.9,0.91,0.09,0.01,home/slow-dominant,0.46,8695.93,3596.75,11627.48,2586.4,91757.71,193519.35,56615.01,1.59,-6.38,15.3,294702.53,-670.35,2230.2,663.1578947368421,5.523684126984127,1.4761801587301586,4.047503968253968,2.2105263157894735,7.433999999999999,483229.46,290288.57,192940.89,99.70108415515038,4249.879166666667,-0.01064047619047619,-0.44689999999999996,-1340.6999999999998,-3.730601955039109,8.52,0.9,223.01999999999992,4.024999999999999,4.740112994350283,82.96943231441048,5099.18,56097.73,401.436,899.6184000000001
59,90,27000,petrol,18.9,100.52,0.125,7.05,0.693,2.31,143600.0,23793.75,119806.25,3300.0,2338.88,961.12,2-wheeler,8,300,high,5,0.52,0.48,3.46,81.0,0.91,0.09,0.02,home/slow-dominant,0.34,9735.57,6356.84,16425.25,2082.16,132691.11,227351.4,123601.41,0.63,45.77,53.2,634432.3,4805.6,3375.0,1428.5714285714287,5.318518518518519,0.88125,4.437268518518519,4.761904761904762,11.25,899368.9600000001,359596.94,539772.02,237.41750435669192,9983.854166666666,0.03559703703703704,3.2037333333333335,9611.2,26.743911024294686,7.2299999999999995,0.9,337.49999999999994,2.375,6.48,82.53275109170306,3378.7299999999996,123184.98,607.5,1543.6607999999999
60,76,22800,petrol,17.4,102.96,0.143,6.02,0.758,2.31,134913.1,19627.61,115285.49,3026.9,2471.38,555.52,4-wheeler,6,300,high,4,0.6,0.4,24.78,87.7,0.63,0.37,0.16,mixed,0.07,15588.92,10161.73,101970.83,13424.5,856146.87,1322056.88,123397.58,2.95,26.45,31.1,718958.73,2777.6,3260.3999999999996,1310.344827586207,5.917241228070176,0.8608600877192982,5.056381140350878,4.367816091954023,10.867999999999999,1608656.9700000002,1355608.2499999998,253048.72000000044,19.14053198679322,9607.124166666666,0.024364912280701752,1.8517333333333332,5555.2,15.457775774321817,6.76,0.9,326.0399999999999,2.0499999999999994,6.132867132867133,75.9825327510917,5427.1900000000005,120712.68000000001,2412.696,2298.3834
61,50,15000,petrol,14.7,105.52,0.111,8.96,0.751,2.31,107673.47,14918.4,92755.07,2357.14,1250.41,1106.73,4-wheeler,8,300,medium,3,0.48,0.52,32.4,85.8,0.56,0.44,0.09,mixed,0.08,17144.59,10015.2,109664.23,12956.72,902951.46,1375336.34,102475.8,3.54,52.7,49.5,622043.23,5533.65,1665.0,1020.4081632653061,7.178231333333334,0.99456,6.183671333333334,3.4013605442176873,5.55,1527041.76,1377383.3900000001,149658.36999999988,10.88158333691669,7729.589166666668,0.073782,3.6891000000000003,11067.3,30.795622448724046,9.84,0.9,166.49999999999997,1.7750000000000004,7.72972972972973,64.19213973799127,7129.389999999999,99884.46,1465.2,1150.3772000000001
62,101,30300,petrol,19.8,107.02,0.12,8.88,0.627,2.31,163773.03,32287.68,131485.35,3535.0,2279.77,1255.23,4-wheeler,6,300,high,4,0.42,0.58,59.24,87.1,0.69,0.31,0.08,mixed,0.27,16886.46,10055.43,105169.97,11383.9,839726.15,1333779.86,140593.16,2.77,59.77,59.2,808135.77,6276.15,3636.0,1530.3030303030303,5.405050495049505,1.0656,4.339450495049505,5.101010101010101,12.12,1743023.6,1428941.5400000003,314082.0599999998,23.548268302686758,10957.112500000001,0.041426732673267325,4.1841,12552.3,34.9277503693872,9.5,0.9,363.5999999999999,2.150000000000001,7.258333333333334,86.46288209606988,6831.029999999999,138316.38,2254.32,1664.2321
63,39,11700,petrol,12.3,106.19,0.131,6.52,0.651,2.31,101010.0,9993.2,91016.8,2197.32,997.79,1199.53,4-wheeler,8,300,medium,3,0.49,0.51,44.66,76.5,0.65,0.35,0.09,mixed,0.32,18387.46,11139.21,101108.7,12582.47,844361.33,1356054.99,100781.54,4.07,57.12,59.2,605016.4,5997.65,1532.7,951.2195121951219,8.633333333333333,0.8541196581196582,7.779213675213675,3.170731707317073,5.109,1441348.63,1348025.87,93322.75999999978,6.881930355936361,7584.733333333334,0.10252393162393163,3.9984333333333333,11995.3,33.37785457692297,7.219999999999999,0.9,153.26999999999998,2.9375,5.8396946564885495,53.7117903930131,7248.25,98265.05,1072.8899999999999,678.4971999999999
64,15,4500,petrol,20.4,99.83,0.134,8.15,0.687,2.31,22021.32,4914.45,17106.87,509.56,414.26,95.3,2-wheeler,5,300,low,1,0.22,0.78,4.48,86.6,0.94,0.06,0.0,home/slow-dominant,0.21,9085.02,3915.26,10390.87,3559.11,128130.98,231856.37,22988.45,4.06,4.54,13.2,125333.12,476.5,603.0,220.58823529411765,4.893626666666667,1.0920999999999998,3.801526666666667,0.7352941176470589,2.01,283662.68,262054.94,21607.73999999999,9.319450658181179,1425.5725,0.021177777777777778,0.31766666666666665,953.0,2.651796571307728,8.27,0.9,60.29999999999999,2.680000000000001,6.462686567164178,89.08296943231441,5169.76,22276.629999999997,72.36,327.2654
65,91,27300,petrol,15.2,107.92,0.14,7.34,0.633,2.31,193830.0,28053.48,165776.52,4148.88,2419.33,1729.55,4-wheeler,8,300,high,4,0.43,0.57,22.28,85.4,0.83,0.17,0.05,home/slow-dominant,0.41,18604.38,10167.13,103480.78,14307.57,893862.79,1343953.02,177075.28,1.96,82.36,72.1,988857.18,8647.75,3822.0000000000005,1796.0526315789475,7.1,1.0276,6.0724,5.986842105263158,12.740000000000002,1956034.69,1417267.72,538766.97,40.08822942337672,13814.71,0.06335347985347985,5.7651666666666666,17295.5,48.12607303153496,7.68,0.9,382.2,1.8249999999999993,6.1,66.37554585152839,8437.250000000002,174213.77,1299.4800000000002,1427.4047
66,71,21300,petrol,17.3,105.81,0.122,7.46,0.616,2.31,130274.74,19385.56,110889.18,2844.1,1600.74,1243.36,4-wheeler,8,300,high,5,0.5,0.5,41.69,81.7,0.71,0.29,0.13,home/slow-dominant,0.39,17879.26,10569.38,96441.14,11304.4,863580.3,1373290.72,120459.94,3.43,59.21,62.2,698740.84,6216.8,2598.6,1231.2138728323698,6.116184976525822,0.9101201877934273,5.2060647887323945,4.104046242774566,8.661999999999999,1604350.3,1415319.8800000001,189030.41999999993,13.764778079910126,9240.765,0.05837370892018779,4.144533333333333,12433.599999999999,34.59745839350658,8.04,0.9,259.85999999999996,2.2874999999999996,6.69672131147541,75.54585152838429,7309.879999999999,118199.06,1507.1879999999999,976.4514
67,60,18000,petrol,13.4,107.94,0.158,8.07,0.779,2.31,144994.03,22951.08,122042.95,3102.99,2215.48,887.51,2-wheeler,10,300,high,4,0.34,0.66,2.13,75.6,0.89,0.11,0.01,home/slow-dominant,0.29,12270.85,7038.79,22516.75,2893.98,111300.61,223813.5,127853.81,0.7,42.26,49.4,661785.8,4437.55,2844.0,1343.2835820895523,8.05522388888889,1.27506,6.7801638888888895,4.477611940298508,9.48,897625.01,348352.12,549272.89,245.4154418745965,10170.245833333332,0.04930611111111111,2.9583666666666666,8875.1,24.69565556139897,8.290000000000001,0.9,284.3999999999999,2.4400000000000004,4.784810126582277,58.515283842794766,5232.06,127275.01,625.68,1572.9908
68,82,24600,diesel,22.7,92.13,0.177,8.09,0.554,2.68,99841.32,35225.48,64615.84,2904.32,2412.23,492.09,fleet/commercial,8,300,high,5,0.53,0.47,68.46,78.4,0.39,0.61,0.22,mixed,0.2,28451.88,18101.96,186287.78,27290.62,1906397.17,2799652.16,80423.88,8.79,23.43,32.5,588407.18,2460.45,4354.2,1083.7004405286343,4.058590243902439,1.4319300813008131,2.626660162601626,3.612334801762114,14.514,2547863.17,2852710.9600000004,-304847.7900000005,-10.888773768238426,5384.653333333333,0.020003658536585363,1.6402999999999999,4920.9,13.69278672376516,9.309999999999999,0.9,435.4199999999999,2.6999999999999993,4.429378531073446,99.12663755458514,10349.920000000002,74965.76,5312.124,1929.784
69,33,9900,diesel,22.1,92.03,0.168,8.48,0.652,2.68,41226.11,14103.94,27122.17,1200.54,1084.41,116.13,2-wheeler,3,300,medium,3,0.39,0.61,5.22,88.1,0.94,0.06,0.01,home/slow-dominant,0.3,6780.57,3696.58,16907.64,4093.7,145998.93,180071.36,31024.9,0.55,5.53,16.6,172032.14,580.65,1663.2,447.96380090497735,4.164253535353535,1.4246404040404042,2.7396131313131313,1.4932126696832577,5.5440000000000005,386032.32999999996,248072.61999999994,137959.71000000002,76.61391017427759,2260.1808333333333,0.01173030303030303,0.3871,1161.3,3.2314075112903087,8.6,0.9,166.31999999999996,3.9666666666666686,5.244047619047618,96.50655021834062,3083.99,30206.159999999996,199.584,759.087
70,58,17400,petrol,15.0,101.67,0.123,6.6,0.677,2.31,117937.2,14125.32,103811.88,2679.6,1448.92,1230.68,fleet/commercial,7,300,high,3,0.41,0.59,88.42,82.6,0.32,0.68,0.39,fast-dominant,0.15,27191.56,17749.46,181438.16,25159.83,1808186.41,2852429.82,118285.95,7.29,58.6,54.6,772867.91,6153.4,2140.2,1160.0,6.778,0.8118,5.9662,3.8666666666666667,7.1339999999999995,2533830.21,2805205.7299999995,-271375.51999999955,-9.513836873294206,8650.99,0.07072873563218392,4.102266666666667,12306.800000000001,34.24462753805871,7.96,0.9,214.01999999999992,2.4857142857142867,6.715447154471544,65.50218340611355,9442.100000000002,113253.98000000001,2910.672,1231.582
71,52,15600,petrol,14.1,101.15,0.128,8.66,0.616,2.31,111910.64,17292.29,94618.35,2555.74,1230.03,1325.71,4-wheeler,8,300,medium,4,0.28,0.72,42.54,76.6,0.65,0.35,0.11,mixed,0.34,18348.23,11382.7,108460.08,14381.34,899872.64,1388144.11,104460.15,3.64,63.13,62.6,630760.83,6628.55,1996.8,1106.3829787234042,7.173758974358974,1.1084801282051282,6.065278846153846,3.6879432624113475,6.656,1551166.99,1408677.64,142489.3500000001,10.264737571086915,7884.8625,0.08498141025641026,4.419033333333333,13257.1,36.88891114951068,9.36,0.9,199.67999999999995,2.9250000000000007,5.984374999999999,61.572052401746724,6965.529999999999,101583.88,1397.76,811.8197999999999
72,71,21300,diesel,20.3,90.12,0.113,6.87,0.625,2.68,94559.41,16535.4,78024.01,2812.02,1504.31,1307.71,4-wheeler,4,300,high,3,0.48,0.52,39.41,93.4,0.64,0.36,0.19,mixed,0.41,15137.94,8918.57,99326.88,12973.17,856678.73,1328297.13,86838.01,4.29,62.27,64.3,533516.93,6538.55,2406.9,1049.2610837438424,4.439408920187794,0.7763098591549297,3.663099061032864,3.497536945812808,8.023,1405165.48,1343266.9300000002,61898.549999999814,4.659992753278012,6502.000833333333,0.06139483568075117,4.3590333333333335,13077.1,36.388047159127275,7.59,0.9,240.68999999999997,1.6499999999999986,8.265486725663717,88.646288209607,6219.370000000001,84243.37999999999,1732.968,887.5429
73,59,17700,petrol,17.3,99.35,0.156,8.74,0.563,2.31,101647.11,24132.89,77514.22,2363.41,1554.56,808.85,2-wheeler,6,300,high,4,0.4,0.6,5.31,80.9,0.87,0.13,0.01,home/slow-dominant,0.25,9345.46,5514.18,13735.3,3493.41,105716.7,160117.73,82044.18,0.5,38.52,45.4,423956.2,4044.25,2761.2,1023.1213872832369,5.742774576271186,1.3634401129943503,4.379334463276836,3.410404624277456,9.203999999999999,660679.55,291124.37000000005,369555.18,230.80216038536145,6459.518333333333,0.04569774011299435,2.6961666666666666,8088.5,22.50687992342346,9.0,0.9,276.11999999999995,3.1833333333333322,5.185897435897436,75.54585152838429,3831.279999999999,81345.5,717.9119999999999,1165.92
74,116,34800,petrol,13.1,105.08,0.186,8.78,0.718,2.31,279143.82,56831.18,222312.64,6136.49,4647.47,1489.02,fleet/commercial,12,300,high,3,0.58,0.42,73.68,70.0,0.33,0.67,0.44,fast-dominant,0.11,31270.85,19434.82,189087.96,27906.35,1825080.1,2842942.19,239729.94,3.46,70.91,58.8,1387737.66,7445.1,6472.8,2656.4885496183206,8.021374137931035,1.6330798850574713,6.388294252873564,8.854961832061068,21.576,3377153.45,3007277.88,369875.5700000003,13.010309224754243,18526.053333333333,0.04278793103448276,4.9634,14890.2,41.4331388311504,10.12,0.9,647.2799999999999,2.5,3.7634408602150535,57.20524017467249,11836.029999999999,234148.67,8673.552000000001,4136.2483
75,113,33900,petrol,15.1,107.85,0.13,8.4,0.736,2.31,242126.82,37018.8,205108.02,5186.03,3243.55,1942.48,4-wheeler,11,300,high,3,0.63,0.37,24.47,72.1,0.7,0.3,0.15,home/slow-dominant,0.13,20776.07,12855.0,107138.69,14788.47,902530.4,1370167.82,215986.78,1.67,92.5,66.6,1187072.59,9712.4,4407.0,2245.0331125827815,7.14238407079646,1.092,6.05038407079646,7.483443708609272,14.69,2217044.85,1497609.6600000001,719435.19,52.507085591894864,17092.335,0.05730029498525074,6.474933333333333,19424.8,54.05101577999828,9.0,0.9,440.6999999999999,2.536363636363637,5.546153846153846,65.93886462882097,7921.07,213029.09,2644.2,2821.8885
76,110,33000,petrol,14.0,105.47,0.173,7.45,0.647,2.31,248607.86,42532.05,206075.81,5445.0,3693.72,1751.28,4-wheeler,8,300,high,4,0.45,0.55,39.7,75.5,0.58,0.42,0.2,mixed,0.12,18342.73,11208.86,107309.38,12434.13,849002.07,1364474.06,215696.51,1.89,83.39,63.7,1185791.93,8756.4,5709.0,2357.1428571428573,7.533571515151515,1.28885,6.2447215151515145,7.857142857142858,19.03,2183755.0199999996,1513435.1,670319.9199999995,49.12661512964193,17172.984166666665,0.053069090909090906,5.8376,17512.8,48.730727171036705,8.29,0.9,570.8999999999999,3.0625,4.364161849710983,61.13537117903931,7133.869999999999,213209.68,4795.5599999999995,3250.4736
77,92,27600,petrol,19.8,102.18,0.14,8.83,0.65,2.31,142432.73,34119.12,108313.61,3220.0,2511.6,708.4,fleet/commercial,4,300,high,4,0.59,0.41,52.01,88.9,0.44,0.56,0.34,mixed,0.21,25047.38,16470.78,177927.91,24562.32,1907394.25,2992870.03,121802.67,7.45,33.73,40.4,786941.26,3542.0,3864.0000000000005,1393.939393939394,5.16060615942029,1.2362000000000002,3.9244061594202897,4.646464646464647,12.88,2744794.8,3043329.3,-298534.5,-9.974856809936382,9026.134166666667,0.025666666666666667,2.361333333333333,7084.0,19.71178059931159,9.950000000000001,0.9,386.4,2.7749999999999986,6.35,86.46288209606988,8576.600000000002,116890.21,4327.680000000001,1984.164
78,113,33900,petrol,20.2,104.51,0.148,8.64,0.724,2.31,175390.54,43348.61,132041.93,3876.68,3632.45,244.23,2-wheeler,6,300,high,4,0.44,0.56,3.64,84.0,0.8,0.2,0.03,home/slow-dominant,0.48,9436.31,4974.05,12149.44,2802.67,92413.98,130396.6,137064.72,0.19,11.63,28.8,697473.04,1221.15,5017.2,1678.2178217821784,5.173762241887906,1.2787200589970502,3.895042182890856,5.594059405940595,16.724,1016548.23,357057.79000000004,659490.44,505.75738937978434,11003.494166666665,0.007204424778761062,0.8140999999999999,2442.2999999999997,6.795889576185586,9.040000000000001,0.9,501.71999999999986,2.6666666666666665,5.675675675675675,88.20960698689957,4462.259999999999,136504.19,2006.88,1888.874
79,16,4800,petrol,13.9,102.45,0.126,7.37,0.775,2.31,35378.42,4457.38,30921.04,797.7,468.72,328.98,2-wheeler,8,300,low,2,0.18,0.82,3.59,79.5,0.8,0.2,0.01,home/slow-dominant,0.25,10378.76,5374.5,10390.44,1621.93,120607.2,200906.23,36249.69,1.93,15.67,26.3,191638.89,1644.9,604.8,345.32374100719426,7.370504166666667,0.9286208333333333,6.441883333333333,1.1510791366906474,2.016,349393.1,238053.26,111339.83999999997,55.41880906331274,2576.7533333333336,0.0685375,1.0966,3289.8,9.15412419757415,7.770000000000001,0.9,60.47999999999998,2.5625,6.30952380952381,60.69868995633188,5004.26,35925.3,241.92,351.54
80,116,34800,petrol,18.6,103.61,0.117,7.05,0.721,2.31,193850.97,28704.78,165146.19,4321.94,2935.62,1386.32,4-wheeler,7,300,high,3,0.57,0.43,44.12,87.4,0.69,0.31,0.15,mixed,0.14,16630.01,10147.86,98555.62,11083.07,871013.01,1364920.01,173844.95,2.27,66.02,58.2,967780.37,6931.6,4071.6000000000004,1870.9677419354837,5.5704301724137935,0.82485,4.745580172413794,6.236559139784945,13.572000000000001,1923417.9100000001,1449544.5199999998,473873.39000000036,34.71803376961265,13762.1825,0.0398367816091954,4.621066666666667,13863.199999999999,38.575431508240605,7.67,0.9,407.15999999999997,1.7999999999999992,7.47008547008547,81.2227074235808,6482.149999999998,171628.34,2524.3920000000003,2524.6331999999998
81,40,12000,petrol,17.9,103.99,0.142,6.51,0.646,2.31,69713.97,11093.04,58620.93,1548.6,1100.78,447.82,4-wheeler,7,300,medium,2,0.23,0.77,35.56,80.8,0.63,0.37,0.18,mixed,0.16,16053.4,10203.78,106612.86,12582.09,848528.48,1331693.72,66986.97,5.62,21.32,29.1,441547.71,2239.1,1703.9999999999998,670.391061452514,5.8094975,0.92442,4.8850774999999995,2.23463687150838,5.679999999999999,1277365.33,1318982.8699999999,-41617.539999999804,-3.1251585387066183,4885.0775,0.037318333333333335,1.4927333333333332,4478.2,12.460939565194405,7.25,0.9,170.39999999999995,2.7428571428571433,5.690140845070423,78.16593886462881,5849.619999999999,64470.55,1260.9599999999998,924.6551999999999
82,16,4800,petrol,13.1,106.1,0.177,7.24,0.754,2.31,38876.34,6151.1,32725.24,846.41,640.6,205.81,4-wheeler,7,300,low,2,0.14,0.86,28.24,74.4,0.75,0.25,0.09,home/slow-dominant,0.26,17393.91,11046.0,98600.58,14764.08,884356.94,1363300.52,42025.97,9.05,9.8,20.5,308730.43,1029.05,849.5999999999999,366.412213740458,8.0992375,1.2814791666666667,6.817758333333332,1.2213740458015268,2.832,1165708.19,1335921.3599999999,-170213.16999999993,-12.485374097854809,2727.1033333333335,0.042877083333333336,0.6860333333333334,2058.1,5.726823214489439,7.74,0.9,84.95999999999997,3.657142857142856,4.203389830508476,57.20524017467249,6347.91,39073.15,424.79999999999995,474.044
83,81,24300,petrol,18.8,105.57,0.132,8.41,0.626,2.31,136454.84,26975.92,109478.92,2985.8,2007.96,977.84,4-wheeler,9,300,high,4,0.42,0.58,41.14,78.5,0.68,0.32,0.09,mixed,0.18,18967.57,11186.27,105936.55,14485.43,885958.55,1366565.77,120157.31,3.12,46.56,48.7,706723.1,4889.2,3207.6000000000004,1292.5531914893616,5.615425514403292,1.1101201646090535,4.505305349794238,4.3085106382978715,10.692000000000002,1663070.6,1436954.74,226115.8600000001,16.54628448654909,9123.243333333334,0.040240329218106996,3.259466666666667,9778.4,27.209158019806388,9.05,0.9,320.76,2.388888888888889,5.946969696969697,82.09606986899564,7781.299999999999,117260.22,2052.8640000000005,1646.5272000000002
84,59,17700,petrol,18.6,106.81,0.156,8.18,0.672,2.31,101641.77,22586.62,79055.15,2198.23,1855.53,342.7,2-wheeler,9,300,high,4,0.26,0.74,4.91,75.9,0.85,0.15,0.02,home/slow-dominant,0.19,12382.92,6892.78,13778.62,3545.77,105019.97,157344.42,85254.44,0.45,16.32,25.5,440050.82,1713.5,2761.2,951.6129032258063,5.7424728813559325,1.2760802259887005,4.4663926553672315,3.172043010752688,9.203999999999999,675143.4199999999,287417.03,387726.3899999999,246.41890065119557,6587.929166666666,0.019361581920903953,1.1423333333333332,3427.0,9.535893861355282,8.479999999999999,0.9,276.11999999999995,2.677777777777777,4.865384615384616,81.2227074235808,5490.14,84545.29,828.3599999999999,1502.9793
85,22,6600,petrol,15.0,106.98,0.185,7.08,0.58,2.31,47071.2,8644.68,38426.52,1016.4,708.18,308.22,2-wheeler,7,300,low,2,0.15,0.85,4.32,77.1,0.87,0.13,0.02,home/slow-dominant,0.44,9417.55,5879.92,15929.39,3760.91,110817.65,137895.72,42716.33,0.26,14.68,30.8,229511.04,1541.1,1221.0,440.0,7.132,1.3098,5.8222,1.4666666666666666,4.07,393261.4,190828.42,202432.98,146.80149608704318,3202.2099999999996,0.046700000000000005,1.0274,3082.2000000000003,8.576461061998614,7.34,0.9,122.09999999999997,3.2714285714285722,4.167567567567567,65.50218340611355,3537.629999999999,41964.149999999994,317.46000000000004,396.5808
86,69,20700,petrol,20.6,103.56,0.177,8.98,0.587,2.31,104062.72,32901.82,71160.9,2321.21,2150.71,170.5,4-wheeler,4,300,high,5,0.56,0.44,34.86,87.1,0.62,0.38,0.13,mixed,0.06,14745.92,9340.27,109747.43,11023.73,885139.39,1401198.89,78771.3,5.16,8.12,12.7,503603.93,852.5,3663.8999999999996,1004.8543689320387,5.027184541062802,1.5894599033816426,3.437724637681159,3.3495145631067955,12.213,1479182.5899999999,1491638.18,-12455.590000000084,-0.8889237701294557,5930.075,0.00823671497584541,0.5683333333333334,1705.0,4.744295020020647,9.740000000000002,0.9,366.3899999999999,3.2250000000000014,4.92090395480226,89.95633187772927,5405.65,76566.54999999999,2784.564,2021.6673999999998
87,65,19500,petrol,12.0,104.11,0.183,8.05,0.669,2.31,169178.75,28726.43,140452.32,3753.75,2387.33,1366.42,4-wheeler,10,300,high,4,0.44,0.56,57.55,70.0,0.6,0.4,0.12,mixed,0.24,18784.32,11547.45,98672.18,11862.0,861597.03,1305740.01,150061.59,2.3,65.07,60.6,848980.13,6832.1,3568.5,1625.0,8.675833333333333,1.4731502564102563,7.202683076923077,5.416666666666667,11.895,1801412.3800000001,1396575.2300000002,404837.1499999999,31.004422541972954,11704.36,0.07007282051282052,4.554733333333334,13664.2,38.0216985410945,8.850000000000001,0.9,356.8499999999999,3.0,3.8251366120218577,52.40174672489083,7236.869999999999,147689.19,2854.8,1814.3708
88,37,11100,petrol,15.6,103.5,0.122,8.74,0.651,2.31,73644.23,11835.71,61808.52,1643.65,881.58,762.07,4-wheeler,9,300,medium,3,0.34,0.66,56.66,79.7,0.86,0.14,0.05,home/slow-dominant,0.46,17719.28,11939.8,100645.56,11099.1,909008.17,1372741.01,69807.82,5.2,36.29,50.1,449684.66,3810.35,1354.2,711.5384615384615,6.634615315315315,1.06628018018018,5.568335135135135,2.371794871794872,4.514,1365825.72,1379873.9,-14048.179999999935,-1.0233671098672819,5150.71,0.06865495495495495,2.5402333333333336,7620.700000000001,21.205190063971465,9.02,0.9,135.42,2.255555555555555,6.532786885245902,68.12227074235808,5779.48,67588.0,379.17600000000004,476.05320000000006
89,32,9600,petrol,14.2,101.33,0.117,6.28,0.74,2.31,68504.79,7053.7,61451.09,1561.69,831.17,730.52,4-wheeler,10,300,medium,3,0.38,0.62,29.96,76.2,0.7,0.3,0.09,home/slow-dominant,0.17,20154.73,12236.68,99516.31,14018.16,844496.58,1317774.31,72172.77,5.18,34.79,39.9,460380.16,3652.6,1123.2,676.0563380281691,7.135915624999999,0.7347604166666667,6.401155208333332,2.2535211267605635,3.744,1287794.18,1300691.74,-12897.560000000056,-0.9787381573708214,5120.924166666667,0.07609583333333333,2.4350666666666667,7305.2,20.327286791938313,6.880000000000001,0.9,112.31999999999998,2.38,6.512820512820513,62.00873362445415,7918.049999999999,69369.14,673.92,689.8711
90,95,28500,petrol,20.4,101.79,0.111,7.11,0.631,2.31,142206.62,22492.49,119714.13,3227.21,1996.17,1231.04,4-wheeler,8,300,high,4,0.62,0.38,23.5,85.1,0.69,0.31,0.04,mixed,0.3,17399.23,11007.41,96644.37,11582.58,890391.78,1356844.27,128422.47,2.88,58.62,59.3,738756.72,6155.2,3163.5,1397.058823529412,4.989705964912281,0.7892101754385965,4.200495789473684,4.6568627450980395,10.545,1688421.03,1416116.8199999998,272304.2100000002,20.068936135169015,9976.1775,0.04319438596491228,4.103466666666667,12310.4,34.25464481786638,7.7299999999999995,0.9,316.3499999999999,1.8625000000000007,7.666666666666666,89.08296943231441,6391.82,126105.95000000001,1961.37,1397.319
91,10,3000,diesel,21.3,95.3,0.187,8.07,0.602,2.68,13422.54,4527.27,8895.27,377.46,337.72,39.74,2-wheeler,4,300,low,2,0.19,0.81,4.59,83.5,0.76,0.24,0.03,home/slow-dominant,0.36,7761.37,3953.34,17348.41,4976.19,123102.74,185503.14,13698.54,3.29,1.89,15.9,85841.11,198.7,561.0,140.8450704225352,4.4741800000000005,1.50909,2.9650900000000004,0.4694835680751173,1.87,229022.29,205581.59,23440.70000000001,12.63628205969991,741.2725,0.013246666666666667,0.13246666666666668,397.40000000000003,1.1057963876575982,8.55,0.9,56.09999999999999,4.125,4.46524064171123,93.01310043668123,3808.0299999999997,12703.3,269.28,216.1408
92,94,28200,petrol,19.9,105.65,0.185,8.91,0.758,2.31,149715.08,46483.47,103231.61,3273.47,3954.49,-681.02,4-wheeler,4,300,high,4,0.42,0.58,53.45,82.6,0.72,0.28,0.08,home/slow-dominant,0.33,15450.66,9327.01,100680.36,13573.3,843832.3,1313558.13,112069.92,3.29,-32.43,10.0,661029.96,-3405.1,5217.0,1417.0854271356784,5.309045390070922,1.64835,3.660695390070922,4.723618090452262,17.39,1669661.0,1478356.8699999996,191304.13000000035,14.563811500295031,8602.634166666667,-0.02414964539007092,-2.2700666666666667,-6810.2,-18.949910818383934,9.469999999999999,0.9,521.6999999999999,4.350000000000001,4.464864864864865,86.8995633187773,6123.65,109355.26,2921.5200000000004,2649.5082999999995
93,37,11100,petrol,15.1,104.46,0.188,6.59,0.611,2.31,76788.48,13752.01,63036.47,1698.08,1275.03,423.05,4-wheeler,6,300,medium,3,0.25,0.75,58.78,74.8,0.74,0.26,0.09,home/slow-dominant,0.26,16430.97,9779.37,105423.31,11917.67,889365.29,1384445.64,72071.6,5.41,20.15,31.0,465781.31,2115.25,2086.8,735.0993377483444,6.917881081081081,1.23891981981982,5.678961261261261,2.4503311258278146,6.956,1355462.54,1384761.5599999998,-29299.019999999786,-2.1162997775773835,5253.0391666666665,0.03811261261261261,1.4101666666666668,4230.5,11.771695062872343,7.109999999999999,0.9,208.67999999999998,4.2,3.978723404255319,65.93886462882097,6651.6,69688.07,1085.1360000000002,943.5222
94,45,13500,petrol,12.7,105.32,0.13,7.0,0.69,2.31,111954.33,12285.0,99669.33,2455.51,1210.95,1244.56,4-wheeler,8,300,medium,3,0.38,0.62,55.81,84.1,0.75,0.25,0.04,home/slow-dominant,0.22,18903.25,10656.56,107263.92,11630.88,843983.38,1298682.4,110242.2,3.15,59.26,57.2,658474.92,6222.8,1755.0,1062.992125984252,8.292913333333333,0.91,7.382913333333333,3.543307086614173,5.85,1498271.28,1294495.4000000001,203775.8799999999,15.690971095011367,8305.7775,0.09218962962962962,4.148533333333333,12445.599999999999,34.630849326198806,7.5,0.9,175.49999999999997,1.9875000000000007,6.4692307692307685,55.45851528384279,8246.69,107916.02,877.5,944.541
95,114,34200,petrol,15.4,105.34,0.143,8.59,0.768,2.31,233936.88,42010.25,191926.63,5130.0,3755.98,1374.02,fleet/commercial,8,300,high,5,0.48,0.52,70.03,77.2,0.43,0.57,0.21,mixed,0.24,27865.11,17373.42,183163.75,26510.5,1890721.0,2951538.24,207720.42,4.23,65.43,60.9,1221765.85,6870.1,4890.599999999999,2220.779220779221,6.840259649122808,1.2283698830409358,5.611889766081871,7.402597402597403,16.302,3199730.95,3038782.3400000003,160948.60999999987,5.453041665487616,15993.885833333334,0.040176023391812865,4.580066666666666,13740.2,38.23317444814528,9.73,0.9,489.05999999999983,2.8499999999999996,5.398601398601399,67.24890829694323,10491.690000000002,202418.32,5575.283999999999,2854.5448
96,25,7500,petrol,17.8,99.94,0.147,6.95,0.764,2.31,42109.55,7662.38,34447.17,973.31,842.31,131.0,2-wheeler,10,300,low,3,0.18,0.82,3.86,73.6,0.79,0.21,0.03,home/slow-dominant,0.41,11483.78,6904.86,10482.95,5103.35,106210.59,184788.55,40046.76,1.7,6.24,20.6,210716.75,655.0,1102.5,421.34831460674155,5.614606666666667,1.0216506666666667,4.592956,1.4044943820224718,3.675,374177.24,242038.44999999998,132138.79,71.5081048041126,2870.5975,0.017466666666666665,0.43666666666666665,1310.0,3.645176818901494,7.370000000000001,0.9,110.24999999999997,2.6400000000000006,5.006802721088436,77.72925764192141,4578.920000000001,39026.09,463.04999999999995,496.96290000000005
97,65,19500,petrol,19.5,104.33,0.17,8.0,0.731,2.31,104330.0,26520.0,77810.0,2310.0,2423.27,-113.27,4-wheeler,5,300,high,5,0.36,0.64,23.06,83.7,0.64,0.36,0.15,mixed,0.18,16700.44,9802.96,104283.84,13873.44,847798.27,1315822.14,87482.17,4.16,-5.39,7.0,541694.69,-566.35,3315.0000000000005,1000.0,5.35025641025641,1.36,3.9902564102564098,3.3333333333333335,11.05,1452950.47,1379279.66,73670.81000000006,5.598842560895051,6484.166666666667,-0.0058087179487179485,-0.37756666666666666,-1132.7,-3.1518257883738334,8.719999999999999,0.9,331.5,3.2599999999999993,4.923529411764706,85.15283842794761,6897.48,84707.48,2386.8,1987.0814
98,113,33900,diesel,17.3,90.9,0.112,6.23,0.757,2.68,178121.97,23654.06,154467.91,5251.56,2874.18,2377.38,4-wheeler,7,300,high,4,0.44,0.56,31.37,83.2,0.83,0.17,0.02,home/slow-dominant,0.13,18117.75,10114.31,95830.86,12394.19,836520.27,1345665.1,164950.19,2.51,113.21,70.3,920581.81,11886.9,3796.8,1959.5375722543351,5.254335398230088,0.6977598820058998,4.556575516224188,6.53179190751445,12.656,1817718.87,1406281.9000000001,411436.97,30.574990017947258,12872.325833333334,0.070129203539823,7.924600000000001,23773.800000000003,66.15244630320637,6.57,0.9,379.67999999999995,2.3999999999999995,7.428571428571429,75.54585152838429,8003.4400000000005,162471.35,1290.9120000000003,2500.5366
99,104,31200,petrol,12.4,99.14,0.169,8.18,0.731,2.31,249449.03,43131.5,206317.53,5812.26,3854.42,1957.84,2-wheeler,10,300,high,4,0.36,0.64,3.61,70.0,0.97,0.03,0.0,home/slow-dominant,0.14,11193.7,6997.67,19245.34,3849.53,110075.74,208527.04,211283.47,0.37,93.23,67.0,1075662.69,9789.2,5272.8,2516.1290322580644,7.995161217948718,1.3824198717948717,6.612741346153847,8.387096774193548,17.576,1413289.3900000001,436078.01999999996,977211.3700000001,468.62573314233015,17193.1275,0.06275128205128205,6.526133333333333,19578.399999999998,54.47841971845878,8.24,0.9,527.2799999999999,3.0,4.1420118343195265,54.14847161572053,4196.030000000001,210513.56,316.368,3314.8012
100,97,29100,petrol,13.3,105.41,0.135,7.13,0.56,2.31,230633.91,28010.21,202623.7,5054.21,2199.96,2854.25,4-wheeler,11,300,high,4,0.66,0.34,45.88,70.0,0.6,0.4,0.08,mixed,0.09,19112.31,12951.05,105275.45,12243.05,888127.97,1402714.96,211233.57,1.94,135.92,71.4,1161443.3,14271.25,3928.5000000000005,2187.96992481203,7.925563917525773,0.9625501718213059,6.963013745704467,7.293233082706767,13.095,2136859.0700000003,1490002.76,646856.3100000003,46.11459408688422,16885.308333333334,0.09808419243986255,9.514166666666666,28542.5,79.42172469732512,7.93,0.9,392.84999999999997,2.727272727272727,5.185185185185184,58.07860262008734,6161.260000000002,208784.96000000002,3142.8000000000006,2001.9636
101,56,16800,petrol,14.0,106.51,0.162,8.86,0.613,2.31,127812.0,24113.38,103698.62,2772.0,1668.34,1103.66,2-wheeler,14,300,high,4,0.54,0.46,3.95,70.0,0.86,0.14,0.01,home/slow-dominant,0.36,14015.97,7773.7,12966.51,5496.6,101424.4,143084.19,111040.21,0.26,52.56,57.8,568167.56,5518.3,2721.6,1200.0,7.607857142857143,1.4353202380952381,6.172536904761905,4.0,9.072,810564.25,284056.48000000004,526507.77,367.97061226680603,8641.551666666666,0.06569404761904762,3.678866666666667,11036.6,30.710197312586434,9.139999999999999,0.9,272.1599999999999,2.142857142857143,4.320987654320987,61.13537117903931,6242.2699999999995,109940.89,762.048,1067.7376
102,109,32700,diesel,18.2,89.1,0.148,6.03,0.594,2.68,160086.26,29182.79,130903.47,4815.16,2874.72,1940.44,4-wheeler,5,300,high,4,0.55,0.45,50.22,84.5,0.62,0.38,0.07,mixed,0.08,15237.71,9991.77,107290.19,13995.36,907892.93,1412452.43,138948.48,2.86,92.4,65.0,802032.59,9702.2,4839.599999999999,1796.7032967032967,4.895604281345566,0.8924400611620795,4.0031642201834865,5.989010989010989,16.131999999999998,1784512.78,1487039.68,297473.1000000001,21.060751759264566,10908.6225,0.059340672782874616,6.468133333333333,19404.4,53.994251194421494,6.790000000000001,0.9,483.95999999999987,3.1,5.70945945945946,79.47598253275109,5245.939999999999,136149.41,3678.0959999999995,2644.7424
103,37,11100,petrol,19.7,101.84,0.157,7.51,0.554,2.31,57381.93,13087.68,44294.25,1301.57,965.46,336.11,4-wheeler,4,300,medium,3,0.23,0.77,32.63,92.6,0.57,0.43,0.05,mixed,0.16,16133.42,8243.21,108666.28,13457.53,897553.17,1338735.17,54875.97,6.06,16.01,24.3,383046.13,1680.55,1742.7,563.4517766497462,5.169543243243243,1.1790702702702702,3.990472972972973,1.8781725888324874,5.809,1265129.92,1323265.8099999998,-58135.8899999999,-4.342598245177939,3691.1875,0.03028018018018018,1.1203666666666667,3361.1000000000004,9.352521989320467,8.37,0.9,174.26999999999995,1.8500000000000014,5.898089171974521,86.02620087336244,7890.210000000001,52184.46,1498.722,810.9864
104,74,22200,petrol,13.0,102.42,0.148,7.82,0.566,2.31,174901.85,25693.39,149208.46,3944.77,1859.65,2085.12,4-wheeler,11,300,high,4,0.58,0.42,43.47,70.5,0.66,0.34,0.15,mixed,0.34,20390.44,11583.73,107196.3,12693.04,861584.62,1368438.12,160553.78,2.49,99.29,74.2,909965.2,10425.6,3285.6,1707.6923076923076,7.878461711711712,1.15735990990991,6.721101801801803,5.6923076923076925,10.952,1838046.07,1434934.3800000001,403111.68999999994,29.45779455486083,12434.038333333332,0.09392432432432432,6.950399999999999,20851.199999999997,58.02008464601437,8.5,0.9,328.55999999999995,2.6818181818181817,4.763513513513513,56.76855895196506,8806.71,158015.16999999998,2234.208,1227.369
105,114,34200,diesel,15.2,91.01,0.138,7.44,0.65,2.68,204772.5,35113.82,169658.68,6030.0,3067.74,2962.26,fleet/commercial,9,300,high,4,0.46,0.54,44.41,76.2,0.21,0.79,0.61,fast-dominant,0.05,28445.83,17836.92,179576.64,26472.61,1797867.17,2807008.55,185562.11,4.47,141.06,70.4,1107387.19,14811.3,4719.6,2250.0,5.9875,1.0267198830409356,4.960780116959064,7.5,15.732000000000001,2963958.8200000003,2865713.0,98245.8200000003,3.500018551778202,14138.223333333333,0.08661578947368422,9.8742,29622.600000000002,82.42718689739802,9.020000000000001,0.9,471.9599999999999,2.644444444444444,5.521739130434782,66.37554585152839,10608.910000000003,180267.59,7456.968000000001,2914.3529999999996
106,102,30600,petrol,16.0,105.11,0.149,6.78,0.76,2.31,201022.88,30912.73,170110.15,4417.88,3465.14,952.74,4-wheeler,11,300,high,3,0.66,0.34,37.72,71.2,0.8,0.2,0.08,home/slow-dominant,0.42,21182.92,12714.07,103799.65,12366.46,867180.46,1308765.94,181052.29,1.87,45.37,55.4,1009061.1,4763.7,4559.4,1912.5,6.569375163398693,1.010219934640523,5.55915522875817,6.375,15.197999999999999,1978209.46,1410733.83,567475.6299999999,43.35959644548817,14175.845833333333,0.03113529411764706,3.1758,9527.4,26.510731010993965,7.180000000000001,0.9,455.9399999999999,2.6181818181818177,4.778523489932887,69.86899563318778,8468.849999999999,178579.0,1823.76,2009.7812000000001
107,118,35400,petrol,15.4,104.76,0.134,7.53,0.743,2.31,240811.95,35719.31,205092.64,5310.0,3524.49,1785.51,4-wheeler,9,300,high,4,0.66,0.34,50.51,79.0,0.74,0.26,0.05,home/slow-dominant,0.38,18637.53,11048.2,108722.23,11115.46,852698.17,1318329.45,214905.06,1.66,85.02,72.0,1183247.53,8927.55,4743.6,2298.7012987012986,6.802597457627119,1.009020056497175,5.793577401129944,7.662337662337662,15.812000000000001,2149945.5700000003,1432329.31,717616.2600000002,54.43375781372405,17091.053333333333,0.050438135593220336,5.9517,17855.1,49.683203526082494,8.05,0.9,474.35999999999996,2.3333333333333335,5.895522388059701,67.24890829694323,7589.329999999998,212681.97,2466.6720000000005,2185.1838
108,12,3600,diesel,19.2,92.77,0.175,7.77,0.573,2.68,17394.38,4895.1,12499.28,502.5,360.99,141.51,4-wheeler,5,300,low,1,0.2,0.8,48.35,81.5,0.6,0.4,0.09,mixed,0.14,15306.57,10271.03,99809.97,12580.35,843389.5,1340227.82,20050.89,19.8,6.74,13.0,200064.42,707.55,630.0,187.5,4.831772222222223,1.35975,3.472022222222223,0.625,2.1,1006894.25,1303668.15,-296773.8999999999,-22.14354123763823,1041.6066666666668,0.039308333333333334,0.47169999999999995,1415.1,3.9376257377309187,8.57,0.9,62.999999999999986,3.7,4.6571428571428575,83.84279475982534,5035.539999999999,17534.82,504.0,310.4514
109,73,21900,petrol,20.8,102.11,0.154,6.64,0.667,2.31,107510.05,22394.06,85115.99,2432.16,2249.52,182.64,4-wheeler,6,300,high,5,0.67,0.33,59.64,83.9,0.55,0.45,0.14,mixed,0.28,17558.93,9944.53,107300.42,14721.92,853179.84,1318165.6,95674.77,3.74,8.7,20.0,585674.27,913.2,3372.6,1052.8846153846152,4.909134703196347,1.0225598173515982,3.886574885844749,3.509615384615384,11.241999999999999,1478524.74,1357836.2100000002,120688.5299999998,9.155794234047663,7092.999166666667,0.00833972602739726,0.6088,1826.3999999999999,5.082099955757014,7.540000000000001,0.9,337.25999999999993,2.6833333333333322,5.4480519480519485,90.82969432314411,7614.4,92730.39,3035.34,1619.6544
110,50,15000,diesel,21.9,95.13,0.175,8.13,0.756,2.68,65157.53,21341.25,43816.28,1835.62,1984.5,-148.88,2-wheeler,6,300,medium,3,0.49,0.51,2.97,78.2,0.94,0.06,0.0,home/slow-dominant,0.48,9838.84,4425.6,10142.13,4005.2,147367.89,214408.97,50030.56,1.14,-7.09,15.8,260294.93,-744.4,2625.0,684.9315068493152,4.343835333333333,1.42275,2.921085333333333,2.2831050228310503,8.75,522349.74,329095.88999999996,193253.85000000003,90.13328593481889,3651.3566666666666,-0.009925333333333333,-0.49626666666666663,-1488.8,-4.142701716015682,8.25,0.9,262.49999999999994,3.633333333333333,4.468571428571429,95.63318777292577,5413.24,49229.52,315.0,1031.94
111,60,18000,petrol,13.5,107.67,0.165,8.29,0.707,2.31,143560.0,24621.3,118938.7,3080.0,2099.79,980.21,4-wheeler,11,300,high,3,0.3,0.7,40.93,70.0,0.61,0.39,0.08,mixed,0.19,21074.8,12696.74,95054.7,11335.82,864409.61,1369558.0,129583.92,3.16,46.68,49.1,742974.3,4901.05,2970.0,1333.3333333333333,7.975555555555555,1.36785,6.6077055555555555,4.444444444444444,9.9,1687583.6099999999,1449757.68,237825.92999999993,17.365159416395652,9911.558333333332,0.054456111111111115,3.2673666666666668,9802.1,27.275105111873536,9.07,0.9,296.99999999999994,2.727272727272727,4.242424242424242,58.951965065502186,8378.06,127316.76,2316.6,1700.8299000000002
112,12,3600,petrol,12.4,99.87,0.166,7.7,0.569,2.31,28994.52,4601.52,24393.0,670.65,340.03,330.62,2-wheeler,11,300,low,1,0.16,0.84,3.15,70.0,0.89,0.11,0.01,home/slow-dominant,0.19,12779.48,6726.37,21395.67,5039.97,148221.03,175474.31,31454.1,0.19,15.74,24.7,178666.17,1653.1,597.6,290.3225806451613,8.054033333333333,1.2782000000000002,6.775833333333333,0.9677419354838709,1.992,357091.03,205678.12000000002,151412.91,86.28779335277056,2032.75,0.09183888888888889,1.1020666666666667,3306.2,9.199758472253526,7.920000000000001,0.9,59.75999999999999,2.727272727272727,4.216867469879517,54.14847161572053,6053.11,30446.11,131.472,275.4243
113,117,35100,petrol,14.5,100.85,0.151,8.52,0.593,2.31,244126.55,45156.85,198969.7,5591.79,3142.96,2448.83,fleet/commercial,11,300,high,4,0.44,0.56,62.03,70.0,0.28,0.72,0.43,fast-dominant,0.11,30944.65,19813.01,186421.71,25075.5,1858959.41,2877223.49,215116.44,3.87,116.61,70.0,1262003.91,12244.15,5300.099999999999,2420.689655172414,6.955172364672364,1.286519943019943,5.668652421652421,8.068965517241379,17.666999999999998,3234315.41,2990575.58,243739.83000000007,8.471355487230506,16580.808333333334,0.06976723646723647,8.162766666666666,24488.3,68.14059808725607,9.96,0.9,530.0099999999999,2.727272727272727,4.635761589403973,63.31877729257642,11131.640000000003,210101.34000000003,7632.143999999999,2797.2344000000003
114,23,6900,diesel,21.5,96.8,0.153,7.71,0.772,2.68,31066.05,8139.45,22926.6,860.09,815.0,45.09,4-wheeler,6,300,low,2,0.27,0.73,54.56,81.8,0.75,0.25,0.06,home/slow-dominant,0.46,15730.45,9478.96,106834.66,11975.08,858892.23,1368408.93,31573.11,12.75,2.15,19.0,264700.21,225.45,1055.7,320.93023255813955,4.502326086956522,1.1796304347826088,3.3226956521739135,1.0697674418604652,3.519,1092874.73,1337691.24,-244816.51,-17.890595759266205,1910.55,0.006534782608695652,0.15030000000000002,450.90000000000003,1.2546642959104455,8.21,0.9,105.56999999999998,3.0333333333333337,5.34640522875817,93.88646288209608,6251.490000000002,29178.09,527.85,440.1
115,53,15900,petrol,18.2,101.46,0.116,7.27,0.584,2.31,88638.13,13408.79,75229.34,2018.08,1077.13,940.95,4-wheeler,9,300,medium,3,0.24,0.76,48.0,80.1,0.66,0.34,0.1,mixed,0.3,18925.74,10897.71,108950.4,12188.36,907860.78,1432769.24,85695.04,4.85,44.81,51.4,537425.6,4704.75,1844.4,873.6263736263736,5.574725157232705,0.8433201257861636,4.731405031446542,2.912087912087912,6.148000000000001,1445680.1300000001,1433162.98,12517.15000000014,0.873633356338676,6269.111666666667,0.05917924528301887,3.1365000000000003,9409.5,26.182665097292833,7.949999999999999,0.9,184.43999999999997,2.2111111111111117,6.905172413793102,79.47598253275109,8028.0300000000025,83257.37,1254.1920000000002,753.991
116,112,33600,petrol,13.1,100.47,0.157,7.58,0.655,2.31,257694.05,39986.02,217708.03,5924.89,3455.26,2469.63,fleet/commercial,11,300,high,3,0.38,0.62,84.12,70.1,0.18,0.82,0.4,fast-dominant,0.04,31411.23,19763.03,176768.59,26308.81,1828887.12,2766418.16,234617.99,3.24,117.6,68.1,1349858.54,12348.15,5275.2,2564.885496183206,7.669465773809524,1.190060119047619,6.479405654761905,8.549618320610687,17.584,3274413.52,2862086.0100000002,412327.5099999998,14.904742745037494,18142.335833333334,0.07350089285714285,8.2321,24696.300000000003,68.71937425392134,9.22,0.9,527.5199999999999,2.7181818181818187,4.464968152866242,57.20524017467249,11648.2,229356.23,8651.328,3317.0496000000003
117,40,12000,petrol,19.2,106.43,0.112,7.64,0.587,2.31,66518.75,10268.16,56250.59,1443.75,788.93,654.82,4-wheeler,5,300,medium,3,0.29,0.71,29.73,92.4,0.63,0.37,0.17,mixed,0.3,15248.3,9856.77,98479.77,13178.75,906811.79,1388088.35,64277.87,5.96,31.18,41.4,419869.12,3274.1,1344.0,625.0,5.543229166666666,0.85568,4.687549166666667,2.0833333333333335,4.48,1315647.04,1377054.48,-61407.439999999944,-4.42388555454701,4687.549166666667,0.05456833333333334,2.1827333333333336,6548.200000000001,18.22087545460364,8.38,0.9,134.39999999999998,1.519999999999999,8.25,83.84279475982534,5391.529999999999,61642.119999999995,994.56,552.251
118,33,9900,petrol,14.7,103.92,0.127,7.25,0.607,2.31,69986.94,9115.42,60871.52,1555.71,763.18,792.53,2-wheeler,9,300,medium,3,0.33,0.67,5.06,81.8,0.79,0.21,0.03,home/slow-dominant,0.26,11956.45,5854.29,23555.87,3465.66,95622.33,184252.06,67666.81,0.96,37.74,45.0,361889.92,3962.65,1257.3,673.469387755102,7.069387878787879,0.920749494949495,6.148638383838383,2.2448979591836733,4.191,505339.28,232079.08,273260.20000000007,148.30781267791528,5072.626666666666,0.08005353535353535,2.6417666666666664,7925.299999999999,22.052763238809167,7.67,0.9,125.72999999999996,2.0222222222222226,6.440944881889763,64.19213973799127,6102.160000000001,66973.68,528.0659999999999,564.7532
119,44,13200,diesel,22.0,93.82,0.123,8.42,0.675,2.68,56292.0,13670.71,42621.29,1608.0,1095.93,512.07,4-wheeler,6,300,medium,3,0.55,0.45,24.27,85.8,0.7,0.3,0.13,home/slow-dominant,0.3,16477.15,10337.04,97658.54,13870.15,856331.52,1320383.75,51535.43,7.11,24.38,36.4,355335.69,2560.35,1623.6,600.0,4.264545454545455,1.0356598484848485,3.228885606060606,2.0,5.412,1220177.27,1328893.81,-108716.54000000004,-8.233707814110863,3551.7741666666666,0.038793181818181824,1.7069,5120.700000000001,14.24874575309075,9.02,0.9,162.35999999999996,2.366666666666667,6.975609756097561,96.06986899563319,6140.110000000001,48761.4,974.1599999999999,767.151
120,22,6600,petrol,21.0,102.1,0.147,7.78,0.642,2.31,32088.57,7548.16,24540.41,726.0,622.87,103.13,2-wheeler,3,300,low,2,0.27,0.73,5.11,86.6,0.9,0.1,0.01,home/slow-dominant,0.45,5645.53,3225.27,20233.44,2766.15,145943.68,185566.8,27513.9,0.7,4.91,20.7,157802.94,515.65,970.1999999999999,314.2857142857143,4.8619045454545455,1.143660606060606,3.7182439393939397,1.0476190476190477,3.234,334614.18,216434.36,118179.82,63.6858640662015,2045.0341666666666,0.015625757575757574,0.34376666666666666,1031.3,2.869672407124512,7.98,0.9,97.01999999999997,4.466666666666669,5.891156462585034,91.70305676855895,2420.2599999999998,26960.67,194.04,342.5785
121,61,18300,diesel,20.3,97.37,0.134,6.32,0.739,2.68,87776.9,15497.9,72279.0,2415.96,1812.18,603.78,fleet/commercial,6,300,high,4,0.65,0.35,56.45,84.0,0.26,0.74,0.39,fast-dominant,0.1,27131.25,17391.49,182956.95,27128.26,1795624.84,2742153.99,87444.41,8.73,28.75,33.5,620179.0,3018.9,2452.2000000000003,901.4778325123152,4.796551912568305,0.846879781420765,3.9496721311475405,3.004926108374384,8.174000000000001,2370165.59,2696515.7300000004,-326350.1400000006,-11.90123316159938,6023.25,0.03299344262295082,2.0126,6037.799999999999,16.800647784094227,7.800000000000001,0.9,245.21999999999997,2.6666666666666665,6.26865671641791,88.646288209607,9739.759999999998,82018.76,3629.2560000000003,1630.962
122,24,7200,petrol,16.1,107.79,0.18,7.36,0.685,2.31,48204.22,9538.56,38665.66,1033.04,887.76,145.28,4-wheeler,7,300,low,2,0.16,0.84,33.95,76.2,0.55,0.45,0.08,mixed,0.3,16454.57,10891.99,96247.91,11701.29,880520.91,1331598.81,46568.5,7.62,6.92,18.3,329090.41,726.4,1296.0,447.20496894409933,6.695030555555555,1.3248,5.370230555555556,1.4906832298136645,4.32,1203814.86,1325802.36,-121987.5,-9.160979950109747,3222.138333333334,0.020177777777777777,0.4842666666666667,1452.8,4.042528917939,8.260000000000002,0.9,129.59999999999997,3.3999999999999995,4.233333333333333,70.3056768558952,5562.58,44228.240000000005,1166.4,621.4319999999999
123,79,23700,petrol,16.0,99.31,0.154,7.02,0.736,2.31,147102.94,25621.6,121481.34,3421.69,2686.25,735.44,4-wheeler,8,300,high,5,0.43,0.57,41.46,77.0,0.73,0.27,0.13,home/slow-dominant,0.36,18315.54,10458.39,99278.95,14130.48,870369.6,1366829.94,132164.59,3.01,35.02,45.9,760101.9,3677.2,3649.7999999999997,1481.25,6.206875105485232,1.0810801687763711,5.125794936708861,4.9375,12.165999999999999,1697462.0,1433820.46,263641.54000000004,19.288540021299216,10123.445,0.031031223628691984,2.4514666666666667,7354.400000000001,20.46418961597645,7.559999999999999,0.9,364.9799999999999,2.875,5.0,69.86899563318778,7857.1500000000015,129338.48999999999,1970.892,1719.2
124,46,13800,petrol,17.1,104.89,0.18,6.12,0.629,2.31,84648.07,15202.08,69445.99,1864.21,1562.44,301.77,2-wheeler,9,300,medium,3,0.39,0.61,5.29,71.6,0.89,0.11,0.01,home/slow-dominant,0.39,10255.59,6254.01,17805.58,4155.24,143655.27,189343.54,74278.62,0.38,14.37,29.1,389198.68,1508.85,2484.0,807.0175438596491,6.13391811594203,1.1016,5.032318115942029,2.690058479532164,8.28,618173.5700000001,274663.17,343510.4000000001,181.4217691292769,5787.1658333333335,0.021867391304347825,1.0059,3017.7,8.396984798777892,6.340000000000001,0.9,248.39999999999995,3.1555555555555563,3.977777777777778,74.67248908296943,4001.58,73447.57,546.48,953.0884
125,84,25200,petrol,12.3,100.78,0.12,7.72,0.743,2.31,206476.1,23345.28,183130.82,4732.68,2246.83,2485.85,4-wheeler,10,300,high,4,0.49,0.51,23.82,76.7,0.89,0.11,0.06,home/slow-dominant,0.16,20572.48,11075.83,107785.25,13732.83,896300.97,1357442.54,195374.04,1.81,118.37,71.9,1084655.45,12429.25,3024.0,2048.780487804878,8.193496031746031,0.9264,7.267096031746031,6.829268292682926,10.08,2031543.87,1408030.01,623513.8600000001,45.932983653216006,15260.901666666667,0.09864484126984127,8.286166666666666,24858.5,69.17070836081129,7.9399999999999995,0.9,302.3999999999999,2.3299999999999996,6.391666666666667,53.7117903930131,9496.65,192627.47,665.28,1887.3372
126,114,34200,petrol,17.9,102.45,0.181,6.01,0.577,2.31,195742.46,37203.1,158539.36,4413.52,3571.75,841.77,4-wheeler,7,300,high,3,0.4,0.6,35.38,76.5,0.76,0.24,0.08,home/slow-dominant,0.43,16750.14,10437.75,105613.08,12926.21,885757.49,1364518.11,167436.99,2.23,40.08,52.1,942798.03,4208.85,6190.2,1910.614525139665,5.7234637426900585,1.0878099415204678,4.635653801169591,6.368715083798883,20.634,1948220.49,1484183.07,464037.4199999999,34.00742112539641,13211.613333333333,0.02461315789473684,2.8059,8417.7,23.422904510280233,6.489999999999999,0.9,619.0199999999999,3.357142857142857,4.226519337016575,78.16593886462881,6312.389999999999,164851.75,2971.296,2035.8975000000003
127,108,32400,petrol,18.3,106.88,0.146,7.45,0.753,2.31,189230.16,35241.48,153988.68,4089.84,3561.99,527.85,fleet/commercial,4,300,high,4,0.36,0.64,82.83,86.8,0.34,0.66,0.39,fast-dominant,0.21,24343.52,15585.84,184328.25,26668.01,1803922.4,2843917.73,168079.96,5.09,25.14,34.4,1024728.05,2639.25,4730.4,1770.4918032786884,5.840437037037037,1.0877000000000001,4.752737037037037,5.9016393442622945,15.767999999999999,2871790.8,2887058.0700000003,-15267.270000000484,-0.5368393691191793,12832.39,0.016291666666666666,1.7595,5278.5,14.687836517993539,8.77,0.9,473.03999999999985,3.3000000000000007,5.9452054794520555,79.91266375545852,8757.68,162746.36,6244.128,2813.9721
128,45,13500,petrol,17.3,99.66,0.135,8.68,0.705,2.31,77769.36,15819.3,61950.06,1802.6,1284.86,517.74,4-wheeler,8,300,medium,2,0.42,0.58,37.05,81.0,0.75,0.25,0.07,home/slow-dominant,0.13,17109.93,10980.4,102440.49,11319.19,851332.2,1307228.3,70343.43,5.02,24.65,31.6,454157.64,2588.7,1822.5000000000002,780.3468208092485,5.760693333333333,1.1718,4.588893333333333,2.6011560693641615,6.075000000000001,1325728.65,1327467.12,-1738.470000000205,-0.13298901194230608,5162.505,0.038351111111111114,1.7258,5177.4,14.406517910061522,9.18,0.9,182.24999999999997,2.375,6.0,75.54585152838429,6129.530000000001,68079.59,911.2500000000001,1117.8282
129,45,13500,petrol,16.7,101.58,0.117,6.25,0.743,2.31,82115.57,9871.88,72243.69,1867.37,1173.57,693.8,2-wheeler,8,300,medium,3,0.34,0.66,2.7,83.5,0.96,0.04,0.0,home/slow-dominant,0.35,11570.41,6416.21,14480.26,4906.2,106874.22,190670.34,78379.13,0.88,33.04,44.2,406375.91,3469.0,1579.5,808.3832335329341,6.082634814814815,0.7312503703703703,5.351384444444445,2.694610778443114,5.265,575304.12,252724.32999999996,322579.79000000004,169.18194513105712,6020.3075,0.05139259259259259,2.3126666666666664,6938.0,19.305524251556154,6.33,0.9,157.94999999999996,2.0625,7.136752136752136,72.92576419213974,5154.2,77397.89,126.36,762.8205
130,54,16200,petrol,15.8,100.33,0.15,7.74,0.628,2.31,102870.0,18808.2,84061.8,2368.48,1526.04,842.44,4-wheeler,12,300,medium,4,0.37,0.63,38.14,70.0,0.84,0.16,0.05,home/slow-dominant,0.2,21508.57,11919.21,96788.67,11222.19,852549.74,1309079.27,95895.6,3.75,40.12,45.3,576266.67,4212.2,2430.0,1025.3164556962024,6.35,1.161,5.189,3.4177215189873413,8.1,1474442.59,1354705.4600000002,119737.12999999989,9.146667642212368,7005.150000000001,0.05200246913580247,2.8081333333333336,8424.400000000001,23.441547781033396,8.06,0.9,242.99999999999994,2.5,4.666666666666667,68.99563318777294,9589.36,93651.16,777.6,1220.832
131,90,27000,petrol,17.5,101.41,0.137,8.19,0.758,2.31,156461.14,30294.81,126166.33,3564.0,2803.84,760.16,4-wheeler,6,300,high,4,0.46,0.54,36.65,87.3,0.66,0.34,0.06,mixed,0.34,17079.99,9800.47,101136.14,11594.97,835746.52,1318194.4,135764.84,2.81,36.2,46.3,779960.34,3800.8,3699.0000000000005,1542.857142857143,5.794857037037038,1.12203,4.672827037037038,5.142857142857143,12.330000000000002,1703452.17,1405939.69,297512.48,22.56969685199694,10513.860833333334,0.028154074074074074,2.5338666666666665,7601.599999999999,21.152042829436333,8.870000000000001,0.9,369.9,2.116666666666667,6.372262773722627,76.41921397379913,7279.520000000002,133445.85,2515.3200000000006,1850.5343999999998
132,64,19200,petrol,14.2,106.84,0.165,6.43,0.588,2.31,144459.72,20370.24,124089.48,3123.38,1862.78,1260.6,4-wheeler,9,300,high,3,0.58,0.42,56.79,72.8,0.63,0.37,0.2,mixed,0.31,18748.57,11627.87,95427.78,13307.16,867148.42,1328196.51,133871.61,2.73,60.03,60.6,764785.83,6303.0,3168.0,1352.1126760563382,7.52394375,1.06095,6.46299375,4.507042253521127,10.56,1683189.87,1379452.12,303737.75,22.868434581265387,10340.789999999999,0.06565625,4.202,12606.0,35.07717479318491,7.17,0.9,316.79999999999995,3.0222222222222226,4.412121212121212,62.00873362445415,7120.699999999999,131210.18,2344.32,1285.3182
133,72,21600,petrol,20.3,103.61,0.118,8.39,0.562,2.31,110245.12,21384.43,88860.69,2457.93,1432.43,1025.5,4-wheeler,5,300,high,3,0.43,0.57,50.95,86.0,0.64,0.36,0.05,mixed,0.11,15689.35,10112.73,98165.84,13957.65,839023.91,1317656.94,97228.84,3.91,48.83,48.8,584310.04,5127.5,2548.7999999999997,1064.039408866995,5.1039407407407404,0.9900199074074074,4.113920833333333,3.54679802955665,8.495999999999999,1468696.26,1363019.25,105677.01000000001,8.020070079849464,7405.0575,0.04747685185185185,3.4183333333333334,10255.0,28.535334563232688,9.11,0.9,254.8799999999999,2.8,7.288135593220339,88.646288209607,5576.620000000001,94437.31,1835.1359999999997,1274.8627000000001
134,94,28200,petrol,20.5,103.42,0.125,6.37,0.719,2.31,142265.56,22454.25,119811.31,3177.66,2534.47,643.19,4-wheeler,8,300,high,4,0.36,0.64,41.19,82.6,0.73,0.27,0.1,home/slow-dominant,0.43,17064.05,10679.61,101487.25,11305.01,894115.38,1398490.78,128456.75,3.14,30.63,45.0,743771.0,3215.95,3525.0,1375.6097560975609,5.044878014184397,0.79625,4.248628014184398,4.585365853658536,11.75,1690763.43,1451367.82,239395.60999999987,17.118140028066534,9984.275833333333,0.022808156028368796,2.143966666666667,6431.900000000001,17.897261665261468,6.91,0.9,352.49999999999994,2.1750000000000007,6.608,89.51965065502185,6384.439999999999,126195.75,1903.5000000000002,1444.6479
135,42,12600,petrol,18.6,104.94,0.14,7.25,0.581,2.31,71088.39,12789.0,58299.39,1564.84,1024.88,539.96,fleet/commercial,6,300,medium,2,0.23,0.77,89.42,82.8,0.45,0.55,0.19,mixed,0.09,26643.62,17029.92,181279.08,27683.06,1927031.16,2819043.52,73449.7,9.68,25.71,31.3,548527.58,2699.8,1764.0000000000002,677.4193548387096,5.641935714285714,1.015,4.626935714285715,2.258064516129032,5.880000000000001,2415691.21,2759175.98,-343484.77,-12.184443679677567,4858.2825,0.042853968253968255,1.7998666666666667,5399.6,15.024806680412603,8.350000000000001,0.9,176.39999999999998,2.866666666666667,5.914285714285714,81.2227074235808,9613.7,67913.09,1940.4000000000003,932.6408000000001
136,41,12300,diesel,20.0,92.96,0.158,7.68,0.671,2.68,57170.4,14925.31,42245.09,1648.2,1304.02,344.18,4-wheeler,6,300,medium,2,0.53,0.47,39.68,82.9,0.73,0.27,0.09,home/slow-dominant,0.39,15892.6,9909.64,95664.43,14894.43,907481.45,1378208.55,51206.94,7.32,16.39,31.7,351699.13,1720.9,1943.4,615.0,4.648,1.213439837398374,3.4345601626016258,2.05,6.478000000000001,1272796.45,1391824.4400000002,-119027.99000000022,-8.6364280645335,3520.424166666666,0.027982113821138212,1.1472666666666667,3441.8,9.577076011675697,8.219999999999999,0.9,194.33999999999997,2.849999999999999,5.246835443037975,87.33624454148472,5982.960000000001,48228.049999999996,1049.4360000000001,795.4522
137,62,18600,petrol,17.5,103.35,0.116,7.51,0.673,2.31,109846.29,16203.58,93642.71,2455.2,1452.06,1003.14,4-wheeler,8,300,high,4,0.62,0.38,24.21,78.1,0.57,0.43,0.17,mixed,0.2,19145.15,10525.25,103835.9,13423.8,909279.83,1372015.59,104947.37,3.42,47.77,50.3,628572.75,5015.7,2157.6,1062.857142857143,5.905714516129032,0.8711602150537634,5.034554301075268,3.542857142857143,7.191999999999999,1554237.0299999998,1388400.0400000003,165836.98999999953,12.087106823618491,7803.559166666667,0.053932258064516125,3.3438,10031.4,27.913150184067515,8.37,0.9,215.75999999999993,2.7375000000000007,6.732758620689654,76.41921397379913,8619.900000000001,102262.61000000002,1855.5359999999998,1161.648
138,10,3000,petrol,12.2,101.77,0.188,6.69,0.674,2.31,25025.41,3773.16,21252.25,568.03,380.14,187.89,4-wheeler,10,300,low,2,0.15,0.85,31.97,72.6,0.8,0.2,0.03,home/slow-dominant,0.22,20211.79,11159.65,103245.26,12924.97,870365.23,1342218.72,32889.38,11.21,8.95,18.6,267692.16,939.45,564.0,245.90163934426232,8.341803333333333,1.25772,7.084083333333333,0.8196721311475411,1.88,1096551.23,1300712.54,-204161.31000000006,-15.210733314761104,1771.0208333333333,0.06262999999999999,0.6263,1878.8999999999999,5.228185286285509,7.090000000000001,0.9,56.399999999999984,2.7400000000000007,3.861702127659574,53.275109170305676,9052.140000000001,30304.39,225.60000000000002,296.5092
139,45,13500,petrol,19.4,103.46,0.17,8.04,0.72,2.31,71995.36,18451.8,53543.56,1607.47,1652.4,-44.93,4-wheeler,5,300,medium,3,0.31,0.69,38.57,84.3,0.83,0.17,0.06,home/slow-dominant,0.16,15541.18,9388.85,96171.56,13965.58,861682.05,1377487.44,62489.01,6.72,-2.14,7.6,408616.61,-224.65,2295.0,695.8762886597939,5.33298962962963,1.3668,3.9661896296296297,2.3195876288659796,7.65,1299364.75,1406553.5499999998,-107188.79999999981,-7.781472040137063,4461.963333333333,-0.0033281481481481482,-0.14976666666666666,-449.3,-1.2502121715514818,8.379999999999999,0.9,229.49999999999994,3.1400000000000006,4.958823529411764,84.71615720524017,6152.33,59695.89,780.3000000000001,1388.016
140,56,16800,diesel,22.5,91.83,0.147,7.43,0.562,2.68,68566.4,18349.13,50217.27,2001.07,1387.92,613.15,fleet/commercial,4,300,high,5,0.34,0.66,47.85,85.0,0.27,0.73,0.54,fast-dominant,0.05,24163.22,15434.15,189147.45,25313.43,1908159.13,3006510.93,64009.03,14.2,29.2,32.3,509192.6,3065.75,2469.6,746.6666666666666,4.081333333333333,1.092210119047619,2.9891232142857143,2.488888888888889,8.232,2371807.23,2960966.4499999997,-589159.2199999997,-19.59611103093511,4184.7725,0.036497023809523806,2.043833333333333,6131.5,17.061375316866037,8.89,0.9,246.95999999999992,3.75,5.782312925170068,98.25327510917032,8729.070000000002,58946.34,3605.616,1318.5240000000001
141,84,25200,petrol,18.9,104.63,0.158,6.92,0.632,2.31,139506.67,27552.67,111954.0,3080.0,2516.37,563.63,fleet/commercial,8,300,high,3,0.55,0.45,87.38,74.9,0.42,0.58,0.27,mixed,0.19,28684.8,18135.79,176490.74,25973.06,1886229.92,2873513.81,127697.62,6.35,26.84,34.9,814978.84,2818.15,3981.6,1333.3333333333335,5.535978968253969,1.0933599206349205,4.442619047619048,4.444444444444445,13.272,2727187.27,2899492.31,-172305.04000000004,-5.996318493419736,9329.5,0.02236626984126984,1.8787666666666667,5636.3,15.683442827766786,8.079999999999998,0.9,398.1599999999999,3.1374999999999993,4.7405063291139244,82.53275109170306,10549.009999999998,122503.01,4618.656,2038.2597
142,10,3000,petrol,18.9,107.4,0.117,6.43,0.551,2.31,17047.62,2256.93,14790.69,366.67,193.4,173.27,2-wheeler,4,300,low,3,0.11,0.89,4.68,94.9,0.85,0.15,0.01,home/slow-dominant,0.34,6592.93,3346.67,22822.51,5164.6,86755.54,201446.07,19069.87,4.82,8.25,21.3,118171.86,866.35,351.0,158.73015873015873,5.6825399999999995,0.7523099999999999,4.93023,0.5291005291005291,1.17,204958.28999999998,201476.96,3481.329999999987,1.7281697280070976,1232.5575000000001,0.05775666666666667,0.5775666666666667,1732.7,4.821372422985205,6.7299999999999995,0.9,35.099999999999994,1.2749999999999986,8.11111111111111,82.53275109170306,3246.26,18036.95,105.3,127.64399999999999
143,95,28500,diesel,21.9,92.52,0.177,7.97,0.664,2.68,120402.74,40204.67,80198.07,3487.67,3349.55,138.12,4-wheeler,4,300,high,4,0.65,0.35,32.19,82.9,0.86,0.14,0.08,home/slow-dominant,0.14,14254.4,9308.76,95004.65,14822.62,876364.8,1379407.77,88108.23,4.63,6.58,12.8,535545.8,690.6,5044.5,1301.3698630136987,4.224657543859649,1.4106901754385965,2.8139673684210527,4.337899543378995,16.815,1549650.5,1517147.65,32502.850000000093,2.356290192565763,6683.172500000001,0.004846315789473685,0.46040000000000003,1381.2,3.843296352875377,8.25,0.9,504.4499999999999,4.274999999999999,4.68361581920904,95.63318777292577,4945.639999999999,85143.71,1412.46,2880.6130000000003
144,28,8400,petrol,18.9,100.26,0.133,7.09,0.602,2.31,44560.0,7920.95,36639.05,1026.67,672.55,354.12,2-wheeler,5,300,medium,4,0.23,0.77,4.07,85.8,0.94,0.06,0.0,home/slow-dominant,0.15,7557.65,3874.88,23234.22,5208.28,110505.68,184800.09,41363.48,1.23,16.86,25.2,230051.62,1770.6,1117.2,444.44444444444446,5.304761904761905,0.9429702380952381,4.361791666666667,1.4814814814814816,3.724,371093.93,215336.74,155757.19,84.28415267546677,3053.254166666667,0.04215714285714286,1.1804000000000001,3541.2,9.853664237476313,7.209999999999999,0.9,111.71999999999998,2.8400000000000007,6.451127819548872,82.53275109170306,3682.7699999999995,40321.82,134.064,571.6674999999999
145,59,17700,petrol,17.8,105.47,0.152,6.44,0.679,2.31,104877.47,17326.18,87551.29,2297.02,1826.78,470.24,4-wheeler,9,300,high,4,0.44,0.56,49.42,71.8,0.73,0.27,0.06,home/slow-dominant,0.1,18886.54,12252.21,95295.8,12049.79,905693.33,1360671.08,96595.58,3.72,22.39,28.5,578273.7,2351.2,2690.4,994.3820224719101,5.925280790960452,0.9788802259887006,4.946400564971751,3.3146067415730336,8.968,1524513.38,1401217.44,123295.93999999994,9.061406670008738,7295.940833333333,0.02656723163841808,1.5674666666666668,4702.4,13.084793490994187,6.98,0.9,269.03999999999996,3.1333333333333337,4.723684210526316,77.72925764192141,6634.330000000002,94185.62,1452.8160000000003,1644.102
146,93,27900,diesel,21.6,95.0,0.17,6.99,0.562,2.68,122708.33,33153.57,89554.76,3461.67,2665.57,796.1,2-wheeler,2,300,high,5,0.7,0.3,5.29,88.9,0.91,0.09,0.01,home/slow-dominant,0.46,6688.94,3886.23,21367.18,2429.88,101927.94,140613.32,92843.45,0.19,37.91,51.3,485584.43,3980.5,4743.0,1291.6666666666665,4.398148028673835,1.1883,3.209848028673835,4.305555555555555,15.81,748914.29,302015.26,446899.03,317.82126330563847,7462.8966666666665,0.02853405017921147,2.6536666666666666,7961.0,22.152101263568547,7.17,0.9,474.2999999999999,5.549999999999997,5.229411764705882,94.3231441048035,2802.7099999999996,92357.47,853.74,1439.4078000000002
147,12,3600,petrol,12.9,103.09,0.136,8.84,0.769,2.31,28769.3,4328.06,24441.24,644.65,376.5,268.15,4-wheeler,9,300,low,3,0.22,0.78,55.5,77.8,0.86,0.14,0.01,home/slow-dominant,0.42,18304.36,10763.99,100425.36,12190.66,894416.19,1340000.27,34419.74,10.03,12.77,28.0,272524.06,1340.75,489.6,279.06976744186045,7.991472222222222,1.202238888888889,6.789233333333333,0.9302325581395349,1.6320000000000001,1129784.49,1302844.5,-173060.01,-12.914923517142277,2036.7700000000002,0.0744861111111111,0.8938333333333333,2681.5,7.461482167850653,9.12,0.9,48.959999999999994,2.466666666666667,5.720588235294118,56.33187772925765,7540.370000000001,31981.61,137.08800000000002,218.37000000000003
148,40,12000,petrol,20.2,105.3,0.149,6.93,0.691,2.31,62554.46,12390.84,50163.62,1372.28,1235.51,136.77,4-wheeler,6,300,medium,3,0.52,0.48,41.58,84.8,0.72,0.28,0.06,home/slow-dominant,0.1,15503.21,9609.51,106073.25,12765.24,841122.37,1307986.84,58610.37,6.16,6.51,11.5,399125.1,683.85,1788.0,594.059405940594,5.212871666666667,1.03257,4.180301666666667,1.9801980198019802,5.96,1231410.72,1299150.1,-67739.38000000012,-5.178903787747599,4180.301666666667,0.011397500000000001,0.4559,1367.7,3.805731553596621,7.489999999999999,0.9,178.79999999999995,2.5333333333333337,5.691275167785235,88.20960698689957,5893.699999999999,56057.32,1001.2800000000001,1111.959
149,29,8700,petrol,19.1,107.38,0.147,7.86,0.589,2.31,48911.31,10052.15,38859.16,1052.2,753.27,298.93,2-wheeler,9,300,medium,4,0.2,0.8,4.71,74.2,0.82,0.18,0.0,home/slow-dominant,0.33,11164.89,6621.59,16026.18,2756.67,118564.11,180128.85,43953.79,1.04,14.23,27.1,235795.13,1494.65,1278.8999999999999,455.49738219895283,5.621989655172413,1.155419540229885,4.466570114942528,1.5183246073298429,4.263,418945.11,244714.69999999998,174230.41,96.72543293314759,3238.263333333334,0.03435977011494253,0.9964333333333334,2989.3,8.317959591406288,8.219999999999999,0.9,127.88999999999996,2.8666666666666663,5.0476190476190474,83.40611353711792,4543.299999999999,43402.46000000001,460.40399999999994,504.69089999999994
150,84,25200,petrol,18.7,107.3,0.168,7.52,0.555,2.31,144596.79,31836.67,112760.12,3112.94,2349.65,763.29,4-wheeler,6,300,high,4,0.49,0.51,43.36,78.0,0.81,0.19,0.04,home/slow-dominant,0.12,17095.46,9553.1,96063.62,12496.85,838361.22,1364535.46,122801.85,3.5,36.35,40.1,710072.87,3816.45,4233.6,1347.5935828877007,5.737967857142857,1.2633599206349206,4.474607936507937,4.491978609625669,14.112000000000002,1646822.47,1462923.8399999999,183898.63000000012,13.477013635101878,9396.676666666666,0.030289285714285713,2.5443,7632.9,21.239137512208558,7.8999999999999995,0.9,423.35999999999996,3.6666666666666665,4.642857142857142,81.6593886462882,7542.359999999999,120302.48,1608.7680000000003,2067.692
151,73,21900,petrol,20.2,105.3,0.151,8.94,0.645,2.31,114161.88,29563.69,84598.19,2504.41,2132.95,371.46,fleet/commercial,4,300,high,4,0.43,0.57,67.64,88.4,0.24,0.76,0.51,fast-dominant,0.14,24331.99,15747.31,186512.6,26482.55,1942223.47,2890888.3,98479.38,7.74,17.69,25.6,678909.5,1857.3,3306.9,1084.1584158415842,5.212871232876712,1.3499401826484019,3.8629310502283105,3.613861386138614,11.023,2634692.82,2904448.15,-269755.3300000001,-9.331226322372958,7049.849166666667,0.01696164383561644,1.2382,3714.6,10.336163214878999,10.459999999999999,0.9,330.68999999999994,2.8999999999999986,5.85430463576159,88.20960698689957,8584.680000000002,93182.87000000001,5026.488,1834.3369999999998
152,111,33300,diesel,17.2,92.88,0.184,6.01,0.699,2.68,179820.0,36824.47,142995.53,5188.6,4282.91,905.69,4-wheeler,10,300,high,4,0.56,0.44,26.36,72.3,0.69,0.31,0.15,mixed,0.41,18827.82,11486.78,96068.79,14050.1,889864.42,1381936.21,153146.59,2.59,43.13,53.7,861801.74,4528.45,6127.2,1936.046511627907,5.4,1.10583993993994,4.294160060060061,6.453488372093023,20.424,1883103.52,1513373.5699999998,369729.9500000002,26.754487459301775,11916.294166666667,0.0271978978978979,3.018966666666667,9056.900000000001,25.20152819168622,6.629999999999999,0.9,612.7199999999998,2.7700000000000005,3.9293478260869565,75.10917030567686,7341.039999999999,150336.57,3798.864,2526.9169
153,110,33000,petrol,19.7,99.39,0.169,8.27,0.632,2.31,166490.86,46121.79,120369.07,3869.54,3524.66,344.88,4-wheeler,3,300,high,4,0.67,0.33,26.79,84.4,0.85,0.15,0.06,home/slow-dominant,0.41,15323.34,9494.83,108831.81,13942.23,852810.75,1316406.19,128986.03,2.75,16.42,32.4,753761.96,1724.4,5577.0,1675.1269035532996,5.045177575757576,1.39763,3.6475475757575757,5.583756345177665,18.59,1761881.75,1471715.25,290166.5,22.04232266638005,10030.755833333335,0.01045090909090909,1.1496,3448.8,9.596554055746163,8.57,0.9,557.6999999999999,5.199999999999998,4.994082840236686,86.02620087336244,5828.51,126197.58,1673.1,2079.5494000000003
154,11,3300,petrol,15.7,105.51,0.168,7.98,0.592,2.31,22177.26,4424.11,17753.15,485.54,328.2,157.34,2-wheeler,4,300,low,1,0.26,0.74,3.85,87.6,0.92,0.08,0.01,home/slow-dominant,0.56,8589.97,4584.02,10764.61,4757.69,116836.49,179567.81,22710.64,2.29,7.49,26.9,124317.81,786.7,554.4000000000001,210.19108280254778,6.720381818181818,1.340639393939394,5.3797424242424245,0.7006369426751593,1.8480000000000003,270672.63999999996,209086.16000000003,61586.47999999992,34.2970602581832,1479.4291666666668,0.04767878787878788,0.5244666666666666,1573.4,4.378107791495886,8.14,0.9,55.44,3.1000000000000014,5.2142857142857135,68.5589519650655,4005.949999999999,21759.1,88.70400000000002,144.408
155,104,31200,petrol,17.1,101.3,0.141,7.9,0.588,2.31,184828.07,34753.68,150074.39,4214.74,2586.73,1628.01,fleet/commercial,8,300,high,4,0.47,0.53,53.44,80.0,0.31,0.69,0.5,fast-dominant,0.17,29177.12,17927.73,182189.88,24128.74,1833052.84,2892630.27,166149.53,5.28,77.52,62.7,1012937.53,8140.05,4399.2,1824.5614035087717,5.923976602564103,1.1139000000000001,4.810076602564103,6.081871345029239,14.664,2903078.79,2949718.7,-46639.91000000015,-1.612370252904812,12506.199166666667,0.05217980769230769,5.4267,16280.1,45.300643610227645,9.28,0.9,439.9199999999999,2.5,5.673758865248228,74.67248908296943,11249.39,161323.78000000003,6070.896,2146.9859
156,59,17700,petrol,17.3,105.98,0.114,8.65,0.59,2.31,108430.4,17453.97,90976.43,2363.41,1190.5,1172.91,2-wheeler,6,300,high,4,0.49,0.51,2.07,89.7,0.8,0.2,0.03,home/slow-dominant,0.44,9738.38,4647.55,20845.52,1690.94,116109.72,200046.04,96405.45,0.65,55.85,61.6,502872.77,5864.55,2017.8000000000002,1023.1213872832369,6.126011299435028,0.9861000000000001,5.139911299435028,3.410404624277456,6.726000000000001,706953.62,288017.18,418936.44,209.42001151334964,7581.369166666666,0.06626610169491526,3.9097000000000004,11729.1,32.637132386700394,9.05,0.9,201.77999999999997,1.7166666666666661,7.868421052631579,75.54585152838429,5090.829999999999,96067.26,807.1200000000001,666.6800000000001
157,36,10800,petrol,19.3,100.86,0.189,6.25,0.555,2.31,56439.79,12757.5,43682.29,1292.64,1132.87,159.77,4-wheeler,4,300,medium,3,0.28,0.72,49.47,82.8,0.67,0.33,0.06,mixed,0.28,14251.64,9949.16,100898.7,14157.53,849195.51,1337211.2,50816.28,7.62,7.61,18.6,354980.1,798.85,2041.2,559.5854922279792,5.2259064814814815,1.18125,4.044656481481482,1.865284974093264,6.804,1202652.66,1335688.27,-133035.6100000001,-9.948735846663572,3640.1908333333336,0.01479351851851852,0.5325666666666667,1597.7,4.4457244301976475,6.91,0.9,204.11999999999995,4.300000000000001,4.3809523809523805,84.27947598253276,4302.48,47984.770000000004,1347.192,815.6663999999998
158,53,15900,diesel,17.0,91.45,0.124,7.72,0.725,2.68,85532.65,15220.75,70311.9,2506.59,1429.41,1077.18,4-wheeler,8,300,medium,4,0.34,0.66,23.23,76.9,0.65,0.35,0.13,mixed,0.17,17308.76,11646.88,98258.5,13132.32,858848.2,1346225.43,78600.24,4.95,51.29,51.6,491259.7,5385.9,1971.6,935.2941176470588,5.379411949685534,0.9572798742138364,4.422132075471698,3.1176470588235294,6.572,1373055.25,1369172.7599999998,3882.4900000002235,0.2883982068293141,5859.325,0.06774716981132076,3.5906000000000002,10771.800000000001,29.97337073117795,8.419999999999998,0.9,197.15999999999994,2.8874999999999993,6.201612903225807,74.23580786026201,5661.879999999999,75973.78,1380.12,1186.4103
159,81,24300,petrol,14.5,102.01,0.153,7.73,0.704,2.31,170954.69,28739.37,142215.32,3871.24,2617.4,1253.84,4-wheeler,9,300,high,4,0.69,0.31,44.62,75.9,0.61,0.39,0.1,mixed,0.13,18366.54,12105.93,106386.36,13312.56,893561.94,1402764.13,151138.44,2.67,59.71,54.9,862078.56,6269.2,3717.9,1675.8620689655172,7.0351724279835395,1.1826901234567901,5.852482304526749,5.586206896551724,12.393,1840168.0899999999,1487291.7099999997,352876.3800000001,25.15578866419974,11851.276666666667,0.05159835390946502,4.179466666666666,12538.4,34.8890725390187,8.51,0.9,371.7899999999999,2.677777777777777,4.96078431372549,63.31877729257642,6260.610000000001,148475.93,2899.962,2277.138
160,76,22800,petrol,18.0,101.83,0.169,7.73,0.569,2.31,128984.67,29785.24,99199.43,2926.0,2192.47,733.53,4-wheeler,5,300,high,4,0.58,0.42,42.49,85.2,0.81,0.19,0.09,home/slow-dominant,0.23,15313.52,8890.61,106764.42,11210.35,861566.55,1364051.49,107864.41,3.67,34.93,41.9,646086.47,3667.65,3853.2000000000003,1266.6666666666667,5.657222368421053,1.3063701754385966,4.350852192982456,4.222222222222222,12.844000000000001,1583057.5,1439455.97,143601.53000000003,10.52757399942432,8266.619166666665,0.03217236842105263,2.4451,7335.299999999999,20.41104238144132,8.110000000000001,0.9,385.31999999999994,2.9599999999999995,5.041420118343194,78.60262008733625,6422.91,105622.34,1464.2160000000001,1688.2018999999998
161,18,5400,petrol,12.8,104.07,0.168,6.62,0.776,2.31,43904.53,6005.66,37898.87,974.53,703.99,270.54,2-wheeler,7,300,low,2,0.14,0.86,5.39,77.1,0.81,0.19,0.01,home/slow-dominant,0.36,10845.67,5051.89,23840.42,2521.26,150596.75,231906.99,44196.9,1.3,12.88,26.3,244824.92,1352.7,907.2,421.875,8.130468518518517,1.1121592592592593,7.018309259259258,1.40625,3.024,424347.75,260833.06,163514.69,70.508737145008,3158.2391666666667,0.050100000000000006,0.9018,2705.4,7.527985775462674,7.000000000000001,0.9,90.71999999999998,3.2714285714285722,4.5892857142857135,55.89519650655023,5793.78,43692.65,344.73600000000005,450.5536
162,78,23400,diesel,16.6,92.4,0.157,6.99,0.599,2.68,130250.6,25679.86,104570.74,3777.83,2200.61,1577.22,4-wheeler,9,300,high,3,0.6,0.4,40.4,75.0,0.71,0.29,0.11,home/slow-dominant,0.14,19443.78,11682.78,100642.48,13553.42,846130.76,1347304.54,115042.42,3.48,75.11,60.9,675854.58,7886.1,3673.8,1409.6385542168673,5.566264957264957,1.0974299145299145,4.4688350427350425,4.698795180722891,12.246,1594602.6600000001,1419921.84,174680.82000000007,12.965206812113916,8714.228333333334,0.06740256410256411,5.2574000000000005,15772.2,43.88737238402911,7.57,0.9,367.37999999999994,2.7777777777777777,4.777070063694268,72.48908296943233,7760.999999999998,112331.74,2130.804,1892.5246000000002
163,34,10200,petrol,14.8,102.32,0.153,8.92,0.631,2.31,70517.84,13920.55,56597.29,1592.03,984.74,607.29,4-wheeler,10,300,medium,2,0.32,0.68,24.42,73.7,0.69,0.31,0.08,mixed,0.17,20037.62,11881.3,102593.78,14436.73,842867.83,1361357.77,67640.96,6.15,28.92,35.7,440798.58,3036.45,1560.6,689.1891891891892,6.913513725490196,1.3647598039215685,5.548753921568627,2.2972972972972974,5.202,1295645.13,1373336.51,-77691.38000000012,-5.706903924307872,4716.440833333333,0.05953823529411764,2.0242999999999998,6072.9,16.898316262218994,9.54,0.9,156.05999999999995,2.63,4.816993464052287,64.62882096069869,8156.32,64753.61,967.5719999999999,817.3342
164,48,14400,diesel,19.6,95.14,0.133,8.26,0.561,2.68,69898.78,15819.55,54079.23,1968.98,1074.43,894.55,4-wheeler,5,300,medium,3,0.46,0.54,42.96,81.6,0.89,0.11,0.02,home/slow-dominant,0.32,14996.31,8899.55,100446.93,14667.93,873749.54,1348412.2,63109.58,5.93,42.6,50.8,415994.83,4472.75,1915.2,734.6938775510204,4.854081944444444,1.098579861111111,3.755502083333333,2.4489795918367347,6.384,1298224.99,1356892.84,-58667.85000000009,-4.350883950768178,4506.6025,0.062121527777777776,2.9818333333333333,8945.5,24.891549033193368,8.48,0.9,191.51999999999995,3.680000000000001,6.135338345864661,85.58951965065503,6096.76,60175.990000000005,421.344,730.6124
165,50,15000,petrol,19.7,99.33,0.161,8.55,0.595,2.31,75631.98,20648.25,54983.73,1758.88,1436.92,321.96,2-wheeler,9,300,medium,3,0.35,0.65,4.94,78.6,0.84,0.16,0.02,home/slow-dominant,0.19,12232.86,5519.16,13856.23,3501.68,84275.49,143546.03,62397.77,0.73,15.33,24.1,325845.08,1609.8,2415.0,761.4213197969543,5.042132,1.37655,3.6655819999999997,2.5380710659898478,8.05,523599.68999999994,257025.17,266574.5199999999,185.7066475471317,4581.9775,0.021463999999999997,1.0732,3219.6,8.958787241324618,8.870000000000001,0.9,241.49999999999994,2.377777777777778,4.881987577639751,86.02620087336244,6713.700000000001,61697.43000000001,772.8000000000001,1163.9052000000001
166,84,25200,diesel,19.0,93.53,0.156,7.37,0.68,2.68,124050.32,28972.94,95077.38,3554.53,2673.22,881.31,fleet/commercial,4,300,high,5,0.59,0.41,89.84,85.1,0.18,0.82,0.29,mixed,0.08,25786.89,16765.93,186265.49,26181.9,1934029.1,2828435.53,109334.72,6.48,41.97,42.8,732939.09,4406.55,3931.2,1326.3157894736842,4.922631746031747,1.1497198412698413,3.772911904761905,4.421052631578947,13.104,2683215.1500000004,2844682.4899999998,-161467.33999999939,-5.708715588083402,7923.115000000001,0.034972619047619044,2.9377,8813.099999999999,24.523135742489124,9.010000000000002,0.9,393.1199999999999,3.7250000000000014,5.455128205128205,82.96943231441048,9020.96,104098.34,6447.168,2459.3624
167,98,29400,petrol,17.9,106.49,0.115,7.33,0.704,2.31,174905.36,24782.73,150122.63,3794.08,2380.22,1413.86,4-wheeler,4,300,high,4,0.59,0.41,38.35,92.8,0.58,0.42,0.08,mixed,0.35,14192.74,9350.19,100094.78,14332.2,870598.61,1394402.84,157831.62,2.68,67.33,64.9,889252.88,7069.3,3381.0,1642.4581005586595,5.949161904761905,0.84295,5.106211904761905,5.474860335195531,11.27,1816089.1099999999,1450640.46,365448.6499999999,26.2082548540994,12510.219166666668,0.04809047619047619,4.712866666666667,14138.599999999999,39.34175341352722,8.17,0.9,338.0999999999999,1.8000000000000007,8.069565217391304,78.16593886462881,4842.549999999999,154965.18,2840.04,1547.143
168,98,29400,diesel,14.2,96.7,0.128,7.96,0.622,2.68,200209.86,29955.07,170254.79,5548.73,2340.71,3208.02,4-wheeler,8,300,high,4,0.48,0.52,34.17,81.3,0.76,0.24,0.05,home/slow-dominant,0.39,18890.81,10506.63,101422.24,13150.5,864613.07,1343148.89,181269.07,2.08,152.76,81.1,1007767.59,16040.1,3763.2000000000003,2070.4225352112676,6.809859183673469,1.018879931972789,5.79097925170068,6.901408450704225,12.544,1960116.42,1430884.65,529231.77,39.40231600087166,14187.899166666668,0.10911632653061225,10.6934,32080.2,89.2656499127662,8.44,0.9,376.31999999999994,2.3375000000000004,6.351562499999999,62.00873362445415,8384.180000000002,178638.97,1806.336,1427.8331
169,113,33900,petrol,19.1,107.02,0.125,6.14,0.764,2.31,189946.49,26018.25,163928.24,4099.95,3237.45,862.5,2-wheeler,6,300,high,4,0.68,0.32,5.17,88.7,0.89,0.11,0.01,home/slow-dominant,0.42,8453.39,5290.68,16055.1,3567.43,123392.0,190056.36,167804.44,0.3,41.07,52.4,855077.3,4312.5,4237.5,1774.869109947644,5.603141297935103,0.7675,4.835641297935103,5.9162303664921465,14.125,1115391.4,326978.48000000004,788412.9199999999,414.83111641199486,13660.686666666666,0.025442477876106196,2.875,8625.0,23.999732872538463,6.36,0.9,423.7499999999999,1.8833333333333329,7.096,83.40611353711792,3162.709999999999,167090.94999999998,932.25,1877.7210000000002
170,83,24900,petrol,12.9,100.25,0.137,8.92,0.775,2.31,193505.81,30428.8,163077.01,4458.84,2643.76,1815.08,4-wheeler,10,300,high,3,0.41,0.59,29.27,76.8,0.7,0.3,0.13,home/slow-dominant,0.29,18494.09,11809.88,105689.92,14620.34,847645.13,1289315.13,172685.29,1.95,86.43,70.1,969116.37,9075.4,3411.3,1930.2325581395348,7.7713176706827305,1.2220401606425702,6.54927751004016,6.434108527131783,11.371,1907644.63,1380198.2699999998,527446.3600000001,40.90903362004292,13589.750833333334,0.07289477911646586,6.0502666666666665,18150.8,50.50601175917346,9.52,0.9,341.12999999999994,2.3200000000000003,5.6058394160583935,56.33187772925765,6684.210000000001,169761.22,2046.78,1877.0696
171,25,7500,petrol,20.0,103.79,0.18,6.38,0.575,2.31,38921.25,8613.0,30308.25,866.25,776.25,90.0,4-wheeler,5,300,low,2,0.14,0.86,45.39,81.3,0.7,0.3,0.06,home/slow-dominant,0.26,16126.37,10174.45,108766.93,14159.73,880735.87,1403608.47,39092.12,10.59,4.29,14.5,304227.53,450.0,1350.0,375.0,5.1895,1.1484,4.0411,1.25,4.5,1155973.97,1374619.06,-218645.09000000008,-15.577356126954697,2525.6875,0.012,0.3,900.0,2.504319951917057,6.979999999999999,0.9,134.99999999999997,3.7400000000000007,4.516666666666667,87.33624454148472,5951.92,36260.17,810.0,574.425
172,81,24300,petrol,20.3,107.09,0.123,8.26,0.604,2.31,128191.48,24688.31,103503.17,2765.17,1805.3,959.87,2-wheeler,6,300,high,4,0.59,0.41,3.42,84.7,0.76,0.24,0.05,home/slow-dominant,0.15,9369.13,4748.89,20001.34,5136.29,87977.31,131963.05,109150.67,0.22,45.71,47.4,565754.69,4799.35,2988.9,1197.0443349753693,5.275369547325103,1.0159798353909466,4.259389711934157,3.9901477832512313,9.963000000000001,775780.3599999999,254011.41999999998,521768.9399999999,395.3901792964015,8625.264166666666,0.03950082304526749,3.1995666666666667,9598.7,26.709128802740285,8.739999999999998,0.9,298.88999999999993,2.5499999999999994,6.8861788617886175,88.646288209607,4620.239999999999,108123.41,1434.672,1534.5049999999999
173,74,22200,petrol,12.2,99.88,0.173,6.55,0.602,2.31,181748.85,25155.93,156592.92,4203.44,2312.04,1891.4,4-wheeler,8,300,high,4,0.59,0.41,23.56,77.6,0.73,0.27,0.08,home/slow-dominant,0.43,17027.84,10301.44,102073.74,11872.99,862767.21,1375554.01,165693.92,2.48,90.07,75.4,930543.34,9457.0,3840.6,1819.672131147541,8.186885135135135,1.13315,7.053735135135135,6.065573770491803,12.802,1856650.66,1438894.1300000001,417756.5299999998,30.3700564981814,13049.410000000002,0.0851981981981982,6.304666666666667,18914.0,52.62967507839913,7.09,0.9,384.0599999999999,2.8000000000000007,4.485549132947977,53.275109170305676,6726.4,163319.32,2073.924,1317.8628
174,66,19800,diesel,17.5,93.47,0.16,8.51,0.761,2.68,105754.63,26959.68,78794.95,3032.23,2410.85,621.38,4-wheeler,9,300,high,4,0.58,0.42,35.2,71.7,0.73,0.27,0.1,home/slow-dominant,0.17,18315.24,11458.96,106688.08,13097.5,855194.52,1374579.42,88270.73,4.68,29.59,36.5,548041.73,3106.9,3168.0,1131.4285714285713,5.341142929292929,1.3616,3.979542929292929,3.771428571428571,10.56,1475543.87,1446887.0399999998,28656.830000000307,2.0847707730121776,6566.245833333333,0.03138282828282828,2.071266666666667,6213.8,17.290381463580232,9.05,0.9,316.79999999999995,3.144444444444444,4.48125,76.41921397379913,6856.2800000000025,85651.23,1710.72,2001.0054999999998
175,34,10200,petrol,15.8,101.71,0.111,6.65,0.653,2.31,65660.89,7529.13,58131.76,1491.27,739.33,751.94,4-wheeler,8,300,medium,4,0.34,0.66,32.08,84.8,0.6,0.4,0.2,mixed,0.09,19182.75,10491.68,104614.57,14369.89,839121.84,1363807.94,69696.81,6.03,35.81,38.4,453098.62,3759.7,1132.2,645.5696202531645,6.437342156862745,0.73815,5.699192156862745,2.151898734177215,3.774,1263340.04,1334927.53,-71587.48999999999,-5.249088812314731,4844.3133333333335,0.07371960784313726,2.506466666666667,7519.400000000001,20.923314940494578,7.450000000000001,0.9,113.21999999999998,1.9000000000000004,7.63963963963964,68.99563318777294,8691.07,66822.83,905.7600000000001,672.7903000000001
176,41,12300,petrol,17.8,104.31,0.123,7.0,0.746,2.31,72079.38,10590.3,61489.08,1596.24,1128.62,467.62,2-wheeler,9,300,medium,4,0.38,0.62,4.4,77.6,0.77,0.23,0.0,home/slow-dominant,0.39,11678.22,6351.51,10909.16,1944.59,122056.03,206346.02,67204.71,1.09,22.27,37.0,346932.71,2338.1,1512.9,691.0112359550561,5.8601121951219515,0.861,4.999112195121952,2.3033707865168536,5.043,540844.03,278201.31999999995,262642.7100000001,127.28266336321879,5124.09,0.03801788617886179,1.5587333333333333,4676.2,13.011889954616157,7.460000000000001,0.9,151.28999999999996,2.4888888888888894,6.308943089430894,77.72925764192141,5326.709999999999,66815.79000000001,695.9340000000001,688.4581999999999
177,106,31800,petrol,12.1,105.41,0.157,8.06,0.688,2.31,277027.93,40240.36,236787.57,6070.91,3434.91,2636.0,4-wheeler,11,300,high,4,0.57,0.43,58.05,73.9,0.59,0.41,0.12,mixed,0.12,20802.18,11523.93,96434.95,14178.65,862576.71,1372956.2,248901.55,1.66,125.52,71.8,1340942.7,13180.0,4992.6,2628.099173553719,8.711570125786164,1.2654201257861635,7.44615,8.760330578512397,16.642,2351727.26,1521164.05,830563.2099999997,60.494516139699115,19732.2975,0.0828930817610063,8.786666666666667,26360.0,73.34874881392625,8.879999999999999,0.9,499.25999999999993,2.372727272727272,4.707006369426752,52.838427947598255,9278.25,246065.82,4093.9320000000002,3022.7208
178,30,9000,petrol,17.7,102.73,0.164,6.68,0.707,2.31,52235.59,9859.68,42375.91,1174.58,1043.53,131.05,2-wheeler,7,300,medium,3,0.13,0.87,2.94,79.6,0.77,0.23,0.01,home/slow-dominant,0.23,9061.0,6256.24,10568.75,2231.89,92492.47,121894.53,45627.05,0.41,6.24,15.3,238704.0,655.25,1476.0,508.47457627118644,5.803954444444444,1.09552,4.708434444444444,1.694915254237288,4.92,398975.4199999999,189673.49,209301.92999999993,171.707401472404,3531.325833333334,0.014561111111111113,0.43683333333333335,1310.5,3.6465681077636702,7.140000000000001,0.9,147.59999999999997,2.914285714285715,4.853658536585365,77.29257641921397,2804.76,45180.670000000006,678.96,803.5181
179,62,18600,diesel,16.9,91.12,0.165,7.52,0.714,2.68,100285.92,23078.88,77207.04,2949.59,2191.27,758.32,fleet/commercial,8,300,high,4,0.41,0.59,80.57,78.3,0.39,0.61,0.31,mixed,0.05,26989.08,17475.62,181852.24,27232.48,1850260.3,2919536.4,92167.0,9.63,36.11,37.4,642687.24,3791.6,3069.0,1100.5917159763314,5.391716129032258,1.2408000000000001,4.150916129032258,3.668639053254438,10.23,2486635.3,2913224.18,-426588.88000000035,-14.611528049453343,6433.919999999999,0.04076989247311828,2.5277333333333334,7583.200000000001,21.100843399308253,8.74,0.9,306.8999999999999,2.7125000000000004,4.745454545454545,73.79912663755458,9513.460000000003,86720.5,3744.18,2081.7065
180,62,18600,petrol,20.9,103.96,0.162,8.43,0.746,2.31,92519.43,25401.28,67118.15,2055.79,2247.85,-192.06,4-wheeler,5,300,high,4,0.6,0.4,24.1,84.1,0.62,0.38,0.14,mixed,0.11,15214.56,9062.68,107387.8,13448.0,891619.51,1378163.55,75959.63,4.99,-9.15,4.4,487185.95,-960.3,3013.2000000000003,889.9521531100479,4.974162903225806,1.3656602150537633,3.6085026881720426,2.966507177033493,10.044,1430289.46,1429647.55,641.9099999999162,0.04657720050714708,5593.179166666666,-0.010325806451612903,-0.6402,-1920.6,-5.344218777390999,9.19,0.9,301.31999999999994,3.180000000000001,5.1913580246913575,91.26637554585153,6151.879999999999,73270.03,2290.032,2000.5865
181,85,25500,petrol,21.0,107.46,0.187,6.76,0.733,2.31,130487.14,32235.06,98252.08,2805.0,3495.31,-690.31,4-wheeler,6,300,high,4,0.51,0.49,42.45,75.3,0.64,0.36,0.13,mixed,0.12,15897.36,10377.88,99696.25,11772.94,877910.33,1329600.69,106126.15,3.32,-32.87,3.7,630327.0,-3451.55,4768.5,1214.2857142857142,5.11714274509804,1.2641200000000001,3.8530227450980394,4.0476190476190474,15.895,1609832.83,1431196.2,178636.63000000012,13.43535930325067,8187.673333333333,-0.02707098039215686,-2.3010333333333333,-6903.099999999999,-19.20841228897626,7.4799999999999995,0.9,476.8499999999999,4.116666666666667,4.026737967914438,91.70305676855895,5519.480000000001,103771.56,3433.3199999999997,3075.8728
182,48,14400,petrol,13.1,101.3,0.148,8.82,0.69,2.31,111352.67,18797.18,92555.49,2539.24,1470.53,1068.71,2-wheeler,12,300,medium,2,0.26,0.74,2.25,70.0,0.79,0.21,0.01,home/slow-dominant,0.1,12862.91,7759.53,15762.4,3393.42,143051.11,238877.48,98337.55,0.81,50.89,49.5,507450.15,5343.55,2131.2,1099.2366412213742,7.732824305555555,1.3053597222222222,6.427464583333332,3.6641221374045805,7.103999999999999,764129.01,352505.21,411623.8,172.31586669450797,7712.9575,0.07421597222222222,3.5623666666666667,10687.1,29.737686397925312,9.24,0.9,213.11999999999995,2.5,4.72972972972973,57.20524017467249,5103.38,97658.87000000001,895.1039999999999,1323.477
183,18,5400,petrol,17.5,106.45,0.123,7.9,0.557,2.31,32847.43,5247.18,27600.25,712.8,369.96,342.84,4-wheeler,7,300,low,2,0.26,0.74,57.49,85.6,0.89,0.11,0.02,home/slow-dominant,0.41,16512.61,10073.71,108642.16,13727.62,884235.28,1366192.47,36784.67,10.15,16.33,32.2,292565.51,1714.2,664.2,308.57142857142856,6.082857407407407,0.9717,5.111157407407407,1.0285714285714285,2.214,1131035.48,1320427.14,-189391.65999999992,-13.862736339045986,2300.0208333333335,0.06348888888888889,1.1427999999999998,3428.3999999999996,9.539789470169376,8.120000000000001,0.9,66.41999999999999,2.057142857142858,6.959349593495935,76.41921397379913,6438.9000000000015,34039.15,146.12400000000002,218.27640000000002
184,84,25200,petrol,13.3,106.26,0.189,8.45,0.727,2.31,201334.74,40245.66,161089.08,4376.84,3462.56,914.28,fleet/commercial,11,300,high,4,0.41,0.59,78.32,70.0,0.49,0.51,0.24,mixed,0.27,30429.41,19785.03,187553.55,26535.41,1944135.78,3018732.49,177040.54,5.01,43.54,50.0,1072756.25,4571.4,4762.8,1894.7368421052631,7.989473809523809,1.59705,6.392423809523809,6.315789473684211,15.876000000000001,3102956.5300000003,3104796.9800000004,-1840.4500000001863,-0.060967641422250904,13424.089999999998,0.03628095238095238,3.0476,9142.8,25.440551618208072,9.469999999999999,0.9,476.2799999999999,2.727272727272727,3.7037037037037033,58.07860262008734,10644.380000000001,171733.46,4858.0560000000005,2527.6688
185,57,17100,diesel,21.0,96.75,0.133,8.09,0.636,2.68,78782.14,18399.09,60383.05,2182.29,1446.45,735.84,4-wheeler,4,300,high,4,0.52,0.48,47.0,92.0,0.63,0.37,0.07,mixed,0.19,14587.45,8826.65,104975.72,12708.99,883332.29,1356794.38,68685.65,5.36,35.04,40.8,448403.97,3679.2,2274.3,814.2857142857143,4.607142690058479,1.0759701754385964,3.531172514619883,2.7142857142857144,7.581,1350180.24,1375238.3699999999,-25058.12999999989,-1.8468627501242958,5031.920833333334,0.04303157894736842,2.4528000000000003,7358.400000000001,20.47531992687386,8.83,0.9,227.42999999999998,2.0,6.917293233082707,91.70305676855895,5760.800000000001,66143.85,1682.9820000000002,1171.6245000000001
186,82,24600,petrol,15.4,102.77,0.19,7.13,0.571,2.31,164165.06,33325.62,130839.44,3690.0,2668.85,1021.15,4-wheeler,11,300,high,5,0.62,0.38,53.31,70.0,0.66,0.34,0.15,mixed,0.38,21018.83,12525.51,99002.06,14597.47,881351.67,1373141.35,142252.25,2.76,48.63,56.8,810263.31,5105.75,4674.0,1597.4025974025974,6.673376422764227,1.3547,5.318676422764227,5.324675324675325,15.58,1807271.12,1488797.47,318473.65000000014,23.193071128474873,10903.286666666667,0.041510162601626016,3.403833333333333,10211.5,28.414292432223366,7.8100000000000005,0.9,467.3999999999999,2.727272727272727,3.6842105263157894,67.24890829694323,8493.320000000002,139332.76,3178.32,1654.687
187,61,18300,diesel,16.4,96.16,0.126,7.63,0.677,2.68,107300.49,17593.25,89707.24,2990.49,1561.03,1429.46,fleet/commercial,6,300,high,5,0.56,0.44,72.38,84.1,0.23,0.77,0.34,mixed,0.05,25741.47,17252.99,176755.62,26077.05,1850049.93,2804451.46,103411.13,7.52,68.07,56.1,693811.27,7147.3,2305.8,1115.8536585365855,5.863414754098361,0.9613797814207651,4.902034972677596,3.719512195121952,7.686000000000001,2515259.73,2775849.99,-260590.26000000024,-9.292022476295605,7475.6033333333335,0.07811256830601093,4.764866666666666,14294.6,39.77583553852618,9.17,0.9,230.57999999999996,2.650000000000001,6.674603174603174,71.61572052401746,8488.48,98195.72,3550.9320000000002,1482.9785
188,28,8400,petrol,16.3,106.68,0.185,8.49,0.576,2.31,54976.2,13193.46,41782.74,1190.43,895.1,295.33,4-wheeler,11,300,medium,3,0.23,0.77,58.82,70.0,0.72,0.28,0.12,home/slow-dominant,0.2,20165.1,11590.04,95240.88,13023.47,865525.81,1357177.84,52962.49,7.48,14.06,23.1,360053.33,1476.65,1554.0,515.3374233128834,6.544785714285714,1.5706499999999999,4.9741357142857145,1.7177914110429446,5.18,1241232.31,1372830.99,-131598.67999999993,-9.696494897087321,3481.895,0.03515833333333333,0.9844333333333333,2953.2999999999997,8.217786793329603,9.05,0.9,155.39999999999998,2.727272727272727,3.7837837837837838,71.17903930131006,8575.059999999998,50357.799999999996,870.2400000000001,716.08
189,80,24000,petrol,16.3,100.05,0.128,7.04,0.745,2.31,147312.88,21626.88,125686.0,3401.23,2288.64,1112.59,4-wheeler,7,300,high,4,0.64,0.36,49.13,83.8,0.56,0.44,0.05,mixed,0.1,16082.78,10373.03,96605.16,11249.0,867110.11,1330831.82,133645.55,2.75,52.98,50.2,764832.91,5562.95,3072.0,1472.3926380368098,6.138036666666667,0.90112,5.2369166666666676,4.9079754601226995,10.24,1684088.4100000001,1382977.2100000002,301111.19999999995,22.625789034710632,10473.833333333334,0.046357916666666665,3.7086333333333332,11125.9,30.95868150337109,7.92,0.9,307.19999999999993,2.3142857142857145,6.546875,71.17903930131006,5709.75,131395.75,2703.36,2059.776
190,68,20400,petrol,15.6,104.7,0.154,8.42,0.751,2.31,136915.38,26452.27,110463.11,3020.77,2359.34,661.43,4-wheeler,5,300,high,5,0.63,0.37,57.14,80.3,0.78,0.22,0.06,home/slow-dominant,0.34,15706.04,10349.71,99388.95,14688.48,892072.25,1379904.32,118757.14,3.27,31.5,42.8,693174.65,3307.15,3141.6,1307.6923076923076,6.7115382352941175,1.2966799019607844,5.414858333333333,4.358974358974359,10.472,1655179.35,1449836.79,205342.56000000006,14.880927396473407,9205.259166666667,0.032423039215686275,2.2047666666666665,6614.299999999999,18.40480384218332,8.860000000000001,0.9,314.1599999999999,3.9400000000000004,5.2142857142857135,68.12227074235808,5356.330000000002,115819.44,1382.3039999999999,1557.1644
191,59,17700,petrol,13.4,100.32,0.136,7.41,0.748,2.31,132512.24,17837.35,114674.89,3051.27,1800.59,1250.68,2-wheeler,9,300,high,3,0.35,0.65,3.81,81.6,0.87,0.13,0.01,home/slow-dominant,0.29,10184.01,5297.82,18276.85,2208.47,85075.64,143224.12,120002.77,0.33,59.56,59.6,618290.7,6253.4,2407.2000000000003,1320.8955223880596,7.486567231638418,1.0077598870056497,6.478807344632768,4.402985074626866,8.024000000000001,798556.89,238414.64999999997,560142.24,391.0949077571571,9556.240833333333,0.07065988700564972,4.168933333333333,12506.800000000001,34.801143082929165,7.67,0.9,240.71999999999997,2.044444444444445,5.999999999999999,58.515283842794766,4886.1900000000005,119561.08,625.8720000000001,1278.4189
192,58,17400,petrol,18.3,104.1,0.171,7.01,0.631,2.31,98980.33,20857.55,78122.78,2196.39,1877.48,318.91,4-wheeler,5,300,high,4,0.33,0.67,26.45,83.8,0.86,0.14,0.03,home/slow-dominant,0.38,16896.54,9408.29,95960.0,13113.38,901368.51,1409339.8,88233.71,4.67,15.19,29.6,537128.55,1594.55,2975.4,950.8196721311475,5.688524712643678,1.1987097701149425,4.489814942528736,3.169398907103825,9.918000000000001,1480752.8599999999,1451595.62,29157.239999999758,2.068858056800763,6510.231666666667,0.018328160919540232,1.0630333333333335,3189.1000000000004,8.873918620731875,7.29,0.9,297.53999999999996,3.2400000000000007,4.900584795321637,79.91266375545852,7488.25,85611.03,833.1120000000001,1164.0376
193,106,31800,diesel,19.1,93.97,0.127,8.6,0.578,2.68,156452.67,34731.96,121720.71,4461.99,2334.31,2127.68,fleet/commercial,7,300,high,3,0.52,0.48,66.41,86.2,0.22,0.78,0.58,fast-dominant,0.11,27947.42,17821.96,177043.42,27214.27,1838335.72,2925354.18,137289.02,6.63,101.32,67.7,863488.52,10638.4,4038.6,1664.9214659685863,4.919895283018868,1.0922,3.827695283018868,5.549738219895287,13.462,2760336.17,2983866.0900000003,-223529.9200000004,-7.641123304939451,10143.3925,0.06690817610062892,7.092266666666666,21276.8,59.20434972549871,10.16,0.9,403.8599999999999,1.971428571428571,6.787401574803149,83.40611353711792,10125.46,131846.17,6300.216,2077.5359
194,45,13500,diesel,15.8,92.81,0.128,6.14,0.747,2.68,79299.68,10609.92,68689.76,2289.87,1290.82,999.05,4-wheeler,7,300,medium,3,0.4,0.6,26.82,80.5,0.83,0.17,0.07,home/slow-dominant,0.33,17226.27,10190.05,97716.21,11861.81,840745.22,1367256.34,78098.34,5.49,47.57,54.0,488207.91,4995.25,1728.0,854.4303797468355,5.8740503703703695,0.78592,5.0881303703703695,2.848101265822785,5.76,1323374.97,1361678.1700000002,-38303.200000000186,-2.8014644276581073,5724.1466666666665,0.0740037037037037,3.3301666666666665,9990.5,27.79934275514151,6.4799999999999995,0.9,172.79999999999995,2.7857142857142856,6.2890625,68.99563318777294,7036.220000000001,75725.98,587.5200000000001,864.8493999999998
195,73,21900,petrol,16.2,103.77,0.172,6.27,0.703,2.31,140281.67,23617.84,116663.83,3122.78,2648.06,474.72,4-wheeler,7,300,high,4,0.4,0.6,44.51,80.8,0.83,0.17,0.06,home/slow-dominant,0.37,16257.81,10343.97,104479.73,13109.49,853427.88,1294246.36,125199.57,2.69,22.61,36.7,730477.58,2373.6,3766.7999999999997,1351.851851851852,6.405555707762558,1.0784401826484018,5.327115525114156,4.506172839506173,12.556,1636125.28,1346466.1900000002,289659.08999999985,22.38052189692848,9721.985833333334,0.021676712328767125,1.5824,4747.200000000001,13.209452973045172,6.609999999999999,0.9,376.6799999999999,2.7428571428571433,4.6976744186046515,70.74235807860262,5913.84,122577.67,1280.712,1668.2778
196,47,14100,petrol,14.7,99.63,0.188,8.25,0.758,2.31,95563.47,21869.1,73694.37,2215.71,2009.31,206.4,4-wheeler,5,300,medium,4,0.37,0.63,40.33,85.3,0.59,0.41,0.11,mixed,0.36,15971.87,10255.47,104236.85,11962.74,867535.6,1339842.94,81803.32,4.5,9.83,23.5,513253.45,1032.0,2650.8,959.1836734693878,6.777551063829788,1.551,5.226551063829787,3.1972789115646263,8.836,1425212.2999999998,1384266.2,40946.09999999986,3.0560372994165914,6141.197499999999,0.014638297872340425,0.6880000000000001,2064.0,5.743240423063117,9.07,0.9,265.08,2.9400000000000004,4.537234042553191,64.19213973799127,5716.4000000000015,79410.76999999999,2173.656,1285.9584
197,114,34200,petrol,19.6,101.27,0.184,7.34,0.597,2.31,176705.82,46189.15,130516.67,4030.71,3756.8,273.91,4-wheeler,5,300,high,5,0.45,0.55,45.66,78.7,0.69,0.31,0.1,mixed,0.18,16371.03,9333.92,103261.49,14038.78,875431.68,1387141.23,140361.54,2.91,13.04,21.3,805069.19,1369.55,6292.8,1744.8979591836733,5.166836842105264,1.3505599415204679,3.816276900584796,5.816326530612244,20.976,1840815.9300000002,1547456.31,293359.6200000001,21.148504107256628,10876.389166666666,0.00800906432748538,0.9130333333333334,2739.1000000000004,7.6217586447733465,7.959999999999999,0.9,629.2799999999999,4.26,4.2771739130434785,85.58951965065503,7037.110000000001,137553.78,3901.536,3080.5760000000005
198,111,33300,diesel,18.7,96.54,0.111,6.09,0.632,2.68,171913.48,22510.47,149403.01,4772.41,2336.06,2436.35,fleet/commercial,2,300,high,3,0.67,0.33,40.5,98.2,0.22,0.78,0.34,mixed,0.07,22757.72,14094.41,178757.52,26257.36,1924001.08,2898259.38,163317.79,4.87,116.02,68.7,995346.47,12181.75,3696.3,1780.7486631016043,5.162566966966967,0.6759900900900901,4.486576876876876,5.935828877005347,12.321,2897357.08,2876268.9,21088.180000000168,0.7276153454560775,12450.250833333334,0.07316366366366366,8.121166666666666,24363.5,67.79333238725691,7.65,0.9,369.62999999999994,0.8999999999999986,8.846846846846846,81.6593886462882,8663.310000000001,158066.32,5766.228,2172.5357999999997
199,89,26700,petrol,15.0,106.09,0.132,8.28,0.693,2.31,188840.2,29182.03,159658.17,4111.8,2442.41,1669.39,fleet/commercial,5,300,high,4,0.55,0.45,49.74,87.6,0.25,0.75,0.52,fast-dominant,0.12,25913.7,16945.08,180566.8,27423.9,1855924.55,2777041.87,174111.57,4.25,79.49,62.1,1051124.65,8346.95,3524.4,1780.0,7.0726666666666675,1.0929599250936328,5.979706741573034,5.933333333333334,11.748000000000001,2929694.05,2799686.72,130007.32999999961,4.681504135909899,13304.847500000002,0.06252397003745319,5.564633333333334,16693.9,46.45207427256462,9.78,0.9,352.43999999999994,2.4800000000000013,6.636363636363635,65.50218340611355,8968.619999999999,168626.79,5286.6,2149.3208
200,79,23700,petrol,13.5,101.75,0.184,8.76,0.599,2.31,178627.78,38200.61,140427.17,4055.33,2612.12,1443.21,fleet/commercial,11,300,high,5,0.56,0.44,64.57,70.0,0.26,0.74,0.37,fast-dominant,0.11,31004.11,19939.54,176450.35,27578.23,1792845.36,2817500.5,157007.39,5.4,68.72,58.1,961487.3,7216.05,4360.8,1755.5555555555557,7.5370371308016875,1.6118400843881857,5.925197046413501,5.851851851851852,14.536000000000001,2841004.81,2904172.67,-63167.85999999987,-2.241982210828352,11702.264166666668,0.06089493670886076,4.8107,14432.1,40.158439975624624,10.24,0.9,436.0799999999999,2.727272727272727,3.8043478260869565,58.951965065502186,11064.57,151491.74000000002,6453.984,2324.7868
201,82,24600,diesel,21.1,94.15,0.132,6.9,0.714,2.68,109767.3,22405.68,87361.62,3124.55,2318.5,806.05,4-wheeler,6,300,high,4,0.47,0.53,58.12,86.3,0.74,0.26,0.08,home/slow-dominant,0.15,17143.79,9740.32,98396.91,13594.93,839832.82,1345877.53,97484.08,4.18,38.38,42.4,585817.31,4030.25,3247.2000000000003,1165.8767772511846,4.462085365853659,0.9108,3.5512853658536585,3.8862559241706154,10.824000000000002,1474388.27,1394615.6900000002,79772.57999999984,5.927179718945143,7280.134999999999,0.032766260162601625,2.686833333333333,8060.5,22.428967747141595,7.42,0.9,324.71999999999997,2.2833333333333337,6.537878787878787,92.13973799126639,7403.470000000001,94765.09,1688.544,1970.725
202,112,33600,petrol,15.3,103.04,0.14,6.46,0.726,2.31,226283.92,30387.84,195896.08,5072.94,3415.1,1657.84,2-wheeler,9,300,high,5,0.37,0.63,3.34,79.5,0.84,0.16,0.01,home/slow-dominant,0.26,11977.18,6197.73,23465.58,4401.56,120431.76,163304.23,202555.84,0.1,78.94,66.1,1036244.78,8289.2,4704.0,2196.078431372549,6.734640476190477,0.9044,5.830240476190477,7.3202614379084965,15.68,1311737.26,318364.94,993372.3200000001,608.2955230247251,16324.673333333332,0.049340476190476185,5.526133333333333,16578.399999999998,46.13068654540193,6.78,0.9,470.3999999999999,2.2777777777777777,5.678571428571428,66.81222707423582,5779.450000000001,201675.53,1505.28,2527.174
203,78,23400,diesel,16.7,92.47,0.111,7.24,0.751,2.68,129568.74,18805.18,110763.56,3755.21,1950.65,1804.56,4-wheeler,6,300,high,4,0.36,0.64,38.13,86.7,0.88,0.12,0.02,home/slow-dominant,0.31,17410.38,10302.29,109695.38,13196.88,875464.22,1331934.02,120511.03,2.88,85.93,70.5,712250.53,9022.8,2597.4,1401.1976047904193,5.537125641025641,0.8036401709401709,4.73348547008547,4.670658682634731,8.658,1610359.8199999998,1354579.1100000003,255780.7099999995,19.203707252706067,9230.296666666667,0.07711794871794872,6.0152,18045.6,50.2132845825716,7.48,0.9,259.73999999999995,2.2166666666666663,7.8108108108108105,72.92576419213974,7108.09,117871.65,623.376,1345.9485
204,85,25500,diesel,20.5,97.45,0.132,8.75,0.769,2.68,121218.29,29452.5,91765.79,3333.66,2588.45,745.21,fleet/commercial,5,300,high,4,0.5,0.5,75.73,89.9,0.2,0.8,0.45,fast-dominant,0.07,26800.44,16636.7,184714.89,25537.71,1857391.64,2915299.31,107037.07,8.16,35.49,37.7,719900.24,3726.05,3366.0,1243.9024390243903,4.753658431372549,1.155,3.5986584313725487,4.146341463414634,11.22,2597485.29,2935492.71,-338007.4199999999,-11.594261311028125,7647.149166666666,0.029223921568627454,2.4840333333333335,7452.1,20.73604745964567,10.35,0.9,336.5999999999999,2.0199999999999987,6.8106060606060606,89.51965065502185,10163.739999999998,101929.53,5385.6,2407.2584999999995
205,52,15600,petrol,20.7,100.15,0.135,8.02,0.654,2.31,75475.36,16890.12,58585.24,1740.87,1377.32,363.55,4-wheeler,5,300,medium,3,0.29,0.71,44.94,83.9,0.89,0.11,0.03,home/slow-dominant,0.18,15523.25,9179.24,108752.35,13592.47,869643.95,1323026.89,67647.74,5.09,17.31,26.6,446991.05,1817.75,2106.0,753.6231884057971,4.838164102564103,1.0827,3.755464102564103,2.5120772946859904,7.02,1324637.0,1331028.8699999999,-6391.869999999879,-0.4831247231868341,4882.1033333333335,0.02330448717948718,1.2118333333333333,3635.5,10.116061316882734,8.24,0.9,210.59999999999997,3.219999999999999,6.214814814814815,90.39301310043668,6344.01,64929.25,463.32,1129.4024
206,100,30000,petrol,14.1,105.23,0.113,6.01,0.566,2.31,223893.62,20373.9,203519.72,4914.89,1918.74,2996.15,2-wheeler,7,300,high,4,0.56,0.44,3.05,82.5,0.8,0.2,0.02,home/slow-dominant,0.49,9915.05,4552.03,19641.13,5133.15,134287.15,176096.31,209909.37,0.11,142.67,83.9,1069187.98,14980.75,3390.0,2127.6595744680853,7.463120666666667,0.67913,6.783990666666667,7.092198581560284,11.3,1303330.4999999998,275951.67999999993,1027378.8199999998,583.4187099093671,16959.976666666666,0.09987166666666666,9.987166666666667,29961.5,83.370202488181,6.41,0.9,338.99999999999994,2.5,7.3008849557522115,61.572052401746724,5363.0199999999995,208882.74,1356.0,978.5574
207,110,33000,petrol,17.5,104.45,0.142,7.81,0.761,2.31,196962.86,36597.66,160365.2,4356.0,3566.05,789.95,4-wheeler,9,300,high,4,0.66,0.34,37.61,77.8,0.82,0.18,0.08,home/slow-dominant,0.43,19447.58,11227.52,95497.95,12666.72,890391.24,1373532.95,171118.6,2.27,37.62,49.9,951090.95,3949.75,4686.0,1885.7142857142858,5.968571515151515,1.1090200000000001,4.859551515151515,6.285714285714286,15.62,1972443.44,1504494.1800000002,467949.2599999998,34.069023244036465,13363.766666666668,0.02393787878787879,2.633166666666667,7899.5,21.980972733520883,8.17,0.9,468.5999999999999,2.466666666666667,5.47887323943662,76.41921397379913,8220.060000000001,168585.26,1686.96,2032.6485000000002
208,82,24600,petrol,20.7,101.2,0.14,8.62,0.683,2.31,120266.67,29687.28,90579.39,2745.22,2352.25,392.97,4-wheeler,6,300,high,4,0.66,0.34,30.27,84.5,0.67,0.33,0.06,mixed,0.24,16973.14,10449.26,109951.44,12257.64,869030.63,1385659.79,99554.8,4.08,18.71,29.4,607725.44,1964.85,3444.0000000000005,1188.4057971014493,4.888889024390243,1.2067999999999999,3.6820890243902435,3.9613526570048307,11.480000000000002,1555229.6800000002,1464133.4100000001,91096.27000000002,6.574216171777635,7548.2825,0.01597439024390244,1.3099,3929.7000000000003,10.934695683387178,9.28,0.9,344.4,2.5833333333333335,6.035714285714285,90.39301310043668,6523.879999999999,97103.27,2273.0400000000004,1787.71
209,12,3600,diesel,19.7,93.89,0.127,8.49,0.717,2.68,17157.56,3881.63,13275.93,489.75,327.81,161.94,2-wheeler,5,300,low,2,0.17,0.83,5.38,86.7,0.78,0.22,0.01,home/slow-dominant,0.37,9439.25,5048.34,11484.28,3053.75,133145.26,161107.24,18277.59,0.9,7.71,21.5,102872.23,809.7,457.2,182.74111675126903,4.765988888888889,1.0782305555555556,3.687758333333333,0.6091370558375634,1.524,266129.31000000006,191219.06,74910.25000000006,46.497134455285845,1106.3275,0.044983333333333334,0.5398,1619.4,4.506106366816091,8.93,0.9,45.71999999999999,2.6599999999999993,6.8267716535433065,86.02620087336244,4390.91,17666.84,201.168,206.5203
210,109,32700,diesel,17.6,97.21,0.138,7.86,0.705,2.68,180611.76,35469.04,145142.72,4979.32,3181.38,1797.94,4-wheeler,7,300,high,4,0.42,0.58,26.96,84.1,0.85,0.15,0.05,home/slow-dominant,0.5,16082.83,10974.96,105239.63,12741.59,857213.07,1375595.93,152798.91,2.7,85.62,76.0,869234.18,8989.7,4512.6,1857.9545454545453,5.523295412844037,1.0846801223241591,4.438615290519878,6.1931818181818175,15.042000000000002,1840686.02,1489834.7099999997,350851.3100000003,25.505404773914993,12095.226666666667,0.054982874617737,5.993133333333334,17979.4,50.029077937219476,8.16,0.9,451.25999999999993,2.2714285714285722,6.094202898550724,76.85589519650657,5107.870000000001,150250.59,1353.78,1590.69
211,117,35100,petrol,14.3,99.41,0.143,6.99,0.695,2.31,244006.36,35084.91,208921.45,5670.0,3488.41,2181.59,4-wheeler,9,300,high,4,0.65,0.35,36.13,78.5,0.66,0.34,0.17,mixed,0.12,18402.32,11832.3,98792.54,11294.24,836374.46,1325447.27,217750.32,1.79,103.89,68.5,1187544.14,10907.95,5019.299999999999,2454.5454545454545,6.951748148148147,0.9995700854700855,5.952178062678062,8.181818181818182,16.730999999999998,2148417.86,1449946.54,698471.3199999998,52.697028075662324,17410.120833333334,0.06215356125356126,7.271966666666668,21815.9,60.70443737669703,7.670000000000001,0.9,501.92999999999984,2.388888888888889,5.48951048951049,62.44541484716159,6570.02,215491.47,3413.124,3069.8008
212,111,33300,diesel,20.3,95.23,0.162,6.08,0.661,2.68,156214.73,32799.17,123415.56,4396.26,3565.83,830.43,4-wheeler,1,300,high,5,0.66,0.34,22.98,94.5,0.78,0.22,0.09,home/slow-dominant,0.19,12224.47,7753.07,100879.72,12993.77,889586.93,1385553.97,130485.71,3.03,39.54,44.4,753308.27,4152.15,5394.6,1640.3940886699506,4.691133033033033,0.98496006006006,3.706172972972973,5.467980295566502,17.982000000000003,1731782.9300000002,1474441.68,257341.25000000023,18.573166803455532,10284.63,0.024937837837837835,2.7681,8304.3,23.107360196338682,6.52,0.9,539.4599999999999,5.5,5.833333333333333,88.646288209607,4471.4,127886.95999999999,2373.6240000000003,2888.3223000000003
213,37,11100,diesel,20.9,95.68,0.135,7.97,0.757,2.68,50815.69,11943.05,38872.64,1423.35,1134.36,288.99,4-wheeler,4,300,medium,4,0.29,0.71,30.43,89.2,0.75,0.25,0.11,home/slow-dominant,0.3,14429.56,8851.37,104689.01,12977.26,892039.92,1397352.18,47046.28,8.52,13.76,25.7,339920.41,1444.95,1498.5,531.1004784688996,4.577990090090091,1.0759504504504505,3.5020396396396403,1.7703349282296654,4.995,1218266.17,1383658.01,-165391.84000000008,-11.836088451230676,3239.3866666666668,0.026035135135135137,0.9633,2889.9,8.04137136560567,8.469999999999999,0.9,149.84999999999997,2.6999999999999993,6.607407407407407,91.26637554585153,5578.189999999999,44450.83,749.25,794.0519999999999
214,54,16200,diesel,17.9,90.38,0.179,8.96,0.665,2.68,81796.42,25982.21,55814.21,2425.47,1928.37,497.1,2-wheeler,5,300,medium,3,0.35,0.65,4.73,83.1,0.86,0.14,0.02,home/slow-dominant,0.46,7584.07,5034.76,16547.31,3853.78,131902.3,230840.89,59134.28,1.39,23.67,40.5,312218.71,2485.5,2899.7999999999997,905.027932960894,5.049161728395061,1.60384012345679,3.4453216049382713,3.016759776536313,9.665999999999999,578804.75,365524.64999999997,213280.10000000003,92.39268658165372,4651.184166666667,0.030685185185185187,1.657,4971.0,13.832193867755214,9.24,0.9,289.9799999999999,3.3800000000000012,4.64245810055866,78.16593886462881,2549.3099999999995,58363.52,811.944,1041.3198
215,39,11700,petrol,15.8,99.42,0.118,7.02,0.66,2.31,73621.14,9691.81,63929.33,1710.57,911.2,799.37,4-wheeler,6,300,medium,4,0.41,0.59,29.64,86.1,0.72,0.28,0.06,home/slow-dominant,0.09,17001.9,10178.71,98758.19,12451.28,883426.8,1359644.46,73242.78,5.15,38.07,40.3,464972.09,3996.85,1380.6,740.506329113924,6.292405128205128,0.828359829059829,5.464045299145299,2.4683544303797467,4.601999999999999,1336542.0,1347787.59,-11245.590000000084,-0.82709784291697,5327.444166666667,0.06832222222222223,2.6645666666666665,7993.7,22.243091555154866,7.58,0.9,138.05999999999997,2.3166666666666678,7.296610169491526,68.99563318777294,6823.190000000002,70752.52,773.136,829.1920000000001
216,88,26400,petrol,14.3,106.64,0.154,6.99,0.737,2.31,196873.85,28418.54,168455.31,4264.62,2996.35,1268.27,4-wheeler,8,300,high,4,0.63,0.37,25.04,82.4,0.81,0.19,0.02,home/slow-dominant,0.52,17003.42,10741.03,100016.69,13452.43,870393.18,1374898.41,177408.19,2.28,60.39,67.1,987057.64,6341.35,4065.6,1846.153846153846,7.457342803030303,1.0764598484848484,6.380882954545455,6.153846153846153,13.552,1939779.5300000003,1457227.1400000001,482552.39000000013,35.09731238979323,14037.9425,0.0480405303030303,4.227566666666666,12682.7,35.29059850464273,7.37,0.9,406.5599999999999,2.1999999999999993,5.350649350649351,62.44541484716159,6262.389999999998,174717.69999999998,1544.9279999999999,1438.2479999999998
217,116,34800,petrol,16.6,99.91,0.155,7.91,0.678,2.31,209449.88,42666.54,166783.34,4842.65,3657.13,1185.52,4-wheeler,11,300,high,4,0.7,0.3,40.03,70.0,0.58,0.42,0.18,mixed,0.2,20829.86,11689.72,100123.22,14512.87,900722.95,1365222.64,178826.05,2.04,56.45,54.9,994253.47,5927.6,5394.0,2096.3855421686744,6.018674712643678,1.22605,4.792624712643678,6.987951807228915,17.98,2052121.65,1522367.8499999999,529753.8,38.80347310970466,13898.611666666666,0.03406666666666667,3.9517333333333333,11855.2,32.98801543774121,8.75,0.9,539.3999999999999,2.727272727272727,4.516129032258064,72.48908296943233,9140.140000000001,175923.48,4530.96,2925.704
218,82,24600,diesel,15.6,97.02,0.153,6.08,0.63,2.68,152993.08,22883.9,130109.18,4226.15,2371.19,1854.96,4-wheeler,9,300,high,5,0.36,0.64,22.38,80.5,0.78,0.22,0.06,home/slow-dominant,0.23,19214.22,11806.73,109389.86,14821.88,860655.76,1384422.31,140481.05,2.95,88.33,68.9,811795.11,9274.8,3763.7999999999997,1576.923076923077,6.219230894308943,0.930239837398374,5.288991056910569,5.256410256410256,12.546,1721692.26,1433663.72,288028.54000000004,20.80496232396024,10842.431666666665,0.07540487804878049,6.1832,18549.6,51.61570375564516,6.52,0.9,376.3799999999999,2.1666666666666665,5.261437908496733,68.12227074235808,7407.490000000002,137516.66999999998,1656.072,1825.8163000000002
219,93,27900,petrol,20.1,101.25,0.123,7.71,0.592,2.31,140541.04,26458.41,114082.63,3206.42,2031.57,1174.85,4-wheeler,4,300,high,4,0.66,0.34,25.22,90.9,0.86,0.14,0.06,home/slow-dominant,0.22,14401.93,8783.96,106979.2,13334.45,878388.38,1334494.95,122367.49,2.85,55.95,55.1,718816.65,5874.25,3431.7,1388.0597014925372,5.0373132616487455,0.9483301075268817,4.0889831541218635,4.626865671641791,11.439,1653103.23,1390393.15,262710.0800000001,19.68610521905685,9506.885833333334,0.04210931899641577,3.9161666666666664,11748.5,32.69111439455282,7.99,0.9,343.1699999999999,2.2749999999999986,7.390243902439025,87.77292576419215,5617.970000000001,119700.6,960.8760000000001,1584.6246
220,40,12000,petrol,15.9,106.44,0.147,7.48,0.759,2.31,80332.08,13194.72,67137.36,1743.4,1338.88,404.52,4-wheeler,9,300,medium,2,0.3,0.7,52.69,74.2,0.57,0.43,0.11,mixed,0.11,18156.8,11221.33,101878.23,11170.36,884777.14,1413945.73,76306.9,5.6,19.26,26.0,483412.73,2022.6,1764.0,754.7169811320755,6.69434,1.0995599999999999,5.59478,2.5157232704402515,5.88,1377221.54,1422977.39,-45755.84999999986,-3.236040042357203,5594.78,0.03371,1.3484,4045.2,11.256083410549865,8.34,0.9,176.39999999999995,2.8666666666666663,5.0476190476190474,69.43231441048036,6935.469999999999,74072.83,1517.04,1191.6032
221,109,32700,diesel,17.0,95.68,0.175,7.44,0.683,2.68,184043.29,42575.4,141467.89,5155.06,3908.47,1246.59,4-wheeler,10,300,high,5,0.69,0.31,51.32,74.1,0.6,0.4,0.19,mixed,0.32,19809.27,12002.31,97997.31,14876.94,896759.02,1403875.72,152250.24,2.69,59.36,60.4,859248.51,6232.95,5722.5,1923.5294117647059,5.628235168195719,1.302,4.326235168195719,6.411764705882353,19.075,1916021.82,1563890.02,352131.80000000005,25.082832830814972,11788.990833333335,0.03812201834862385,4.1552999999999995,12465.9,34.68733565400316,8.240000000000002,0.9,572.2499999999999,2.5900000000000007,4.234285714285715,74.23580786026201,7806.960000000001,149274.85,4578.0,2657.7595999999994
222,30,9000,petrol,14.4,100.73,0.121,6.99,0.564,2.31,62956.25,7612.11,55344.14,1443.75,614.2,829.55,4-wheeler,10,300,medium,3,0.13,0.87,56.78,78.1,0.8,0.2,0.03,home/slow-dominant,0.5,20129.21,11873.14,107165.24,13823.45,850603.5,1369456.08,66364.9,6.2,39.5,53.6,438989.74,4147.75,1089.0,625.0,6.995138888888889,0.8457899999999999,6.1493488888888885,2.0833333333333335,3.63,1266030.7999999998,1345893.6400000001,-79862.84000000032,-5.831719699984852,4612.011666666666,0.09217222222222221,2.7651666666666666,8295.5,23.082873512364383,7.390000000000001,0.9,108.89999999999998,2.1900000000000004,6.454545454545454,62.882096069869,8256.07,63600.21,435.6,307.1
223,65,19500,diesel,17.1,90.61,0.188,8.86,0.599,2.68,103327.19,32480.76,70846.43,3056.14,2195.93,860.21,2-wheeler,7,300,high,5,0.65,0.35,4.99,78.1,0.85,0.15,0.01,home/slow-dominant,0.28,10653.57,5082.1,12357.74,2843.85,119434.16,224470.27,76986.67,1.2,40.96,48.2,397291.09,4301.05,3666.0,1140.3508771929824,5.298830256410256,1.6656799999999998,3.6331502564102562,3.8011695906432745,12.22,689337.9600000001,397082.98,292254.9800000001,130.19763374454894,5903.869166666666,0.04411333333333334,2.867366666666667,8602.1,23.936011842650796,9.16,0.9,366.5999999999999,3.1285714285714294,4.154255319148936,74.67248908296943,5571.469999999999,76417.9,1099.8,1581.0695999999998
224,62,18600,petrol,12.0,106.59,0.18,7.31,0.693,2.31,165214.5,24473.88,140740.62,3580.5,2320.16,1260.34,4-wheeler,9,300,high,5,0.37,0.63,47.96,75.4,0.69,0.31,0.08,mixed,0.43,19595.13,11919.1,98156.93,11588.63,859737.09,1305321.68,150734.38,2.3,60.02,64.1,851828.83,6301.7,3348.0,1550.0,8.8825,1.3158,7.5667,5.166666666666667,11.16,1783785.24,1377541.0200000003,406244.21999999974,31.122153736081344,11728.385,0.06776021505376344,4.201133333333333,12603.4,35.06994009110159,7.929999999999998,0.9,334.7999999999999,2.7333333333333325,4.188888888888889,52.40174672489083,7676.030000000001,148416.65,2075.7599999999998,1322.4912000000002
225,102,30600,petrol,15.2,101.1,0.123,6.54,0.777,2.31,203530.26,24615.25,178915.01,4650.39,2924.47,1725.92,4-wheeler,9,300,high,3,0.47,0.53,23.99,80.5,0.6,0.4,0.11,mixed,0.33,19865.72,10788.9,100490.2,11573.67,870698.2,1334983.58,190306.56,1.91,82.19,69.5,1052023.0,8629.6,3763.7999999999997,2013.1578947368423,6.65131568627451,0.8044199346405229,5.846895751633988,6.710526315789474,12.546,1987678.1,1399940.4600000002,587737.6399999999,44.02583288702321,14909.584166666667,0.05640261437908497,5.753066666666667,17259.2,48.02506546014097,7.34,0.9,376.3799999999999,2.1666666666666665,6.544715447154472,66.37554585152839,9076.820000000002,187991.83000000002,3011.04,1959.3948999999996
226,52,15600,diesel,15.4,92.48,0.124,7.48,0.637,2.68,93681.04,14469.31,79211.73,2714.81,1232.21,1482.6,2-wheeler,9,300,medium,4,0.37,0.63,4.74,78.5,0.87,0.13,0.01,home/slow-dominant,0.32,11445.32,5723.69,23205.22,2170.98,133642.2,244781.79,85367.56,1.03,70.6,65.0,450043.02,7413.0,1934.4,1012.9870129870129,6.005194871794871,0.9275198717948717,5.077674999999999,3.3766233766233764,6.448,659274.0,320370.5900000001,338903.4099999999,138.45123446478593,6600.9775,0.09503846153846153,4.941999999999999,14826.0,41.25449734124698,7.74,0.9,193.43999999999997,2.388888888888889,6.330645161290323,67.24890829694323,5721.63,84933.36,502.944,837.9028
227,85,25500,petrol,20.3,107.4,0.139,6.62,0.745,2.31,134911.33,23464.59,111446.74,2901.72,2640.65,261.07,fleet/commercial,6,300,high,4,0.69,0.31,82.28,86.5,0.2,0.8,0.43,fast-dominant,0.09,27480.77,16625.24,176976.8,24182.29,1899010.73,2975266.86,127138.73,7.07,12.43,18.0,812670.45,1305.35,3544.5000000000005,1256.1576354679803,5.290640392156862,0.92018,4.370460392156862,4.187192118226601,11.815000000000001,2710971.23,2974556.92,-263585.68999999994,-8.85922851303496,9287.228333333334,0.010238039215686274,0.8702333333333333,2610.7,7.264475664966512,8.22,0.9,354.45,2.25,6.2230215827338125,88.646288209607,10855.529999999999,122302.27,5671.200000000001,2402.9915
228,71,21300,diesel,22.2,96.44,0.167,8.24,0.568,2.68,92530.27,29310.5,63219.77,2571.35,2020.43,550.92,4-wheeler,5,300,high,4,0.64,0.36,52.37,83.4,0.72,0.28,0.04,home/slow-dominant,0.24,16490.43,9948.9,96833.51,14608.62,868976.8,1378424.47,72683.02,5.68,26.23,36.0,460248.61,2754.6,3557.1000000000004,959.4594594594595,4.3441441314553995,1.3760798122065727,2.9680643192488265,3.1981981981981984,11.857000000000001,1414080.3,1463279.3399999999,-49199.039999999804,-3.569222766336976,5268.314166666666,0.025864788732394364,1.8363999999999998,5509.2,15.32977719900161,8.8,0.9,355.71,3.319999999999999,4.994011976047904,96.94323144104804,6541.530000000001,69761.3,1991.9760000000003,1535.5268
229,83,24900,diesel,21.0,96.85,0.173,7.59,0.717,2.68,114836.43,32695.44,82140.99,3177.71,3088.62,89.09,fleet/commercial,6,300,high,4,0.65,0.35,65.42,81.8,0.46,0.54,0.38,fast-dominant,0.19,27447.2,17754.73,182409.62,26163.07,1924102.17,2963386.05,97066.07,8.83,4.24,12.4,667739.97,445.45,4307.7,1185.7142857142858,4.611904819277108,1.3130698795180722,3.298834939759036,3.9523809523809526,14.359,2635520.32,3007064.21,-371543.89000000013,-12.537815989246495,6845.0825,0.0035779116465863457,0.29696666666666666,890.9000000000001,2.4789984946254515,8.67,0.9,430.76999999999987,3.0333333333333337,4.728323699421965,91.70305676855895,9692.470000000001,91833.46,4652.316,2501.7822
230,105,31500,diesel,19.8,94.16,0.157,6.89,0.567,2.68,149800.0,34074.49,115725.51,4263.64,2804.1,1459.54,4-wheeler,4,300,high,5,0.68,0.32,30.85,82.5,0.64,0.36,0.17,mixed,0.08,13827.9,9769.85,99146.16,13799.84,873083.3,1369411.25,122543.53,3.24,69.5,57.6,711863.81,7297.7,4945.5,1590.9090909090908,4.7555555555555555,1.0817298412698413,3.673825714285714,5.303030303030303,16.485,1691222.8,1475686.95,215535.8500000001,15.739307676930512,9643.7925,0.046334603174603174,4.8651333333333335,14595.4,40.612834918011345,7.61,0.9,494.5499999999999,4.375,5.254777070063694,86.46288209606988,4058.0499999999993,119783.56,3560.7599999999998,2579.772
231,55,16500,petrol,17.7,105.53,0.164,6.94,0.569,2.31,98375.42,18779.64,79595.78,2153.39,1539.71,613.68,4-wheeler,9,300,medium,2,0.38,0.62,54.12,75.8,0.72,0.28,0.04,home/slow-dominant,0.35,19868.17,12064.56,103530.92,14312.43,887538.02,1350315.62,90261.88,3.98,29.22,41.4,554840.32,3068.4,2706.0,932.2033898305085,5.9621466666666665,1.13816,4.823986666666666,3.1073446327683616,9.02,1478755.97,1386693.2700000003,92062.69999999972,6.8178652928564745,6632.981666666667,0.03719272727272727,2.0456,6136.799999999999,17.076122978805106,7.500000000000001,0.9,270.59999999999997,2.688888888888889,4.621951219512195,77.29257641921397,7803.609999999999,87399.39,1515.3600000000001,1000.8115
232,87,26100,petrol,13.3,107.1,0.126,7.98,0.609,2.31,210173.68,26243.03,183930.65,4533.16,2002.76,2530.4,4-wheeler,10,300,high,4,0.48,0.52,49.63,76.0,0.9,0.1,0.05,home/slow-dominant,0.12,19436.47,11124.97,101774.55,14166.16,895718.44,1421247.65,195075.38,2.17,120.5,71.2,1077151.45,12652.0,3288.6,1962.406015037594,8.052631417624522,1.0054800766283525,7.0471513409961695,6.541353383458647,10.962,2043769.19,1492146.94,551622.25,38.81253559152763,15327.554166666667,0.09695019157088124,8.434666666666667,25304.0,70.41034673701023,8.18,0.9,328.8599999999999,2.4,6.031746031746032,58.07860262008734,8311.500000000002,192242.15,657.72,1762.4288
233,72,21600,diesel,16.2,91.41,0.123,7.91,0.668,2.68,121880.0,21015.29,100864.71,3573.33,1774.74,1798.59,4-wheeler,11,300,high,4,0.37,0.63,59.27,78.7,0.79,0.21,0.11,home/slow-dominant,0.43,20965.64,11228.88,101524.39,14530.42,869892.95,1372989.0,113507.55,3.54,85.65,73.9,669062.14,8992.95,2656.8,1333.3333333333335,5.642592592592592,0.9729300925925927,4.669662499999999,4.444444444444445,8.856,1584121.15,1418155.0400000003,165966.10999999964,12.087941709656787,8405.3925,0.08326805555555555,5.995299999999999,17985.899999999998,50.04716469242777,8.330000000000002,0.9,265.67999999999995,1.936363636363636,6.3983739837398375,70.74235807860262,9736.76,110601.47,1115.856,1011.6018000000001
234,84,25200,diesel,18.2,89.79,0.137,6.81,0.563,2.68,124324.62,23510.84,100813.78,3710.77,1943.7,1767.07,4-wheeler,5,300,high,4,0.42,0.58,27.92,88.2,0.84,0.16,0.02,home/slow-dominant,0.47,14855.29,9432.33,96679.59,14869.02,890276.94,1389879.22,109210.54,3.69,84.15,74.5,642732.29,8835.35,3452.4,1384.6153846153848,4.933516666666667,0.9329698412698413,4.0005468253968255,4.615384615384616,11.508000000000001,1586176.49,1443046.4599999997,143130.03000000026,10.298019276811713,8401.148333333333,0.07012182539682539,5.890233333333333,17670.7,49.170096193711935,7.129999999999999,0.9,345.23999999999995,2.3599999999999994,6.437956204379562,79.47598253275109,5422.960000000001,106236.74,1104.768,1030.161
235,118,35400,petrol,12.1,107.99,0.16,7.95,0.688,2.31,315937.69,45028.8,270908.89,6758.18,3896.83,2861.35,4-wheeler,13,300,high,4,0.43,0.57,30.58,70.0,0.7,0.3,0.07,home/slow-dominant,0.16,21500.26,12714.48,97115.75,12756.28,876033.63,1395381.95,282245.93,1.5,136.25,73.6,1508345.4,14306.75,5664.0,2925.619834710744,8.924793502824858,1.272,7.652793502824858,9.75206611570248,18.88,2563223.38,1574226.32,988997.0599999998,70.87644067633238,22575.740833333333,0.08082909604519774,9.537833333333333,28613.5,79.61928771575411,8.549999999999999,0.9,566.3999999999999,2.3076923076923075,4.375,52.838427947598255,8785.779999999999,279694.67000000004,3398.4,3273.3372
236,36,10800,petrol,12.6,102.79,0.171,6.69,0.589,2.31,88105.71,12355.09,75750.62,1980.0,1087.77,892.23,4-wheeler,10,300,medium,2,0.4,0.6,30.05,72.9,0.82,0.18,0.05,home/slow-dominant,0.23,18951.51,12379.89,107316.18,14801.34,868669.5,1314168.77,85282.51,3.97,42.49,47.8,533728.73,4461.15,1846.8000000000002,857.1428571428571,8.15793611111111,1.1439898148148149,7.013946296296296,2.857142857142857,6.156000000000001,1403955.6,1315726.15,88229.45000000019,6.713707707420272,6312.551666666666,0.08261388888888889,2.9741,8922.3,24.826993229988396,7.050000000000001,0.9,184.67999999999998,2.7099999999999995,4.2631578947368425,55.02183406113538,6571.619999999999,82322.23999999999,664.8480000000001,837.5829
237,93,27900,petrol,15.2,107.15,0.188,8.78,0.765,2.31,196676.64,46052.86,150623.78,4240.07,4012.58,227.49,4-wheeler,7,300,high,4,0.44,0.56,52.12,74.4,0.56,0.44,0.2,mixed,0.2,16749.98,11005.18,108288.24,13893.16,898341.73,1399000.04,159147.21,2.47,10.83,19.6,904024.29,1137.45,5245.2,1835.5263157894738,7.049341935483872,1.6506401433691757,5.3987017921146965,6.118421052631579,17.483999999999998,1965474.83,1562108.84,403365.99,28.83245021208148,12551.981666666667,0.008153763440860216,0.7583000000000001,2274.9,6.330086065129015,9.66,0.9,524.5199999999999,3.657142857142856,3.957446808510639,66.37554585152839,5744.799999999999,156368.58,4615.776,3210.0640000000003
238,43,12900,petrol,16.7,104.76,0.162,8.14,0.558,2.31,80922.4,17010.97,63911.43,1784.37,1166.11,618.26,2-wheeler,6,300,medium,3,0.41,0.59,2.65,85.0,0.78,0.22,0.0,home/slow-dominant,0.33,8095.81,5603.17,13520.25,1782.67,143694.4,181163.67,66760.6,0.36,29.44,41.1,347323.25,3091.3,2089.8,772.4550898203593,6.273054263565891,1.3186798449612405,4.954374418604651,2.5748502994011977,6.966,588785.45,278931.45,309853.99999999994,171.03539578327153,5325.9525,0.047927131782945734,2.0608666666666666,6182.6,17.20356503858044,8.580000000000002,0.9,208.97999999999996,2.5,5.246913580246913,72.92576419213974,2492.6400000000003,66404.07,919.5120000000001,781.2936999999998
239,103,30900,diesel,22.6,95.67,0.178,6.01,0.762,2.68,130805.44,33056.2,97749.24,3664.25,4191.15,-526.9,4-wheeler,3,300,high,5,0.41,0.59,24.53,90.4,0.62,0.38,0.15,mixed,0.16,14983.83,8137.67,96701.91,13727.13,837306.47,1361400.18,107340.83,3.98,-25.09,5.0,633406.06,-2634.5,5500.2,1367.2566371681414,4.2331857605178,1.0697799352750808,3.1634058252427186,4.557522123893805,18.334,1566252.8199999998,1456940.49,109312.32999999984,8.029404697155236,8145.77,-0.01705177993527508,-1.7563333333333333,-5269.0,-14.66140202961219,6.77,0.9,550.0199999999999,3.199999999999998,5.078651685393258,98.68995633187774,6846.16,104595.40000000001,4180.152,3520.5659999999993
240,54,16200,petrol,12.4,104.29,0.129,8.22,0.582,2.31,136249.84,17178.16,119071.68,3017.9,1216.26,1801.64,2-wheeler,11,300,medium,3,0.35,0.65,5.49,75.5,0.84,0.16,0.03,home/slow-dominant,0.36,11572.18,7052.25,10801.25,4246.87,91079.62,188948.33,124440.98,0.7,85.79,71.9,633006.15,9008.2,2089.8,1306.4516129032259,8.410483950617284,1.0603802469135803,7.350103703703703,4.35483870967742,6.966,830189.72,295052.26,535137.46,283.21894138995566,9922.64,0.11121234567901235,6.005466666666667,18016.4,50.13203331302052,8.540000000000001,0.9,208.97999999999996,2.227272727272727,5.852713178294573,54.14847161572053,4519.93,123591.60999999999,668.7360000000001,778.4064
241,53,15900,diesel,14.5,95.82,0.172,6.86,0.703,2.68,105071.59,18760.73,86310.86,2938.76,1922.56,1016.2,fleet/commercial,10,300,medium,3,0.46,0.54,41.24,74.9,0.49,0.51,0.24,mixed,0.13,29050.01,18756.98,184124.46,27623.44,1920829.64,2959657.73,102128.58,8.37,48.39,48.9,694767.36,5081.0,2734.7999999999997,1096.551724137931,6.608276100628931,1.1799201257861636,5.428355974842767,3.655172413793103,9.116,2591437.6399999997,2935498.38,-344060.7400000002,-11.62501786988728,7192.571666666667,0.0639119496855346,3.3873333333333333,10162.0,28.27655483486793,7.880000000000001,0.9,273.4799999999999,2.5099999999999993,4.354651162790699,63.31877729257642,10293.029999999999,96603.89,2789.4959999999996,1672.6272
242,10,3000,diesel,15.7,89.26,0.165,6.47,0.689,2.68,17056.05,3202.65,13853.4,512.1,341.05,171.05,fleet/commercial,7,300,low,3,0.07,0.93,81.76,78.1,0.29,0.71,0.5,fast-dominant,0.04,26468.59,17127.68,185730.3,25491.73,1806658.26,2836811.98,28292.66,20.0,8.15,12.3,327193.6,855.25,495.0,191.0828025477707,5.68535,1.06755,4.6178,0.6369426751592357,1.65,2024281.46,2727241.6,-702960.1400000001,-24.77993412873278,1154.45,0.057016666666666674,0.5701666666666667,1710.5,4.759599197504585,7.889999999999999,0.9,49.499999999999986,3.1285714285714294,4.7333333333333325,68.5589519650655,9340.91,23194.309999999998,702.9,327.408
243,28,8400,petrol,17.0,105.24,0.152,7.24,0.565,2.31,52000.94,9244.03,42756.91,1141.41,721.39,420.02,4-wheeler,7,300,medium,2,0.16,0.84,35.88,79.2,0.78,0.22,0.09,home/slow-dominant,0.08,17463.69,10634.15,100592.15,13339.65,901681.49,1379979.34,52254.38,7.23,20.0,25.4,361864.05,2100.1,1276.8,494.11764705882354,6.190588095238096,1.100479761904762,5.090108333333333,1.6470588235294117,4.256,1249004.6400000001,1365438.4400000002,-116433.80000000005,-8.437358199869864,3563.075833333334,0.05000238095238095,1.4000666666666666,4200.2,11.687382957824468,7.680000000000001,0.9,127.67999999999996,2.971428571428571,5.210526315789474,74.23580786026201,6829.539999999999,49586.450000000004,561.792,663.6788
244,20,6000,petrol,13.5,100.49,0.18,6.98,0.68,2.31,44662.22,7538.4,37123.82,1026.67,734.4,292.27,2-wheeler,13,300,low,3,0.12,0.88,4.95,70.0,0.91,0.09,0.01,home/slow-dominant,0.14,13660.21,7959.26,20195.14,1548.75,111013.76,175871.01,43134.52,1.04,13.92,21.2,235867.74,1461.35,1080.0,444.44444444444446,7.443703333333334,1.2564,6.187303333333333,1.4814814814814816,3.6,402625.91000000003,231615.41999999998,171010.49000000005,97.23631541093671,3093.6516666666666,0.04871166666666667,0.9742333333333333,2922.7,8.132639914964425,7.160000000000001,0.9,107.99999999999997,2.3076923076923075,3.888888888888889,58.951965065502186,5700.949999999999,42824.77,194.4,631.584
245,47,14100,petrol,19.0,99.71,0.164,6.43,0.772,2.31,73995.32,14868.73,59126.59,1714.26,1785.17,-70.91,2-wheeler,9,300,medium,3,0.29,0.71,3.94,75.8,0.88,0.12,0.01,home/slow-dominant,0.47,10671.6,6274.75,20694.38,2828.3,86170.39,191452.69,64089.1,1.32,-3.38,16.5,341139.88,-354.55,2312.4,742.1052631578947,5.247895035460993,1.0545198581560284,4.193375177304965,2.4736842105263155,7.708,509504.9900000001,273647.41,235857.58000000013,123.1936621000207,4927.215833333333,-0.005029078014184397,-0.23636666666666664,-709.0999999999999,-1.9731258643382055,6.669999999999999,0.9,231.23999999999995,2.688888888888889,4.621951219512195,82.96943231441048,4396.85,63523.439999999995,554.976,946.1401000000001
246,26,7800,petrol,18.1,101.82,0.177,6.9,0.769,2.31,43878.23,9526.14,34352.09,995.47,1061.68,-66.21,4-wheeler,7,300,medium,4,0.08,0.92,56.26,77.0,0.68,0.32,0.13,mixed,0.43,17222.01,10380.38,109030.13,11248.97,900188.71,1430000.55,43443.51,9.69,-3.15,15.4,326247.68,-331.05,1380.6,430.93922651933696,5.625414102564103,1.2212999999999998,4.404114102564103,1.43646408839779,4.601999999999999,1205689.91,1409254.05,-203564.14000000013,-14.235249070358758,2862.674166666666,-0.008488461538461538,-0.22069999999999998,-662.0999999999999,-1.8423447112936482,7.540000000000001,0.9,138.05999999999997,3.2857142857142856,4.350282485875707,79.03930131004367,6841.629999999999,41193.719999999994,883.584,605.1576000000001
247,48,14400,diesel,14.7,91.53,0.146,7.14,0.555,2.68,89662.04,15011.14,74650.9,2625.31,1166.83,1458.48,4-wheeler,9,300,medium,3,0.29,0.71,57.2,78.2,0.75,0.25,0.05,home/slow-dominant,0.25,19116.45,10467.09,95973.1,13087.49,878888.74,1386495.98,85917.76,4.79,69.45,62.6,525561.9,7292.4,2102.4,979.591836734694,6.226530555555555,1.0424402777777777,5.184090277777777,3.26530612244898,7.008,1422781.19,1404826.5399999998,17954.65000000014,1.2949658894791847,6220.908333333333,0.10128333333333334,4.8616,14584.8,40.583339594133214,7.64,0.9,210.23999999999995,2.422222222222222,5.356164383561644,64.19213973799127,8649.36,83300.26,1051.2,875.1225
248,101,30300,petrol,19.6,100.74,0.177,6.35,0.698,2.31,155735.82,34055.68,121680.14,3571.07,3743.44,-172.37,fleet/commercial,6,300,high,3,0.45,0.55,40.45,80.6,0.29,0.71,0.36,fast-dominant,0.11,25591.13,17105.35,177884.38,27269.79,1818440.86,2848621.92,135619.88,6.28,-8.21,4.6,855983.78,-861.85,5363.099999999999,1545.9183673469386,5.139796039603961,1.1239498349834984,4.015846204620463,5.153061224489795,17.877,2725075.6100000003,2899272.9,-174197.28999999957,-6.115142510733737,10140.011666666667,-0.005688778877887789,-0.5745666666666667,-1723.7,-4.796329223466034,7.77,0.9,536.3099999999998,3.2333333333333343,4.553672316384181,85.58951965065503,8485.780000000002,130165.92,7615.601999999999,3331.6616
249,75,22500,petrol,19.6,100.39,0.149,8.07,0.704,2.31,115243.62,27054.67,88188.95,2651.79,2360.16,291.63,fleet/commercial,6,300,high,4,0.43,0.57,43.77,81.3,0.18,0.82,0.52,fast-dominant,0.03,25721.23,16771.4,176027.89,24825.77,1892205.92,2971459.75,102103.93,8.85,13.89,17.8,686547.54,1458.15,3352.5,1147.9591836734694,5.121938666666667,1.2024297777777777,3.919508888888889,3.826530612244898,11.175,2597030.17,2989736.44,-392706.27,-13.215937722191931,7349.079166666666,0.012961333333333333,0.9721,2916.3,8.11483141752857,9.71,0.9,335.24999999999994,3.116666666666667,5.456375838926174,85.58951965065503,8949.829999999998,97138.78,5498.099999999999,2289.3552
250,117,35100,petrol,13.2,103.33,0.132,7.64,0.633,2.31,274763.86,35397.65,239366.21,6142.5,2932.82,3209.68,fleet/commercial,8,300,high,5,0.4,0.6,52.52,82.0,0.55,0.45,0.31,mixed,0.22,27393.22,16902.11,188019.91,26109.76,1922080.8,3009158.76,255079.27,3.52,152.84,76.1,1463416.26,16048.4,4633.2,2659.090909090909,7.828030199430199,1.008480056980057,6.819550142450142,8.863636363636363,15.443999999999999,3432866.2,3056527.8899999997,376338.3100000005,12.506429205483347,19947.184166666666,0.09144387464387464,10.698933333333333,32096.8,89.31184070299042,8.54,0.9,463.3199999999999,2.25,6.212121212121211,57.64192139737992,10491.11,249857.32,4169.88,2287.5996
251,98,29400,diesel,19.1,94.4,0.113,7.36,0.632,2.68,145306.81,24451.39,120855.42,4125.24,2099.63,2025.61,4-wheeler,5,300,high,4,0.44,0.56,47.43,91.6,0.59,0.41,0.22,mixed,0.11,16887.0,8862.71,106888.81,11816.03,900162.51,1418344.96,131242.92,3.13,96.46,66.9,763103.41,10128.05,3322.2000000000003,1539.2670157068062,4.94240850340136,0.8316799319727891,4.110728571428571,5.130890052356021,11.074000000000002,1711131.56,1466210.6199999999,244920.94000000018,17.26807983299071,10071.285,0.0688982993197279,6.752033333333333,20256.1,56.36417264225233,8.18,0.9,332.21999999999997,1.680000000000001,8.106194690265486,83.40611353711792,8024.290000000001,128879.70999999999,2724.204,1868.6707000000001
252,100,30000,petrol,13.3,100.59,0.187,7.1,0.563,2.31,226894.74,39831.0,187063.74,5210.53,3158.43,2052.1,4-wheeler,6,300,high,3,0.47,0.53,55.75,79.1,0.58,0.42,0.07,mixed,0.25,16253.17,9790.81,103619.63,11482.75,839779.25,1355915.83,195822.65,2.11,97.72,71.2,1082732.88,10260.5,5610.0,2255.6390977443607,7.563158,1.3277,6.2354579999999995,7.518796992481202,18.7,2055518.8,1488922.5,566596.3,41.78698171847437,15588.644999999999,0.06840333333333333,6.840333333333333,20521.0,57.10127748143324,7.9399999999999995,0.9,560.9999999999999,3.4833333333333343,4.229946524064171,58.07860262008734,6462.360000000001,193526.09999999998,4712.4,2368.8224999999998
253,37,11100,petrol,16.3,104.77,0.154,8.1,0.761,2.31,71346.44,13846.14,57500.3,1573.07,1300.85,272.22,4-wheeler,8,300,medium,3,0.23,0.77,39.48,80.6,0.86,0.14,0.06,home/slow-dominant,0.53,18237.58,10599.52,96254.95,13043.99,880560.88,1354800.88,67747.16,5.58,12.96,31.4,434990.75,1361.1,1709.4,680.9815950920245,6.427607207207207,1.2473999999999998,5.180207207207207,2.2699386503067482,5.698,1328480.98,1367730.24,-39249.26000000001,-2.897050081632661,4791.691666666667,0.024524324324324328,0.9074000000000001,2722.2000000000003,7.574733081231792,8.379999999999999,0.9,170.93999999999997,2.4250000000000007,5.233766233766233,71.17903930131006,7638.060000000001,65138.36,478.63200000000006,611.3994999999999
254,16,4800,diesel,16.4,90.7,0.17,7.45,0.695,2.68,26546.34,6079.2,20467.14,784.39,567.12,217.27,2-wheeler,9,300,low,2,0.17,0.83,4.12,71.8,0.82,0.18,0.01,home/slow-dominant,0.17,10629.7,5970.96,14099.69,1816.59,84238.6,170229.24,25489.2,2.82,10.35,18.4,141545.69,1086.35,816.0000000000001,292.6829268292683,5.5304875000000004,1.2665,4.263987500000001,0.975609756097561,2.72,270118.80000000005,214563.75999999998,55555.040000000066,32.635427380161055,1705.595,0.04526458333333334,0.7242333333333334,2172.7000000000003,6.0457066217002104,7.81,0.9,81.6,3.1333333333333337,4.223529411764705,71.61572052401746,4658.740000000001,25125.88,293.76000000000005,470.70959999999997
255,14,4200,petrol,20.4,102.85,0.13,8.14,0.634,2.31,21175.0,4444.44,16730.56,475.59,346.16,129.43,2-wheeler,4,300,low,2,0.08,0.92,2.66,90.9,0.9,0.1,0.01,home/slow-dominant,0.47,7477.1,3867.29,14465.8,3849.42,104615.13,171715.0,21110.25,2.49,6.16,22.2,120017.05,647.15,546.0,205.8823529411765,5.041666666666667,1.0581999999999998,3.983466666666667,0.6862745098039217,1.82,247875.63,194958.43,52917.20000000001,30.816876801677207,1394.2133333333334,0.03081666666666667,0.43143333333333334,1294.3000000000002,3.6014903486291634,8.34,0.9,54.59999999999999,2.2749999999999986,6.992307692307692,89.08296943231441,3609.8100000000004,20340.370000000003,109.2,183.46480000000003
256,108,32400,petrol,14.8,102.93,0.142,6.81,0.589,2.31,225333.24,31331.45,194001.79,5057.03,2709.87,2347.16,4-wheeler,11,300,high,4,0.63,0.37,52.59,70.8,0.67,0.33,0.17,mixed,0.08,19227.89,12617.9,103411.15,11125.35,886129.63,1408189.34,202836.85,2.06,111.77,68.4,1117595.4,11735.8,4600.799999999999,2189.189189189189,6.95472962962963,0.967020061728395,5.987709567901234,7.297297297297297,15.335999999999997,2108935.28,1513399.59,595535.6899999997,42.2908818497376,16166.815833333334,0.07244320987654321,7.8238666666666665,23471.6,65.3115513149071,7.470000000000001,0.9,460.0799999999998,2.6545454545454548,4.985915492957747,64.62882096069869,6609.99,200611.78,3036.528,2493.0804
257,12,3600,petrol,14.4,105.88,0.174,7.6,0.697,2.31,26470.0,4760.64,21709.36,577.5,436.6,140.9,4-wheeler,7,300,low,3,0.27,0.73,58.76,75.9,0.69,0.31,0.15,mixed,0.21,16133.38,10863.3,98870.66,11426.86,896907.77,1377461.51,29264.81,13.04,6.71,15.0,245194.71,704.5,626.4,250.0,7.352777777777778,1.3224,6.030377777777778,0.8333333333333334,2.088,1109924.67,1345283.69,-235359.02000000002,-17.08643169274472,1809.1133333333335,0.03913888888888889,0.4696666666666667,1409.0,3.9206520136123704,8.219999999999999,0.9,62.639999999999986,3.442857142857142,4.362068965517242,62.882096069869,5270.08,26979.440000000002,388.368,344.91400000000004
258,63,18900,diesel,16.9,94.29,0.144,8.99,0.578,2.68,105448.58,24467.18,80981.4,2997.16,1573.08,1424.08,4-wheeler,5,300,high,4,0.47,0.53,32.21,84.9,0.64,0.36,0.12,mixed,0.1,15674.96,9991.01,96094.4,13199.99,864083.74,1325663.91,89305.35,4.09,67.81,57.5,542621.15,7120.4,2721.6,1118.3431952662722,5.579289947089947,1.2945597883597884,4.2847301587301585,3.727810650887574,9.072,1469701.44,1388660.47,81040.96999999997,6.113236498985628,6748.45,0.07534814814814815,4.746933333333333,14240.8,39.626132856956026,9.71,0.9,272.1599999999999,3.0199999999999987,5.895833333333335,73.79912663755458,5683.949999999999,86665.34999999999,1959.552,1415.772
259,68,20400,petrol,17.5,102.85,0.14,6.96,0.708,2.31,119893.71,19877.76,100015.95,2692.8,2022.05,670.75,4-wheeler,7,300,high,3,0.65,0.35,40.8,80.3,0.67,0.33,0.07,mixed,0.2,17006.78,10358.21,105961.43,13365.63,862932.01,1312926.18,109337.65,3.15,31.94,38.9,652649.68,3353.75,2856.0000000000005,1165.7142857142858,5.8771426470588235,0.9743999999999999,4.902742647058823,3.885714285714286,9.520000000000001,1547434.46,1344778.97,202655.49,15.435406276992664,8334.6625,0.032879901960784316,2.2358333333333333,6707.5,18.664140086092956,7.620000000000001,0.9,285.59999999999997,2.8142857142857145,5.735714285714285,76.41921397379913,6648.57,106664.51999999999,1884.9600000000005,1617.64
260,41,12300,petrol,14.3,105.77,0.186,8.54,0.62,2.31,90976.99,19537.81,71439.18,1986.92,1418.44,568.48,2-wheeler,11,300,medium,3,0.48,0.52,2.3,70.0,0.84,0.16,0.03,home/slow-dominant,0.16,11878.51,7380.55,14486.2,1615.95,152832.91,229485.48,76260.33,0.82,27.07,34.1,395787.85,2842.4,2287.8,860.13986013986,7.396503252032521,1.5884398373983741,5.808063414634147,2.8671328671328666,7.626,667110.41,347975.13,319135.28,139.0655652810801,5953.264999999999,0.04621788617886179,1.8949333333333334,5684.8,15.818397847397872,8.86,0.9,228.77999999999997,2.727272727272727,3.7634408602150535,62.44541484716159,4497.96,75937.14,732.0960000000001,1191.4896
261,109,32700,petrol,14.7,102.95,0.142,7.19,0.728,2.31,229011.22,33386.05,195625.17,5138.57,3380.4,1758.17,4-wheeler,12,300,high,3,0.38,0.62,43.25,70.5,0.8,0.2,0.05,home/slow-dominant,0.24,21450.24,13171.64,101785.61,13293.51,844585.44,1316337.98,206562.47,1.79,83.72,67.4,1134597.96,8790.85,4643.4,2224.4897959183672,7.00340122324159,1.020980122324159,5.982421100917431,7.414965986394558,15.477999999999998,2096892.74,1434047.3099999998,662845.4300000002,50.35526134405088,16302.097500000002,0.05376666666666667,5.860566666666667,17581.7,48.922446776244584,7.590000000000001,0.9,464.33999999999986,2.4583333333333335,4.964788732394366,64.19213973799127,8278.600000000002,203903.77000000002,1857.36,2569.1040000000003
262,16,4800,petrol,19.5,107.96,0.173,7.0,0.77,2.31,26574.77,5812.8,20761.97,568.62,639.41,-70.79,fleet/commercial,5,300,low,2,0.06,0.94,65.14,84.3,0.35,0.65,0.52,fast-dominant,0.12,26932.97,16419.32,176915.0,27354.01,1875261.46,2877167.44,36746.42,20.0,-3.37,6.0,360647.1,-353.95,830.4,246.15384615384616,5.536410416666667,1.211,4.325410416666666,0.8205128205128205,2.768,2142800.16,2784059.0300000003,-641258.8700000001,-22.2878537093413,1730.1641666666667,-0.014747916666666668,-0.23596666666666669,-707.9000000000001,-1.9697867710689831,8.3,0.9,83.03999999999998,3.1400000000000006,4.872832369942197,85.15283842794761,10513.650000000001,31275.620000000003,1079.52,562.6808
263,67,20100,petrol,19.1,100.07,0.125,8.15,0.736,2.31,105309.27,20476.88,84832.39,2430.94,1849.2,581.74,4-wheeler,8,300,high,4,0.46,0.54,27.49,81.2,0.88,0.12,0.04,home/slow-dominant,0.23,17749.55,11062.56,107038.22,13889.26,837662.75,1363238.45,94297.23,4.44,27.7,36.6,578524.37,2908.7,2512.5,1052.3560209424083,5.239267164179105,1.018750248756219,4.220516915422886,3.507853403141361,8.375,1452956.85,1400008.17,52948.68000000017,3.8840365748193335,7069.365833333333,0.02894228855721393,1.9391333333333334,5817.4,16.187367653646987,8.39,0.9,251.24999999999994,2.3499999999999996,6.496,83.40611353711792,6686.99,91519.38,603.0,1423.884
264,98,29400,petrol,12.6,102.1,0.152,8.62,0.693,2.31,238233.33,38521.06,199712.27,5390.0,3096.88,2293.12,4-wheeler,10,300,high,3,0.55,0.45,38.8,71.0,0.56,0.44,0.24,mixed,0.26,19798.94,11845.36,103482.98,11524.74,855653.18,1297109.8,209970.8,1.61,109.2,73.0,1153336.98,11465.6,4468.8,2333.3333333333335,8.103174489795919,1.3102401360544218,6.792934353741497,7.777777777777779,14.896,2145814.53,1433934.18,711880.3499999999,54.88204236834845,16642.689166666667,0.07799727891156462,7.643733333333333,22931.199999999997,63.807846312667124,9.5,0.9,446.87999999999994,2.9,4.671052631578947,55.02183406113538,7953.579999999998,207665.84999999998,3932.5440000000003,2291.6912
265,76,22800,petrol,17.9,105.66,0.184,8.75,0.653,2.31,134583.69,36708.0,97875.69,2942.35,2739.47,202.88,fleet/commercial,6,300,high,4,0.63,0.37,56.71,81.4,0.35,0.65,0.49,fast-dominant,0.21,27611.14,16898.38,188523.78,26369.9,1797613.26,2809454.19,113862.43,7.23,9.66,18.8,757835.93,1014.4,4195.2,1273.7430167597765,5.902793421052632,1.61,4.2927934210526315,4.245810055865922,13.984,2608587.41,2862592.41,-254005.0,-9.041079968632626,8156.3075,0.008898245614035087,0.6762666666666667,2028.8,5.645293687165917,10.05,0.9,419.51999999999987,3.099999999999999,4.423913043478262,78.16593886462881,10712.759999999998,108588.45,5453.76,2164.1812999999997
266,39,11700,diesel,21.7,93.51,0.135,6.39,0.572,2.68,50417.83,10093.0,40324.83,1444.98,903.47,541.51,4-wheeler,6,300,medium,2,0.21,0.79,41.83,83.3,0.75,0.25,0.13,home/slow-dominant,0.24,17295.68,10351.33,102432.07,13689.01,845333.91,1289089.15,50006.98,6.83,25.79,35.9,352466.97,2707.55,1579.5,539.1705069124424,4.30921623931624,0.8626495726495726,3.4465666666666674,1.7972350230414746,5.265,1183901.46,1275189.7199999997,-91288.25999999978,-7.081609522506631,3360.4025,0.046282905982905985,1.8050333333333333,5415.1,15.067936635140061,6.89,0.9,157.94999999999996,2.7833333333333337,6.17037037037037,94.75982532751091,6944.35,47269.18,789.75,686.6372
267,26,7800,petrol,17.3,106.58,0.117,6.52,0.761,2.31,48053.41,5950.15,42103.26,1041.5,694.49,347.01,4-wheeler,8,300,medium,4,0.29,0.71,44.25,82.6,0.87,0.13,0.05,home/slow-dominant,0.18,17912.53,10149.74,109121.39,11148.92,863471.98,1359520.49,52095.83,7.43,16.52,25.6,369600.54,1735.05,912.6,450.86705202312135,6.16069358974359,0.7628397435897435,5.397853846153847,1.5028901734104045,3.0420000000000003,1193301.68,1319749.6300000001,-126447.95000000019,-9.300922709888704,3508.605,0.04448846153846154,1.1567,3470.1,9.655822961274865,6.779999999999999,0.9,91.25999999999998,2.1750000000000007,7.059829059829059,75.54585152838429,7762.789999999999,49866.05,237.276,569.4818
268,25,7500,petrol,16.6,103.96,0.164,6.77,0.7,2.31,46969.88,8327.1,38642.78,1043.67,861.0,182.67,4-wheeler,5,300,low,3,0.2,0.8,22.32,84.6,0.57,0.43,0.13,mixed,0.14,16319.97,9261.74,108378.02,14421.39,843387.99,1311587.49,48585.29,7.41,8.7,15.8,351304.47,913.35,1230.0,451.8072289156626,6.262650666666667,1.1102800000000002,5.152370666666666,1.506024096385542,4.1,1159837.24,1276732.28,-116895.04000000004,-8.912485128994334,3220.2316666666666,0.024356,0.6089,1826.6999999999998,5.08293472907432,7.629999999999999,0.9,122.99999999999997,3.080000000000001,5.158536585365853,72.48908296943233,7058.23,45701.009999999995,1057.8,740.46
269,85,25500,diesel,19.4,93.84,0.151,6.22,0.762,2.68,123346.39,23950.11,99396.28,3522.68,2934.08,588.6,4-wheeler,8,300,high,3,0.4,0.6,50.92,79.1,0.75,0.25,0.12,home/slow-dominant,0.43,17107.52,10403.68,103646.9,14625.07,866332.05,1320683.46,109025.13,3.22,28.03,42.9,648772.55,2943.0,3850.5,1314.4329896907218,4.837113333333333,0.93922,3.8978933333333328,4.381443298969073,12.835,1568601.6,1374180.44,194421.16000000015,14.721253494005303,8283.023333333333,0.02308235294117647,1.962,5886.0,16.378252485537555,6.72,0.9,385.0499999999999,2.6125000000000007,5.2384105960264895,84.71615720524017,6703.84,106100.12,1925.25,1672.4256
270,77,23100,petrol,14.8,106.31,0.143,6.24,0.773,2.31,165929.8,20612.59,145317.21,3605.47,2553.45,1052.02,4-wheeler,11,300,high,5,0.57,0.43,49.09,75.2,0.85,0.15,0.05,home/slow-dominant,0.35,20279.05,11864.58,109008.4,14401.81,872955.54,1320624.81,156612.04,2.16,50.1,56.5,892068.6,5260.1,3303.2999999999997,1560.8108108108108,7.183108225108224,0.8923199134199135,6.290788311688311,5.202702702702703,11.011,1803999.79,1359600.4500000002,444399.33999999985,33.65068841921877,12109.7675,0.04554199134199134,3.5067333333333335,10520.2,29.27327417573091,6.54,0.9,330.3299999999999,2.2545454545454544,5.258741258741259,64.62882096069869,8414.47,153731.68,990.9899999999999,1659.7424999999998
271,93,27900,petrol,18.8,106.53,0.174,6.24,0.65,2.31,158095.05,30292.7,127802.35,3428.14,3155.49,272.65,fleet/commercial,5,300,high,4,0.45,0.55,58.31,83.5,0.25,0.75,0.36,fast-dominant,0.09,25219.74,16143.6,179846.33,27298.53,1792675.55,2791840.98,142338.2,5.76,12.98,18.4,891537.33,1363.25,4854.599999999999,1484.0425531914893,5.666489247311827,1.0857598566308244,4.580729390681003,4.946808510638298,16.182,2709249.5,2816877.62,-107628.12000000011,-3.855094927362235,10650.195833333333,0.009772401433691756,0.9088333333333333,2726.5,7.5866981654465055,7.74,0.9,485.45999999999987,3.3,4.7988505747126435,82.09606986899564,9076.140000000001,136878.49000000002,7281.9,2871.4959
272,103,30900,petrol,19.5,99.99,0.125,8.91,0.572,2.31,158445.69,34414.88,124030.81,3660.46,2209.35,1451.11,fleet/commercial,6,300,high,4,0.52,0.48,42.65,84.5,0.5,0.5,0.33,mixed,0.09,25686.79,17002.05,180484.63,26979.86,1825903.0,2735931.5,138111.52,5.28,69.1,57.7,871042.23,7255.55,3862.5,1584.6153846153845,5.127692233009709,1.1137501618122976,4.013942071197412,5.282051282051282,12.875,2746565.4,2785551.66,-38986.26000000024,-1.424972079893091,10335.900833333333,0.04696148867313916,4.837033333333333,14511.099999999999,40.37826361584845,9.91,0.9,386.2499999999999,2.5833333333333335,6.76,85.15283842794761,8684.740000000002,132715.55,3862.5,2010.5085
273,78,23400,petrol,16.9,106.06,0.153,6.34,0.715,2.31,146852.31,22698.47,124153.84,3198.46,2559.84,638.62,fleet/commercial,8,300,high,3,0.38,0.62,77.75,82.8,0.16,0.84,0.34,mixed,0.06,27823.07,18137.07,175682.17,26533.73,1854945.58,2937125.13,139146.59,6.51,30.41,33.6,871415.12,3193.1,3580.2,1384.6153846153848,6.275739743589743,0.9700200854700856,5.305719658119658,4.615384615384616,11.934,2728322.48,2939086.93,-210764.4500000002,-7.175875751674229,10346.153333333334,0.02729145299145299,2.1287333333333334,6386.2,17.770097863258567,8.02,0.9,358.0199999999999,2.1500000000000004,5.411764705882352,73.79912663755458,9686.0,133839.84,6014.736,2406.2496
274,15,4500,petrol,15.5,100.81,0.19,7.51,0.559,2.31,29267.42,6421.05,22846.37,670.65,477.95,192.7,4-wheeler,8,300,low,2,0.21,0.79,58.3,74.4,0.81,0.19,0.09,home/slow-dominant,0.21,17114.43,11538.58,103838.01,13714.51,889314.43,1402719.87,31165.12,13.14,9.18,18.4,259663.61,963.5,855.0,290.3225806451613,6.503871111111111,1.4269,5.076971111111111,0.9677419354838709,2.85,1121223.6800000002,1374965.5,-253741.81999999983,-18.089272521676037,1903.8641666666665,0.04282222222222222,0.6423333333333333,1927.0,5.362027274826854,7.89,0.9,85.49999999999999,3.1999999999999993,3.915789473684211,67.68558951965066,5575.85,28422.22,324.9,377.58050000000003
275,46,13800,diesel,15.9,97.15,0.113,7.24,0.637,2.68,84318.87,11290.06,73028.81,2326.04,993.34,1332.7,4-wheeler,7,300,medium,3,0.45,0.55,31.13,85.1,0.88,0.12,0.04,home/slow-dominant,0.54,17727.56,9978.2,105828.86,14225.58,900393.55,1427930.05,83623.29,5.04,63.46,68.8,523945.31,6663.5,1559.4,867.9245283018868,6.11006304347826,0.8181202898550725,5.291942753623188,2.893081761006289,5.198,1410625.7,1414216.91,-3591.2099999999627,-0.251497613626099,6085.734166666666,0.09657246376811594,4.442333333333334,13327.0,37.08341333244291,7.48,0.9,155.93999999999997,2.1285714285714294,7.530973451327434,69.43231441048036,7749.360000000001,80778.17,374.25600000000003,456.9364
276,51,15300,petrol,14.4,104.39,0.185,8.6,0.656,2.31,110914.38,24342.3,86572.08,2454.38,1856.81,597.57,4-wheeler,8,300,medium,3,0.3,0.7,34.29,76.5,0.78,0.22,0.11,home/slow-dominant,0.46,17894.98,11757.02,106602.79,13649.99,892243.49,1387000.21,95440.04,4.07,28.46,44.2,583802.99,2987.85,2830.5,1062.5,7.2493058823529415,1.591,5.658305882352941,3.5416666666666665,9.435,1536290.29,1447244.03,89046.26000000001,6.420061032290689,7214.34,0.039056862745098044,1.9919000000000002,5975.700000000001,16.627849707411954,9.04,0.9,283.04999999999995,2.9375,4.135135135135135,62.882096069869,6137.959999999999,92710.04000000001,1245.42,1002.6774
277,58,17400,diesel,18.2,95.96,0.137,6.91,0.694,2.68,91741.98,16472.06,75269.92,2562.2,1654.36,907.84,4-wheeler,6,300,high,3,0.51,0.49,28.98,85.3,0.7,0.3,0.16,home/slow-dominant,0.1,16574.75,9985.17,97247.24,12310.91,862406.94,1318754.83,84321.68,4.26,43.23,44.5,518855.64,4539.2,2383.8,956.0439560439561,5.2725275862068965,0.9466701149425288,4.325857471264368,3.186813186813187,7.946000000000001,1403990.5899999999,1341482.83,62507.75999999978,4.739907568717665,6272.493333333333,0.052174712643678164,3.0261333333333336,9078.4,25.26135361275979,7.51,0.9,238.37999999999997,2.4500000000000006,6.226277372262773,79.47598253275109,6589.58,81859.5,1430.28,1488.924
278,10,3000,diesel,22.8,89.76,0.135,6.49,0.629,2.68,11810.53,2628.45,9182.08,352.63,254.75,97.88,4-wheeler,6,300,low,1,0.12,0.88,43.92,85.8,0.57,0.43,0.05,mixed,0.22,15651.3,9649.04,101662.39,12503.84,886499.49,1416044.99,17685.11,20.0,4.66,13.5,190087.94,489.4,405.0,131.57894736842104,3.9368433333333335,0.87615,3.0606933333333335,0.43859649122807015,1.35,1023808.64,1363266.21,-339457.56999999995,-23.972230571572446,765.1733333333333,0.032626666666666665,0.32626666666666665,978.8,2.723587076596017,7.35,0.9,40.49999999999999,2.366666666666667,6.355555555555555,99.56331877729258,6002.259999999998,15184.339999999998,348.3,198.705
279,98,29400,petrol,15.8,104.33,0.184,7.96,0.699,2.31,194133.04,43060.42,151072.62,4298.35,3781.31,517.04,4-wheeler,9,300,high,4,0.51,0.49,27.88,77.5,0.87,0.13,0.04,home/slow-dominant,0.19,17885.45,11811.86,97652.95,14588.23,870051.9,1375183.04,160063.86,2.55,24.62,33.2,897972.25,2585.2,5409.599999999999,1860.759493670886,6.60316462585034,1.4646401360544217,5.138524489795918,6.2025316455696204,18.031999999999996,1930144.35,1537303.26,392841.0900000001,28.566458323977006,12589.385,0.01758639455782313,1.7234666666666665,5170.4,14.387039865991055,8.22,0.9,540.9599999999998,2.5,4.211956521739131,68.99563318777294,6073.59,157146.21,1406.4959999999999,3062.8611
280,42,12600,petrol,18.7,106.89,0.124,8.47,0.675,2.31,72022.14,13233.53,58788.61,1556.47,1054.62,501.85,4-wheeler,5,300,medium,3,0.51,0.49,35.54,88.0,0.71,0.29,0.08,home/slow-dominant,0.23,15950.2,9717.8,104931.91,11068.49,872131.93,1351005.94,67234.71,5.56,23.9,33.7,441105.46,2509.25,1562.4,673.7967914438503,5.716042857142857,1.0502801587301587,4.665762698412698,2.2459893048128343,5.208,1311993.63,1349762.19,-37768.560000000056,-2.795588004594566,4899.050833333334,0.03982936507936508,1.6728333333333334,5018.5,13.964366309661946,9.05,0.9,156.23999999999998,2.4,7.096774193548387,81.6593886462882,6232.4000000000015,65021.01,906.192,812.0573999999999
281,86,25800,petrol,16.9,104.87,0.169,7.7,0.608,2.31,160097.4,33573.54,126523.86,3526.51,2651.0,875.51,fleet/commercial,9,300,high,4,0.55,0.45,74.85,73.7,0.16,0.84,0.32,mixed,0.09,29914.02,18863.84,177369.2,26795.28,1852700.43,2848671.61,142933.1,5.73,41.69,43.0,892034.7,4377.55,4360.200000000001,1526.6272189349113,6.205325581395349,1.3013000000000001,4.904025581395349,5.088757396449704,14.534000000000002,2802757.53,2906694.03,-103936.5,-3.648595353537434,10543.655,0.03393449612403101,2.9183666666666666,8755.1,24.361746234476694,9.379999999999999,0.9,436.02,2.922222222222222,4.36094674556213,73.79912663755458,11050.18,137574.04,7325.136000000001,2412.4100000000003
282,110,33000,petrol,17.9,99.54,0.121,7.93,0.71,2.31,183509.5,31664.49,151845.01,4258.66,2835.03,1423.63,4-wheeler,1,300,high,4,0.58,0.42,43.28,97.9,0.79,0.21,0.1,home/slow-dominant,0.31,11781.0,6968.82,108562.46,14819.11,862517.17,1369906.77,159621.01,2.5,67.79,63.8,906667.51,7118.15,3993.0,1843.5754189944137,5.56089393939394,0.95953,4.60136393939394,6.145251396648046,13.31,1838969.67,1439691.75,399277.9199999999,29.14635716414482,12653.750833333334,0.043140303030303036,4.745433333333334,14236.300000000001,39.613611257196446,8.35,0.9,399.2999999999999,2.0999999999999943,8.090909090909092,78.16593886462881,4812.18,156657.19,1677.06,1956.1707
283,36,10800,diesel,18.3,93.09,0.185,8.44,0.647,2.68,54938.36,16863.12,38075.24,1581.64,1292.71,288.93,4-wheeler,8,300,medium,4,0.25,0.75,36.69,76.7,0.72,0.28,0.06,home/slow-dominant,0.2,17485.76,10914.32,98459.52,13824.91,900570.4,1420030.08,47411.66,8.88,13.76,22.5,335517.82,1444.65,1998.0,590.1639344262295,5.086885185185185,1.5614,3.525485185185185,1.9672131147540983,6.66,1262691.0,1446632.85,-183941.8500000001,-12.953377015788291,3172.9366666666665,0.026752777777777778,0.9631000000000001,2889.3,8.039701818971059,9.0,0.9,199.79999999999995,2.9124999999999996,4.145945945945946,79.91266375545852,6571.439999999999,44646.67999999999,1118.88,1034.1680000000001
284,53,15900,petrol,15.1,103.26,0.148,8.6,0.649,2.31,108730.73,20237.52,88493.21,2432.38,1527.23,905.15,2-wheeler,5,300,medium,4,0.5,0.5,3.47,82.6,0.78,0.22,0.01,home/slow-dominant,0.17,9136.7,5198.93,14371.03,5475.65,97077.4,202709.23,93526.11,0.98,43.1,46.5,482001.58,4525.75,2353.2,1052.9801324503312,6.838410691823899,1.2728,5.565610691823899,3.5099337748344372,7.843999999999999,686414.5499999999,310044.79999999993,376369.75,185.6697645193561,7374.434166666667,0.05692767295597484,3.0171666666666668,9051.5,25.18650227197471,9.04,0.9,235.31999999999994,3.4800000000000013,5.581081081081081,65.93886462882097,3937.7700000000004,92430.98000000001,1035.408,1267.6009
285,16,4800,petrol,16.1,103.55,0.156,8.14,0.572,2.31,30872.05,6095.23,24776.82,688.7,428.31,260.39,4-wheeler,7,300,low,2,0.29,0.71,43.36,76.3,0.62,0.38,0.16,mixed,0.33,16223.45,10641.46,107763.59,13750.18,860616.34,1328454.03,33108.85,10.88,12.4,25.1,273307.84,1301.95,748.8,298.13664596273287,6.431677083333333,1.2698395833333331,5.1618375,0.9937888198757763,2.496,1096093.8399999999,1290623.71,-194529.8700000001,-14.643327176326915,2064.735,0.054247916666666667,0.8679666666666667,2603.8999999999996,7.245554136440916,8.9,0.9,74.87999999999998,3.385714285714286,4.891025641025641,70.3056768558952,5581.990000000002,30358.81,569.088,286.9677
286,40,12000,petrol,18.1,105.52,0.165,6.5,0.59,2.31,69958.01,12870.0,57088.01,1531.49,1168.2,363.29,2-wheeler,4,300,medium,4,0.44,0.56,2.02,84.6,0.76,0.24,0.02,home/slow-dominant,0.34,8402.13,4463.52,16877.01,1637.45,134506.7,186929.37,61354.11,0.58,17.3,31.3,323647.56,1816.45,1980.0,662.9834254143645,5.829834166666666,1.0725,4.757334166666666,2.209944751381215,6.6,526307.4,255082.50999999995,271224.8900000001,145.09485053097865,4757.3341666666665,0.030274166666666668,1.2109666666666667,3632.9,10.108826614799419,6.98,0.9,197.99999999999994,3.8500000000000014,5.127272727272727,79.03930131004367,3938.6099999999988,61026.62,950.4,771.012
287,117,35100,diesel,14.6,92.04,0.159,7.45,0.667,2.68,221274.25,41577.71,179696.54,6443.01,3722.46,2720.55,4-wheeler,6,300,high,4,0.64,0.36,24.98,78.9,0.75,0.25,0.12,home/slow-dominant,0.27,16558.29,10295.69,95359.94,14308.04,838972.48,1312598.08,188820.75,2.0,129.55,76.6,1039463.69,13602.75,5580.9,2404.109589041096,6.304109686609687,1.1845501424501423,5.119559544159545,8.013698630136988,18.602999999999998,2028135.18,1462297.1,565838.0799999998,43.108251384917445,14974.711666666668,0.07750854700854701,9.0685,27205.5,75.7014182798661,7.95,0.9,558.0899999999998,3.5166666666666657,4.962264150943397,63.75545851528385,6262.6,185959.14,2790.45,2717.3958
288,31,9300,petrol,16.9,102.59,0.156,6.96,0.749,2.31,56454.85,10097.57,46357.28,1271.18,1086.65,184.53,4-wheeler,9,300,medium,3,0.47,0.53,55.49,75.0,0.77,0.23,0.09,home/slow-dominant,0.17,18529.84,11947.77,102418.79,12138.52,889109.92,1358536.18,55367.05,6.63,8.79,16.9,379254.04,922.65,1450.8,550.2958579881657,6.070413978494623,1.0857602150537633,4.9846537634408605,1.834319526627219,4.835999999999999,1264033.37,1354205.5699999998,-90172.19999999972,-6.637452967943756,3863.1066666666666,0.01984193548387097,0.6151,1845.3,5.134690674747273,7.420000000000001,0.9,145.07999999999996,2.7777777777777777,4.8076923076923075,73.79912663755458,6582.07,52939.35,667.368,901.9195000000001
289,34,10200,petrol,19.6,104.23,0.127,6.23,0.75,2.31,54242.14,8070.34,46171.8,1202.14,971.55,230.59,4-wheeler,5,300,medium,3,0.47,0.53,24.96,89.2,0.73,0.27,0.14,home/slow-dominant,0.21,15293.23,8945.3,96268.15,12784.23,882216.93,1381627.68,55076.58,7.32,10.98,20.1,371651.05,1152.95,1295.4,520.408163265306,5.317856862745098,0.7912098039215686,4.52664705882353,1.7346938775510201,4.3180000000000005,1229893.78,1357653.5,-127759.71999999997,-9.247044037218476,3847.65,0.02260686274509804,0.7686333333333334,2305.9,6.416345974583935,6.7700000000000005,0.9,129.54,2.1599999999999993,7.0236220472440944,85.58951965065503,6347.93,52519.73,699.5160000000001,767.5245
290,54,16200,petrol,17.6,100.98,0.178,8.89,0.684,2.31,92947.5,25635.2,67312.3,2126.25,1972.38,153.87,4-wheeler,7,300,medium,3,0.31,0.69,48.86,75.9,0.84,0.16,0.04,home/slow-dominant,0.53,16763.08,10775.76,109780.17,12248.37,890030.2,1410771.94,75749.29,5.43,7.33,25.6,488526.62,769.35,2883.6,920.4545454545454,5.7375,1.5824197530864197,4.15508024691358,3.068181818181818,9.612,1438583.1,1470798.2,-32215.09999999986,-2.283508700917305,5609.358333333334,0.009498148148148148,0.5129,1538.7,4.281552344460861,9.21,0.9,288.3599999999999,3.442857142857142,4.264044943820225,76.85589519650657,5987.3200000000015,73299.62000000001,922.752,927.0186
291,55,16500,diesel,16.3,94.41,0.168,6.05,0.679,2.68,95568.4,16770.6,78797.8,2712.88,1882.19,830.69,2-wheeler,7,300,medium,4,0.34,0.66,5.22,76.0,0.95,0.05,0.01,home/slow-dominant,0.37,9283.93,5047.18,18821.67,2574.22,112442.34,152421.22,83549.39,0.25,39.56,49.9,436568.62,4153.45,2772.0,1012.2699386503067,5.792024242424242,1.0164,4.775624242424242,3.3742331288343554,9.24,636703.9899999999,240114.23,396589.7599999999,260.19327230158626,6566.483333333334,0.050344848484848485,2.768966666666667,8306.900000000001,23.114594898422002,6.1499999999999995,0.9,277.19999999999993,3.4285714285714284,4.523809523809524,71.17903930131006,4236.75,83034.55,277.2,1185.7797
292,98,29400,petrol,12.5,107.58,0.179,7.74,0.719,2.31,253028.16,40732.52,212295.64,5433.12,3783.81,1649.31,2-wheeler,11,300,high,4,0.52,0.48,2.95,70.0,0.89,0.11,0.02,home/slow-dominant,0.29,13673.53,7654.34,13847.99,3225.62,103919.43,167814.48,218959.95,0.23,78.54,66.7,1108647.74,8246.55,5262.599999999999,2352.0,8.6064,1.3854598639455782,7.2209401360544225,7.84,17.541999999999998,1437427.88,392675.17000000004,1044752.7099999998,622.5641017390154,17691.303333333333,0.05609897959183673,5.4977,16493.1,45.89333266551468,7.960000000000001,0.9,526.2599999999999,2.727272727272727,3.910614525139665,54.58515283842795,6019.1900000000005,218314.83000000002,1157.772,2686.5051
293,45,13500,petrol,17.7,102.97,0.186,7.28,0.725,2.31,78536.44,18280.08,60256.36,1761.86,1820.47,-58.61,4-wheeler,7,300,medium,3,0.54,0.46,36.08,78.4,0.55,0.45,0.06,mixed,0.21,17787.11,10901.15,103455.77,12515.01,888541.86,1329722.85,69645.32,4.85,-2.79,9.0,451682.37,-293.05,2511.0,762.7118644067797,5.817514074074074,1.3540800000000002,4.463434074074074,2.542372881355932,8.37,1370159.6099999999,1359658.22,10501.389999999898,0.7897427648174878,5021.363333333334,-0.004341481481481482,-0.19536666666666666,-586.1,-1.6308688042428747,8.180000000000001,0.9,251.09999999999994,3.085714285714285,4.21505376344086,77.29257641921397,6885.960000000001,67142.32,2259.9,1438.1713
294,84,25200,diesel,17.7,94.73,0.17,6.95,0.589,2.68,134869.83,29773.8,105096.03,3815.59,2523.28,1292.31,4-wheeler,4,300,high,4,0.52,0.48,43.62,81.8,0.79,0.21,0.11,home/slow-dominant,0.42,15407.34,8578.54,96153.01,13533.35,858683.9,1368869.74,114631.5,3.61,61.54,64.3,669310.51,6461.55,4284.0,1423.7288135593221,5.3519773809523805,1.1815,4.170477380952381,4.7457627118644075,14.28,1610069.75,1450945.0799999998,159124.67000000016,11.62452973794279,8758.0025,0.05128214285714285,4.3077,12923.099999999999,35.95953018957702,7.370000000000001,0.9,428.3999999999999,4.550000000000001,4.811764705882353,77.29257641921397,6828.799999999999,111924.83,1799.28,1463.5024000000003
295,34,10200,petrol,17.7,105.46,0.151,6.74,0.762,2.31,60773.56,10380.95,50392.61,1331.19,1173.63,157.56,2-wheeler,8,300,medium,2,0.53,0.47,5.09,80.3,0.85,0.15,0.0,home/slow-dominant,0.24,11217.0,6066.27,21998.37,4752.6,130314.33,221170.93,56493.86,1.22,7.5,17.3,304467.67,787.8,1540.2,576.271186440678,5.9581921568627445,1.0177401960784314,4.940451960784313,1.92090395480226,5.134,490267.13,276656.06000000006,213611.06999999995,96.58189256607997,4199.384166666667,0.015447058823529413,0.5252,1575.6,4.384229462489461,7.04,0.9,154.01999999999998,2.4625000000000004,5.317880794701987,77.29257641921397,5150.73,55543.34,462.06,891.9588000000001
296,13,3900,petrol,18.7,105.51,0.175,6.23,0.766,2.31,22004.76,4251.98,17752.78,481.76,522.79,-41.03,2-wheeler,5,300,low,3,0.14,0.86,5.3,84.0,0.88,0.12,0.0,home/slow-dominant,0.17,7667.08,4413.5,23879.92,2688.35,140885.81,236377.02,21544.03,3.32,-1.95,8.0,131600.07,-205.15,682.5,208.55614973262033,5.642246153846154,1.090251282051282,4.5519948717948715,0.6951871657754011,2.275,289245.01,253136.15,36108.860000000015,15.27596041273387,1479.3983333333333,-0.01052051282051282,-0.13676666666666668,-410.3,-1.1416916403017427,6.470000000000001,0.9,68.24999999999999,3.2,4.8,81.6593886462882,3253.58,21006.36,163.79999999999998,433.91569999999996
297,38,11400,diesel,15.3,90.91,0.163,8.24,0.622,2.68,67736.86,15311.57,52425.29,1996.86,1155.8,841.06,4-wheeler,5,300,medium,3,0.47,0.53,50.1,85.7,0.78,0.22,0.07,home/slow-dominant,0.33,16033.3,8863.56,108116.67,11854.88,886163.74,1365733.28,61966.01,5.99,40.05,49.0,417946.72,4205.3,1858.2,745.0980392156862,5.941829824561403,1.3431201754385964,4.5987096491228066,2.483660130718954,6.194,1305014.54,1366637.3800000001,-61622.840000000084,-4.512069882341894,4368.774166666667,0.07377719298245614,2.803533333333333,8410.599999999999,23.40314820843733,8.68,0.9,185.81999999999996,2.8599999999999994,5.257668711656441,66.81222707423582,7169.74,59595.03,817.6080000000001,774.3859999999999
298,65,19500,diesel,16.9,94.84,0.171,7.24,0.697,2.68,109430.77,24141.78,85288.99,3092.31,2324.15,768.16,4-wheeler,6,300,high,4,0.65,0.35,25.29,83.1,0.67,0.33,0.09,mixed,0.31,16404.16,9816.85,100126.36,13667.58,908769.87,1399986.46,94609.82,4.13,36.58,46.2,573175.46,3840.8,3334.5000000000005,1153.846153846154,5.61183435897436,1.23804,4.37379435897436,3.8461538461538467,11.115000000000002,1537944.52,1455985.6699999997,81958.85000000033,5.8542601904878655,7107.4158333333335,0.03939282051282051,2.5605333333333333,7681.599999999999,21.374649047384516,7.9,0.9,333.45,2.8166666666666678,4.859649122807017,73.79912663755458,6587.3099999999995,91876.3,2200.7700000000004,1603.6634999999999
299,49,14700,petrol,18.4,106.42,0.152,6.56,0.744,2.31,85020.33,14657.66,70362.67,1845.49,1662.39,183.1,4-wheeler,9,300,medium,3,0.44,0.56,47.43,80.8,0.87,0.13,0.02,home/slow-dominant,0.43,19427.86,10620.77,99886.52,13681.28,850207.69,1316560.85,81906.02,4.47,8.72,24.6,509416.62,915.5,2234.4,798.9130434782609,5.783695918367347,0.9971197278911564,4.7865761904761905,2.6630434782608696,7.448,1372448.64,1329385.2,43063.439999999944,3.2709038856806307,5863.555833333333,0.01245578231292517,0.6103333333333333,1831.0,5.094899813289035,6.819999999999999,0.9,223.43999999999997,2.1333333333333337,5.315789473684211,80.34934497816593,8807.09,79169.76,580.9440000000001,947.5623000000002
300,96,28800,petrol,15.2,106.85,0.167,6.67,0.693,2.31,202452.63,32080.03,170372.6,4376.84,3333.05,1043.79,2-wheeler,10,300,high,4,0.46,0.54,3.44,71.6,0.78,0.22,0.02,home/slow-dominant,0.46,11542.21,6784.9,10526.31,5104.52,132017.18,240243.75,176150.81,0.55,49.7,59.6,891280.36,5218.95,4809.6,1894.7368421052633,7.029605208333334,1.1138899305555554,5.915715277777778,6.3157894736842115,16.032,1201991.38,418937.57,783053.8099999998,325.9413866125549,14197.716666666667,0.03624270833333333,3.4793,10437.9,29.044268029016717,7.11,0.9,480.9599999999999,2.8400000000000007,4.287425149700598,66.37554585152839,4757.3099999999995,175129.91,2116.224,1799.8470000000002
301,104,31200,petrol,20.5,100.39,0.121,6.03,0.661,2.31,152788.68,22764.46,130024.22,3515.71,2495.41,1020.3,2-wheeler,4,300,high,3,0.51,0.49,3.65,91.3,0.9,0.1,0.01,home/slow-dominant,0.27,7843.63,3649.94,19771.01,1563.78,93404.01,125815.19,134530.67,0.09,48.59,53.4,692424.36,5101.5,3775.2,1521.9512195121952,4.897073076923077,0.7296301282051282,4.167442948717948,5.073170731707317,12.584,896565.56,236552.4,660013.16,524.5894076859877,10835.351666666667,0.03270192307692307,3.401,10203.0,28.390640521566368,6.23,0.9,377.5199999999999,2.1750000000000007,7.545454545454545,89.51965065502185,4193.6900000000005,134217.91,755.04,1821.6492999999998
302,108,32400,petrol,12.7,102.71,0.128,7.24,0.594,2.31,262031.81,30025.73,232006.08,5893.23,2463.44,3429.79,4-wheeler,9,300,high,4,0.62,0.38,23.87,78.4,0.55,0.45,0.1,mixed,0.08,19667.31,11611.43,103023.57,14412.16,901114.83,1423489.85,242944.39,1.73,163.32,72.3,1317745.52,17148.95,4147.2,2551.181102362205,8.087401543209877,0.926720061728395,7.160681481481482,8.503937007874017,13.824,2309610.43,1514239.9200000002,795370.51,55.874687831458715,19333.84,0.10585771604938271,11.432633333333333,34297.9,95.43657253206224,8.14,0.9,414.7199999999999,2.3999999999999995,6.125,55.45851528384279,8055.880000000001,240061.96,3732.48,2266.3648000000003
303,90,27000,petrol,14.3,99.07,0.114,7.46,0.648,2.31,187055.24,22961.88,164093.36,4361.54,1994.54,2367.0,4-wheeler,8,300,high,4,0.39,0.61,29.26,83.1,0.87,0.13,0.07,home/slow-dominant,0.55,17765.16,11083.74,101890.2,13084.01,855728.45,1329684.17,173391.58,2.15,112.71,82.7,968848.1,11835.0,3078.0,1888.111888111888,6.927971851851852,0.8504400000000001,6.077531851851852,6.293706293706293,10.26,1879830.45,1384938.06,494892.3899999999,37.21879233923646,13674.446666666665,0.08766666666666667,7.89,23670.0,65.8636147354186,7.72,0.9,307.79999999999995,2.1125000000000007,7.289473684210526,62.44541484716159,6681.42,170774.78,800.28,897.5429999999999
304,31,9300,diesel,17.5,92.96,0.16,7.21,0.731,2.68,49401.6,10728.48,38673.12,1424.23,1087.73,336.5,4-wheeler,10,300,medium,3,0.46,0.54,52.04,76.3,0.59,0.41,0.1,mixed,0.2,18459.89,11856.25,108614.46,13485.21,884514.1,1354207.8,47973.8,7.53,16.02,25.6,348483.46,1682.5,1488.0,531.4285714285714,5.312,1.1536,4.1584,1.7714285714285716,4.96,1223821.5499999998,1345031.78,-121210.23000000021,-8.950637413253727,3222.76,0.036182795698924734,1.1216666666666666,3365.0,9.363374042445441,8.03,0.9,148.79999999999995,2.37,4.76875,76.41921397379913,6603.639999999999,45276.76,1220.1599999999999,870.1840000000001
305,79,23700,diesel,22.5,94.33,0.172,8.71,0.632,2.68,99360.93,35505.44,63855.49,2822.93,2576.28,246.65,4-wheeler,5,300,high,5,0.68,0.32,39.25,80.1,0.58,0.42,0.13,mixed,0.26,15788.52,8981.3,97518.18,11365.49,900786.9,1350468.99,72935.81,4.83,11.75,22.4,462197.23,1233.25,4076.3999999999996,1053.3333333333333,4.192444303797468,1.4981198312236288,2.6943244725738396,3.511111111111111,13.588,1476534.15,1464019.02,12515.129999999888,0.9267247224980626,5321.2908333333335,0.010407172995780591,0.8221666666666667,2466.5,6.863227957114912,9.55,0.9,407.6399999999999,3.9800000000000013,4.656976744186046,98.25327510917032,6807.220000000001,70662.70999999999,3424.1759999999995,1906.4472
306,75,22500,diesel,19.3,94.08,0.13,6.99,0.659,2.68,109678.76,20445.75,89233.01,3124.35,1927.58,1196.77,fleet/commercial,6,300,high,5,0.41,0.59,55.08,83.9,0.28,0.72,0.37,fast-dominant,0.13,26130.33,17594.64,175144.99,25730.46,1791267.07,2725049.17,102914.79,7.37,56.99,53.4,689718.94,5983.85,2925.0,1165.80310880829,4.874611555555555,0.9087,3.965911555555555,3.8860103626943,9.75,2470312.52,2714375.67,-244063.1499999999,-8.956284264037699,7436.0841666666665,0.05318977777777778,3.9892333333333334,11967.7,33.301055431730845,8.43,0.9,292.49999999999994,2.6833333333333322,6.453846153846154,84.27947598253276,8535.690000000002,97768.7,4212.0,1676.9946
307,98,29400,petrol,12.4,104.69,0.13,6.91,0.624,2.31,248216.61,26410.02,221806.59,5476.94,2384.93,3092.01,4-wheeler,12,300,high,4,0.55,0.45,36.59,75.2,0.68,0.32,0.05,mixed,0.27,21413.34,12737.97,96099.75,11909.21,856456.58,1306619.98,232863.8,1.52,147.24,77.5,1260418.75,15460.05,3822.0,2370.967741935484,8.442741836734694,0.8983,7.544441836734694,7.903225806451613,12.74,2204606.33,1394350.97,810255.3600000001,62.01155442303891,18483.8825,0.10517040816326531,10.306700000000001,30920.100000000002,86.03758149474511,7.550000000000001,0.9,382.19999999999993,2.0666666666666664,5.7846153846153845,54.14847161572053,8675.37,230481.96,2446.08,1740.9988999999998
308,61,18300,diesel,21.8,93.21,0.135,8.32,0.615,2.68,78245.09,20554.56,57690.53,2249.72,1519.36,730.36,4-wheeler,5,300,high,4,0.55,0.45,54.47,89.2,0.63,0.37,0.19,mixed,0.13,16832.48,8544.71,98350.57,12016.9,839926.78,1347931.48,68381.68,5.99,34.78,38.6,440258.97,3651.8,2470.5,839.4495412844036,4.275687978142076,1.1232,3.1524879781420765,2.7981651376146788,8.235,1315314.63,1383060.36,-67745.73000000021,-5.025903097092161,4807.544166666667,0.039910382513661205,2.4345333333333334,7303.6,20.322834667579354,9.06,0.9,247.04999999999995,2.1599999999999993,6.607407407407407,95.19650655021834,8287.77,65978.3,1828.17,1321.8431999999998
309,82,24600,petrol,19.3,101.4,0.12,8.17,0.555,2.31,129245.6,24117.84,105127.76,2944.35,1638.36,1305.99,fleet/commercial,5,300,high,3,0.52,0.48,77.45,88.3,0.38,0.62,0.33,mixed,0.2,25715.46,16845.13,175499.28,26016.38,1812105.63,2894029.3,119201.37,7.6,62.19,57.9,771506.13,6529.95,2952.0,1274.6113989637306,5.253886178861789,0.9804,4.273486178861789,4.248704663212435,9.84,2586910.9299999997,2897328.49,-310417.5600000005,-10.726137430605853,8760.646666666666,0.053089024390243905,4.3533,13059.9,36.340186822268414,9.41,0.9,295.19999999999993,2.3400000000000007,7.358333333333333,84.27947598253276,8870.329999999998,113998.09,3660.48,1310.688
310,93,27900,diesel,18.7,95.09,0.126,6.9,0.758,2.68,141872.25,24256.26,117615.99,3998.5,2664.67,1333.83,4-wheeler,6,300,high,4,0.58,0.42,32.35,87.8,0.71,0.29,0.04,home/slow-dominant,0.38,16418.86,9230.43,102542.66,14249.82,862599.97,1362954.5,127654.38,3.12,63.52,64.1,740814.56,6669.15,3515.4,1491.9786096256685,5.08502688172043,0.8694,4.21562688172043,4.973262032085562,11.718,1654055.52,1413595.47,240460.05000000005,17.64255886751906,9801.3325,0.04780752688172043,4.4460999999999995,13338.3,37.114856460728085,7.48,0.9,351.5399999999999,2.0333333333333337,6.968253968253968,81.6593886462882,7188.43,124804.42000000001,2038.932,1652.0954
311,15,4500,diesel,19.7,89.51,0.154,6.78,0.572,2.68,20446.45,4698.54,15747.91,612.18,396.4,215.78,2-wheeler,5,300,low,2,0.14,0.86,2.41,85.6,0.76,0.24,0.01,home/slow-dominant,0.31,8621.0,4596.75,14711.36,4475.12,96905.16,143534.21,20667.18,1.54,10.28,22.5,118047.26,1078.9,693.0,228.4263959390863,4.543655555555556,1.04412,3.4995355555555556,0.7614213197969543,2.31,242242.41,170824.18,71418.23000000001,49.75693947805196,1312.3258333333333,0.04795111111111111,0.7192666666666667,2157.8,6.004246213607361,7.26,0.9,69.29999999999998,2.8800000000000012,5.558441558441558,86.02620087336244,4024.25,19772.16,332.64,273.51599999999996
312,95,28500,petrol,12.6,104.78,0.127,8.24,0.733,2.31,237002.38,29824.68,207177.7,5225.0,2653.09,2571.91,2-wheeler,10,300,high,4,0.54,0.46,2.88,80.2,0.82,0.18,0.0,home/slow-dominant,0.3,11048.39,6436.61,12707.25,3864.0,123103.19,198561.05,212562.28,0.3,122.47,76.8,1075518.65,12859.55,3619.5,2261.904761904762,8.31587298245614,1.04648,7.26939298245614,7.5396825396825395,12.065,1363357.04,363296.25,1000060.79,503.6540600485343,17264.808333333334,0.09024245614035087,8.573033333333333,25719.1,71.56539475038886,8.6,0.9,361.94999999999993,1.9799999999999998,6.31496062992126,55.02183406113538,4611.78,211789.48,1303.02,1857.163
313,35,10500,diesel,17.9,91.46,0.156,8.05,0.683,2.68,53649.72,13185.9,40463.82,1572.07,1118.75,453.32,2-wheeler,8,300,medium,3,0.34,0.66,5.22,78.2,0.94,0.06,0.01,home/slow-dominant,0.15,9908.41,5761.74,21251.26,3657.67,137654.69,230857.89,45342.02,1.59,21.59,29.0,247961.36,2266.6,1638.0,586.5921787709498,5.109497142857143,1.2558,3.8536971428571434,1.9553072625698327,5.46,455445.34,300687.16000000003,154758.18,67.0361233917541,3371.985,0.043173333333333334,1.5110666666666666,4533.2,12.613981340033781,8.17,0.9,163.79999999999995,2.7249999999999996,5.012820512820513,78.16593886462881,4146.67,44610.49,196.56,950.9375
314,110,33000,diesel,21.4,92.87,0.18,6.43,0.758,2.68,143210.75,38194.2,105016.55,4132.71,4502.52,-369.81,fleet/commercial,4,300,high,3,0.58,0.42,69.08,86.1,0.43,0.57,0.37,fast-dominant,0.06,26005.55,16718.54,178066.77,25709.22,1895663.48,2879980.9,119445.4,6.75,-17.61,2.1,775293.77,-1849.05,5940.0,1542.0560747663553,4.339719696969697,1.1574,3.1823196969696967,5.140186915887851,19.8,2741744.98,2950768.61,-209023.6299999999,-7.257813063968581,8751.379166666668,-0.011206363636363636,-1.2327,-3698.1,-10.290250682427187,7.569999999999999,0.9,593.9999999999999,3.4750000000000014,4.783333333333333,93.44978165938865,9287.009999999998,114303.56,6771.599999999999,4232.3688
315,31,9300,petrol,16.6,101.55,0.165,8.13,0.758,2.31,56892.47,12475.49,44416.98,1294.16,1163.15,131.01,4-wheeler,9,300,medium,3,0.27,0.73,42.27,80.1,0.8,0.2,0.02,home/slow-dominant,0.23,19157.86,11044.78,105314.08,14890.84,901798.03,1397830.09,55508.23,7.04,6.24,15.2,382855.23,655.05,1534.5,560.2409638554217,6.117469892473118,1.3414505376344086,4.776019354838709,1.8674698795180722,5.115,1282049.6800000002,1395226.52,-113176.83999999985,-8.096609223800574,3701.4150000000004,0.014087096774193548,0.4367,1310.1,3.645455076673929,8.530000000000001,0.9,153.44999999999996,2.2111111111111117,4.854545454545454,72.48908296943233,8113.08,52530.060000000005,613.8000000000001,895.6255000000001
316,110,33000,petrol,12.6,103.41,0.173,8.42,0.766,2.31,270835.71,48069.78,222765.93,6050.0,4373.09,1676.91,4-wheeler,9,300,high,3,0.55,0.45,44.66,75.0,0.79,0.21,0.05,home/slow-dominant,0.21,17582.27,10720.55,100238.97,13240.77,909264.89,1423008.17,232275.8,1.78,79.85,65.2,1261617.97,8384.55,5709.0,2619.0476190476193,8.207142727272728,1.45666,6.750482727272728,8.730158730158731,19.03,2351354.79,1603480.0799999998,747874.7100000002,52.55589713163771,18563.8275,0.050815454545454546,5.589700000000001,16769.100000000002,46.66132411743592,8.84,0.9,570.8999999999999,2.7777777777777777,4.335260115606936,55.02183406113538,6861.720000000001,229627.65,2397.7799999999997,3454.7411
317,111,33300,petrol,20.8,106.4,0.153,6.66,0.661,2.31,170342.31,33932.03,136410.28,3698.22,3367.73,330.49,4-wheeler,5,300,high,4,0.41,0.59,35.91,85.1,0.66,0.34,0.16,mixed,0.41,15041.1,10209.62,102677.42,12015.87,838323.24,1307176.69,143644.93,2.55,15.74,31.2,820902.07,1652.45,5094.9,1600.9615384615383,5.115384684684685,1.01897987987988,4.096404804804805,5.336538461538461,16.983,1765240.29,1413191.65,352048.64000000013,26.931985759323794,11367.523333333333,0.009924624624624625,1.1016333333333335,3304.9,9.19614112121187,7.34,0.9,509.48999999999984,2.9800000000000013,5.562091503267974,90.82969432314411,4831.48,141241.76,3464.532,1986.9607000000003
318,116,34800,petrol,19.3,103.58,0.113,6.79,0.632,2.31,186766.01,26701.0,160065.01,4165.18,2485.28,1679.9,4-wheeler,2,300,high,4,0.45,0.55,52.67,97.9,0.58,0.42,0.06,mixed,0.31,13938.81,8477.86,109008.01,11920.36,877890.68,1382822.94,167910.03,2.36,80.0,68.2,948558.16,8399.5,3932.4,1803.1088082901554,5.366839367816092,0.7672701149425287,4.599569252873563,6.010362694300518,13.108,1881414.7800000003,1437788.8699999999,443625.9100000004,32.08117953264504,13338.750833333334,0.04827298850574713,5.599666666666667,16799.0,46.744523191394045,7.629999999999999,0.9,393.2399999999999,1.0499999999999972,8.663716814159292,84.27947598253276,5460.949999999999,165525.96000000002,3303.216,1714.8432
319,53,15900,petrol,20.8,101.0,0.154,7.34,0.65,2.31,77206.73,17972.72,59234.01,1765.82,1591.59,174.23,2-wheeler,6,300,medium,2,0.46,0.54,3.83,82.0,0.81,0.19,0.03,home/slow-dominant,0.37,9634.56,5295.09,10560.27,3945.41,121275.24,217026.98,64362.56,1.32,8.3,22.3,332373.07,871.15,2448.6,764.4230769230769,4.8557691823899365,1.130359748427673,3.7254094339622634,2.548076923076923,8.161999999999999,555481.69,318860.35000000003,236621.3399999999,109.02853645201158,4936.1675000000005,0.010957861635220126,0.5807666666666667,1742.3,4.848085169138987,7.720000000000001,0.9,244.85999999999993,3.0,5.324675324675324,90.82969432314411,4339.469999999999,63573.48,930.468,1002.7017
320,116,34800,diesel,15.6,92.41,0.169,6.45,0.738,2.68,206145.38,37933.74,168211.64,5978.46,4340.33,1638.13,4-wheeler,9,300,high,4,0.41,0.59,26.44,79.1,0.84,0.16,0.02,home/slow-dominant,0.32,19565.66,11143.63,102503.97,13091.31,856199.17,1312751.26,179251.93,1.98,78.01,67.4,998763.62,8190.65,5881.200000000001,2230.769230769231,5.923717816091954,1.09005,4.833667816091954,7.435897435897436,19.604000000000003,1984754.37,1442542.8299999998,542211.5400000003,41.303448453745936,14017.636666666667,0.04707270114942529,5.4604333333333335,16381.300000000001,45.582240475932096,6.77,0.9,588.1199999999999,2.322222222222223,4.680473372781064,68.12227074235808,8422.03,176633.67,1881.9840000000004,2951.4244
321,18,5400,petrol,14.3,106.1,0.135,7.65,0.601,2.31,40065.73,5576.85,34488.88,872.31,438.13,434.18,2-wheeler,11,300,low,1,0.27,0.73,2.45,74.4,0.98,0.02,0.0,home/slow-dominant,0.19,12251.22,6478.58,22816.34,1530.79,84043.75,160641.99,40567.68,1.33,20.68,29.4,225654.74,2170.9,729.0,377.6223776223776,7.41957962962963,1.03275,6.38682962962963,1.2587412587412588,2.43,345628.5,196572.00999999998,149056.49000000002,92.78800019845373,2874.0733333333333,0.0804037037037037,1.4472666666666667,4341.8,12.081395963592753,7.6899999999999995,0.9,72.89999999999998,2.3272727272727267,5.511111111111112,62.44541484716159,5772.639999999999,40261.52,29.16,354.88530000000003
322,44,13200,petrol,15.2,102.85,0.14,8.9,0.556,2.31,89317.11,16447.2,72869.91,2006.05,1027.49,978.56,4-wheeler,3,300,medium,3,0.26,0.74,42.4,90.5,0.72,0.28,0.07,home/slow-dominant,0.46,15284.47,8990.2,103819.61,14320.26,886644.96,1355998.44,82028.23,4.46,46.6,57.1,513960.76,4892.8,1848.0000000000002,868.421052631579,6.766447727272728,1.246,5.520447727272728,2.8947368421052633,6.160000000000001,1409652.8599999999,1365045.5699999998,44607.29000000004,3.2896269408687546,6072.4925,0.07413333333333333,3.2618666666666667,9785.599999999999,27.229192579421724,9.46,0.9,184.79999999999998,3.1666666666666665,6.4642857142857135,66.37554585152839,6294.269999999999,79164.18000000001,1034.8800000000003,554.8446
323,99,29700,petrol,12.5,102.34,0.174,6.1,0.769,2.31,243159.84,31523.58,211636.26,5488.56,3974.04,1514.52,4-wheeler,13,300,high,4,0.67,0.33,57.59,70.0,0.55,0.45,0.17,mixed,0.17,21877.07,12370.76,99153.06,13816.49,881018.81,1325712.96,223905.87,1.54,72.12,61.1,1218682.41,7572.6,5167.799999999999,2376.0,8.1872,1.0614000000000001,7.125800000000001,7.92,17.226,2206203.36,1432215.1099999999,773988.25,58.38279275779276,17636.355,0.05099393939393939,5.0484,15145.2,42.14269615086023,7.0,0.9,516.7799999999999,2.3076923076923075,4.022988505747127,54.58515283842795,9506.31,221142.57,4651.0199999999995,3298.4532
324,52,15600,diesel,17.0,90.48,0.16,6.47,0.658,2.68,83028.71,16149.12,66879.59,2459.29,1642.37,816.92,4-wheeler,7,300,medium,2,0.33,0.67,33.72,82.0,0.6,0.4,0.07,mixed,0.1,17721.69,9659.76,100965.22,13647.32,842447.0,1345604.93,77670.98,5.18,38.9,41.2,489320.12,4084.6,2496.0,917.6470588235294,5.322353205128206,1.0352000000000001,4.287153205128206,3.0588235294117645,8.32,1346199.0,1360036.7899999998,-13837.789999999804,-1.0283694486761286,5573.299166666667,0.052366666666666666,2.7230666666666665,8169.2,22.73143394577869,7.27,0.9,249.59999999999994,2.5714285714285716,5.125,74.23580786026201,8061.9299999999985,74941.51999999999,1996.8000000000002,1478.133
325,38,11400,petrol,13.9,102.76,0.157,7.86,0.575,2.31,84277.99,14067.83,70210.16,1894.53,1029.13,865.4,fleet/commercial,11,300,medium,4,0.32,0.68,83.48,73.1,0.28,0.72,0.48,fast-dominant,0.1,30482.17,19254.81,185203.98,24275.12,1845731.5,2876711.65,86292.54,9.8,41.21,42.9,616666.68,4327.0,1789.8,820.1438848920864,7.392806140350878,1.2340201754385964,6.158785964912282,2.733812949640288,5.966,2419532.3,2833845.75,-414313.4500000002,-14.402328088739802,5850.846666666667,0.07591228070175439,2.8846666666666665,8654.0,24.08042762654468,9.3,0.9,178.97999999999996,2.4454545454545458,4.656050955414012,60.69868995633188,11227.359999999997,81437.52,2577.312,926.2170000000001
326,42,12600,diesel,15.6,96.98,0.118,8.14,0.684,2.68,78330.0,12102.55,66227.45,2164.62,1016.97,1147.65,4-wheeler,6,300,medium,2,0.22,0.78,51.04,86.0,0.75,0.25,0.05,home/slow-dominant,0.44,15594.58,9256.21,108362.18,12448.22,897379.08,1414115.1,75055.46,5.44,54.65,61.1,483639.48,5738.25,1486.8,807.6923076923077,6.216666666666667,0.9605198412698412,5.256146825396826,2.6923076923076925,4.9559999999999995,1367001.98,1400098.5000000002,-33096.52000000025,-2.340440322007752,5518.954166666666,0.09108333333333334,3.8255000000000003,11476.5,31.934253253529004,8.64,0.9,148.67999999999995,2.3333333333333335,7.288135593220339,68.12227074235808,6338.370000000001,72565.81999999999,743.4,569.5032000000001
327,88,26400,petrol,20.4,102.31,0.126,6.18,0.617,2.31,132401.18,20557.15,111844.03,2989.41,2052.39,937.02,4-wheeler,6,300,high,4,0.48,0.52,31.42,87.2,0.58,0.42,0.07,mixed,0.34,17611.48,8952.37,95616.0,14741.53,847912.57,1331678.27,123451.45,3.14,44.62,52.3,712873.25,4685.1,3326.4,1294.1176470588236,5.015196212121212,0.7786799242424243,4.236516287878787,4.313725490196079,11.088000000000001,1597975.87,1368868.34,229107.53000000003,17.204420554222907,9320.335833333333,0.03549318181818182,3.1233999999999997,9370.2,26.073309792725784,7.02,0.9,332.63999999999993,2.133333333333333,6.920634920634921,89.08296943231441,8659.109999999999,120503.14,2794.176,1354.5773999999997
328,22,6600,petrol,14.5,99.44,0.125,8.36,0.647,2.31,45262.34,6897.0,38365.34,1051.45,533.77,517.68,4-wheeler,7,300,low,2,0.11,0.89,23.38,81.0,0.88,0.12,0.03,home/slow-dominant,0.09,16344.9,10276.98,96073.08,14450.36,890044.5,1399702.76,47323.33,8.74,24.65,30.3,332689.73,2588.4,825.0,455.17241379310343,6.857930303030303,1.045,5.812930303030303,1.5172413793103448,2.75,1198080.7,1375049.2199999997,-176968.5199999998,-12.643292923134608,3197.111666666666,0.07843636363636362,1.7255999999999998,5176.799999999999,14.404848363426911,8.6,0.9,82.49999999999999,2.7142857142857144,6.48,63.31877729257642,6067.92,44433.259999999995,198.0,485.7307
329,61,18300,petrol,18.3,106.67,0.135,6.19,0.554,2.31,106670.0,15292.4,91377.6,2310.0,1368.66,941.34,4-wheeler,5,300,high,4,0.48,0.52,25.87,87.6,0.68,0.32,0.11,mixed,0.4,15161.72,8789.55,99875.77,12142.17,893850.7,1354385.76,100178.2,3.6,44.83,54.5,600766.77,4706.7,2470.5,1000.0,5.82896174863388,0.8356502732240437,4.993311475409836,3.3333333333333335,8.235,1503009.2999999998,1362777.57,140231.72999999975,10.353898729709012,7614.8,0.051439344262295086,3.1378,9413.4,26.193517150417804,6.830000000000002,0.9,247.04999999999995,2.4800000000000013,6.488888888888888,79.91266375545852,6372.17,97749.77,1581.1200000000001,821.196
330,40,12000,diesel,14.8,97.57,0.162,6.42,0.766,2.68,79110.81,12480.48,66630.33,2172.97,1489.1,683.87,2-wheeler,12,300,medium,2,0.31,0.69,4.55,70.0,0.96,0.04,0.01,home/slow-dominant,0.24,14252.71,7156.82,13491.7,2128.24,94440.11,172541.23,74151.87,0.87,32.57,40.4,384251.05,3419.35,1944.0,810.8108108108107,6.5925674999999995,1.0400399999999999,5.5525275,2.702702702702702,6.48,561257.71,255107.78999999998,306149.92,177.43580476388163,5552.5275,0.05698916666666667,2.2795666666666667,6838.7,19.029214283527978,6.5,0.9,194.39999999999995,2.5,4.320987654320987,64.62882096069869,7095.889999999999,73726.22,155.52,1131.716
331,116,34800,petrol,17.5,103.44,0.111,7.9,0.666,2.31,205697.83,30516.12,175181.71,4593.6,2572.62,2020.98,4-wheeler,6,300,high,4,0.54,0.46,29.59,91.3,0.82,0.18,0.08,home/slow-dominant,0.1,16784.63,8858.06,98973.96,12796.35,890581.43,1359303.99,185667.55,1.99,96.24,66.5,1027311.71,10104.9,3862.8,1988.5714285714287,5.910857183908045,0.8769,5.033957183908045,6.628571428571429,12.876000000000001,2002993.73,1444404.5799999998,558589.1500000001,41.093762256962115,14598.475833333332,0.058074137931034484,6.7366,20209.8,56.235339293614814,8.26,0.9,386.2799999999999,1.4500000000000004,8.225225225225225,76.41921397379913,7926.5700000000015,183108.28,1390.608,2315.358
332,113,33900,diesel,19.9,91.4,0.155,7.57,0.628,2.68,155701.51,39776.57,115924.94,4565.43,3299.83,1265.6,fleet/commercial,6,300,high,4,0.65,0.35,58.56,81.1,0.45,0.55,0.33,mixed,0.25,27311.56,16573.15,178319.05,25423.32,1802276.35,2842793.09,131748.01,6.54,60.27,58.9,837059.1,6328.0,5254.5,1703.5175879396986,4.592964896755163,1.1733501474926253,3.4196147492625375,5.678391959798995,17.515,2717341.7,2920799.3200000003,-203457.6200000001,-7.156961958142374,9660.411666666667,0.03733333333333333,4.218666666666667,12656.0,35.21630367940252,8.670000000000002,0.9,525.4499999999999,3.150000000000001,5.232258064516128,86.8995633187773,10738.41,126663.35,5779.950000000001,2474.8725
333,54,16200,petrol,16.0,104.62,0.148,8.36,0.719,2.31,105927.75,20043.94,85883.81,2338.88,1723.87,615.01,2-wheeler,9,300,medium,4,0.31,0.69,3.76,74.3,0.89,0.11,0.02,home/slow-dominant,0.51,11287.77,6779.77,12937.38,4228.91,102477.34,142449.98,91237.59,0.3,29.29,46.2,469125.33,3075.05,2397.6,1012.5,6.53875,1.2372802469135802,5.30146975308642,3.375,7.992,688554.94,259402.24000000002,429152.69999999995,301.2655389632206,7156.984166666666,0.03796358024691358,2.0500333333333334,6150.1,17.113131262538992,8.58,0.9,239.75999999999993,2.855555555555556,5.02027027027027,69.86899563318778,4508.0,90391.81,527.472,844.6963
334,57,17100,diesel,14.6,93.01,0.117,6.47,0.768,2.68,108936.37,12944.53,95991.84,3138.9,1536.54,1602.36,2-wheeler,10,300,high,4,0.5,0.5,4.54,76.6,0.89,0.11,0.02,home/slow-dominant,0.38,11704.78,7164.28,11959.36,5365.74,91079.26,144421.12,101605.49,0.41,76.3,68.4,519986.81,8011.8,2000.7,1171.2328767123288,6.370547953216374,0.7569900584795322,5.613557894736841,3.904109589041096,6.6690000000000005,694285.01,227640.07,466644.94,323.11405700218916,7999.32,0.09370526315789474,5.3412,16023.599999999999,44.58691242393128,6.69,0.9,200.06999999999996,2.3400000000000007,6.547008547008546,63.75545851528385,4540.500000000001,100532.34,440.154,952.6548
335,15,4500,petrol,17.8,105.88,0.142,7.74,0.653,2.31,26767.42,4945.86,21821.56,583.99,417.27,166.72,2-wheeler,7,300,low,2,0.08,0.92,2.4,79.3,0.9,0.1,0.02,home/slow-dominant,0.37,10762.43,5409.05,24009.31,2952.01,124450.85,181707.06,27765.34,1.2,7.94,21.6,162836.01,833.6,638.9999999999999,252.80898876404493,5.948315555555555,1.0990799999999998,4.8492355555555555,0.8426966292134831,2.1299999999999994,312100.1,206520.28999999998,105579.81,58.104407170530415,1818.4633333333334,0.03704888888888889,0.5557333333333333,1667.2,4.63911358204013,7.94,0.9,63.89999999999998,2.9571428571428577,5.584507042253521,77.72925764192141,5353.38,27174.940000000002,127.79999999999998,262.88009999999997
336,57,17100,petrol,12.6,100.58,0.17,7.65,0.662,2.31,136501.43,22238.55,114262.88,3135.0,1924.43,1210.57,2-wheeler,10,300,high,5,0.47,0.53,3.42,74.7,0.89,0.11,0.01,home/slow-dominant,0.49,10887.01,6775.49,12162.84,1748.9,81549.64,115271.4,118724.18,0.18,57.65,64.5,605783.74,6052.85,2907.0,1357.142857142857,7.982539766081871,1.3005,6.682039766081871,4.523809523809524,9.69,818491.84,246429.86000000002,572061.98,496.27399337563355,9521.906666666668,0.07079356725146198,4.035233333333333,12105.699999999999,33.68505115769146,7.870000000000001,0.9,290.69999999999993,2.53,4.394117647058823,55.02183406113538,4111.52,118374.40000000001,639.54,981.4593000000001
337,35,10500,petrol,18.0,106.55,0.128,6.97,0.768,2.31,62154.17,9367.68,52786.49,1347.5,1032.19,315.31,4-wheeler,11,300,medium,3,0.25,0.75,40.43,77.9,0.74,0.26,0.12,home/slow-dominant,0.39,21104.71,11207.25,98066.06,14590.46,856787.74,1356161.15,65602.04,6.12,15.01,29.7,426076.26,1576.55,1344.0,583.3333333333334,5.919444761904762,0.8921600000000001,5.027284761904761,1.9444444444444446,4.48,1273082.1400000001,1346379.2799999998,-73297.13999999966,-5.404751492844318,4398.8741666666665,0.030029523809523808,1.0510333333333333,3153.1,8.773745822655192,7.49,0.9,134.39999999999998,2.0090909090909084,6.0859375,78.60262008733625,9897.46,62683.95,698.88,629.6359
338,113,33900,petrol,14.0,100.5,0.187,7.66,0.603,2.31,243353.57,48559.04,194794.53,5593.5,3822.6,1770.9,4-wheeler,9,300,high,5,0.66,0.34,42.55,72.8,0.9,0.1,0.02,home/slow-dominant,0.53,18103.96,10820.91,98693.99,11151.8,842388.63,1332847.75,204307.94,1.92,84.33,76.4,1120233.69,8854.5,6339.3,2421.4285714285716,7.178571386430678,1.4324200589970502,5.746151327433628,8.071428571428571,21.131,2149676.28,1519901.71,629774.5699999998,47.25030071889305,16232.8775,0.052238938053097345,5.9030000000000005,17709.0,49.27666892055463,7.86,0.9,633.9299999999998,3.0222222222222226,3.893048128342246,61.13537117903931,7283.049999999999,202077.58,1267.8600000000001,1796.6219999999998
339,90,27000,petrol,20.0,106.06,0.177,8.05,0.704,2.31,143181.0,38470.95,104710.05,3118.5,3364.42,-245.92,4-wheeler,5,300,high,4,0.44,0.56,53.1,84.6,0.81,0.19,0.02,home/slow-dominant,0.33,16586.97,9132.11,108995.22,14811.06,843991.44,1303036.82,115127.12,3.04,-11.71,10.6,684630.82,-1229.6,4779.0,1350.0,5.303,1.42485,3.8781499999999998,4.5,15.93,1642831.29,1417245.84,225585.44999999995,17.312285158603572,8725.8375,-0.009108148148148148,-0.8197333333333333,-2459.2,-6.842915139727141,8.430000000000001,0.9,477.8999999999999,3.080000000000001,4.779661016949152,87.33624454148472,7454.860000000001,112164.91,1816.02,2254.1614
340,22,6600,diesel,20.2,94.35,0.185,7.37,0.712,2.68,30827.23,8998.77,21828.46,875.64,869.35,6.29,2-wheeler,7,300,low,3,0.26,0.74,2.6,77.1,0.93,0.07,0.01,home/slow-dominant,0.59,8884.07,5665.24,21335.71,4158.32,92914.14,123964.72,25878.95,0.38,0.3,21.6,150730.46,31.45,1221.0,326.73267326732673,4.670792424242424,1.36345,3.3073424242424236,1.0891089108910892,4.07,291470.64,171790.74000000002,119679.9,96.54351657471577,1819.0383333333332,0.000953030303030303,0.020966666666666668,62.9,0.17502413886175877,7.510000000000001,0.9,122.09999999999997,3.2714285714285722,4.167567567567567,88.20960698689957,3218.83,25047.29,170.94000000000003,356.43350000000004
341,107,32100,petrol,17.3,102.07,0.14,6.79,0.766,2.31,189390.0,30514.26,158875.74,4286.18,3442.4,843.78,4-wheeler,9,300,high,3,0.35,0.65,52.7,77.6,0.86,0.14,0.03,home/slow-dominant,0.56,18942.53,11653.28,106845.49,14766.76,885349.74,1367056.06,169118.34,2.22,40.18,56.1,952437.19,4218.9,4494.0,1855.4913294797686,5.9,0.9506,4.949400000000001,6.184971098265896,14.98,1927012.3900000001,1456281.51,470730.8800000001,34.43391194944852,13239.644999999999,0.026285981308411213,2.8125999999999998,8437.8,23.47883432253971,7.07,0.9,449.3999999999999,2.4888888888888894,5.542857142857142,75.54585152838429,7289.249999999998,166164.99,1258.3200000000002,1514.656
342,46,13800,petrol,20.6,99.12,0.175,7.25,0.763,2.31,66400.78,17508.75,48892.03,1547.48,1842.64,-295.16,4-wheeler,7,300,medium,3,0.38,0.62,48.33,77.3,0.63,0.37,0.19,mixed,0.1,18181.46,10753.0,96571.37,11798.64,897329.01,1346229.18,58680.22,6.0,-14.06,3.4,389972.47,-1475.8,2415.0,669.9029126213592,4.811650724637681,1.26875,3.542900724637681,2.233009708737864,8.05,1320240.21,1379167.9200000002,-58927.710000000196,-4.377242068100188,4074.335833333333,-0.02138840579710145,-0.9838666666666668,-2951.6000000000004,-8.213056411198206,7.99,0.9,241.49999999999994,3.2428571428571433,4.417142857142857,89.95633187772927,7428.459999999999,56320.49,1787.1,1658.3760000000002
343,18,5400,diesel,20.3,91.91,0.149,8.1,0.627,2.68,24448.97,6517.26,17931.71,712.91,504.48,208.43,2-wheeler,6,300,low,2,0.19,0.81,3.95,82.7,0.77,0.23,0.04,home/slow-dominant,0.44,8936.5,4792.4,22544.65,1662.8,90854.97,143436.17,22408.37,1.34,9.93,26.1,134586.5,1042.15,804.5999999999999,266.00985221674875,4.527587037037037,1.2069,3.320687037037037,0.8866995073891625,2.6819999999999995,257782.32,175777.02000000005,82005.29999999996,57.17198109793363,1494.3091666666667,0.03859814814814815,0.6947666666666666,2084.3,5.799726750867469,8.56,0.9,80.45999999999998,2.883333333333333,5.550335570469799,88.646288209607,4144.1,22075.809999999998,370.116,282.50880000000006
344,103,30900,petrol,13.2,104.51,0.134,8.61,0.641,2.31,244648.41,35650.57,208997.84,5407.5,2654.12,2753.38,4-wheeler,7,300,high,4,0.57,0.43,48.58,79.8,0.72,0.28,0.04,home/slow-dominant,0.27,17841.76,9849.32,101122.9,12952.84,892439.95,1359958.24,219580.85,1.67,131.11,76.8,1199027.15,13766.9,4140.6,2340.909090909091,7.91742427184466,1.1537401294498382,6.763684142394822,7.803030303030304,13.802000000000001,2204890.8,1473381.95,731508.8499999999,53.78906708194216,17416.486666666668,0.08910614886731393,9.177933333333334,27533.800000000003,76.61493854677096,9.17,0.9,414.05999999999995,2.885714285714286,5.955223880597014,57.64192139737992,7992.439999999999,216990.28,2318.7360000000003,1937.5076
345,117,35100,petrol,12.7,101.96,0.15,7.79,0.644,2.31,281794.96,41014.35,240780.61,6384.33,3390.66,2993.67,4-wheeler,13,300,high,4,0.61,0.39,37.66,70.0,0.73,0.27,0.04,home/slow-dominant,0.23,22481.21,13499.24,98942.35,12802.49,865631.4,1332775.72,252323.08,1.46,142.56,76.0,1360557.75,14968.35,5265.0,2763.779527559055,8.02834643874644,1.1684999999999999,6.859846438746439,9.21259842519685,17.55,2387012.25,1493598.8299999998,893413.4200000002,67.03404080620558,20065.05083333333,0.08528974358974359,9.9789,29936.7,83.30119456061706,8.33,0.9,526.4999999999999,2.3076923076923075,4.666666666666667,55.45851528384279,8981.97,249762.58,2843.1000000000004,2610.8082
346,53,15900,petrol,13.5,99.72,0.156,6.18,0.7,2.31,117448.0,15328.87,102119.13,2720.67,1736.28,984.39,4-wheeler,7,300,medium,3,0.31,0.69,27.26,80.2,0.84,0.16,0.05,home/slow-dominant,0.37,17817.59,10222.06,103636.25,12325.97,841016.82,1365565.85,112179.85,3.75,46.88,54.6,664535.5,4921.95,2480.4,1177.7777777777778,7.386666666666667,0.9640798742138366,6.42258679245283,3.925925925925926,8.268,1517344.77,1377358.28,139986.49,10.251170970627303,8509.9275,0.06191132075471698,3.2813,9843.9,27.391416860751463,6.499999999999999,0.9,248.03999999999996,2.8285714285714283,5.141025641025641,58.951965065502186,7595.530000000001,109714.66,793.7280000000001,1093.8564
347,82,24600,petrol,17.4,105.42,0.134,7.78,0.761,2.31,149042.07,25645.99,123396.08,3265.86,2508.56,757.3,4-wheeler,7,300,high,3,0.51,0.49,47.3,84.4,0.71,0.29,0.11,home/slow-dominant,0.09,18270.79,10607.69,107332.74,14830.63,876140.42,1387045.41,134025.31,3.01,36.06,38.5,777459.29,3786.5,3296.4,1413.793103448276,6.058620731707317,1.0425199186991871,5.01610081300813,4.71264367816092,10.988,1712704.7200000002,1446150.44,266554.28000000026,19.21741552787376,10283.006666666666,0.030784552845528453,2.5243333333333333,7573.0,21.072461106519857,8.36,0.9,329.63999999999993,2.2285714285714278,6.298507462686567,75.9825327510917,7663.1,131059.18000000001,1911.912,2282.7896
348,49,14700,petrol,14.6,104.18,0.144,6.99,0.74,2.31,104893.56,14796.43,90097.13,2325.82,1566.43,759.39,2-wheeler,7,300,medium,2,0.5,0.5,3.84,81.9,0.88,0.12,0.02,home/slow-dominant,0.33,9622.4,5375.77,21679.78,4790.33,129376.78,200659.67,95301.83,0.52,36.16,46.0,498188.93,3796.95,2116.7999999999997,1006.8493150684932,7.135616326530612,1.0065598639455782,6.129056462585034,3.356164383561644,7.055999999999999,701956.58,275050.56,426906.01999999996,212.75128180964313,7508.094166666667,0.05165918367346939,2.5313,7593.9,21.130616980958823,7.23,0.9,211.67999999999992,2.585714285714285,5.687500000000001,63.75545851528385,4246.629999999999,94343.76000000001,508.0319999999999,1049.5081
349,41,12300,petrol,16.3,100.0,0.134,7.11,0.638,2.31,75460.12,11718.7,63741.42,1743.13,1051.55,691.58,4-wheeler,7,300,medium,3,0.25,0.75,46.3,82.6,0.73,0.27,0.11,home/slow-dominant,0.42,16465.5,10701.86,108349.96,13646.33,841725.87,1339571.89,72234.33,5.39,32.93,46.1,469521.61,3457.9,1648.2,754.601226993865,6.134969105691057,0.9527398373983741,5.182229268292683,2.515337423312883,5.494,1301353.97,1329678.4,-28324.429999999935,-2.1144389645261916,5311.785,0.0562260162601626,2.305266666666667,6915.8,19.243751026075536,7.65,0.9,164.81999999999996,2.4857142857142867,6.164179104477611,71.17903930131006,5763.639999999999,69505.06,890.0280000000001,609.899
350,57,17100,petrol,13.6,104.17,0.136,7.02,0.724,2.31,130978.46,16325.71,114652.75,2904.49,1683.73,1220.76,4-wheeler,10,300,high,4,0.53,0.47,34.84,74.3,0.56,0.44,0.16,mixed,0.12,18414.75,12436.66,108921.98,11651.43,846652.78,1323947.26,122961.13,3.0,58.13,53.6,723727.63,6103.8,2325.6000000000004,1257.3529411764707,7.659559064327485,0.9547198830409356,6.70483918128655,4.1911764705882355,7.752000000000002,1593618.83,1347185.7000000002,246433.1299999999,18.61351561692872,9554.395833333334,0.07138947368421053,4.0692,12207.6,33.96859582780296,7.9,0.9,232.55999999999997,2.5700000000000003,5.463235294117647,59.388646288209614,5978.09,120630.84,2046.5280000000002,1481.6824
351,74,22200,diesel,14.1,95.12,0.16,7.16,0.736,2.68,149763.4,25432.32,124331.08,4219.57,2614.27,1605.3,4-wheeler,10,300,high,5,0.67,0.33,56.46,73.3,0.77,0.23,0.06,home/slow-dominant,0.26,18891.5,12508.65,98571.83,13937.29,882183.49,1392584.1,133501.39,3.08,76.44,65.0,766078.78,8026.5,3552.0,1574.4680851063831,6.746099099099099,1.1456,5.600499099099099,5.24822695035461,11.84,1725457.99,1469779.83,255678.15999999992,18.359979838919596,10360.923333333334,0.07231081081081081,5.351,16053.0,44.66872020902724,7.620000000000001,0.9,355.19999999999993,2.6700000000000004,4.58125,61.572052401746724,6382.85,130713.93000000001,1633.92,1934.5598
352,103,30900,petrol,20.9,99.78,0.123,8.89,0.635,2.31,147521.63,33788.22,113733.41,3415.26,2413.44,1001.82,fleet/commercial,5,300,high,4,0.36,0.64,69.37,90.1,0.48,0.52,0.33,mixed,0.3,24893.67,16301.17,181357.87,26908.05,1898032.45,2929054.5,127707.52,6.65,47.71,53.2,819895.47,5009.1,3800.7,1478.4688995215313,4.774162783171521,1.0934699029126214,3.6806928802588996,4.928229665071771,12.668999999999999,2760108.95,2971235.5300000003,-211126.58000000007,-7.208011322425039,9477.784166666666,0.03242135922330097,3.3394000000000004,10018.2,27.876420158106068,9.93,0.9,380.0699999999999,1.980000000000001,7.325203252032519,91.26637554585153,8592.499999999998,122325.91,3952.728,1689.408
353,99,29700,diesel,17.3,94.0,0.141,7.85,0.711,2.68,161375.72,32873.44,128502.28,4600.92,2977.45,1623.47,4-wheeler,10,300,high,5,0.45,0.55,25.25,73.2,0.61,0.39,0.17,mixed,0.2,19639.08,11858.41,95219.43,12700.27,846178.17,1317329.73,138823.0,2.71,77.31,63.5,789334.43,8117.35,4187.7,1716.7630057803467,5.433525925925926,1.1068498316498316,4.326676094276094,5.722543352601155,13.959,1751252.17,1433069.28,318182.8899999999,24.15362553155161,10708.523333333333,0.054662289562289565,5.411566666666666,16234.7,45.17431458154205,8.629999999999999,0.9,418.76999999999987,2.6799999999999997,5.191489361702128,75.54585152838429,7780.670000000002,136282.95,3266.406,2381.96
354,99,29700,diesel,17.1,94.55,0.183,7.28,0.669,2.68,164218.42,39567.53,124650.89,4654.74,3636.08,1018.66,4-wheeler,8,300,high,4,0.42,0.58,39.09,75.0,0.76,0.24,0.05,home/slow-dominant,0.23,17243.87,10675.09,108189.82,14699.14,838218.42,1342971.34,134159.5,2.96,48.51,52.1,778987.32,5093.3,5435.099999999999,1736.8421052631577,5.529239730639731,1.3322400673400674,4.196999663299664,5.789473684210526,18.116999999999997,1745529.87,1471295.48,274234.39000000013,20.41997337039226,10387.574166666667,0.034298316498316495,3.3955333333333333,10186.6,28.34500624688699,7.76,0.9,543.5099999999999,3.125,4.098360655737705,74.67248908296943,6568.779999999999,131219.66999999998,2608.8479999999995,2799.7816
355,41,12300,diesel,19.9,93.96,0.136,6.42,0.67,2.68,58075.78,10739.38,47336.4,1656.48,1120.78,535.7,2-wheeler,5,300,medium,3,0.53,0.47,4.65,87.5,0.89,0.11,0.0,home/slow-dominant,0.3,7143.44,5072.28,12318.58,2167.91,151443.95,200213.88,49841.14,0.73,25.51,37.5,261524.28,2678.5,1672.8000000000002,618.0904522613066,4.721608130081301,0.873120325203252,3.848487804878049,2.0603015075376887,5.5760000000000005,477540.05,264785.69,212754.36,106.26354176843282,3944.7000000000003,0.043552845528455286,1.7856666666666667,5357.0,14.906268869355193,6.64,0.9,167.27999999999997,2.5,6.4338235294117645,86.8995633187773,2071.16,49407.56,368.016,784.5459999999999
356,102,30600,petrol,17.9,104.68,0.129,7.28,0.685,2.31,178950.17,28737.07,150213.1,3948.94,2703.97,1244.97,4-wheeler,8,300,high,3,0.67,0.33,52.18,79.9,0.61,0.39,0.11,mixed,0.24,16886.38,10737.67,107922.12,12069.35,841577.25,1324378.56,158775.68,2.36,59.28,57.9,901800.52,6224.85,3947.4,1709.4972067039107,5.84804477124183,0.9391199346405229,4.908924836601307,5.698324022346369,13.158,1820760.0,1401760.79,418999.20999999996,31.63742019502339,12517.758333333333,0.04068529411764706,4.1499,12449.7,34.64225789486865,8.06,0.9,394.7399999999999,2.5124999999999993,6.1937984496124034,78.16593886462881,6148.710000000001,156361.81,3078.972,2055.0172
357,84,25200,diesel,19.5,95.57,0.127,8.75,0.757,2.68,123505.85,28003.5,95502.35,3463.38,2422.7,1040.68,2-wheeler,8,300,high,4,0.51,0.49,3.73,80.4,0.78,0.22,0.02,home/slow-dominant,0.35,11295.77,5184.15,14940.81,1752.9,144252.37,218930.04,101964.55,0.59,49.56,56.1,524763.56,5203.4,3200.4,1292.3076923076924,4.901025793650794,1.11125,3.7897757936507936,4.3076923076923075,10.668000000000001,818260.47,368174.58,450085.88999999996,205.58434557450406,7958.529166666667,0.0412968253968254,3.4689333333333336,10406.800000000001,28.957729861789367,9.190000000000001,0.9,320.03999999999996,2.4499999999999993,6.330708661417323,85.15283842794761,6111.620000000001,101613.97,1408.1760000000002,1574.7549999999999
358,60,18000,diesel,22.8,91.51,0.14,8.63,0.755,2.68,72244.74,21747.6,50497.14,2115.79,1902.6,213.19,4-wheeler,2,300,high,4,0.25,0.75,56.0,93.7,0.89,0.11,0.05,home/slow-dominant,0.48,13719.48,7907.33,100522.0,14181.8,838508.29,1366192.79,59145.65,7.22,10.15,27.6,396250.25,1065.95,2520.0000000000005,789.4736842105262,4.013596666666667,1.2082,2.8053966666666676,2.631578947368421,8.400000000000002,1268329.3900000001,1399763.64,-131434.24999999977,-9.620476038378138,4208.095,0.011843888888888888,0.7106333333333333,2131.9,5.932177450546637,8.850000000000001,0.9,252.0,3.1499999999999986,6.692857142857142,99.56331877729258,5812.15,56309.29,554.4000000000001,989.352
359,97,29100,petrol,16.4,104.01,0.163,6.75,0.751,2.31,184554.33,32017.28,152537.05,4098.84,3562.22,536.62,fleet/commercial,9,300,high,3,0.62,0.38,53.38,72.8,0.31,0.69,0.5,fast-dominant,0.11,28409.4,17913.29,175586.98,26487.04,1921727.24,2839361.99,168330.57,4.41,25.55,31.9,1017239.83,2683.1,4743.3,1774.3902439024391,6.342073195876289,1.1002501718213058,5.241823024054983,5.914634146341464,15.811,2986545.8899999997,2886940.8200000003,99605.06999999937,3.5080088537777234,12711.420833333332,0.018440549828178693,1.7887333333333333,5366.2,14.931868584419233,8.129999999999999,0.9,474.3299999999999,3.0222222222222226,4.466257668711656,71.61572052401746,10496.11,163033.15999999997,6545.754,3170.3758
360,112,33600,petrol,12.3,103.68,0.129,8.95,0.709,2.31,283223.41,38792.88,244430.53,6310.24,3073.09,3237.15,4-wheeler,11,300,high,4,0.4,0.6,37.6,75.4,0.63,0.37,0.1,mixed,0.35,21196.15,12084.05,99903.18,12259.76,904134.83,1384696.78,255994.58,1.49,154.15,80.1,1379876.08,16185.75,4334.400000000001,2731.7073170731705,8.429268154761903,1.15455,7.274718154761903,9.105691056910569,14.448000000000002,2426232.63,1526918.49,899314.1399999999,64.94664774189768,20369.210833333334,0.09634375,10.7905,32371.5,90.07621480387002,9.69,0.9,433.43999999999994,2.236363636363636,5.844961240310077,53.7117903930131,9112.100000000002,253542.63,3207.4560000000006,1997.5085000000001
361,95,28500,diesel,17.6,97.39,0.178,8.08,0.615,2.68,157705.4,40989.84,116715.56,4339.77,3119.89,1219.88,4-wheeler,6,300,high,5,0.52,0.48,56.15,78.0,0.61,0.39,0.08,mixed,0.24,15468.47,10298.04,108325.46,11655.25,862892.35,1344387.15,124217.04,3.0,58.09,57.2,729410.66,6099.4,5073.0,1619.3181818181818,5.533522807017544,1.43824,4.0952828070175435,5.3977272727272725,16.91,1728761.7,1480845.8399999999,247915.8600000001,18.44080851263716,9726.296666666667,0.04280280701754386,4.066266666666667,12198.800000000001,33.94410914382867,8.86,0.9,507.2999999999999,3.6666666666666665,4.382022471910113,76.85589519650657,5170.4299999999985,121885.98999999999,3956.94,2371.1164
362,49,14700,diesel,14.6,94.14,0.144,6.34,0.654,2.68,94784.79,13420.51,81364.28,2698.36,1384.39,1313.97,4-wheeler,11,300,medium,3,0.29,0.71,56.06,75.0,0.78,0.22,0.1,home/slow-dominant,0.22,21402.77,11840.41,95383.21,11160.59,897592.9,1396946.07,93158.76,4.34,62.57,58.7,561177.01,6569.85,2116.7999999999997,1006.8493150684932,6.447944897959183,0.9129598639455783,5.534985034013605,3.356164383561644,7.055999999999999,1478530.7000000002,1416706.87,61823.830000000075,4.425641857455533,6780.356666666667,0.08938571428571429,4.3799,13139.7,36.562236524671725,6.779999999999999,0.9,211.67999999999992,2.272727272727273,5.208333333333334,63.75545851528385,9562.36,90926.64,931.3919999999999,1079.8242
363,115,34500,diesel,14.7,93.18,0.171,7.54,0.767,2.68,218687.76,44482.23,174205.53,6289.8,4524.92,1764.88,4-wheeler,8,300,high,4,0.56,0.44,48.06,81.0,0.76,0.24,0.07,home/slow-dominant,0.35,18279.1,10064.64,101094.91,11666.98,839443.63,1365628.03,184753.39,2.3,84.04,70.8,1024861.86,8824.4,5899.5,2346.9387755102043,6.338775652173913,1.2893400000000002,5.049435652173913,7.823129251700681,19.665,2024277.9300000002,1525600.4900000002,498677.43999999994,36.51634479119471,14517.1275,0.05115594202898551,5.882933333333334,17648.800000000003,49.10915774154862,8.02,0.9,589.9499999999998,2.375,4.7368421052631575,64.19213973799127,8214.46,182419.99,2831.7599999999998,2941.1980000000003
364,65,19500,petrol,13.3,103.25,0.167,7.99,0.658,2.31,151381.58,26019.44,125362.14,3386.84,2142.78,1244.06,4-wheeler,10,300,high,4,0.7,0.3,54.64,70.6,0.78,0.22,0.04,home/slow-dominant,0.39,18740.31,12679.61,95470.99,12813.14,846083.81,1353184.93,133985.47,3.07,59.24,62.2,765398.34,6220.3,3256.5,1466.1654135338345,7.763157948717948,1.3343302564102564,6.428827692307692,4.887218045112782,10.855,1696693.26,1438396.05,258297.20999999996,19.088093894158277,10446.845,0.06379794871794872,4.146866666666667,12440.599999999999,34.61693643757704,8.43,0.9,325.6499999999999,2.9400000000000004,4.22754491017964,58.07860262008734,6060.700000000001,131422.84,1432.86,1307.0958
365,78,23400,petrol,16.3,104.24,0.125,8.15,0.731,2.31,149645.15,23838.75,125806.4,3316.2,2138.17,1178.03,fleet/commercial,7,300,high,4,0.62,0.38,44.44,85.1,0.19,0.81,0.46,fast-dominant,0.08,27679.77,17632.36,180563.85,24988.71,1889962.53,2819343.42,140851.55,5.32,56.1,51.2,884821.6,5890.15,2925.0,1435.5828220858896,6.39509188034188,1.01875,5.37634188034188,4.785276073619632,9.75,2776587.13,2821146.4099999997,-44559.279999999795,-1.5804842958790668,10483.866666666667,0.050343162393162395,3.9267666666666665,11780.3,32.779600366187225,9.770000000000001,0.9,292.49999999999994,2.1285714285714294,6.808,71.17903930131006,10047.41,135853.81,4738.5,1967.1164
366,55,16500,diesel,21.3,96.31,0.138,6.11,0.576,2.68,74606.34,13912.47,60693.87,2076.06,1311.55,764.51,4-wheeler,4,300,medium,3,0.45,0.55,54.87,87.6,0.86,0.14,0.03,home/slow-dominant,0.11,15632.12,9562.21,97589.61,12035.93,847804.91,1366134.39,69170.97,6.08,36.41,40.0,443444.46,3822.55,2277.0,774.6478873239437,4.521596363636363,0.8431799999999999,3.6784163636363636,2.5821596244131455,7.59,1298997.21,1373882.2499999998,-74885.0399999998,-5.481528065478229,5057.8225,0.04633393939393939,2.5483666666666664,7645.1,21.273084960445658,6.39,0.9,227.69999999999996,3.1000000000000014,6.347826086956521,93.01310043668123,6069.910000000002,66763.78,637.5600000000001,1167.2794999999999
367,64,19200,diesel,19.2,97.59,0.114,6.78,0.642,2.68,97590.0,14840.06,82749.94,2680.0,1405.21,1274.79,fleet/commercial,4,300,high,4,0.64,0.36,56.03,94.0,0.31,0.69,0.51,fast-dominant,0.06,24830.42,15486.99,178783.28,27502.31,1854249.66,2881710.73,97593.83,8.7,60.7,53.5,666752.43,6373.95,2188.8,1000.0,5.0828125,0.7729197916666667,4.309892708333334,3.3333333333333335,7.296,2466351.76,2827060.39,-360708.63000000035,-12.517169965911199,6895.828333333334,0.0663953125,4.2493,12747.9,35.472022572270504,8.16,0.9,218.87999999999997,1.5,8.24561403508772,83.84279475982534,9343.429999999998,92093.37,3020.544,1320.8974
368,104,31200,petrol,20.4,103.22,0.12,8.33,0.645,2.31,157865.88,31187.52,126678.36,3532.94,2414.88,1118.06,fleet/commercial,2,300,high,3,0.41,0.59,48.92,93.1,0.28,0.72,0.49,fast-dominant,0.07,24367.92,15462.33,188163.98,26060.55,1868171.72,2910915.95,140796.06,6.07,53.24,49.5,892144.28,5590.3,3744.0,1529.4117647058824,5.059803846153846,0.9996,4.060203846153846,5.098039215686275,12.48,2779340.7199999997,2929940.6700000004,-150599.95000000065,-5.1736275655777915,10556.53,0.03583525641025641,3.7268666666666665,11180.599999999999,31.110888504893165,9.77,0.9,374.3999999999999,3.450000000000003,7.758333333333333,89.08296943231441,8905.589999999998,135583.95,5391.36,2245.8384
369,44,13200,petrol,18.6,107.13,0.134,7.2,0.711,2.31,76027.74,12735.36,63292.38,1639.35,1257.62,381.73,2-wheeler,9,300,medium,3,0.33,0.67,2.84,79.5,0.86,0.14,0.0,home/slow-dominant,0.22,10411.76,6151.6,16540.74,4417.01,115943.18,166807.37,68435.94,0.5,18.18,28.2,358720.44,1908.65,1768.8000000000002,709.6774193548387,5.759677272727273,0.9648,4.794877272727272,2.365591397849462,5.896000000000001,548140.6799999999,240284.41999999998,307856.25999999995,184.55794848872682,5274.365,0.028918939393939396,1.2724333333333333,3817.3,10.62193394716998,7.48,0.9,176.87999999999997,2.2777777777777777,5.932835820895522,81.2227074235808,4260.16,67552.54,495.2640000000001,980.9436
370,83,24900,petrol,18.9,103.51,0.164,8.15,0.607,2.31,136370.32,33281.34,103088.98,3043.33,2478.75,564.58,2-wheeler,4,300,high,4,0.42,0.58,3.46,84.2,0.84,0.16,0.0,home/slow-dominant,0.4,6969.21,3711.73,14106.97,1642.84,107253.75,209570.75,106675.03,0.83,26.88,41.3,547482.12,2822.9,4083.6000000000004,1317.4603174603176,5.4767196787148595,1.3365999999999998,4.14011967871486,4.391534391534392,13.612000000000002,823951.4,378786.29,445165.11000000004,212.41757735752725,8590.748333333333,0.02267389558232932,1.8819333333333335,5645.8,15.709877316148136,8.47,0.9,408.35999999999996,3.9499999999999993,5.134146341463415,82.53275109170306,3257.48,106346.45999999999,1306.7520000000002,1487.25
371,77,23100,petrol,14.8,100.66,0.178,8.33,0.684,2.31,157111.22,34251.29,122859.93,3605.47,2812.47,793.0,4-wheeler,7,300,high,5,0.47,0.53,31.55,77.2,0.85,0.15,0.04,home/slow-dominant,0.09,16274.38,9989.08,103840.08,12460.65,870102.6,1329313.04,131637.36,2.7,37.76,40.1,762026.88,3965.0,4111.8,1560.8108108108108,6.801351515151516,1.4827398268398269,5.318611688311689,5.202702702702703,13.706000000000001,1737030.6,1434214.1600000001,302816.43999999994,22.77991946878065,10238.3275,0.03432900432900433,2.6433333333333335,7930.0,22.065841354113623,8.629999999999999,0.9,411.17999999999995,3.2571428571428567,4.337078651685394,64.62882096069869,6285.299999999999,129145.23,1233.54,2559.3477
372,24,7200,petrol,16.9,107.05,0.183,8.99,0.74,2.31,45607.1,11845.22,33761.88,984.14,975.02,9.12,2-wheeler,3,300,low,3,0.26,0.74,3.12,83.8,0.96,0.04,0.01,home/slow-dominant,0.49,6056.11,3612.08,12131.6,3416.68,150095.4,246789.45,36889.25,2.29,0.43,18.7,196577.85,45.6,1317.6,426.0355029585799,6.334319444444445,1.6451694444444445,4.68915,1.4201183431952664,4.3919999999999995,408411.44999999995,308527.67000000004,99883.77999999991,40.47327792983043,2813.49,0.0012666666666666666,0.030399999999999996,91.19999999999999,0.25377108846092844,9.07,0.9,131.75999999999996,5.400000000000001,4.579234972677596,73.79912663755458,2444.0299999999997,36205.909999999996,105.408,497.2602
373,25,7500,petrol,12.1,105.9,0.139,6.0,0.673,2.31,65640.5,6255.0,59385.5,1431.82,701.6,730.22,2-wheeler,9,300,low,2,0.29,0.71,2.47,79.6,0.82,0.18,0.03,home/slow-dominant,0.2,10622.95,5590.08,13890.87,2245.67,84174.96,199079.83,64867.5,1.56,34.77,40.6,338228.37,3651.1,1042.5,619.8347107438017,8.752066666666666,0.834,7.918066666666666,2.066115702479339,3.475,465492.21,242168.68999999997,223323.52000000005,112.17787356961277,4948.791666666667,0.09736266666666667,2.434066666666667,7302.200000000001,20.31893905876526,6.359999999999999,0.9,104.24999999999997,2.2666666666666675,5.72661870503597,52.838427947598255,5032.870000000001,64418.37,375.3,561.2800000000001
374,37,11100,petrol,12.1,103.16,0.16,7.32,0.624,2.31,94634.38,13000.32,81634.06,2119.09,1108.22,1010.87,4-wheeler,8,300,medium,3,0.45,0.55,33.25,75.9,0.85,0.15,0.06,home/slow-dominant,0.23,19002.32,11802.23,103193.72,11480.77,887119.5,1341543.5,91130.3,3.85,48.14,51.7,558845.22,5054.35,1776.0,917.3553719008265,8.52561981981982,1.1712,7.35441981981982,3.057851239669422,5.92,1455303.0,1350881.76,104421.23999999999,7.783664115252319,6802.838333333333,0.09106936936936937,3.3695666666666666,10108.7,28.12824344215995,7.62,0.9,177.59999999999997,3.0124999999999993,4.74375,52.838427947598255,7200.09,88834.15,532.8,853.3294000000001
375,44,13200,petrol,13.6,99.29,0.177,7.78,0.692,2.31,96369.71,18177.19,78192.52,2242.06,1616.79,625.27,2-wheeler,12,300,medium,3,0.38,0.62,4.0,70.0,0.93,0.07,0.0,home/slow-dominant,0.36,12487.46,6978.7,13562.85,4981.22,97787.58,185107.67,84697.52,0.87,29.77,42.4,437050.45,3126.35,2336.4,970.5882352941177,7.300735606060607,1.3770598484848484,5.923675757575758,3.235294117647059,7.788,642073.43,292343.05000000005,349730.38,188.93348935784238,6516.043333333334,0.047368939393939394,2.084233333333333,6252.7,17.398623737057537,7.92,0.9,233.63999999999996,2.5,3.9548022598870056,59.388646288209614,5508.759999999999,83701.28,327.09600000000006,1034.7456
376,60,18000,petrol,16.7,105.42,0.187,7.93,0.564,2.31,113626.35,26692.38,86933.97,2489.82,1898.42,591.4,4-wheeler,9,300,high,5,0.41,0.59,38.79,71.5,0.88,0.12,0.06,home/slow-dominant,0.19,18575.8,11480.83,105186.92,14757.73,893482.08,1354995.31,96980.49,3.67,28.16,35.8,590089.37,2957.0,3366.0,1077.8443113772455,6.312575000000001,1.48291,4.829665,3.592814371257485,11.22,1554492.83,1425916.7100000002,128576.11999999988,9.489045390127577,7244.4975,0.032855555555555555,1.9713333333333332,5914.0,16.456164661819418,8.17,0.9,336.5999999999999,3.1666666666666665,3.8235294117647056,72.92576419213974,7094.969999999999,94028.94,807.8399999999999,1537.7202000000002
377,44,13200,petrol,17.0,99.84,0.169,8.82,0.676,2.31,77522.82,19675.66,57847.16,1793.65,1508.02,285.63,4-wheeler,6,300,medium,3,0.36,0.64,35.18,80.7,0.64,0.36,0.07,mixed,0.38,16577.76,9988.35,102372.37,11315.23,854272.66,1321913.53,66699.62,5.48,13.6,27.8,435870.47,1428.15,2230.8,776.4705882352941,5.87294090909091,1.490580303030303,4.382360606060606,2.588235294117647,7.436000000000001,1324775.56,1356545.98,-31770.419999999925,-2.403365975080074,4820.596666666667,0.021638636363636363,0.9521,2856.3,7.947876754067433,9.54,0.9,223.07999999999996,3.2166666666666663,4.775147928994083,74.23580786026201,6589.409999999998,64436.57,1606.1760000000002,934.9724
378,22,6600,petrol,14.0,105.49,0.132,7.93,0.665,2.31,49731.0,6908.62,42822.38,1089.0,579.35,509.65,2-wheeler,13,300,low,2,0.19,0.81,4.61,70.3,0.88,0.12,0.02,home/slow-dominant,0.13,15206.86,7716.01,21579.84,2896.07,124851.38,165314.83,50892.44,0.37,24.27,31.1,276042.04,2548.25,871.2,471.42857142857144,7.535,1.046760606060606,6.488239393939394,1.5714285714285714,2.9040000000000004,449540.68,213962.06999999998,235578.61000000002,142.5030107704191,3568.5316666666663,0.07721969696969697,1.6988333333333332,5096.5,14.181407372161422,8.17,0.9,87.11999999999999,2.284615384615385,5.325757575757575,61.13537117903931,7490.85,50313.229999999996,209.088,504.03450000000004
379,76,22800,petrol,20.7,105.18,0.183,7.73,0.613,2.31,115850.43,32252.65,83597.78,2544.35,2557.68,-13.33,fleet/commercial,6,300,high,4,0.54,0.46,84.68,77.7,0.26,0.74,0.43,fast-dominant,0.09,27694.47,17329.16,189223.67,27833.14,1802200.13,2834761.59,99529.72,8.47,-0.63,6.1,686872.27,-66.65,4172.4,1101.449275362319,5.081159210526316,1.4145899122807017,3.666569298245614,3.671497584541063,13.908,2519924.63,2865613.8299999996,-345689.1999999997,-12.194648086790245,6966.481666666667,-0.0005846491228070175,-0.04443333333333333,-133.3,-0.37091761065615964,9.21,0.9,417.2399999999999,3.7166666666666663,4.245901639344263,90.39301310043668,10365.310000000001,93963.09,6175.151999999999,2327.4888
380,25,7500,petrol,18.4,99.08,0.183,6.81,0.619,2.31,40385.87,9346.73,31039.14,941.58,849.58,92.0,2-wheeler,6,300,low,2,0.25,0.75,4.65,79.7,0.94,0.06,0.0,home/slow-dominant,0.53,9608.13,4554.96,11737.07,1832.65,138432.35,208515.99,36458.84,1.6,4.38,22.7,194031.27,460.0,1372.5,407.60869565217394,5.384782666666667,1.2462306666666667,4.138552000000001,1.358695652173913,4.575,388402.35,264454.72,123947.63,59.4427458536873,2586.595,0.012266666666666667,0.30666666666666664,920.0,2.5599715064041026,6.929999999999999,0.9,137.24999999999997,3.383333333333333,4.355191256830602,80.34934497816593,5053.169999999999,36092.31,164.7,399.3026
381,89,26700,petrol,12.6,107.38,0.13,8.07,0.555,2.31,227543.33,28010.97,199532.36,4895.0,1926.41,2968.59,4-wheeler,5,300,high,3,0.64,0.36,34.62,90.9,0.55,0.45,0.09,mixed,0.24,16879.9,9659.26,100019.98,13574.57,862287.45,1341171.3,209467.91,1.81,141.36,76.2,1147359.53,14842.95,3471.0,2119.0476190476193,8.522222097378277,1.0491000000000001,7.473122097378277,7.063492063492064,11.57,2084403.5999999999,1415927.9000000001,668475.6999999997,49.84267856015109,16627.696666666667,0.11118314606741574,9.8953,29685.9,82.60332406734952,8.97,0.9,347.0999999999999,1.819999999999999,6.992307692307692,55.02183406113538,7220.640000000001,206753.0,3123.9,1464.0716
382,101,30300,petrol,20.8,105.96,0.135,7.14,0.742,2.31,154355.19,29206.17,125149.02,3365.05,3035.15,329.9,4-wheeler,9,300,high,4,0.41,0.59,50.29,76.8,0.75,0.25,0.03,home/slow-dominant,0.2,19439.04,11041.92,99793.24,14888.89,864130.59,1390529.23,136523.92,3.12,15.71,24.8,782412.84,1649.5,4090.5000000000005,1456.7307692307693,5.094230693069307,0.9639,4.130330693069308,4.855769230769231,13.635000000000002,1733101.74,1477087.55,256014.18999999994,18.41127712216448,10429.085000000001,0.010887788778877886,1.0996666666666666,3299.0,9.17972391263819,7.64,0.9,409.04999999999995,2.577777777777778,5.688888888888888,90.82969432314411,8397.12,133546.14,2045.2500000000002,2428.1200000000003
383,118,35400,petrol,16.3,104.65,0.184,6.18,0.78,2.31,227276.69,40254.05,187022.64,5016.81,5080.61,-63.8,4-wheeler,5,300,high,4,0.36,0.64,27.78,83.7,0.67,0.33,0.16,mixed,0.22,16861.69,9711.15,97267.74,14912.89,892606.74,1351334.59,197155.76,1.83,-3.04,9.2,1083046.54,-319.0,6513.599999999999,2171.7791411042945,6.420245480225989,1.1371200564971753,5.283125423728814,7.2392638036809815,21.712,2113298.6399999997,1488979.9600000002,624318.6799999995,46.20015535900694,15585.220000000001,-0.0018022598870056496,-0.21266666666666667,-638.0,-1.775284588136758,6.84,0.9,651.3599999999998,3.2599999999999993,4.548913043478262,71.17903930131006,7150.539999999999,194173.18000000002,4298.976,3962.8758
384,49,14700,petrol,19.3,102.34,0.163,7.1,0.63,2.31,77948.08,17012.31,60935.77,1759.43,1509.54,249.89,4-wheeler,3,300,medium,3,0.44,0.56,26.95,91.2,0.66,0.34,0.17,mixed,0.32,14747.45,8835.02,107154.55,12884.89,863814.19,1352775.29,69425.18,5.5,11.9,24.4,454280.45,1249.45,2396.1,761.6580310880829,5.302590476190477,1.1573,4.1452904761904765,2.538860103626943,7.987,1327291.8399999999,1361972.5,-34680.66000000015,-2.563667466161372,5077.980833333333,0.016999319727891156,0.8329666666666666,2498.8999999999996,6.953383475383926,7.78,0.9,239.60999999999993,2.9333333333333322,5.595092024539877,84.27947598253276,5912.43,66848.2,1629.348,1026.4871999999998
385,20,6000,petrol,15.3,104.04,0.138,6.21,0.67,2.31,40800.0,5141.88,35658.12,905.88,554.76,351.12,4-wheeler,10,300,low,2,0.26,0.74,35.13,74.2,0.78,0.22,0.06,home/slow-dominant,0.5,18491.43,12412.47,106398.18,11651.0,880973.94,1363110.49,44067.28,8.53,16.72,35.6,326734.58,1755.6,828.0000000000001,392.156862745098,6.8,0.85698,5.94302,1.30718954248366,2.7600000000000002,1177431.0899999999,1332833.06,-155401.9700000002,-11.400540978890142,2971.51,0.05852,1.1704,3511.2,9.770186905745746,6.65,0.9,82.8,2.5799999999999996,5.3768115942028984,66.81222707423582,6078.960000000001,41737.08,364.32000000000005,277.38
386,32,9600,diesel,14.8,92.94,0.147,6.06,0.628,2.68,60285.41,8551.87,51733.54,1738.38,886.23,852.15,4-wheeler,13,300,medium,3,0.51,0.49,52.69,70.0,0.85,0.15,0.06,home/slow-dominant,0.5,21514.61,13587.26,102266.38,11808.34,895759.5,1404844.04,62022.56,6.56,40.58,54.7,412379.18,4260.75,1411.1999999999998,648.6486486486486,6.2797302083333335,0.8908197916666668,5.388910416666667,2.1621621621621623,4.704,1304759.6,1401464.97,-96705.36999999988,-6.883708600137556,4311.128333333333,0.088765625,2.8405,8521.5,23.711736078068,6.359999999999999,0.9,141.11999999999995,2.3076923076923075,4.761904761904762,64.62882096069869,7927.35,59660.89,423.35999999999996,443.115
387,67,20100,petrol,16.3,103.95,0.164,6.84,0.773,2.31,128183.74,22547.38,105636.36,2848.53,2548.12,300.41,4-wheeler,10,300,high,4,0.6,0.4,31.36,73.3,0.76,0.24,0.08,home/slow-dominant,0.22,19851.83,12008.29,103066.56,14558.41,872886.84,1389785.49,116391.58,3.56,14.31,23.9,685024.46,1502.05,3296.4,1233.128834355828,6.377300497512438,1.1217601990049753,5.255540298507463,4.11042944785276,10.988,1613064.69,1444938.8699999999,168125.82000000007,12.097249626631235,8803.03,0.014945771144278608,1.0013666666666667,3004.1000000000004,8.3591417417267,7.32,0.9,329.63999999999993,2.6700000000000004,4.4695121951219505,71.17903930131006,7843.540000000001,113479.9,1582.272,1987.5336
388,64,19200,petrol,12.5,105.49,0.14,6.14,0.618,2.31,162032.64,16504.32,145528.32,3548.16,1661.18,1886.98,4-wheeler,11,300,high,3,0.39,0.61,24.4,72.3,0.85,0.15,0.07,home/slow-dominant,0.55,19891.72,12056.43,95893.16,14646.73,891331.71,1401404.08,156292.96,2.65,89.86,78.9,877357.96,9434.9,2688.0000000000005,1536.0,8.439200000000001,0.8596,7.579600000000001,5.12,8.96,1800953.51,1433667.9400000002,367285.56999999983,26.208398793872483,12127.36,0.09828020833333334,6.289933333333334,18869.8,52.506685142982754,6.4399999999999995,0.9,268.8,2.5181818181818185,5.164285714285714,54.58515283842795,7835.290000000001,153363.61000000002,806.4000000000001,747.531
389,72,21600,petrol,15.1,104.05,0.137,6.27,0.552,2.31,148839.74,18554.18,130285.56,3304.37,1633.48,1670.89,fleet/commercial,9,300,high,5,0.56,0.44,46.59,81.9,0.26,0.74,0.45,fast-dominant,0.03,28206.12,18060.13,183332.61,26431.52,1942806.13,2888764.19,145717.85,5.23,79.57,59.6,911921.86,8354.45,2959.2000000000003,1430.4635761589404,6.8907287037037035,0.8589898148148148,6.0317388888888885,4.768211920529802,9.864,2828035.4299999997,2862071.61,-34036.18000000017,-1.1782263196775562,10857.13,0.07735601851851852,5.569633333333334,16708.9,46.493812938429905,7.75,0.9,295.91999999999996,2.0111111111111106,5.978102189781022,65.93886462882097,10145.989999999998,140431.55,4379.616,1584.4756
390,27,8100,petrol,18.6,107.04,0.143,8.82,0.686,2.31,46614.19,10216.21,36397.98,1005.97,794.59,211.38,4-wheeler,8,300,medium,3,0.06,0.94,54.63,79.7,0.73,0.27,0.09,home/slow-dominant,0.08,18185.76,11244.98,106870.12,14064.71,855073.61,1375079.32,46151.7,8.95,10.07,15.4,337628.62,1056.9,1158.3,435.4838709677419,5.754838271604939,1.2612604938271603,4.493577777777778,1.4516129032258063,3.8609999999999998,1179073.3599999999,1361450.44,-182377.08000000007,-13.263022528765836,3033.1650000000004,0.026096296296296295,0.7046,2113.8,5.881812793735861,9.36,0.9,115.82999999999997,2.5374999999999996,5.573426573426574,81.2227074235808,6940.779999999999,43338.76,625.482,731.0228000000001
391,29,8700,petrol,13.6,105.73,0.121,6.81,0.716,2.31,67636.1,7168.89,60467.21,1477.72,753.73,723.99,fleet/commercial,11,300,medium,3,0.19,0.81,71.69,74.1,0.33,0.67,0.38,fast-dominant,0.18,31290.4,19749.07,183607.41,26959.73,1912417.35,2996991.92,77400.49,11.64,34.48,39.9,570609.86,3619.95,1052.7,639.7058823529412,7.774264367816093,0.8240103448275863,6.950254022988506,2.1323529411764706,3.5090000000000003,2407049.85,2921014.5799999996,-513964.7299999995,-17.149353208800093,5038.934166666667,0.08321724137931034,2.4133,7239.9,20.145584466538114,8.149999999999999,0.9,105.26999999999998,2.354545454545455,6.12396694214876,59.388646288209614,11541.330000000002,72008.54000000001,1410.6180000000002,618.0586000000001
392,27,8100,petrol,17.7,105.92,0.147,8.43,0.745,2.31,48471.86,10037.6,38434.26,1057.12,887.07,170.05,2-wheeler,7,300,medium,2,0.09,0.91,2.89,79.1,0.75,0.25,0.01,home/slow-dominant,0.16,8633.96,4861.05,13979.6,4147.29,84734.76,166232.9,43036.63,1.57,8.1,15.6,229162.75,850.25,1190.7,457.6271186440678,5.9841802469135805,1.23920987654321,4.74497037037037,1.5254237288135595,3.9690000000000003,370263.86,222599.25999999998,147664.6,88.82994882481145,3202.855,0.02099382716049383,0.5668333333333334,1700.5,4.731773420261062,8.93,0.9,119.06999999999998,2.9857142857142867,5.3809523809523805,77.29257641921397,3772.909999999999,42207.17,595.35,745.1388000000001
393,70,21000,petrol,14.2,107.23,0.156,8.58,0.678,2.31,158579.58,28108.08,130471.5,3416.2,2221.13,1195.07,4-wheeler,9,300,high,3,0.63,0.37,43.1,78.1,0.74,0.26,0.13,home/slow-dominant,0.1,19396.15,11060.77,105013.22,14309.11,845847.13,1331197.87,141668.7,2.68,56.91,52.3,813356.72,5975.35,3276.0,1478.8732394366198,7.551408571428571,1.3384800000000001,6.21292857142857,4.929577464788733,10.92,1735725.7799999998,1407719.79,328005.98999999976,24.6399124722157,10872.625,0.05690809523809524,3.9835666666666665,11950.699999999999,33.253751610416856,9.1,0.9,327.5999999999999,2.433333333333334,5.0064102564102555,62.00873362445415,8335.380000000001,138806.88,1703.52,1999.017
394,39,11700,petrol,17.9,102.97,0.181,6.5,0.761,2.31,67304.41,13765.05,53539.36,1509.89,1611.57,-101.68,4-wheeler,6,300,medium,3,0.42,0.58,42.05,78.3,0.78,0.22,0.04,home/slow-dominant,0.18,17034.55,10626.79,100422.33,13741.63,846681.02,1298208.09,62695.45,5.6,-4.84,7.2,413899.58,-508.4,2117.7,653.6312849162011,5.752513675213676,1.1764999999999999,4.576013675213676,2.1787709497206706,7.058999999999999,1268375.82,1306003.33,-37627.51000000001,-2.898419004614276,4461.613333333334,-0.008690598290598291,-0.33893333333333336,-1016.8000000000001,-2.8293250301214043,6.94,0.9,211.76999999999992,3.616666666666667,4.325966850828729,78.16593886462881,6407.759999999998,59947.119999999995,931.7879999999999,1321.4874
395,98,29400,diesel,17.5,97.14,0.145,8.3,0.726,2.68,163195.2,35382.9,127812.3,4502.4,3094.94,1407.46,4-wheeler,5,300,high,4,0.61,0.39,46.91,86.1,0.76,0.24,0.04,home/slow-dominant,0.25,16863.49,9335.64,103173.1,13136.01,835912.63,1332634.12,137967.35,2.85,67.02,61.7,793009.85,7037.3,4263.0,1680.0,5.550857142857144,1.2035,4.347357142857144,5.6,14.21,1736206.08,1439917.71,296288.3700000001,22.233287108092362,10651.025,0.04787278911564626,4.691533333333333,14074.6,39.16366843916868,8.780000000000001,0.9,426.2999999999999,2.780000000000001,5.937931034482759,76.41921397379913,7527.850000000002,135340.15,2046.24,2321.205
396,44,13200,petrol,18.7,101.29,0.154,8.48,0.763,2.31,71498.82,17238.14,54260.68,1630.59,1551.03,79.56,fleet/commercial,5,300,medium,4,0.29,0.71,51.66,86.8,0.44,0.56,0.22,mixed,0.22,26783.71,16141.56,182313.48,24947.83,1844238.73,2756328.27,69892.4,10.44,3.79,13.0,531775.48,397.8,2032.8,705.8823529411765,5.416577272727273,1.305919696969697,4.1106575757575765,2.3529411764705883,6.776,2335651.38,2715965.46,-380314.0800000001,-13.797851443870293,4521.723333333333,0.0060272727272727275,0.2652,795.6,2.2138188374946783,9.600000000000001,0.9,203.27999999999994,2.6400000000000006,5.636363636363637,81.6593886462882,10642.15,64902.83,2276.7360000000003,1209.8034
397,77,23100,diesel,18.4,93.05,0.135,6.66,0.702,2.68,116818.21,20769.21,96049.0,3364.57,2189.19,1175.38,fleet/commercial,3,300,high,3,0.62,0.38,83.22,90.6,0.38,0.62,0.43,fast-dominant,0.17,24879.36,15378.12,180717.63,26975.55,1838268.23,2763746.49,110945.35,6.71,55.97,53.8,735444.38,5876.9,3118.5,1255.4347826086957,5.057065367965368,0.8991,4.157965367965368,4.184782608695652,10.395,2546756.08,2736789.9600000004,-190033.88000000035,-6.875951925677537,8004.083333333333,0.050882251082251084,3.9179333333333335,11753.800000000001,32.705862056491895,7.9,0.9,311.8499999999999,3.133333333333335,6.71111111111111,80.34934497816593,9501.24,105550.24,3866.94,1817.0276999999999
398,94,28200,petrol,15.7,101.07,0.154,8.75,0.745,2.31,181539.75,37999.5,143540.25,4149.17,3235.39,913.78,4-wheeler,8,300,high,4,0.43,0.57,33.76,78.2,0.57,0.43,0.08,mixed,0.13,18048.98,11054.55,105783.17,12893.75,905627.11,1374427.55,153113.43,2.37,43.51,45.7,871350.32,4568.9,4342.8,1796.1783439490446,6.437579787234043,1.3475,5.090079787234043,5.987261146496815,14.476,1903570.76,1501020.8800000001,402549.8799999999,29.288548530622794,11961.6875,0.03240354609929078,3.045933333333333,9137.8,25.426638729586315,9.61,0.9,434.2799999999999,2.7249999999999996,5.077922077922079,68.5589519650655,6994.43,150534.68,3734.808,2814.7893
399,26,7800,petrol,14.7,101.23,0.147,8.67,0.605,2.31,53713.88,9941.02,43772.86,1225.71,693.69,532.02,4-wheeler,7,300,medium,3,0.09,0.91,48.38,81.3,0.59,0.41,0.11,mixed,0.22,16540.24,11184.69,108258.14,12179.17,860046.51,1375633.73,51564.24,7.9,25.33,35.0,366079.34,2660.1,1146.6,530.6122448979592,6.886394871794871,1.2744897435897435,5.6119051282051275,1.7687074829931972,3.8219999999999996,1211317.1099999999,1360824.9700000002,-149507.86000000034,-10.868289773615855,3647.7383333333332,0.0682076923076923,1.7733999999999999,5320.2,14.803870009099029,9.489999999999998,0.9,114.65999999999997,2.6714285714285717,5.530612244897959,64.19213973799127,5355.550000000001,49128.41,940.2119999999999,541.0782
400,35,10500,petrol,18.9,107.35,0.142,8.89,0.729,2.31,59638.89,13254.99,46383.9,1283.33,1086.94,196.39,4-wheeler,4,300,medium,2,0.34,0.66,22.61,89.9,0.76,0.24,0.13,home/slow-dominant,0.46,15108.57,8893.79,95078.19,14207.79,883581.68,1387497.13,55440.24,7.37,9.35,26.1,372279.39,981.95,1490.9999999999998,555.5555555555555,5.679894285714286,1.26238,4.417514285714286,1.8518518518518519,4.969999999999999,1257318.98,1388955.0499999998,-131636.06999999983,-9.487303948513382,3865.3250000000003,0.018703809523809522,0.6546333333333333,1963.8999999999999,5.464704392855453,9.370000000000001,0.9,149.09999999999994,2.5249999999999986,6.330985915492959,82.53275109170306,6214.779999999999,52598.68,715.6799999999998,586.9476000000001
401,44,13200,petrol,18.9,100.61,0.169,6.83,0.673,2.31,70267.3,15236.36,55030.94,1613.33,1501.33,112.0,2-wheeler,6,300,medium,2,0.25,0.75,3.3,82.1,0.81,0.19,0.01,home/slow-dominant,0.44,9636.84,4528.59,24004.25,4286.85,127700.14,237857.8,60996.56,1.41,5.33,20.5,328987.05,560.0,2230.8,698.4126984126984,5.3232803030303035,1.154269696969697,4.169010606060606,2.328042328042328,7.436000000000001,527220.84,308391.45,218829.38999999996,92.00008996972139,4585.911666666667,0.008484848484848486,0.37333333333333335,1120.0,3.1164870512745595,7.21,0.9,223.07999999999996,2.9833333333333343,4.857988165680473,82.53275109170306,5108.25,60139.19,847.7040000000001,840.7448
402,84,25200,diesel,21.8,95.98,0.169,7.6,0.574,2.68,110949.36,32366.88,78582.48,3097.98,2444.55,653.43,fleet/commercial,7,300,high,4,0.49,0.51,57.59,78.3,0.18,0.82,0.31,mixed,0.05,28199.61,16995.55,182672.73,27749.36,1819155.14,2916853.38,95336.41,9.6,31.12,33.8,659354.78,3267.15,4258.8,1155.9633027522934,4.402752380952381,1.2844,3.1183523809523814,3.8532110091743115,14.196,2514899.9899999998,2953243.44,-438343.4500000002,-15.027956256066604,6548.54,0.025929761904761903,2.1780999999999997,6534.299999999999,18.182197624235137,9.239999999999998,0.9,425.87999999999994,3.1000000000000005,4.633136094674556,95.19650655021834,11204.060000000001,89786.54,6984.432,2322.3225
403,74,22200,petrol,13.3,103.55,0.138,8.5,0.672,2.31,172842.86,26040.6,146802.26,3855.79,2058.74,1797.05,4-wheeler,11,300,high,4,0.37,0.63,42.65,73.8,0.7,0.3,0.13,home/slow-dominant,0.45,20945.31,11427.76,105510.98,11661.77,897321.71,1390329.25,158652.16,2.44,85.57,74.4,898771.78,8985.25,3063.6000000000004,1669.172932330827,7.7857144144144135,1.173,6.612714414414413,5.56390977443609,10.212000000000002,1866262.5599999998,1460498.3,405764.2599999998,29.184760372408174,12233.521666666667,0.08094819819819819,5.990166666666666,17970.5,50.004312995472745,9.1,0.9,306.35999999999996,2.3818181818181823,5.3478260869565215,58.07860262008734,9517.550000000001,156319.81,1838.16,1132.307
404,91,27300,diesel,16.7,93.43,0.13,8.59,0.571,2.68,152732.87,30485.91,122246.96,4381.08,2026.48,2354.6,fleet/commercial,4,300,high,4,0.36,0.64,43.64,89.3,0.37,0.63,0.27,mixed,0.18,24268.64,16029.11,187834.37,26596.76,1894291.32,2920544.75,135805.84,6.17,112.12,71.5,866863.57,11773.0,3549.0,1634.7305389221558,5.594610622710623,1.1167,4.477910622710623,5.449101796407186,11.83,2779298.87,2938688.72,-159389.8500000001,-5.457538358212114,10187.246666666668,0.08624908424908424,7.8486666666666665,23546.0,65.51857509759891,9.85,0.9,354.8999999999999,2.6750000000000007,6.869230769230769,72.92576419213974,8239.529999999999,130486.49,4471.74,1661.7136
405,45,13500,petrol,12.4,100.9,0.165,8.46,0.677,2.31,109850.81,18844.65,91006.16,2514.92,1508.02,1006.9,4-wheeler,8,300,medium,3,0.33,0.67,52.02,74.0,0.67,0.33,0.17,mixed,0.09,18239.25,11171.32,102006.56,11976.96,839379.72,1299001.2,100469.48,3.56,47.95,47.2,604353.96,5034.5,2227.5,1088.7096774193549,8.137097037037037,1.3959000000000001,6.741197037037037,3.6290322580645165,7.425,1479830.02,1335097.53,144732.49,11.141828814322881,7583.846666666667,0.07458518518518518,3.356333333333333,10069.0,28.017775106503162,9.120000000000001,0.9,222.74999999999994,3.25,4.484848484848484,54.14847161572053,7067.93,98074.09,1470.15,1372.2982
406,42,12600,petrol,20.2,106.12,0.117,8.05,0.584,2.31,66193.66,11867.31,54326.35,1440.89,860.93,579.96,4-wheeler,7,300,medium,3,0.33,0.67,30.28,85.5,0.8,0.2,0.09,home/slow-dominant,0.1,16847.22,9703.37,107524.61,14614.33,907110.32,1395203.11,64393.07,5.91,27.62,32.5,429489.96,2899.8,1474.2,623.7623762376238,5.253465079365079,0.94185,4.31161507936508,2.0792079207920793,4.914000000000001,1322314.72,1380917.5699999998,-58602.84999999986,-4.200309587899346,4527.195833333333,0.04602857142857143,1.9332,5799.6,16.137837770153514,8.450000000000001,0.9,147.41999999999996,2.0714285714285716,7.3076923076923075,88.20960698689957,7143.85,61470.2,589.6800000000001,774.837
407,27,8100,petrol,20.2,100.14,0.145,7.93,0.705,2.31,40155.15,9313.78,30841.37,926.29,828.02,98.27,2-wheeler,3,300,medium,2,0.22,0.78,4.37,94.2,0.9,0.1,0.01,home/slow-dominant,0.17,5572.09,3652.53,12664.3,1898.0,108376.52,201959.98,33140.53,2.44,4.68,12.1,178366.95,491.35,1174.5,400.99009900990103,4.957425925925926,1.1498493827160494,3.8075765432098763,1.3366336633663367,3.915,337012.72000000003,252229.23000000004,84783.48999999999,41.98034184792452,2570.1141666666667,0.012132098765432099,0.3275666666666667,982.6999999999999,2.734439129720991,8.129999999999999,0.9,117.44999999999997,1.9333333333333325,6.496551724137932,88.20960698689957,1919.56,32760.93,234.9,687.2565999999999
408,18,5400,petrol,20.3,105.65,0.111,6.62,0.643,2.31,28103.94,3968.03,24135.91,614.48,385.41,229.07,2-wheeler,4,300,low,2,0.2,0.8,4.81,90.5,0.83,0.17,0.01,home/slow-dominant,0.42,6780.53,4260.77,12387.51,4124.65,119338.92,145523.57,27480.6,0.5,10.91,26.3,149790.51,1145.35,599.4,266.00985221674875,5.204433333333333,0.7348203703703704,4.469612962962962,0.8866995073891625,1.998,293761.27,170155.41,123605.86000000002,84.93872161052674,2011.3258333333333,0.04242037037037037,0.7635666666666666,2290.7,6.3740507931737795,6.960000000000001,0.9,59.93999999999998,2.375,8.153153153153154,88.646288209607,2519.7599999999993,26655.67,203.79600000000002,223.53780000000003
409,60,18000,petrol,20.7,99.22,0.143,7.92,0.758,2.31,86278.26,20386.08,65892.18,2008.7,1951.09,57.61,fleet/commercial,6,300,high,5,0.35,0.65,68.09,82.5,0.45,0.55,0.28,mixed,0.09,25571.73,16589.56,184862.07,27164.34,1906479.2,2950244.89,80307.22,10.7,2.74,8.2,586398.17,288.05,2574.0,869.5652173913044,4.793236666666666,1.13256,3.6606766666666664,2.898550724637681,8.58,2465729.15,2923096.6800000006,-457367.5300000007,-15.502697133728471,5491.014999999999,0.0032005555555555554,0.19203333333333333,576.1,1.6030430269993516,9.02,0.9,257.3999999999999,2.9166666666666665,5.769230769230769,90.39301310043668,8982.169999999998,74874.34999999999,2831.4,1775.4919
410,21,6300,petrol,17.0,101.28,0.153,7.87,0.585,2.31,37533.18,7585.89,29947.29,856.06,563.88,292.18,2-wheeler,5,300,low,2,0.13,0.87,4.59,83.3,0.9,0.1,0.0,home/slow-dominant,0.34,9072.53,4335.56,23052.15,2919.67,92386.15,203485.56,35268.19,2.5,13.91,27.1,199393.1,1460.9,963.9,370.5882352941176,5.957647619047619,1.2041095238095239,4.7535380952380955,1.2352941176470587,3.213,325414.69999999995,237120.99,88293.70999999996,43.39065140543632,2495.6075,0.04637777777777778,0.9739333333333333,2921.8,8.130135595012508,8.07,0.9,96.38999999999997,3.3400000000000007,5.444444444444445,74.23580786026201,4736.97,34684.26,192.78,372.16079999999994
411,98,29400,diesel,20.3,89.3,0.158,7.81,0.59,2.68,129331.03,36279.01,93052.02,3881.38,2740.67,1140.71,4-wheeler,5,300,high,4,0.69,0.31,47.15,85.9,0.77,0.23,0.11,home/slow-dominant,0.12,15170.42,10239.75,108386.39,14816.55,851793.11,1332990.55,100946.0,3.69,54.32,51.3,613116.39,5703.55,4645.2,1448.2758620689656,4.39901462585034,1.233979931972789,3.1650346938775504,4.827586206896552,15.484,1574300.3599999999,1442381.4100000001,131918.94999999972,9.896465507576158,7754.335,0.03879965986394558,3.802366666666667,11407.1,31.74114235945896,8.27,0.9,464.51999999999987,2.819999999999999,5.436708860759494,88.646288209607,4930.67,97982.69,2136.792,2411.7896
412,62,18600,diesel,22.0,90.31,0.126,7.38,0.615,2.68,76353.0,17295.77,59057.23,2265.82,1441.31,824.51,fleet/commercial,2,300,high,4,0.58,0.42,57.78,95.8,0.37,0.63,0.48,fast-dominant,0.22,22983.28,14708.82,184656.11,27402.92,1803931.43,2820620.72,72812.27,11.43,39.26,45.0,548717.46,4122.55,2343.6,845.4545454545455,4.105,0.9298801075268818,3.1751198924731185,2.8181818181818183,7.811999999999999,2300612.83,2768584.6400000006,-467971.8100000005,-16.59109311229907,4921.435833333334,0.044328494623655915,2.7483666666666666,8245.1,22.94263159505703,8.64,0.9,234.35999999999993,2.1000000000000014,7.603174603174603,96.06986899563319,8274.46,67331.69,2952.9359999999997,1124.2218
413,93,27900,petrol,16.0,101.64,0.185,7.35,0.609,2.31,177234.75,37937.03,139297.72,4028.06,3143.35,884.71,fleet/commercial,7,300,high,4,0.68,0.32,80.44,76.5,0.15,0.85,0.63,fast-dominant,0.04,28353.85,18042.28,182882.34,25178.47,1846949.43,2811115.86,154644.98,5.05,42.13,41.8,956107.24,4423.55,5161.5,1743.75,6.3525,1.3597501792114695,4.99274982078853,5.8125,17.205,2874892.4299999997,2882951.5999999996,-8059.1699999999255,-0.28668935758485337,11608.143333333333,0.031710035842293906,2.9490333333333334,8847.1,24.617743385117105,9.049999999999999,0.9,516.1499999999999,3.357142857142857,4.135135135135135,69.86899563318778,10311.57,149609.29,8774.55,3017.616
414,105,31500,diesel,20.9,92.32,0.151,8.59,0.671,2.68,139142.58,40858.33,98284.25,4039.23,3191.61,847.62,4-wheeler,5,300,high,4,0.44,0.56,33.2,83.4,0.79,0.21,0.04,home/slow-dominant,0.47,15459.81,9504.36,99970.9,11030.16,897023.27,1337883.82,106445.73,3.2,40.36,53.6,632199.55,4238.1,4756.5,1507.177033492823,4.4172247619047615,1.2970898412698413,3.1201349206349205,5.023923444976077,15.855,1670035.22,1478696.2100000002,191339.00999999978,14.301616264407754,8190.354166666667,0.026908571428571428,2.8254,8476.2,23.58568530715484,9.01,0.9,475.6499999999999,3.319999999999999,5.52317880794702,91.26637554585153,5955.449999999999,104239.7,1997.73,1691.5533000000003
415,84,25200,petrol,18.3,101.53,0.162,8.41,0.702,2.31,139811.8,34332.98,105478.82,3180.98,2865.84,315.14,4-wheeler,3,300,high,4,0.56,0.44,43.71,88.5,0.68,0.32,0.04,mixed,0.42,13073.01,9094.35,109700.01,12186.63,894846.01,1386276.38,111894.81,3.41,15.01,30.5,669174.06,1575.7,4082.4,1377.0491803278687,5.548087301587302,1.3624198412698414,4.18566746031746,4.590163934426229,13.608,1659270.06,1481526.39,177743.67000000016,12.821661868032416,8789.901666666667,0.012505555555555554,1.0504666666666667,3151.3999999999996,8.769015440523791,9.05,0.9,408.2399999999999,3.8333333333333335,5.462962962962963,79.91266375545852,3978.66,109457.48000000001,2612.7360000000003,1662.1872000000003
416,68,20400,diesel,19.0,92.94,0.183,7.7,0.623,2.68,99788.21,28745.64,71042.57,2877.47,2325.78,551.69,4-wheeler,7,300,high,5,0.59,0.41,50.33,73.9,0.88,0.12,0.01,home/slow-dominant,0.09,16731.23,11185.44,99795.44,12125.24,908957.39,1402007.28,79013.41,4.98,26.27,31.6,494862.49,2758.45,3733.2,1073.6842105263158,4.891578921568628,1.4091,3.4824789215686276,3.5789473684210527,12.443999999999999,1491554.5899999999,1489742.0000000002,1812.5899999996182,0.12928534864666452,5920.214166666668,0.027043627450980396,1.8389666666666669,5516.900000000001,15.351203047479126,7.9399999999999995,0.9,373.3199999999999,3.7285714285714278,4.038251366120219,82.96943231441048,5545.789999999999,76588.36,895.968,2116.4598
417,85,25500,petrol,20.1,102.31,0.112,6.94,0.612,2.31,129796.27,19820.64,109975.63,2930.6,1747.87,1182.73,4-wheeler,5,300,high,3,0.46,0.54,36.4,90.2,0.84,0.16,0.08,home/slow-dominant,0.3,14836.32,9508.41,106162.79,14559.86,839153.44,1283711.51,118215.51,2.86,56.32,57.9,697240.34,5913.65,2856.0,1268.6567164179103,5.090049803921569,0.77728,4.312769803921569,4.2288557213930345,9.52,1562316.39,1309634.1099999999,252682.28000000003,19.68372784941377,9164.635833333334,0.04638156862745098,3.9424333333333332,11827.3,32.910381519231784,7.260000000000001,0.9,285.5999999999999,1.9599999999999995,8.053571428571429,87.77292576419215,5327.91,115303.54000000001,913.9200000000001,1223.5089999999998
418,20,6000,diesel,20.6,91.68,0.13,6.94,0.567,2.68,26702.91,5413.2,21289.71,780.58,442.26,338.32,2-wheeler,6,300,low,1,0.11,0.89,3.06,87.3,0.89,0.11,0.02,home/slow-dominant,0.1,8046.74,5302.65,17979.73,5368.48,146236.47,246945.75,25107.5,3.3,16.11,22.7,143517.23,1691.6,780.0,291.26213592233006,4.450485,0.9022,3.5482849999999995,0.9708737864077669,2.6,319984.72,277176.79000000004,42807.929999999935,17.33495312229505,1774.1425,0.05638666666666667,1.1277333333333333,3383.2,9.414016957028652,7.160000000000001,0.9,77.99999999999999,2.116666666666667,6.7153846153846155,89.95633187772927,2744.09,24033.8,171.6,398.034
419,116,34800,petrol,20.7,101.13,0.125,7.13,0.636,2.31,170015.65,31015.5,139000.15,3883.48,2766.6,1116.88,4-wheeler,5,300,high,4,0.68,0.32,39.46,85.9,0.64,0.36,0.14,mixed,0.38,14735.97,10157.75,104127.69,11281.76,860941.76,1356564.68,145834.72,2.68,53.18,58.7,833301.29,5584.4,4350.0,1681.1594202898552,4.885507183908046,0.89125,3.994257183908046,5.603864734299518,14.5,1784699.8599999999,1447021.48,337678.3799999999,24.892169535182056,11583.345833333333,0.03209425287356322,3.7229333333333336,11168.800000000001,31.07805408774581,7.85,0.9,434.9999999999999,2.819999999999999,6.872000000000001,90.39301310043668,4578.219999999999,143578.37,3132.0,1715.292
420,78,23400,diesel,22.6,92.31,0.189,6.79,0.709,2.68,95577.61,30029.45,65548.16,2774.87,3135.62,-360.75,fleet/commercial,7,300,high,5,0.66,0.34,80.9,73.3,0.23,0.77,0.38,fast-dominant,0.09,27473.82,17912.97,180902.21,25885.18,1865782.57,2958887.03,80286.05,11.36,-17.18,3.0,582332.46,-1803.75,4422.6,1035.3982300884954,4.0845132478632475,1.283309829059829,2.8012034188034187,3.451327433628318,14.742,2481039.7199999997,2991811.7399999998,-510772.02,-17.262302170421155,5462.346666666667,-0.015416666666666667,-1.2025,-3607.5,-10.03814914060087,8.329999999999998,0.9,442.25999999999993,3.8142857142857145,3.878306878306878,98.68995633187774,9560.849999999999,75109.01000000001,6810.804000000001,2853.4142
421,15,4500,petrol,14.7,104.12,0.142,7.12,0.755,2.31,31873.47,4549.68,27323.79,707.14,482.44,224.7,4-wheeler,9,300,low,1,0.27,0.73,57.34,80.7,0.67,0.33,0.16,mixed,0.09,18004.43,10694.95,109472.35,13193.33,906247.07,1434792.58,37271.94,11.24,10.7,16.2,295832.05,1123.5,638.9999999999999,306.12244897959187,7.0829933333333335,1.0110400000000002,6.071953333333333,1.0204081632653061,2.1299999999999994,1155636.5699999998,1388350.0499999998,-232713.47999999998,-16.219311644335377,2276.9825,0.04993333333333333,0.749,2247.0,6.252452146619585,7.780000000000001,0.9,63.89999999999998,2.144444444444444,5.683098591549297,64.19213973799127,7309.48,34633.270000000004,421.73999999999995,439.0204
422,78,23400,petrol,19.3,100.54,0.163,7.03,0.661,2.31,121898.24,26813.83,95084.41,2800.73,2521.19,279.54,fleet/commercial,5,300,high,4,0.45,0.55,67.25,82.6,0.34,0.66,0.47,fast-dominant,0.05,25416.98,16457.81,183575.23,24371.65,1927964.05,3008969.88,108917.91,8.24,13.31,17.7,728164.78,1397.7,3814.2000000000003,1212.4352331606217,5.209326495726496,1.145890170940171,4.063436324786325,4.041450777202073,12.714,2664540.15,3017381.2,-352841.0500000003,-11.726307144024995,7923.700833333333,0.011946153846153848,0.9318000000000001,2795.4,7.77841777065438,8.350000000000001,0.9,381.41999999999996,3.4800000000000013,5.067484662576686,84.27947598253276,8959.169999999998,104043.58,5034.744000000001,2395.1304999999998
423,88,26400,petrol,14.3,104.08,0.173,8.03,0.553,2.31,192147.69,36674.62,155473.07,4264.62,2525.66,1738.96,2-wheeler,9,300,high,3,0.45,0.55,4.32,76.1,0.82,0.18,0.04,home/slow-dominant,0.25,12118.84,6758.29,24066.81,3009.99,96295.91,196086.52,161435.62,0.47,82.81,67.4,831244.91,8694.8,4567.2,1846.153846153846,7.278321590909091,1.3891901515151517,5.889131439393939,6.153846153846153,15.224,1117628.56,386174.27,731454.29,373.0262998190799,12956.089166666667,0.06586969696969697,5.7965333333333335,17389.6,48.387913595396505,8.389999999999999,0.9,456.71999999999986,2.6555555555555563,4.398843930635838,62.44541484716159,5360.55,160833.62,1644.1919999999998,1894.245
424,86,25800,diesel,15.4,94.32,0.156,7.64,0.625,2.68,158016.62,30749.47,127267.15,4489.87,2515.5,1974.37,4-wheeler,9,300,high,4,0.69,0.31,56.32,75.6,0.73,0.27,0.07,home/slow-dominant,0.45,18568.41,11611.41,95113.87,12268.33,888164.28,1414815.07,136677.82,3.16,94.02,76.6,778502.97,9871.85,4024.8,1675.3246753246754,6.124675193798449,1.1918399224806202,4.932835271317829,5.584415584415584,13.416,1771089.4300000002,1519237.27,251852.16000000015,17.801065689807796,10605.595833333333,0.07652596899224806,6.581233333333333,19743.699999999997,54.938379816294216,8.18,0.9,402.4799999999999,2.7111111111111117,4.846153846153846,67.24890829694323,6957.0,134224.15,2173.3920000000003,1383.525
425,29,8700,petrol,16.3,102.11,0.176,8.4,0.677,2.31,54500.43,12862.08,41638.35,1232.94,1036.62,196.32,2-wheeler,8,300,medium,3,0.09,0.91,2.34,75.4,0.79,0.21,0.04,home/slow-dominant,0.38,11497.66,5514.48,18590.06,3644.23,122844.64,155509.68,48350.38,0.29,9.35,23.6,260341.96,981.6,1531.1999999999998,533.7423312883435,6.26441724137931,1.4784,4.7860172413793105,1.7791411042944782,5.103999999999999,452835.08999999997,225158.18999999997,227676.9,146.40689891458848,3469.8624999999997,0.02256551724137931,0.6544,1963.1999999999998,5.462756588448406,8.82,0.9,153.11999999999995,3.0749999999999993,4.284090909090909,71.17903930131006,5983.18,47621.53,643.1039999999999,642.7044
426,12,3600,petrol,18.1,104.93,0.159,7.18,0.71,2.31,20870.06,4109.83,16760.23,459.45,406.4,53.05,2-wheeler,6,300,low,2,0.29,0.71,2.81,83.0,0.97,0.03,0.0,home/slow-dominant,0.56,8995.05,4231.98,20757.8,4144.76,124804.92,211597.2,22352.25,2.95,2.53,22.1,132519.05,265.25,572.4,198.89502762430936,5.797238888888889,1.1416194444444445,4.6556194444444445,0.6629834254143645,1.908,274130.47,228403.69,45726.77999999997,21.610295410336228,1396.6858333333332,0.01473611111111111,0.17683333333333331,530.5,1.4761574827688873,7.24,0.9,57.23999999999999,2.8333333333333335,5.220125786163521,79.03930131004367,4763.07,21523.3,34.343999999999994,178.81599999999997
427,94,28200,petrol,12.3,100.77,0.127,7.18,0.56,2.31,231033.66,25714.45,205319.21,5296.1,2005.58,3290.52,4-wheeler,9,300,high,4,0.6,0.4,48.94,77.6,0.59,0.41,0.09,mixed,0.18,18507.21,11562.74,106176.2,13813.94,851524.08,1326994.28,215026.47,1.72,156.69,75.1,1181308.55,16452.6,3581.4,2292.682926829268,8.192682978723404,0.9118599290780142,7.28082304964539,7.642276422764227,11.938,2099228.43,1393390.09,705838.3400000001,53.19075979739717,17109.934166666666,0.11668510638297873,10.9684,32905.2,91.56127653535682,7.999999999999999,0.9,358.13999999999993,2.4888888888888894,6.11023622047244,53.7117903930131,6944.469999999999,212263.68,2936.748,1644.5756000000001
428,27,8100,petrol,20.8,107.12,0.185,6.08,0.758,2.31,41715.0,9110.88,32604.12,899.57,1135.86,-236.29,4-wheeler,3,300,medium,3,0.29,0.71,53.3,85.9,0.88,0.12,0.04,home/slow-dominant,0.11,14850.93,8356.73,108574.65,11547.02,879887.76,1353557.27,41407.72,8.82,-11.25,4.1,315613.25,-1181.45,1498.5,389.4230769230769,5.15,1.1247999999999998,4.025200000000001,1.2980769230769231,4.995,1162717.4100000001,1320773.6500000001,-158056.24,-11.677100297352027,2717.0099999999998,-0.029171604938271603,-0.7876333333333333,-2362.9,-6.574952904872015,6.32,0.9,149.84999999999997,4.699999999999998,4.643243243243244,90.82969432314411,6494.200000000001,39098.32,359.64,1010.9154
429,104,31200,petrol,17.9,102.83,0.144,8.92,0.709,2.31,179234.41,40075.78,139158.63,4026.37,3185.4,840.97,4-wheeler,4,300,high,3,0.7,0.3,54.57,87.6,0.87,0.13,0.04,home/slow-dominant,0.55,13975.62,9019.47,95066.02,14251.79,863121.08,1315098.88,146965.14,2.43,40.05,55.5,829891.72,4204.85,4492.799999999999,1743.0167597765364,5.7446926282051285,1.2844801282051281,4.460212500000001,5.810055865921788,14.975999999999997,1829171.23,1451257.3199999998,377913.91000000015,28.73653956727575,11596.5525,0.026954166666666668,2.8032333333333335,8409.7,23.40064388848542,9.18,0.9,449.2799999999998,3.1000000000000014,6.083333333333333,78.16593886462881,4956.1500000000015,144114.78,1168.128,1433.4299999999998
430,33,9900,diesel,22.4,91.99,0.112,7.45,0.711,2.68,40656.29,8260.56,32395.73,1184.46,788.36,396.1,2-wheeler,7,300,medium,3,0.31,0.69,3.45,82.9,0.87,0.13,0.0,home/slow-dominant,0.1,8764.75,5699.79,10004.95,4214.17,150556.0,243100.5,36303.52,2.27,18.86,25.3,191522.55,1980.5,1108.8,441.9642857142857,4.106695959595959,0.8343999999999999,3.2722959595959593,1.4732142857142858,3.6959999999999997,397661.2,298683.13,98978.07,40.71487718042538,2699.6441666666665,0.04001010101010101,1.3203333333333334,3961.0,11.021790366159404,7.710000000000001,0.9,110.87999999999997,2.442857142857142,7.401785714285714,97.81659388646288,3064.96,35460.69,288.288,709.524
431,13,3900,petrol,14.8,104.37,0.133,6.94,0.559,2.31,27502.91,3599.78,23903.13,608.72,289.95,318.77,2-wheeler,6,300,low,2,0.1,0.9,2.31,85.9,0.92,0.08,0.0,home/slow-dominant,0.57,9364.74,4905.27,17083.95,5056.3,80093.26,173998.45,29373.86,2.62,15.18,35.2,163953.25,1593.85,518.7,263.5135135135135,7.052028205128205,0.9230205128205129,6.129007692307692,0.8783783783783783,1.729,264431.51,194383.45,70048.06,40.25786436603314,1991.9275,0.08173589743589743,1.0625666666666667,3187.7,8.87002301191778,7.1000000000000005,0.9,51.86999999999999,2.349999999999999,6.458646616541354,64.62882096069869,4459.469999999999,28362.6,82.992,124.67850000000001
432,24,7200,petrol,16.7,102.32,0.124,6.36,0.706,2.31,44114.01,5678.21,38435.8,995.93,630.32,365.61,4-wheeler,6,300,low,3,0.13,0.87,38.64,85.8,0.7,0.3,0.07,home/slow-dominant,0.21,16468.66,9143.28,95439.41,12797.34,890484.62,1331360.41,48320.65,7.15,17.41,27.6,337042.66,1828.05,892.8,431.1377245508982,6.126945833333334,0.7886402777777778,5.338305555555556,1.437125748502994,2.976,1193397.97,1297231.1099999999,-103833.1399999999,-7.7990256597760705,3202.9833333333336,0.05077916666666667,1.2187000000000001,3656.1000000000004,10.17338241800439,6.959999999999999,0.9,89.27999999999997,2.366666666666667,6.919354838709677,72.92576419213974,7325.379999999999,45761.18,535.68,497.9528000000001
433,102,30600,petrol,18.6,107.22,0.17,6.48,0.625,2.31,176394.19,33708.96,142685.23,3800.32,3251.25,549.07,4-wheeler,5,300,high,5,0.5,0.5,30.77,82.7,0.77,0.23,0.03,home/slow-dominant,0.08,16447.0,9111.93,109617.99,14575.56,862720.32,1357327.61,152935.41,2.52,26.15,31.2,874295.04,2745.35,5202.0,1645.1612903225805,5.764516013071895,1.1016,4.662916013071895,5.483870967741935,17.34,1826926.27,1447238.51,379687.76,27.973184749406222,11890.435833333335,0.017943464052287583,1.8302333333333336,5490.700000000001,15.278299511101096,6.94,0.9,520.1999999999999,3.4599999999999995,4.864705882352942,81.2227074235808,7335.07,150020.30000000002,2392.92,2991.15
434,95,28500,diesel,15.5,90.34,0.145,6.3,0.698,2.68,166109.03,26034.75,140074.28,4927.74,2884.48,2043.26,4-wheeler,10,300,high,3,0.44,0.56,33.07,72.6,0.67,0.33,0.17,mixed,0.32,20499.05,11420.93,98330.98,14463.1,868956.3,1378975.05,152045.02,2.71,97.3,73.2,858556.08,10216.3,4132.5,1838.7096774193549,5.82838701754386,0.9135,4.91488701754386,6.129032258064516,13.775,1801996.7,1453459.3699999999,348537.3300000001,25.27510051759095,11672.856666666667,0.07169333333333333,6.810866666666667,20432.6,56.85529761060051,6.960000000000001,0.9,413.2499999999999,2.7400000000000007,5.006896551724138,67.68558951965066,9078.119999999999,149152.4,2727.4500000000003,1961.4463999999998
435,94,28200,petrol,16.3,103.38,0.148,8.53,0.704,2.31,178853.74,35600.81,143252.93,3996.44,2938.21,1058.23,2-wheeler,7,300,high,5,0.47,0.53,4.7,84.4,0.82,0.18,0.02,home/slow-dominant,0.52,9482.08,4842.58,17089.97,3253.64,111909.37,150757.04,148543.16,0.15,50.39,61.9,759805.77,5291.15,4173.599999999999,1730.0613496932515,6.342331205673759,1.2624400709219856,5.079891134751773,5.766871165644171,13.911999999999999,1053588.4699999997,332630.38,720958.0899999997,478.2251561850774,11937.744166666665,0.037525886524822694,3.527433333333333,10582.3,29.44607225241319,8.889999999999999,0.9,417.35999999999984,2.2285714285714278,5.7027027027027035,71.17903930131006,4639.5,147892.43,1502.4959999999996,1410.3408
436,91,27300,petrol,14.4,104.27,0.176,6.24,0.705,2.31,197678.54,29981.95,167696.59,4379.38,3387.38,992.0,4-wheeler,11,300,high,4,0.64,0.36,24.87,70.8,0.75,0.25,0.12,home/slow-dominant,0.47,20481.38,12414.65,95917.06,12524.57,908231.17,1370014.77,178268.23,2.05,47.24,57.8,987258.21,4960.0,4804.799999999999,1895.8333333333333,7.240972161172161,1.0982399267399268,6.142732234432234,6.319444444444444,16.016,1999030.77,1473556.14,525474.6300000001,38.35539889836371,13974.715833333334,0.03633699633699634,3.3066666666666666,9920.0,27.603171025574675,6.74,0.9,480.47999999999985,2.6545454545454548,4.0227272727272725,62.882096069869,8066.730000000001,175763.32,2402.3999999999996,1795.3114
437,80,24000,petrol,20.5,105.06,0.155,7.95,0.75,2.31,122997.07,29574.0,93423.07,2704.39,2790.0,-85.61,2-wheeler,3,300,high,4,0.68,0.32,4.9,91.1,0.86,0.14,0.01,home/slow-dominant,0.16,6751.67,3501.35,17830.73,5231.25,133826.92,171710.99,97719.64,0.21,-4.08,7.0,506428.93,-428.05,3720.0,1170.7317073170732,5.124877916666667,1.23225,3.8926279166666666,3.902439024390244,12.4,782570.6200000001,314025.76,468544.8600000001,272.8683003924211,7785.255833333334,-0.003567083333333333,-0.28536666666666666,-856.1,-2.382164789817992,8.23,0.9,371.99999999999994,2.9666666666666686,5.877419354838709,89.51965065502185,3250.32,96673.39000000001,1041.6000000000001,2343.6
438,20,6000,petrol,18.4,103.61,0.188,8.09,0.768,2.31,33785.87,9125.52,24660.35,753.26,866.3,-113.04,4-wheeler,7,300,low,2,0.09,0.91,38.25,75.8,0.75,0.25,0.07,home/slow-dominant,0.15,18405.87,10185.06,100699.34,13860.66,859675.95,1339458.43,35653.29,10.63,-5.38,6.2,278965.79,-565.2,1128.0,326.0869565217392,5.630978333333334,1.52092,4.110058333333334,1.0869565217391306,3.76,1120634.65,1321451.3299999998,-200816.67999999993,-14.992378673521053,2055.0291666666667,-0.018840000000000003,-0.3768,-1130.4,-3.1454258596078235,8.59,0.9,112.79999999999997,3.4571428571428577,4.031914893617022,80.34934497816593,8220.81,32881.159999999996,564.0,736.3549999999999
439,70,21000,petrol,13.4,102.44,0.121,7.66,0.634,2.31,160540.3,19464.06,141076.24,3620.15,1610.99,2009.16,4-wheeler,8,300,high,4,0.48,0.52,44.65,78.8,0.65,0.35,0.12,mixed,0.27,18794.6,10168.09,95669.9,14712.98,849417.4,1329913.76,152645.35,2.52,95.67,71.4,858896.65,10045.8,2541.0,1567.1641791044776,7.64477619047619,0.92686,6.71791619047619,5.223880597014926,8.47,1746091.9,1367691.6300000001,378400.2699999998,28.45299307227258,11756.353333333333,0.09567428571428571,6.6972000000000005,20091.600000000002,55.90643860659639,8.36,0.9,254.09999999999994,2.6500000000000004,6.512396694214876,58.515283842794766,8626.509999999998,149702.75,1778.6999999999998,1176.0227
440,85,25500,petrol,12.7,105.64,0.158,6.77,0.662,2.31,212111.81,27276.33,184835.48,4638.19,2667.2,1970.99,2-wheeler,13,300,high,4,0.68,0.32,2.31,70.7,0.83,0.17,0.01,home/slow-dominant,0.37,15238.17,7489.29,15026.86,4687.9,91787.21,167097.8,193521.94,0.31,93.86,74.1,982636.56,9854.95,4029.0,2007.8740157480315,8.31811019607843,1.06966,7.248450196078431,6.692913385826771,13.43,1228537.11,321211.14,907325.9700000001,542.9909729511701,15402.956666666667,0.07729372549019607,6.569966666666667,19709.9,54.84432868921111,7.109999999999999,0.9,402.8999999999999,2.253846153846154,4.474683544303798,55.45851528384279,7748.88,192584.36000000002,1369.8600000000001,1680.3359999999998
441,105,31500,diesel,22.1,97.15,0.167,6.53,0.694,2.68,138471.72,34351.07,104120.65,3819.91,3650.79,169.12,2-wheeler,2,300,high,3,0.37,0.63,3.18,89.8,0.77,0.23,0.04,home/slow-dominant,0.39,5410.42,3985.01,15871.54,3937.19,129778.49,160397.58,106333.5,0.14,8.05,22.4,547539.04,845.6,5260.5,1425.339366515837,4.395927619047619,1.0905101587301587,3.30541746031746,4.751131221719456,17.535,849189.1900000001,332269.25,516919.94000000006,322.2741515177474,8676.720833333333,0.005368888888888889,0.5637333333333333,1691.2,4.705895447424585,6.99,0.9,526.0499999999998,5.100000000000001,5.3772455089820355,96.50655021834062,1425.4099999999999,105546.06,2419.83,2226.9818999999998
442,52,15600,petrol,14.1,101.56,0.162,6.68,0.776,2.31,112364.26,16881.7,95482.56,2555.74,1961.11,594.63,fleet/commercial,10,300,medium,3,0.5,0.5,44.49,71.5,0.17,0.83,0.41,fast-dominant,0.03,30154.06,18874.68,189848.82,24463.41,1928736.8,2857616.39,111654.62,6.62,28.32,31.2,748121.92,2973.15,2527.2000000000003,1106.3829787234042,7.2028371794871795,1.0821602564102564,6.120676923076923,3.6879432624113475,8.424000000000001,2641328.4000000004,2822086.06,-180757.65999999968,-6.325469738784626,7956.88,0.03811730769230769,1.9821,5946.3,16.546041922315997,8.34,0.9,252.71999999999997,2.85,4.41358024691358,61.572052401746724,11279.380000000001,106761.94,4195.152,1902.2767
443,65,19500,petrol,19.0,99.56,0.147,8.52,0.672,2.31,102180.0,24422.58,77757.42,2370.79,1926.29,444.5,4-wheeler,7,300,high,4,0.41,0.59,58.54,82.2,0.64,0.36,0.18,mixed,0.4,16687.14,10927.75,98118.29,12165.92,851902.18,1351423.67,85949.99,4.67,21.17,36.0,527868.24,2222.5,2866.5,1026.3157894736842,5.24,1.25244,3.98756,3.4210526315789473,9.555,1446237.88,1417891.1099999999,28346.77000000002,2.0975487280017835,6479.785,0.022794871794871795,1.4816666666666667,4445.0,12.368557984745909,9.24,0.9,286.6499999999999,2.5428571428571423,5.591836734693878,82.96943231441048,5759.389999999999,83516.81,2063.88,1155.774
444,113,33900,diesel,14.3,89.59,0.168,8.65,0.576,2.68,212384.69,49263.48,163121.21,6353.29,3280.44,3072.85,4-wheeler,10,300,high,4,0.56,0.44,52.68,74.6,0.58,0.42,0.22,mixed,0.26,18800.98,12328.0,103171.69,14875.37,870156.33,1355101.93,172569.26,2.21,146.33,77.0,966017.99,15364.25,5695.200000000001,2370.6293706293704,6.265035103244838,1.4532,4.811835103244838,7.902097902097902,18.984,2026084.6800000002,1545012.27,481072.41000000015,35.50082833990209,13593.434166666666,0.09064454277286135,10.242833333333333,30728.5,85.50443960275919,9.489999999999998,0.9,569.52,2.5400000000000005,4.44047619047619,62.44541484716159,6472.98,169594.19,4783.968000000001,2427.5256
445,111,33300,petrol,15.3,107.24,0.118,6.69,0.627,2.31,233404.71,26287.69,207117.02,5027.65,2463.73,2563.92,fleet/commercial,8,300,high,4,0.4,0.6,62.98,82.6,0.19,0.81,0.29,mixed,0.11,29066.24,17688.43,189809.73,25277.69,1806145.57,2865350.1,223550.37,3.89,122.09,71.1,1307561.58,12819.6,3929.3999999999996,2176.470588235294,7.00915045045045,0.7894201201201201,6.21973033033033,7.254901960784314,13.097999999999999,3118500.3200000003,2870143.2800000003,248357.04000000004,8.667598420172112,17259.751666666667,0.0769945945945946,8.5464,25639.2,71.34306679021311,8.310000000000002,0.9,392.9399999999999,2.1750000000000007,7.0,66.81222707423582,11377.810000000001,218494.83,6365.628,2192.7197
446,36,10800,petrol,19.6,101.98,0.151,7.3,0.737,2.31,56193.06,11904.84,44288.22,1272.86,1201.9,70.96,fleet/commercial,5,300,medium,3,0.22,0.78,51.18,87.8,0.48,0.52,0.24,mixed,0.19,24596.33,16690.7,186880.29,24373.02,1886813.95,2805244.18,57068.45,12.82,3.38,11.6,472222.54,354.8,1630.8,551.0204081632653,5.2030611111111105,1.1023,4.10076111111111,1.836734693877551,5.436,2290760.9,2736968.5700000003,-446207.6700000004,-15.906197156783705,3690.685,0.00657037037037037,0.23653333333333332,709.5999999999999,1.9745171532003816,8.34,0.9,163.07999999999996,2.4400000000000004,5.814569536423841,85.58951965065503,7905.630000000001,52193.850000000006,1696.032,973.5390000000001
447,119,35700,diesel,16.2,94.88,0.183,6.7,0.669,2.68,209087.41,43771.77,165315.64,5905.93,4370.64,1535.29,fleet/commercial,8,300,high,3,0.51,0.49,86.67,77.0,0.17,0.83,0.33,mixed,0.06,29116.93,17458.4,189900.51,26830.21,1846709.9,2906895.98,182340.21,4.77,73.11,58.0,1101601.56,7676.45,6533.099999999999,2203.703703703704,5.856790196078432,1.2261,4.630690196078432,7.34567901234568,21.776999999999997,3037731.5999999996,2996316.1100000003,41415.48999999929,1.4247324391703653,13776.303333333335,0.04300532212885154,5.117633333333333,15352.9,42.7206375442082,8.36,0.9,653.3099999999998,2.875,4.2076502732240435,70.74235807860262,11658.529999999999,176974.17,10844.945999999998,4108.4016
448,13,3900,petrol,19.3,103.28,0.175,7.86,0.605,2.31,20870.05,5364.45,15505.6,466.79,412.91,53.88,4-wheeler,5,300,low,3,0.18,0.82,35.09,80.2,0.78,0.22,0.12,home/slow-dominant,0.5,14908.23,10041.43,109524.47,13936.02,877626.63,1327405.02,23159.6,14.69,2.57,20.4,225322.47,269.4,682.5,202.0725388601036,5.351294871794871,1.3755,3.9757948717948715,0.6735751295336787,2.275,1056518.03,1280973.93,-224455.8999999999,-16.909375557431588,1292.1333333333334,0.013815384615384617,0.1796,538.8000000000001,1.4992528778810115,8.3,0.9,68.24999999999999,3.9599999999999995,4.582857142857144,84.27947598253276,4866.799999999999,20372.4,300.3,206.455
449,23,6900,petrol,15.6,104.29,0.123,7.83,0.579,2.31,46128.27,6645.32,39482.95,1021.73,491.4,530.33,2-wheeler,10,300,low,3,0.22,0.78,2.56,76.3,0.81,0.19,0.02,home/slow-dominant,0.34,12766.65,6320.82,17343.09,2641.83,107958.28,154800.77,46457.15,0.63,25.25,38.5,249628.84,2651.65,848.6999999999999,442.3076923076923,6.68525652173913,0.9630898550724637,5.722166666666666,1.4743589743589745,2.8289999999999997,402432.88,199646.55,202786.33000000002,130.9982695822508,3290.245833333333,0.07685942028985508,1.7677666666666667,5303.3,14.756844445557476,8.21,0.9,84.86999999999998,2.37,6.203252032520325,68.12227074235808,6445.83,45928.78,322.506,324.32399999999996
450,41,12300,petrol,16.8,106.03,0.122,8.41,0.652,2.31,77629.11,12620.05,65009.06,1691.25,978.39,712.86,2-wheeler,11,300,medium,3,0.24,0.76,3.97,77.5,0.95,0.05,0.01,home/slow-dominant,0.55,12212.21,7506.3,20445.64,2690.69,118809.92,219712.42,70253.11,1.15,33.95,50.7,371711.19,3564.3,1500.6,732.1428571428571,6.311309756097561,1.026020325203252,5.285289430894309,2.4404761904761902,5.002,568016.52,297207.84,270808.68,123.25597251170414,5417.421666666666,0.05795609756097561,2.3762,7128.6,19.835883565817703,8.51,0.9,150.05999999999995,2.0454545454545454,6.352459016393443,73.36244541484717,4705.909999999999,69714.97,150.06,440.27549999999997
451,101,30300,diesel,17.5,90.59,0.151,8.33,0.565,2.68,156850.11,38112.25,118737.86,4640.23,2585.04,2055.19,fleet/commercial,6,300,high,5,0.58,0.42,87.19,77.7,0.34,0.66,0.5,fast-dominant,0.21,26141.69,16548.96,176656.65,25875.57,1856984.08,2837985.9,133505.7,6.02,97.87,70.1,844185.15,10275.95,4575.3,1731.4285714285713,5.176571287128713,1.2578300330033003,3.9187412541254125,5.771428571428571,15.251000000000001,2771943.08,2908759.73,-136816.6499999999,-4.8209066154979805,9894.821666666667,0.06782805280528054,6.850633333333334,20551.9,57.187259133115745,9.65,0.9,457.5299999999999,3.7166666666666663,5.145695364238411,76.41921397379913,9592.73,128330.59,6039.396000000001,2042.1816000000001
452,101,30300,petrol,16.2,107.28,0.118,6.6,0.629,2.31,200653.33,23597.64,177055.69,4320.56,2248.93,2071.63,4-wheeler,5,300,high,4,0.61,0.39,22.15,88.9,0.66,0.34,0.11,mixed,0.31,15070.22,9742.02,101617.23,11087.16,902901.32,1394758.0,184601.32,2.11,98.65,73.3,1024623.83,10358.15,3575.3999999999996,1870.3703703703704,6.622222112211221,0.7787999999999999,5.84342211221122,6.234567901234568,11.918,1981519.0699999998,1448751.9100000001,532767.1599999997,38.19782069721053,14754.640833333333,0.06837062706270627,6.905433333333334,20716.300000000003,57.64471491099925,7.279999999999999,0.9,357.5399999999999,2.219999999999999,7.533898305084747,70.74235807860262,5328.199999999999,182383.89,2431.272,1551.7616999999998
453,78,23400,petrol,14.2,103.72,0.148,6.54,0.733,2.31,170918.87,22649.33,148269.54,3806.62,2538.53,1268.09,4-wheeler,9,300,high,5,0.61,0.39,31.05,74.0,0.73,0.27,0.08,home/slow-dominant,0.29,18955.23,10809.9,107135.28,14157.29,877464.33,1341036.22,159246.33,2.24,60.39,60.1,903366.93,6340.45,3463.2,1647.887323943662,7.304225213675213,0.9679200854700856,6.336305128205128,5.492957746478874,11.543999999999999,1826834.83,1387039.8,439795.03,32.79516417535688,12355.795,0.05419188034188034,4.226966666666667,12680.9,35.285589864738895,7.08,0.9,346.3199999999999,2.888888888888889,5.0,62.00873362445415,8145.33,156414.87,1870.128,1802.3563000000001
454,10,3000,petrol,12.5,106.29,0.188,8.1,0.766,2.31,25509.6,4568.4,20941.2,554.4,432.02,122.38,4-wheeler,14,300,low,1,0.16,0.84,57.66,70.0,0.68,0.32,0.11,mixed,0.07,22135.43,14009.9,102580.03,12268.36,880579.21,1372411.15,31520.4,12.35,5.83,9.9,260182.03,611.9,564.0,240.0,8.5032,1.5228,6.9803999999999995,0.8,1.88,1118804.3599999999,1350454.2599999998,-231649.8999999999,-16.87904532107597,1745.1000000000001,0.040793333333333334,0.4079333333333333,1223.8,3.4053186190623266,8.74,0.9,56.399999999999984,2.142857142857143,3.723404255319149,54.58515283842795,8125.530000000001,29066.730000000003,360.96,401.7786
455,58,17400,diesel,21.6,89.74,0.16,8.26,0.764,2.68,72290.56,22995.84,49294.72,2158.89,2126.98,31.91,2-wheeler,3,300,high,4,0.45,0.55,2.6,88.0,0.88,0.12,0.02,home/slow-dominant,0.11,7127.74,3336.73,20540.49,4915.05,109763.86,223926.46,54068.74,1.73,1.52,7.9,290884.19,159.55,2784.0,805.5555555555555,4.154629885057471,1.3216,2.8330298850574707,2.685185185185185,9.28,506855.36,330133.77,176721.58999999997,78.9194765102793,4107.893333333333,0.0018339080459770115,0.10636666666666666,319.1,0.8879205518408144,8.5,0.9,278.3999999999999,4.0,5.5,94.3231441048035,3791.0099999999998,53085.73,668.16,1893.0122000000001
456,76,22800,petrol,18.6,99.99,0.175,8.25,0.705,2.31,122568.39,32917.5,89650.89,2831.61,2812.95,18.66,4-wheeler,9,300,high,4,0.64,0.36,26.3,72.9,0.59,0.41,0.13,mixed,0.12,17587.55,11752.03,106186.27,14210.52,901141.82,1408604.59,98328.51,4.08,0.89,7.8,597828.82,93.3,3989.9999999999995,1225.8064516129032,5.375806578947368,1.44375,3.932056578947368,4.086021505376344,13.299999999999999,1601921.52,1511555.45,90366.07000000007,6.415290042466783,7470.9075,0.000818421052631579,0.0622,186.6,0.5192290033641365,9.07,0.9,398.9999999999999,3.0111111111111106,4.165714285714286,81.2227074235808,5835.519999999999,95486.41,3271.7999999999993,2475.3959999999997
457,20,6000,diesel,18.0,92.49,0.166,7.37,0.618,2.68,30830.0,7340.52,23489.48,893.33,615.53,277.8,2-wheeler,9,300,low,1,0.26,0.74,4.0,73.6,0.98,0.02,0.0,home/slow-dominant,0.2,10204.5,6450.0,13802.04,4145.61,120300.92,186886.3,28073.1,1.88,13.23,22.1,154167.54,1389.0,996.0,333.3333333333333,5.138333333333334,1.2234200000000002,3.9149133333333337,1.111111111111111,3.32,325473.42,237891.25,87582.16999999998,46.86387926776869,1957.4566666666667,0.0463,0.926,2778.0,7.73000091825065,7.41,0.9,99.59999999999998,2.933333333333334,4.433734939759036,78.60262008733625,3754.5,27243.98,39.84,492.424
458,53,15900,petrol,12.4,102.02,0.131,6.08,0.765,2.31,130815.97,12664.03,118151.94,2962.02,1593.42,1368.6,4-wheeler,9,300,medium,2,0.55,0.45,54.75,76.7,0.7,0.3,0.03,home/slow-dominant,0.17,17789.19,11101.09,108135.49,12299.5,848867.3,1316383.68,127299.94,2.82,65.17,58.6,744635.19,6843.0,2082.9,1282.258064516129,8.227419496855346,0.7964798742138365,7.430939622641509,4.274193548387097,6.9430000000000005,1591893.1,1314774.29,277118.81000000006,21.051522759686602,9845.995,0.0860754716981132,4.561999999999999,13686.0,38.08235873548538,6.68,0.9,208.28999999999996,2.5888888888888886,5.854961832061068,54.14847161572053,6688.0999999999985,124840.04000000001,1249.74,1322.5386
459,99,29700,petrol,19.7,103.62,0.135,8.53,0.746,2.31,156218.98,34201.04,122017.94,3482.59,2991.09,491.5,2-wheeler,6,300,high,4,0.35,0.65,3.67,89.6,0.83,0.17,0.02,home/slow-dominant,0.22,8805.58,4852.71,16897.34,3565.27,138047.06,203884.47,126683.86,0.39,23.4,33.1,650316.64,2457.5,4009.5000000000005,1507.6142131979695,5.259898316498317,1.1515501683501683,4.108348148148149,5.025380710659898,13.365000000000002,963169.8600000001,378690.6099999999,584479.2500000002,286.6717852517164,10168.161666666667,0.01654882154882155,1.6383333333333334,4915.0,13.676369515191483,8.87,0.9,400.94999999999993,1.7333333333333343,6.637037037037036,86.02620087336244,3952.87,125970.81,1363.2300000000002,2333.0502
460,10,3000,diesel,15.4,97.52,0.171,8.01,0.674,2.68,18997.4,4109.13,14888.27,522.08,345.76,176.32,2-wheeler,11,300,low,2,0.22,0.78,5.48,73.4,0.91,0.09,0.01,home/slow-dominant,0.27,13505.51,7896.04,13152.78,3279.32,146170.21,184482.22,21153.6,1.19,8.4,19.5,118920.78,881.6,513.0,194.8051948051948,6.332466666666667,1.36971,4.962756666666667,0.6493506493506493,1.71,308684.76,228075.97,80608.79000000001,43.694611870997655,1240.6891666666668,0.05877333333333333,0.5877333333333333,1763.1999999999998,4.90624104357795,8.19,0.9,51.29999999999999,2.4181818181818175,4.292397660818714,67.24890829694323,5609.47,20497.74,92.34,252.4048
461,100,30000,diesel,19.6,94.45,0.18,8.25,0.698,2.68,144566.33,44550.0,100016.33,4102.04,3769.2,332.84,4-wheeler,5,300,high,4,0.58,0.42,47.81,79.5,0.68,0.32,0.09,mixed,0.23,16681.63,9041.03,107981.24,12355.53,873126.03,1371352.94,110128.04,3.54,15.85,26.0,658621.44,1664.2,5400.0,1530.612244897959,4.818877666666666,1.485,3.333877666666666,5.1020408163265305,18.0,1679365.83,1518971.3199999998,160394.51000000024,11.696078035170162,8334.694166666666,0.011094666666666666,1.1094666666666666,3328.3999999999996,9.261531697734146,8.89,0.9,539.9999999999999,4.1,4.416666666666667,85.58951965065503,7640.6,107656.93000000001,3456.0,2902.284
462,39,11700,diesel,14.2,97.47,0.159,7.6,0.597,2.68,80309.79,14138.28,66171.51,2208.17,1110.6,1097.57,4-wheeler,9,300,medium,2,0.21,0.79,24.81,78.7,0.84,0.16,0.07,home/slow-dominant,0.13,18137.55,11885.16,101267.28,14392.55,873763.63,1393794.05,75302.41,5.56,52.27,50.8,477779.33,5487.85,1860.3,823.943661971831,6.8640846153846145,1.2084000000000001,5.655684615384614,2.746478873239437,6.201,1366000.33,1408251.42,-42251.08999999985,-3.031372533122799,5514.2925,0.0938094017094017,3.6585666666666663,10975.699999999999,30.54073832917338,7.92,0.9,186.02999999999994,2.3666666666666663,4.949685534591195,62.00873362445415,6252.389999999999,72423.9,595.296,966.2219999999999
463,77,23100,petrol,17.8,100.82,0.168,8.93,0.698,2.31,130839.44,34655.54,96183.9,2997.81,2708.8,289.01,4-wheeler,6,300,high,5,0.49,0.51,59.73,80.2,0.71,0.29,0.13,home/slow-dominant,0.09,16678.49,10264.53,106254.69,12934.03,909217.25,1359642.37,105184.67,3.27,13.76,19.4,632178.04,1445.05,3880.8,1297.752808988764,5.6640450216450215,1.500239826839827,4.163805194805194,4.325842696629213,12.936,1646806.9,1465054.0000000002,181752.89999999967,13.367699036916573,8015.325,0.01251125541125541,0.9633666666666666,2890.1,8.04192788115054,9.509999999999998,0.9,388.0799999999999,3.2999999999999994,4.773809523809524,77.72925764192141,6413.960000000001,102597.86,2250.864,2465.0080000000003
464,50,15000,petrol,17.5,101.73,0.186,7.0,0.741,2.31,87197.14,19530.0,67667.14,1980.0,2067.39,-87.39,4-wheeler,5,300,medium,3,0.48,0.52,37.5,81.3,0.8,0.2,0.11,home/slow-dominant,0.38,16394.08,10176.7,103220.5,14330.89,844746.62,1296475.79,76750.7,4.54,-4.16,13.4,486974.0,-436.95,2790.0,857.1428571428571,5.813142666666667,1.302,4.511142666666666,2.857142857142857,9.3,1362702.72,1327457.9000000001,35244.81999999983,2.7185096915693143,5638.928333333333,-0.0058260000000000004,-0.2913,-873.9,-2.4316946733114624,7.4,0.9,278.99999999999994,3.7400000000000007,4.370967741935484,76.41921397379913,6217.380000000001,73884.52,1116.0,1281.7818
465,85,25500,petrol,15.7,105.4,0.119,6.67,0.619,2.31,171191.08,20240.12,150950.96,3751.91,1878.36,1873.55,fleet/commercial,7,300,high,4,0.66,0.34,54.37,84.6,0.19,0.81,0.61,fast-dominant,0.08,26743.19,17034.2,180728.08,24420.87,1897394.22,2865656.2,165544.12,4.76,89.22,64.6,1008448.68,9367.75,3034.5,1624.203821656051,6.713375686274509,0.7937301960784313,5.919645490196078,5.414012738853503,10.115,2887065.57,2846878.85,40186.71999999974,1.4023566399905103,12579.246666666666,0.07347254901960784,6.245166666666666,18735.5,52.13298495460224,8.290000000000001,0.9,303.44999999999993,2.2000000000000006,7.109243697478992,68.5589519650655,9708.989999999998,160659.94999999998,4915.89,1728.0912
466,113,33900,petrol,18.7,104.13,0.155,8.48,0.608,2.31,188770.43,44558.16,144212.27,4187.65,3194.74,992.91,4-wheeler,4,300,high,4,0.67,0.33,43.2,85.7,0.85,0.15,0.03,home/slow-dominant,0.29,14781.62,9069.95,107148.15,11564.1,889998.6,1366491.03,152236.76,2.43,47.28,52.5,868331.95,4964.55,5254.5,1812.8342245989306,5.568449262536873,1.3144,4.254049262536873,6.042780748663102,17.515,1907758.85,1515919.33,391839.52,28.674869530610824,12017.689166666665,0.02928938053097345,3.3097,9929.1,27.628492482866278,8.780000000000001,0.9,525.4499999999999,3.5749999999999993,5.529032258064516,81.6593886462882,5711.67,149923.94,1576.35,2268.2653999999998
467,61,18300,diesel,14.9,92.8,0.152,7.88,0.755,2.68,113975.84,21919.01,92056.83,3291.54,2100.11,1191.43,4-wheeler,8,300,high,4,0.46,0.54,33.56,80.5,0.81,0.19,0.1,home/slow-dominant,0.36,18057.54,11365.16,103767.05,14909.28,882070.5,1391357.72,101731.07,3.99,56.73,59.9,612422.4,5957.15,2781.6,1228.1879194630872,6.228187978142076,1.1977601092896173,5.030427868852459,4.093959731543624,9.272,1542237.4,1439102.2399999998,103135.16000000015,7.412555270114156,7671.4025,0.06510546448087431,3.9714333333333336,11914.300000000001,33.152465781250434,8.26,0.9,278.1599999999999,2.4375,5.296052631578948,65.06550218340612,6692.380000000001,98749.21,1057.008,1344.0704
468,92,27600,petrol,15.6,99.22,0.185,6.27,0.587,2.31,175543.08,32014.62,143528.46,4086.92,2997.22,1089.7,fleet/commercial,7,300,high,4,0.59,0.41,44.32,77.1,0.23,0.77,0.3,mixed,0.13,26373.7,17458.76,180858.43,26351.07,1875455.63,2878751.38,157713.61,5.21,51.89,50.6,969426.48,5448.5,5106.0,1769.2307692307693,6.36025652173913,1.15995,5.2003065217391296,5.897435897435898,17.02,2885039.53,2918908.78,-33869.25,-1.17652570608581,11960.705,0.03948188405797102,3.6323333333333334,10897.0,30.321749462266855,7.81,0.9,510.5999999999999,3.2714285714285722,4.167567567567567,68.12227074235808,8914.940000000002,152443.4,7863.24,2607.5814
469,44,13200,petrol,15.7,100.91,0.183,8.67,0.745,2.31,84841.53,20943.25,63898.28,1942.17,1799.62,142.55,2-wheeler,8,300,medium,4,0.5,0.5,2.0,73.9,0.78,0.22,0.03,home/slow-dominant,0.26,9362.36,6160.46,11643.97,3539.08,86617.57,148587.93,67808.0,0.74,6.79,16.8,350683.97,712.75,2415.6,840.7643312101911,6.427388636363636,1.5866098484848485,4.840778787878787,2.802547770700637,8.052,557637.02,268923.43,288713.59,194.30487388847806,5324.856666666667,0.010799242424242425,0.4751666666666667,1425.5,3.966564546064183,9.11,0.9,241.55999999999995,3.2624999999999993,4.038251366120219,68.5589519650655,3201.9000000000005,67100.18,1062.864,1331.7187999999999
470,43,12900,petrol,18.2,99.14,0.119,6.99,0.618,2.31,70269.56,10730.35,59539.21,1637.31,948.69,688.62,fleet/commercial,3,300,medium,3,0.5,0.5,62.48,90.9,0.28,0.72,0.3,mixed,0.13,23416.73,14737.31,188431.68,26092.62,1875053.23,2862069.2,73437.15,10.87,32.79,37.3,555617.43,3443.1,1535.1,708.7912087912089,5.447252713178294,0.8318100775193799,4.615442635658914,2.362637362637363,5.117,2343484.6799999997,2774883.1999999997,-431398.52,-15.072959102456363,4961.600833333333,0.05338139534883721,2.2954,6886.2,19.16138672543471,8.43,0.9,153.50999999999996,3.0333333333333314,7.638655462184874,79.47598253275109,8679.42,68218.63,2210.544,825.3603
471,58,17400,petrol,20.0,106.09,0.119,8.48,0.672,2.31,92298.3,17558.69,74739.61,2009.7,1391.44,618.26,2-wheeler,6,300,high,4,0.2,0.8,4.93,85.1,0.97,0.03,0.01,home/slow-dominant,0.61,9304.45,4298.76,10532.04,2361.08,147558.65,254146.41,80217.52,1.2,29.44,49.5,411619.64,3091.3,2070.6,870.0,5.3045,1.0091201149425286,4.295379885057471,2.9,6.902,655572.4,350540.54,305031.86000000004,120.02210064663122,6228.300833333334,0.035532183908045974,2.0608666666666666,6182.6,17.20356503858044,8.54,0.9,207.05999999999995,2.4833333333333343,7.151260504201681,87.33624454148472,5005.6900000000005,79745.3,124.23599999999999,542.6616
472,66,19800,petrol,13.4,102.53,0.169,6.56,0.662,2.31,151499.55,21951.07,129548.48,3413.28,2215.18,1198.1,fleet/commercial,11,300,high,5,0.47,0.53,68.62,70.0,0.25,0.75,0.45,fast-dominant,0.14,29226.68,19576.7,187947.81,26874.82,1920616.37,2889428.96,144573.42,5.4,57.05,53.8,910814.91,5990.5,3346.2000000000003,1477.6119402985075,7.651492424242424,1.108639898989899,6.542852525252525,4.925373134328359,11.154000000000002,2824247.52,2882245.18,-57997.66000000015,-2.0072360595430645,10795.706666666667,0.06051010101010101,3.9936666666666665,11981.0,33.33806371546473,8.059999999999999,0.9,334.61999999999995,2.727272727272727,4.1420118343195265,58.515283842794766,9649.98,139198.46,5019.3,1905.0548
473,28,8400,diesel,17.7,93.76,0.129,7.84,0.697,2.68,44496.27,8495.42,36000.85,1271.86,755.27,516.59,2-wheeler,3,300,medium,3,0.16,0.84,5.5,92.3,0.85,0.15,0.02,home/slow-dominant,0.28,6005.27,3782.16,15399.42,1839.12,133797.44,194373.4,38591.78,1.17,24.6,35.8,208358.32,2582.95,1083.6000000000001,474.5762711864407,5.297174999999999,1.0113595238095239,4.285815476190475,1.5819209039548023,3.6120000000000005,386305.13999999996,238522.75999999998,147782.37999999998,76.03014610023799,3000.070833333333,0.061498809523809525,1.7219666666666669,5165.900000000001,14.374518266231473,8.14,0.9,108.35999999999999,2.5666666666666678,7.155038759689922,77.29257641921397,2223.1100000000006,38223.96,325.08000000000004,543.7944
474,75,22500,petrol,12.4,104.54,0.151,6.24,0.689,2.31,189689.52,21200.4,168489.12,4191.53,2340.88,1850.65,fleet/commercial,10,300,high,3,0.64,0.36,54.34,71.9,0.16,0.84,0.53,fast-dominant,0.07,29110.85,19037.16,184590.08,26293.29,1823377.94,2785387.5,183821.47,4.23,88.13,64.0,1103697.43,9253.25,3397.5,1814.516129032258,8.430645333333333,0.9422400000000001,7.488405333333333,6.048387096774193,11.325,2917379.79,2775691.9299999997,141687.86000000034,5.0868275958013145,14040.76,0.08225111111111112,6.168833333333334,18506.5,51.495774655725576,7.92,0.9,339.74999999999994,2.8099999999999996,4.7615894039735105,54.14847161572053,10073.689999999999,178562.81,5707.8,2177.0184
475,25,7500,petrol,15.9,105.47,0.158,8.92,0.624,2.31,49750.0,10570.2,39179.8,1089.62,739.44,350.18,2-wheeler,10,300,low,1,0.24,0.76,2.98,72.9,0.84,0.16,0.01,home/slow-dominant,0.17,10986.89,6284.3,23833.0,3783.08,85322.35,140182.32,44639.01,0.7,16.68,25.6,247028.05,1750.9,1185.0,471.6981132075472,6.633333333333334,1.4093600000000002,5.223973333333333,1.5723270440251573,3.95,389006.80000000005,196838.74000000002,192168.06000000003,137.08437697421473,3264.9833333333336,0.046690666666666665,1.1672666666666667,3501.8,9.744030675136834,9.24,0.9,118.49999999999997,2.7099999999999995,4.613924050632912,69.43231441048036,4702.589999999999,43882.39,379.2,613.7352
476,20,6000,petrol,20.2,99.04,0.181,7.63,0.665,2.31,29417.82,8286.18,21131.64,686.14,722.19,-36.05,fleet/commercial,3,300,low,1,0.28,0.72,47.99,88.8,0.38,0.62,0.22,mixed,0.16,23510.08,15522.65,177275.6,27656.75,1861022.47,2951673.45,34650.42,20.0,-1.72,7.9,350527.7,-180.25,1086.0,297.029702970297,4.90297,1.38103,3.52194,0.9900990099009901,3.62,2125661.9699999997,2865785.25,-740123.2800000003,-25.07470059060904,1760.97,-0.0060083333333333325,-0.12016666666666666,-360.5,-1.0031192696289988,8.87,0.9,108.59999999999998,3.7333333333333343,4.906077348066298,88.20960698689957,7987.430000000002,29119.07,1346.64,606.6396
477,29,8700,diesel,21.1,95.43,0.188,8.86,0.609,2.68,39347.91,14491.42,24856.49,1105.02,996.08,108.94,2-wheeler,7,300,medium,3,0.29,0.71,2.57,78.8,0.97,0.03,0.0,home/slow-dominant,0.62,10737.05,5278.15,18504.26,3604.73,103505.79,209726.61,31036.34,2.83,5.19,25.9,173685.96,544.7,1635.6,412.32227488151653,4.522748275862069,1.665680459770115,2.8570678160919543,1.3744075829383884,5.452,353930.59,286465.47,67465.12000000005,32.16812592355355,2071.374166666667,0.01252183908045977,0.3631333333333333,1089.4,3.0313401729093794,8.919999999999998,0.9,163.55999999999995,3.028571428571429,4.191489361702128,92.13973799126639,5458.9,30315.39,98.136,378.5104
478,102,30600,petrol,15.1,104.2,0.167,8.94,0.689,2.31,211160.26,45685.19,165475.07,4681.19,3520.93,1160.26,4-wheeler,9,300,high,4,0.45,0.55,32.84,74.5,0.73,0.27,0.05,home/slow-dominant,0.28,17596.32,11418.06,106466.49,11548.25,852164.37,1309351.57,173962.98,2.02,55.25,56.5,976281.39,5801.3,5110.200000000001,2026.4900662251657,6.900662091503269,1.4929800653594771,5.4076820261437915,6.754966887417219,17.034000000000002,1995947.27,1476853.08,519094.18999999994,39.6451344232932,13789.589166666667,0.037916993464052286,3.8675333333333333,11602.6,32.285136304569825,9.48,0.9,511.02,2.8333333333333335,4.461077844311377,65.93886462882097,6178.26,171653.33000000002,2759.5080000000007,2535.0696
479,99,29700,diesel,16.0,89.64,0.117,7.03,0.744,2.68,166394.25,24428.55,141965.7,4974.75,2585.33,2389.42,fleet/commercial,6,300,high,3,0.52,0.48,79.64,87.0,0.48,0.52,0.37,fast-dominant,0.29,26868.24,17342.53,186363.76,26291.01,1870634.25,2901861.64,156749.61,5.39,113.78,75.1,970111.81,11947.1,3474.9,1856.25,5.6025,0.822510101010101,4.779989898989899,6.1875,11.583,2836946.7,2898062.2700000005,-61115.5700000003,-2.106081460176037,11830.475,0.08045185185185186,7.964733333333333,23894.2,66.48746866121839,8.07,0.9,347.48999999999995,2.1666666666666665,7.435897435897435,69.86899563318778,9525.710000000003,151491.41,3613.896,1835.5842999999998
480,71,21300,petrol,12.1,102.92,0.132,6.57,0.756,2.31,181173.22,18472.21,162701.01,4066.36,2125.57,1940.79,4-wheeler,10,300,high,5,0.45,0.55,56.42,80.3,0.74,0.26,0.04,home/slow-dominant,0.24,19222.58,11926.38,102884.48,11365.31,838324.92,1298220.85,172270.27,2.07,92.42,69.8,964235.83,9703.95,2811.6,1760.3305785123966,8.505784976525822,0.8672399061032864,7.638545070422536,5.867768595041322,9.372,1840303.92,1335964.01,504339.9099999999,38.84854491437261,13558.417500000001,0.0911169014084507,6.4693,19407.9,54.00399021645672,7.090000000000001,0.9,281.1599999999999,1.9700000000000002,6.083333333333332,52.838427947598255,7296.200000000003,169997.21000000002,1462.032,1615.4332000000002
481,90,27000,diesel,21.1,89.6,0.138,8.84,0.667,2.68,114654.03,32937.84,81716.19,3429.38,2485.24,944.14,4-wheeler,5,300,high,4,0.56,0.44,59.05,87.9,0.56,0.44,0.17,mixed,0.36,16164.36,8689.38,104371.09,11815.18,869176.27,1338966.67,91554.21,3.99,44.96,53.4,562142.14,4720.7,3726.0000000000005,1279.6208530805686,4.246445555555556,1.21992,3.0265255555555557,4.265402843601896,12.420000000000002,1523268.22,1430916.5,92351.71999999997,6.897238151566534,6809.6825,0.03496814814814815,3.147133333333333,9441.4,26.271429326699668,9.719999999999999,0.9,372.59999999999997,2.419999999999999,6.369565217391304,92.13973799126639,7474.980000000001,89191.17,3278.8800000000006,1590.5536
482,78,23400,petrol,18.7,107.75,0.185,8.89,0.672,2.31,134831.55,38484.81,96346.74,2890.59,2909.09,-18.5,4-wheeler,6,300,high,4,0.5,0.5,30.83,78.3,0.66,0.34,0.16,mixed,0.28,16712.86,10809.49,106362.9,11124.43,888446.58,1374451.03,104475.0,3.63,-0.88,11.7,628737.9,-92.5,4329.0,1251.336898395722,5.762032051282051,1.64465,4.117382051282052,4.171122994652407,14.43,1646168.63,1503435.2000000002,142733.4299999997,10.384759215466534,8028.895,-0.0007905982905982907,-0.06166666666666667,-185.0,-0.5147768790051729,9.57,0.9,432.8999999999999,3.616666666666667,4.232432432432432,81.6593886462882,5903.370000000001,102250.11,2943.7200000000003,2094.5448
483,41,12300,diesel,20.6,94.31,0.134,6.81,0.768,2.68,56311.31,11224.24,45087.07,1600.19,1265.82,334.37,4-wheeler,6,300,medium,3,0.45,0.55,55.49,82.3,0.75,0.25,0.14,home/slow-dominant,0.09,15836.4,9939.83,107615.41,13053.17,847026.93,1367528.82,53594.27,7.7,15.92,21.9,375586.76,1671.85,1648.2,597.0873786407767,4.578155284552845,0.912539837398374,3.665615447154471,1.9902912621359223,5.494,1207765.48,1352680.5900000003,-144915.11000000034,-10.596859669838645,3757.255833333333,0.027184552845528457,1.1145666666666667,3343.7,9.304105136916737,7.31,0.9,164.81999999999996,2.9500000000000006,6.141791044776118,89.95633187772927,5896.57,50983.64,824.1,1151.8962
484,11,3300,diesel,18.3,92.02,0.152,7.59,0.582,2.68,16593.77,3807.14,12786.63,483.28,291.93,191.35,4-wheeler,4,300,low,2,0.28,0.72,34.47,88.1,0.88,0.12,0.03,home/slow-dominant,0.37,15833.3,9385.18,106427.2,11338.13,856967.93,1362769.73,21502.38,18.57,9.11,23.1,213939.1,956.75,501.59999999999997,180.327868852459,5.028415151515151,1.1536787878787877,3.8747363636363636,0.6010928961748634,1.672,1019103.28,1310966.0000000002,-291862.7200000002,-21.416877229875087,1065.5525,0.057984848484848486,0.6378333333333334,1913.5,5.324462475548098,7.83,0.9,50.15999999999998,2.9750000000000014,5.796052631578947,79.91266375545852,6448.119999999999,19234.75,120.38399999999999,183.9159
485,74,22200,petrol,19.3,100.51,0.133,7.55,0.602,2.31,115612.54,22292.13,93320.41,2657.1,1777.47,879.63,4-wheeler,6,300,high,3,0.54,0.46,26.29,86.9,0.85,0.15,0.06,home/slow-dominant,0.21,16480.66,9179.06,100310.07,12877.58,893493.68,1420177.88,103197.53,4.13,41.89,46.6,616297.72,4398.15,2952.6000000000004,1150.259067357513,5.207772072072072,1.00415,4.203622072072072,3.83419689119171,9.842,1553959.68,1464346.1799999997,89613.50000000023,6.310019418130934,7776.700833333333,0.03962297297297297,2.9321,8796.3,24.476388436720008,7.85,0.9,295.26,2.1833333333333322,6.533834586466166,84.27947598253276,7301.6,100622.01000000001,885.7800000000001,1404.2013000000002
486,77,23100,petrol,13.5,103.55,0.134,6.96,0.688,2.31,177185.56,21543.98,155641.58,3952.67,2129.64,1823.03,fleet/commercial,7,300,high,4,0.67,0.33,83.5,81.7,0.24,0.76,0.53,fast-dominant,0.03,28024.09,17638.15,189950.9,27731.78,1867253.73,2886579.19,171573.88,4.83,86.81,62.6,1047820.3,9115.15,3095.4,1711.111111111111,7.670370562770563,0.9326398268398268,6.737730735930736,5.703703703703703,10.318,2893301.98,2864807.16,28494.819999999832,0.98714838999445,12970.131666666666,0.07891904761904762,6.076766666666667,18230.3,50.72722668825948,8.48,0.9,309.53999999999996,2.614285714285714,6.097014925373134,58.951965065502186,10385.939999999999,166027.52,4705.008,2065.7508
487,73,21900,petrol,13.7,106.31,0.146,7.71,0.685,2.31,169940.8,24651.95,145288.85,3692.63,2190.22,1502.41,2-wheeler,9,300,high,5,0.47,0.53,4.23,77.7,0.8,0.2,0.0,home/slow-dominant,0.44,11024.43,5843.12,16517.54,4379.05,105115.72,191151.86,151345.97,0.46,71.54,69.0,773247.39,7512.05,3197.3999999999996,1598.5401459854015,7.759853881278539,1.1256598173515981,6.634194063926941,5.328467153284672,10.658,1009941.8699999999,322730.62,687211.2499999999,359.51062678647224,12107.404166666667,0.06860319634703196,5.008033333333334,15024.1,41.805725988441175,8.11,0.9,319.7399999999999,2.4777777777777774,5.321917808219179,59.82532751091703,5181.31,150470.16,1278.96,1226.5232
488,55,16500,petrol,12.5,99.48,0.119,8.54,0.712,2.31,131313.6,16768.29,114545.31,3049.2,1398.01,1651.19,4-wheeler,8,300,medium,3,0.49,0.51,28.26,81.8,0.62,0.38,0.16,mixed,0.16,19163.25,10611.41,95366.97,11309.65,869753.76,1349142.47,125359.08,3.06,78.63,63.0,722162.37,8255.95,1963.5,1320.0,7.9584,1.0162600000000002,6.94214,4.4,6.545,1622138.01,1379364.35,242773.65999999992,17.994664418206323,9545.4425,0.10007212121212121,5.503966666666667,16511.9,45.9456451267325,9.299999999999999,0.9,196.34999999999997,2.2750000000000004,6.873949579831932,54.58515283842795,8551.84,123097.15,1492.26,1174.3283999999999
489,43,12900,diesel,15.0,90.53,0.123,8.2,0.672,2.68,77855.8,13010.94,64844.86,2304.8,1066.26,1238.54,fleet/commercial,7,300,medium,3,0.32,0.68,61.49,83.9,0.52,0.48,0.22,mixed,0.28,27899.17,16481.98,180439.25,24896.84,1926152.14,2826687.6,81241.42,8.86,58.98,58.7,586646.35,6192.7,1586.7,860.0,6.035333333333334,1.0086,5.026733333333334,2.8666666666666667,5.289000000000001,2454926.9899999998,2768816.1100000003,-313889.1200000006,-11.104485688478647,5403.738333333334,0.09601085271317829,4.128466666666666,12385.4,34.46333814719279,9.16,0.9,158.66999999999996,2.2999999999999994,6.821138211382115,65.50218340611355,11417.189999999999,76262.05,1523.232,767.7072
490,26,7800,petrol,14.4,99.07,0.116,8.4,0.727,2.31,53662.92,7600.32,46062.6,1251.25,657.79,593.46,4-wheeler,11,300,medium,3,0.14,0.86,32.92,71.3,0.85,0.15,0.02,home/slow-dominant,0.22,21368.28,11727.58,96916.74,13694.65,901147.18,1417833.47,58442.23,7.18,28.26,36.8,389127.89,2967.3,904.8000000000001,541.6666666666666,6.8798615384615385,0.9743999999999999,5.905461538461538,1.8055555555555554,3.016,1276303.1800000002,1403861.58,-127558.3999999999,-8.996712427729605,3838.5499999999997,0.07608461538461539,1.9782000000000002,5934.6,16.513485762941073,8.7,0.9,90.47999999999999,2.6090909090909093,6.146551724137931,62.882096069869,9640.699999999999,55703.299999999996,271.44,513.0762
491,106,31800,diesel,18.0,95.35,0.142,8.36,0.71,2.68,168451.67,37750.42,130701.25,4734.67,3206.08,1528.59,4-wheeler,8,300,high,3,0.64,0.36,50.0,79.3,0.82,0.18,0.09,home/slow-dominant,0.17,18034.38,10182.33,96821.64,14578.81,872977.47,1357095.73,141469.06,2.74,72.79,61.2,804166.94,7642.95,4515.599999999999,1766.6666666666667,5.297222327044025,1.1871201257861634,4.110102201257861,5.888888888888889,15.051999999999998,1805407.7200000002,1485359.03,320048.6900000002,23.58335399080507,10891.770833333334,0.0480688679245283,5.0953,15285.9,42.5342048366766,8.719999999999999,0.9,451.55999999999983,2.5875000000000004,5.584507042253521,78.60262008733625,7852.050000000001,138553.3,1625.6159999999998,2661.0463999999997
492,21,6300,petrol,14.9,102.38,0.173,6.79,0.61,2.31,43288.19,7400.42,35887.77,976.71,664.84,311.87,4-wheeler,9,300,low,1,0.09,0.91,39.23,75.8,0.69,0.31,0.14,mixed,0.44,18686.86,10943.59,99223.03,11131.67,862135.55,1391611.19,45857.37,9.38,14.85,31.0,328509.88,1559.35,1089.8999999999999,422.8187919463087,6.87114126984127,1.1746698412698413,5.696471428571429,1.4093959731543624,3.6329999999999996,1172010.8,1372976.54,-200965.74,-14.441227653537336,2990.6474999999996,0.049503174603174604,1.0395666666666667,3118.7,8.678025148937472,7.409999999999999,0.9,108.98999999999997,2.688888888888889,4.381502890173411,65.06550218340612,7743.27,43631.03999999999,675.7379999999999,372.3104000000001
493,40,12000,petrol,20.4,103.32,0.158,7.42,0.747,2.31,60776.47,14068.32,46708.15,1358.82,1416.31,-57.49,4-wheeler,3,300,medium,3,0.28,0.72,59.59,87.6,0.73,0.27,0.03,home/slow-dominant,0.22,14863.09,8030.03,95800.63,14249.8,843337.7,1336457.07,56391.17,7.05,-2.74,9.3,377756.48,-287.45,1896.0,588.2352941176471,5.064705833333333,1.17236,3.8923458333333327,1.9607843137254903,6.32,1221535.5,1336898.39,-115362.8899999999,-8.631993693594655,3892.3458333333333,-0.004790833333333334,-0.19163333333333335,-574.9,-1.5997039337301289,7.96,0.9,189.59999999999997,4.1333333333333355,5.544303797468354,89.08296943231441,6833.06,53541.21,1023.84,1104.7218
494,73,21900,petrol,20.9,107.23,0.11,7.92,0.664,2.31,112360.62,19079.28,93281.34,2420.53,1599.58,820.95,4-wheeler,4,300,high,4,0.66,0.34,24.08,92.5,0.71,0.29,0.04,home/slow-dominant,0.31,15912.7,9082.06,105327.68,13247.26,886126.12,1410215.82,102761.43,4.08,39.09,47.5,619134.83,4104.75,2409.0,1047.846889952153,5.130621917808219,0.8712,4.259421917808219,3.492822966507177,8.03,1527492.72,1432447.58,95045.1399999999,6.739758457680605,7773.445,0.037486301369863015,2.7365,8209.5,22.84357182807009,8.5,0.9,240.89999999999995,1.875,8.40909090909091,91.26637554585153,6830.640000000001,100111.98,1397.2199999999998,1103.7101999999998
495,69,20700,petrol,18.9,103.14,0.175,7.06,0.629,2.31,112962.86,25574.85,87388.01,2530.0,2278.55,251.45,4-wheeler,8,300,high,3,0.49,0.51,35.49,74.3,0.64,0.36,0.04,mixed,0.28,19113.95,10331.46,96109.83,13184.37,893515.26,1391461.51,98807.37,4.07,11.97,23.3,590146.68,1257.25,3622.4999999999995,1095.2380952380954,5.457142995169082,1.2354999999999998,4.221642995169082,3.6507936507936516,12.075,1553899.31,1461698.8599999999,92200.45000000019,6.626158850775556,7282.3341666666665,0.012147342995169081,0.8381666666666666,2514.5,6.996791687883822,7.779999999999999,0.9,362.2499999999999,3.2125000000000004,4.2457142857142856,82.53275109170306,8782.490000000002,96170.5,2608.1999999999994,1640.556
496,93,27900,petrol,18.2,103.86,0.122,8.89,0.689,2.31,159213.96,30259.78,128954.18,3541.15,2345.22,1195.93,4-wheeler,6,300,high,5,0.46,0.54,40.31,87.3,0.73,0.27,0.07,home/slow-dominant,0.3,16078.92,9923.38,98049.34,14831.25,843760.92,1317396.94,138075.97,2.72,56.95,58.4,788429.19,5979.65,3403.7999999999997,1532.967032967033,5.706593548387096,1.084579928315412,4.622013620071685,5.10989010989011,11.345999999999998,1720225.32,1405432.15,314793.17000000016,23.895088901603202,10746.181666666665,0.04286487455197133,3.9864333333333337,11959.300000000001,33.27768177884629,9.43,0.9,340.3799999999999,2.116666666666667,7.155737704918033,79.47598253275109,6155.540000000001,135109.72,1838.052,1641.6539999999998
497,16,4800,petrol,14.8,102.64,0.138,8.56,0.743,2.31,33288.65,5670.14,27618.51,749.19,492.16,257.03,4-wheeler,13,300,low,3,0.2,0.8,41.12,70.0,0.56,0.44,0.14,mixed,0.34,22466.89,12475.13,96393.5,13990.58,845413.12,1364722.27,40408.39,10.47,12.24,25.3,298435.45,1285.15,662.4000000000001,324.3243243243243,6.935135416666667,1.1812791666666667,5.75385625,1.0810810810810811,2.208,1124190.82,1345064.54,-220873.71999999997,-16.184517894618953,2301.5425,0.05354791666666666,0.8567666666666666,2570.2999999999997,7.152059524902679,9.440000000000001,0.9,66.24,2.3076923076923075,5.0724637681159415,64.62882096069869,9991.76,37610.27,582.912,324.82559999999995
498,61,18300,petrol,19.9,100.97,0.182,7.11,0.587,2.31,92851.81,23680.57,69171.24,2124.27,1955.06,169.21,2-wheeler,6,300,high,4,0.64,0.36,3.11,77.5,0.78,0.22,0.01,home/slow-dominant,0.37,8305.55,5937.26,10947.52,4900.48,136221.59,229399.9,72519.63,1.13,8.06,21.9,373545.67,846.05,3330.6,919.5979899497488,5.073869398907104,1.2940202185792349,3.779849180327869,3.0653266331658293,11.102,642008.39,361641.05000000005,280367.33999999997,122.21772546544265,5764.27,0.009246448087431695,0.5640333333333334,1692.1000000000001,4.708399767376503,7.550000000000001,0.9,333.0599999999999,3.75,4.258241758241758,86.8995633187773,2368.289999999999,71539.53,1465.464,1231.6878
499,106,31800,petrol,14.0,99.57,0.148,6.62,0.76,2.31,226166.14,31156.37,195009.77,5247.0,3576.86,1670.14,fleet/commercial,9,300,high,5,0.63,0.37,76.46,79.5,0.5,0.5,0.39,fast-dominant,0.16,28859.38,18867.95,179016.27,25415.98,1892622.33,2889101.47,210084.4,3.89,79.53,63.4,1229438.27,8350.7,4706.4,2271.4285714285716,7.112142767295598,0.9797600628930817,6.1323827044025165,7.571428571428572,15.687999999999999,3167749.93,2934790.8200000003,232959.10999999987,8.063375842593713,16250.814166666665,0.052520125786163524,5.5671333333333335,16701.4,46.472943605497264,7.620000000000001,0.9,470.6399999999999,2.2777777777777777,5.371621621621622,61.13537117903931,9991.43,205001.19999999998,4706.4,3004.5624
500,112,33600,petrol,14.7,104.08,0.141,8.0,0.767,2.31,237897.14,37900.8,199996.34,5280.0,3633.74,1646.26,fleet/commercial,8,300,high,4,0.39,0.61,83.74,81.7,0.45,0.55,0.39,fast-dominant,0.26,27231.64,17275.8,183578.48,26217.46,1809745.22,2768981.15,215195.67,3.6,78.39,65.8,1259556.83,8231.3,4737.599999999999,2285.714285714286,7.080272023809524,1.1280000000000001,5.952272023809524,7.6190476190476195,15.791999999999998,3135389.12,2835068.21,300320.91000000015,10.845899402384887,16666.361666666668,0.048995833333333336,5.487533333333333,16462.6,45.808464044921934,9.1,0.9,473.7599999999998,2.2874999999999996,5.794326241134753,64.19213973799127,9955.84,209952.18,5211.36,2688.9676
501,118,35400,petrol,15.7,101.39,0.172,8.6,0.677,2.31,228611.85,52363.68,176248.17,5208.54,4122.12,1086.42,4-wheeler,8,300,high,5,0.55,0.45,57.67,75.0,0.7,0.3,0.08,home/slow-dominant,0.14,17633.75,11233.07,109470.28,13461.62,845268.68,1350510.87,185341.17,2.14,51.73,50.8,1036176.13,5432.1,6088.799999999999,2254.7770700636943,6.45796186440678,1.4792,4.9787618644067795,7.515923566878981,20.295999999999996,2076496.6800000002,1545562.72,530933.9600000002,39.31356435509476,14687.347500000002,0.03068983050847458,3.6214000000000004,10864.2,30.230480912908103,9.2,0.9,608.8799999999998,3.125,4.36046511627907,68.5589519650655,6400.68,182648.85,3653.2799999999993,3545.0231999999996
502,42,12600,petrol,12.7,100.95,0.154,8.07,0.712,2.31,100155.12,15659.03,84496.09,2291.81,1381.56,910.25,4-wheeler,9,300,medium,2,0.52,0.48,52.59,77.1,0.73,0.27,0.03,home/slow-dominant,0.29,19785.26,10539.81,108133.35,12286.34,847017.16,1350207.38,96198.81,4.11,43.35,50.3,589127.4,4551.25,1940.3999999999999,992.1259842519686,7.948819047619048,1.2427801587301588,6.706038888888889,3.3070866141732287,6.468,1446719.06,1360781.8899999997,85937.17000000039,6.364738578158298,7041.340833333333,0.0722420634920635,3.0341666666666667,9102.5,25.328413735916676,8.61,0.9,194.03999999999994,2.544444444444445,5.006493506493506,55.45851528384279,9245.449999999999,93741.54,1047.816,980.9075999999999
503,119,35700,petrol,20.2,104.36,0.167,8.13,0.698,2.31,184438.22,48470.25,135967.97,4082.52,4161.41,-78.89,4-wheeler,6,300,high,5,0.39,0.61,54.32,82.2,0.68,0.32,0.08,mixed,0.42,15650.62,10680.86,108139.01,13280.99,886919.15,1368256.56,143593.93,2.6,-3.76,14.8,826108.66,-394.45,5961.900000000001,1767.3267326732673,5.166336694677871,1.3577100840336134,3.8086266106442577,5.891089108910891,19.873,1887363.35,1542592.11,344771.24,25.197850321287696,11330.664166666667,-0.0022098039215686276,-0.2629666666666667,-788.9,-2.195175566741518,8.770000000000001,0.9,596.1899999999999,2.9666666666666663,4.922155688622754,88.20960698689957,4969.76,140937.73,3815.6160000000004,2413.6178
504,75,22500,petrol,14.3,100.47,0.184,6.72,0.729,2.31,158082.17,27820.8,130261.37,3634.62,3018.06,616.56,fleet/commercial,11,300,high,5,0.69,0.31,67.53,70.0,0.45,0.55,0.26,mixed,0.2,30567.76,19386.78,177641.01,24946.62,1807312.73,2763420.9,146431.67,5.32,29.36,37.0,909799.36,3082.8,4140.0,1573.4265734265734,7.025874222222223,1.23648,5.7893942222222226,5.244755244755245,13.8,2750562.38,2796871.17,-46308.79000000004,-1.6757776565994718,10855.114166666666,0.027402666666666665,2.0551999999999997,6165.599999999999,17.15626121726645,7.819999999999999,0.9,413.9999999999999,2.727272727272727,3.8043478260869565,62.44541484716159,11180.98,141442.35,4554.0,2414.448
505,67,20100,diesel,21.4,94.75,0.124,8.72,0.758,2.68,88994.16,21733.73,67260.43,2517.2,1889.24,627.96,4-wheeler,3,300,high,4,0.43,0.57,53.38,89.5,0.82,0.18,0.05,home/slow-dominant,0.45,14473.09,7844.16,98973.61,11573.5,859006.98,1362041.65,76204.06,5.3,29.9,45.1,479993.91,3139.8,2492.4,939.2523364485982,4.427570149253731,1.0812800995024876,3.346290049751244,3.1308411214953273,8.308,1376343.23,1399383.9899999998,-23040.759999999776,-1.6916340260226093,5605.035833333332,0.03124179104477612,2.0932,6279.6,17.47347507784261,9.08,0.9,249.23999999999995,3.5,7.217741935483871,93.44978165938865,6628.93,73889.35999999999,897.264,1039.082
506,98,29400,petrol,19.5,102.86,0.156,6.09,0.652,2.31,155081.23,27931.18,127150.05,3482.77,2990.33,492.44,4-wheeler,3,300,high,5,0.37,0.63,33.53,91.1,0.82,0.18,0.04,home/slow-dominant,0.38,13339.77,8243.0,96145.9,12495.88,843530.73,1358146.9,134746.0,3.11,23.45,38.0,769875.9,2462.2,4586.4,1507.6923076923076,5.2748717687074835,0.9500401360544217,4.324831632653062,5.0256410256410255,15.287999999999998,1685635.73,1430376.02,255259.70999999996,18.794705491725523,10595.8375,0.01674965986394558,1.6414666666666666,4924.4,13.702525745800395,6.449999999999999,0.9,458.6399999999999,2.9666666666666686,5.839743589743589,85.15283842794761,5096.77,132246.82,1651.1039999999998,1854.0046
507,31,9300,petrol,20.4,100.31,0.164,8.55,0.716,2.31,45729.56,13040.46,32689.1,1053.09,1092.04,-38.95,fleet/commercial,1,300,medium,3,0.22,0.78,59.92,91.4,0.44,0.56,0.21,mixed,0.25,22332.35,14102.96,186677.03,26957.16,1910566.2,2839690.66,46309.92,16.03,-1.85,10.5,418226.63,-194.75,1525.2,455.8823529411765,4.917156989247312,1.4022,3.5149569892473123,1.519607843137255,5.0840000000000005,2250875.75,2761773.5700000003,-510897.8200000003,-17.991319519288776,2724.0916666666667,-0.004188172043010753,-0.12983333333333336,-389.5,-1.0838140236352152,9.670000000000002,0.9,152.51999999999998,8.599999999999994,5.573170731707317,89.08296943231441,8229.39,40918.49,1708.2240000000002,819.03
508,23,6900,diesel,18.8,94.18,0.168,7.73,0.713,2.68,34566.06,8960.62,25605.44,983.62,826.51,157.11,4-wheeler,7,300,low,2,0.28,0.72,34.04,78.1,0.62,0.38,0.18,mixed,0.38,17401.16,10373.71,96047.24,14664.75,888937.33,1389103.51,35565.84,11.36,7.48,21.4,273876.44,785.55,1159.2,367.02127659574467,5.009573913043478,1.298640579710145,3.7109333333333328,1.2234042553191489,3.8640000000000003,1148773.43,1375063.17,-226289.74,-16.290343978757925,2133.7866666666664,0.022769565217391305,0.5237,1571.1000000000001,4.371707862729876,8.49,0.9,115.91999999999997,3.1285714285714294,4.648809523809523,82.09606986899564,7027.450000000001,32632.89,880.9920000000001,512.4362
509,113,33900,petrol,17.8,101.03,0.188,8.88,0.689,2.31,192411.07,56594.02,135817.05,4399.38,4391.13,8.25,fleet/commercial,5,300,high,4,0.36,0.64,63.37,86.1,0.29,0.71,0.44,fast-dominant,0.07,24999.23,16716.88,183350.44,25830.86,1908439.93,2838114.93,149265.57,5.0,0.39,6.0,929678.29,41.25,6373.2,1904.4943820224719,5.675842772861357,1.6694401179941003,4.006402654867257,6.348314606741573,21.244,2995491.4299999997,2995488.1300000004,3.299999999348074,0.00011627436100158475,11318.0875,0.0002433628318584071,0.0275,82.5,0.22956266225906355,10.3,0.9,637.3199999999998,2.780000000000001,4.579787234042553,77.72925764192141,8282.349999999999,144099.4,9049.944,4083.7509
510,30,9000,petrol,12.3,103.24,0.166,8.45,0.775,2.31,75541.46,12624.3,62917.16,1690.24,1157.85,532.39,4-wheeler,6,300,medium,3,0.25,0.75,32.85,81.9,0.71,0.29,0.07,home/slow-dominant,0.14,17221.5,9956.82,98718.13,13571.29,846819.27,1308102.83,72896.1,4.97,25.35,32.6,463198.63,2661.95,1494.0,731.7073170731707,8.393495555555557,1.4026999999999998,6.990795555555557,2.4390243902439024,4.98,1310634.07,1308719.0100000002,1915.059999999823,0.14639980558713592,5243.096666666667,0.05915444444444444,1.7746333333333333,5323.9,14.814165546679131,9.03,0.9,149.39999999999998,3.0166666666666657,4.933734939759036,53.7117903930131,7264.68,70181.84,866.52,995.7509999999999
511,91,27300,diesel,17.4,93.36,0.174,7.12,0.623,2.68,146478.62,33821.42,112657.2,4204.83,2959.37,1245.46,4-wheeler,8,300,high,3,0.54,0.46,58.54,75.1,0.67,0.33,0.09,mixed,0.25,19133.18,10858.96,98651.68,11412.15,862440.38,1373870.23,123213.85,3.35,59.31,58.2,714720.93,6227.3,4750.2,1568.9655172413795,5.365517216117216,1.2388798534798535,4.1266373626373625,5.229885057471265,15.834,1690499.38,1487208.3,203291.07999999984,14.796963756904452,9388.1,0.045621245421245425,4.151533333333333,12454.6,34.655892525717974,7.780000000000001,0.9,475.01999999999987,3.1125000000000007,4.316091954022988,75.9825327510917,8274.220000000001,120931.42,3135.132,2219.5275
512,93,27900,petrol,16.9,104.32,0.12,6.8,0.613,2.31,172220.59,22766.4,149454.19,3813.55,2052.32,1761.23,4-wheeler,12,300,high,4,0.39,0.61,33.89,70.0,0.81,0.19,0.07,home/slow-dominant,0.39,20315.42,12090.65,109860.88,14617.86,890344.3,1413634.94,160602.53,2.57,83.87,72.0,912873.53,8806.15,3348.0,1650.8875739644973,6.172781003584229,0.8160000000000001,5.35678100358423,5.502958579881658,11.16,1853024.35,1463441.45,389582.90000000014,27.558946724958577,12454.515833333333,0.06312652329749104,5.8707666666666665,17612.3,49.007593654609764,7.18,0.9,334.7999999999999,2.5,5.833333333333333,73.79912663755458,8224.769999999999,157678.96,1272.24,1251.9152000000001
513,63,18900,petrol,16.8,103.62,0.163,8.16,0.773,2.31,116572.5,25138.51,91433.99,2598.75,2381.38,217.37,fleet/commercial,7,300,high,5,0.41,0.59,44.9,82.2,0.28,0.72,0.26,mixed,0.06,26498.59,16931.9,186351.7,26274.42,1794673.88,2687100.7,106255.56,6.65,10.35,15.2,717629.5,1086.85,3080.7000000000003,1125.0,6.167857142857143,1.3300798941798941,4.837777248677249,3.75,10.269,2510029.33,2684826.63,-174797.2999999998,-6.505052080854276,7619.499166666667,0.011501058201058201,0.7245666666666667,2173.7,6.048489199424563,9.6,0.9,308.06999999999994,2.5428571428571423,5.042944785276074,73.36244541484717,9566.689999999999,101000.68000000001,4436.2080000000005,2238.4972
514,74,22200,petrol,19.6,101.5,0.172,8.12,0.711,2.31,114964.29,31005.41,83958.88,2616.43,2714.88,-98.45,fleet/commercial,7,300,high,3,0.55,0.45,66.34,75.7,0.21,0.79,0.49,fast-dominant,0.02,27141.84,17025.23,187554.09,27121.35,1900357.91,2849008.28,99499.76,7.65,-4.69,2.5,685052.89,-492.25,3818.3999999999996,1132.6530612244896,5.1785716216216215,1.3966400900900902,3.7819315315315314,3.775510204081632,12.727999999999998,2610888.56,2874486.04,-263597.48,-9.252253910613415,6996.573333333334,-0.004434684684684685,-0.32816666666666666,-984.5,-2.739447769624825,9.7,0.9,381.83999999999986,3.471428571428571,4.401162790697675,85.58951965065503,10116.61,94075.49,6033.072,2660.5824000000002
515,60,18000,petrol,12.0,103.95,0.178,8.38,0.716,2.31,155925.0,26849.52,129075.48,3465.0,2294.06,1170.94,2-wheeler,10,300,high,4,0.24,0.76,2.2,70.0,0.84,0.16,0.02,home/slow-dominant,0.24,12594.64,7492.0,18579.74,4677.76,105055.92,179268.1,135113.67,0.41,55.76,55.5,694148.09,5854.7,3204.0,1500.0,8.6625,1.49164,7.170859999999999,5.0,10.68,947654.1200000001,327718.20000000007,619935.92,345.8149665222089,10756.289999999999,0.06505222222222222,3.9031333333333333,11709.400000000001,32.58231560553065,8.7,0.9,320.3999999999999,3.0,3.932584269662921,52.40174672489083,5102.639999999999,134178.12,1025.28,1743.4856
516,66,19800,petrol,16.3,102.62,0.175,8.97,0.608,2.31,124654.97,31081.05,93573.92,2806.01,2106.72,699.29,2-wheeler,7,300,high,5,0.68,0.32,2.39,77.3,0.98,0.02,0.0,home/slow-dominant,0.62,9225.84,5001.38,23065.21,2525.92,87680.98,170523.48,98303.56,0.61,33.3,52.5,514583.01,3496.45,3465.0,1214.723926380368,6.295705555555555,1.56975,4.725955555555555,4.049079754601227,11.55,757085.03,325344.5,431740.53,253.1853853791865,7797.826666666667,0.03531767676767677,2.3309666666666664,6992.9,19.458287768623098,9.010000000000002,0.9,346.49999999999994,3.2428571428571433,4.417142857142857,71.17903930131006,4224.46,97798.38,138.6,800.5536
517,93,27900,petrol,17.8,100.29,0.141,8.81,0.571,2.31,157196.12,34657.66,122538.46,3620.73,2246.26,1374.47,4-wheeler,8,300,high,5,0.64,0.36,30.34,82.7,0.63,0.37,0.11,mixed,0.3,16847.71,10817.6,104682.36,13116.7,859386.06,1356330.42,131191.91,2.99,65.45,62.8,760641.91,6872.35,3933.8999999999996,1567.4157303370787,5.634269534050179,1.242210035842294,4.392059498207885,5.224719101123596,13.113,1729605.21,1465907.66,263697.55000000005,19.441984498143164,10211.538333333334,0.049264157706093194,4.581566666666666,13744.7,38.24569604790486,9.55,0.9,393.3899999999999,2.1624999999999996,5.865248226950356,77.72925764192141,6030.109999999999,128568.57,2911.086,1572.382
518,28,8400,diesel,17.6,90.09,0.131,8.11,0.727,2.68,42997.5,8924.24,34073.26,1279.09,799.99,479.1,4-wheeler,6,300,medium,4,0.25,0.75,39.65,87.0,0.76,0.24,0.09,home/slow-dominant,0.24,16598.93,9498.38,109192.61,14841.92,897550.52,1352950.54,44142.19,7.84,22.81,33.3,329903.56,2395.5,1100.4,477.27272727272725,5.11875,1.0624095238095237,4.056340476190477,1.5909090909090908,3.668,1195532.67,1321029.11,-125496.44000000018,-9.275759629764453,2839.4383333333335,0.05703571428571429,1.597,4791.0,13.3313298773718,8.59,0.9,110.03999999999998,2.1666666666666665,6.641221374045801,76.85589519650657,7100.550000000001,41173.810000000005,528.192,607.9924
519,19,5700,petrol,13.2,99.73,0.133,6.3,0.727,2.31,43065.23,4776.03,38289.2,997.5,551.14,446.36,fleet/commercial,10,300,low,2,0.14,0.86,61.66,76.1,0.32,0.68,0.31,mixed,0.07,30595.84,18256.57,179220.08,24358.54,1938594.06,2940038.57,55500.18,14.81,21.26,26.3,456720.98,2231.8,758.1,431.8181818181818,7.555303508771931,0.8379,6.71740350877193,1.4393939393939394,2.527,2306899.41,2851622.9499999997,-544723.5399999996,-18.52776849794864,3190.7666666666664,0.07830877192982456,1.4878666666666667,4463.6,12.420313930418862,7.660000000000001,0.9,75.80999999999999,2.3900000000000006,5.721804511278195,57.64192139737992,12339.27,50628.47,1031.016,512.5602
520,32,9600,petrol,15.0,102.91,0.187,8.16,0.634,2.31,65862.4,14648.83,51213.57,1478.4,1138.16,340.24,2-wheeler,9,300,medium,4,0.39,0.61,4.8,72.8,0.77,0.23,0.01,home/slow-dominant,0.23,10989.06,6733.15,18929.79,4232.2,149219.58,192915.29,56315.92,0.44,16.2,26.6,300509.39,1701.2,1795.2,640.0,6.860666666666666,1.5259197916666667,5.3347468749999996,2.1333333333333333,5.984,533476.8799999999,276663.2,256813.67999999988,133.122511958487,4267.7975,0.03544166666666667,1.1341333333333334,3402.4,9.467442449336216,8.620000000000001,0.9,179.51999999999995,3.0222222222222226,3.893048128342246,65.50218340611355,4255.91,55469.479999999996,825.792,876.3832000000001
521,103,30900,diesel,18.0,96.15,0.177,7.91,0.753,2.68,165057.5,43262.16,121795.34,4600.67,4118.38,482.29,4-wheeler,5,300,high,4,0.5,0.5,50.1,81.0,0.72,0.28,0.03,home/slow-dominant,0.14,15558.32,9631.2,105351.97,14849.06,880342.2,1356692.04,130692.27,2.84,22.97,30.4,758813.32,2411.45,5469.299999999999,1716.6666666666667,5.341666666666667,1.4000699029126216,3.9415967637540454,5.722222222222222,18.230999999999998,1783421.3,1500957.81,282463.49,20.82001527774866,10149.611666666666,0.015608090614886732,1.6076333333333335,4822.900000000001,13.420094106778638,8.47,0.9,546.9299999999998,3.8,4.576271186440678,78.60262008733625,5927.119999999999,127722.45999999999,3062.808,3541.8068
522,19,5700,diesel,16.3,90.48,0.184,7.82,0.555,2.68,31640.25,8201.62,23438.63,937.18,582.08,355.1,2-wheeler,9,300,low,1,0.3,0.7,3.49,72.8,0.91,0.09,0.02,home/slow-dominant,0.14,12375.36,6350.23,15894.06,2702.31,138066.66,217598.47,30004.22,2.12,16.91,25.1,165915.16,1775.5,1048.8,349.69325153374234,5.550921052631579,1.438880701754386,4.1120403508771926,1.165644171779141,3.496,358144.70999999996,271761.35,86383.35999999999,39.69851442429719,1953.2191666666668,0.06229824561403509,1.1836666666666666,3551.0,9.880933499174967,8.0,0.9,104.87999999999997,3.0222222222222226,3.9565217391304346,71.17903930131006,6025.130000000001,29463.760000000002,188.784,500.58880000000005
523,81,24300,petrol,12.3,103.46,0.13,6.48,0.646,2.31,204396.59,20470.32,183926.27,4563.66,2040.71,2522.95,fleet/commercial,10,300,high,4,0.37,0.63,56.69,76.9,0.36,0.64,0.46,fast-dominant,0.22,29967.06,18803.56,188195.62,27445.79,1866595.05,2948321.99,200578.93,4.45,120.14,74.1,1191090.27,12614.75,3159.0,1975.6097560975609,8.411382304526748,0.8424,7.568982304526749,6.585365853658536,10.53,3038413.3,2929049.98,109363.31999999983,3.7093411225413617,15327.189166666665,0.10382510288065842,8.409833333333333,25229.5,70.20304469654597,7.76,0.9,315.8999999999999,2.3099999999999996,5.915384615384616,53.7117903930131,11163.5,195089.77,4043.52,1591.7538000000002
524,94,28200,petrol,16.9,104.66,0.144,8.43,0.701,2.31,174639.76,34232.54,140407.22,3854.56,2846.62,1007.94,fleet/commercial,6,300,high,4,0.37,0.63,55.82,85.9,0.5,0.5,0.26,mixed,0.32,27026.01,16791.03,189697.05,27734.63,1847224.32,2783420.16,156189.13,4.78,48.0,54.2,970642.7,5039.7,4060.7999999999997,1668.639053254438,6.192899290780142,1.2139198581560284,4.978979432624113,5.562130177514794,13.536,2855553.17,2821106.3300000005,34446.839999999385,1.2375724116332973,11700.601666666667,0.03574255319148936,3.3598000000000003,10079.400000000001,28.04671391483643,9.43,0.9,406.07999999999987,2.349999999999999,5.965277777777779,73.79912663755458,10234.98,150642.2,4060.7999999999997,1935.7015999999996
525,32,9600,petrol,20.0,103.06,0.164,6.57,0.773,2.31,49468.8,10343.81,39124.99,1108.8,1217.01,-108.21,4-wheeler,6,300,medium,3,0.26,0.74,51.41,83.5,0.65,0.35,0.15,mixed,0.12,16650.48,9610.57,102406.54,13988.34,880607.59,1376770.15,48962.57,8.04,-5.15,5.4,347219.39,-541.05,1574.4,480.0,5.1530000000000005,1.0774802083333332,4.075519791666667,1.6,5.248,1211203.99,1360147.1699999997,-148943.1799999997,-10.818303984873562,3260.415833333333,-0.011271874999999999,-0.36069999999999997,-1082.1,-3.011027355521608,7.27,0.9,157.43999999999997,2.75,5.091463414634146,87.33624454148472,7039.91,46164.899999999994,1102.08,1070.9688
526,56,16800,petrol,20.6,104.32,0.186,7.33,0.66,2.31,85076.5,22904.78,62171.72,1883.88,2062.37,-178.49,4-wheeler,3,300,high,4,0.5,0.5,23.98,86.5,0.58,0.42,0.2,mixed,0.08,15389.06,8819.5,100859.61,11925.31,867932.1,1351727.0,71126.34,5.38,-8.5,3.6,456491.31,-892.45,3124.8,815.5339805825242,5.064077380952381,1.3633797619047618,3.7006976190476193,2.7184466019417473,10.416,1370259.9,1397563.4799999997,-27303.57999999984,-2.0199034272452825,5180.9766666666665,-0.010624404761904762,-0.5949666666666666,-1784.9,-4.966622980196394,8.17,0.9,312.47999999999996,4.5,4.650537634408602,89.95633187772927,6569.5599999999995,68741.28,2624.832,1897.3804
527,88,26400,petrol,15.2,104.45,0.16,7.25,0.592,2.31,181413.16,30624.0,150789.16,4012.11,2500.61,1511.5,4-wheeler,8,300,high,4,0.43,0.57,22.49,76.9,0.88,0.12,0.05,home/slow-dominant,0.25,18453.28,11226.2,102079.07,12336.0,906966.51,1412908.22,160483.44,2.52,71.98,63.4,904496.27,7557.5,4224.0,1736.842105263158,6.871710606060606,1.16,5.711710606060606,5.7894736842105265,14.08,1906298.71,1507744.15,398554.56000000006,28.208099744794467,12565.763333333334,0.057253787878787876,5.038333333333333,15115.0,42.058662303584796,7.49,0.9,422.3999999999999,2.8874999999999993,4.80625,66.37554585152839,7227.079999999998,158016.24,1013.76,1875.4575
528,69,20700,petrol,18.9,103.91,0.167,8.12,0.653,2.31,113806.19,28070.03,85736.16,2530.0,2257.36,272.64,4-wheeler,6,300,high,3,0.56,0.44,52.23,82.6,0.68,0.32,0.17,mixed,0.24,17448.08,9212.71,107791.05,11143.24,843295.13,1302386.84,96200.18,3.65,12.98,22.8,588791.95,1363.2,3456.9,1095.2380952380954,5.497883574879227,1.3560400966183574,4.141843478260869,3.6507936507936516,11.523,1499566.48,1369866.25,129700.22999999998,9.958656369715772,7144.68,0.013171014492753623,0.9087999999999999,2726.3999999999996,7.58641990767407,8.76,0.9,345.68999999999994,2.900000000000001,4.946107784431137,82.53275109170306,8235.370000000003,93971.53,2212.416,1715.5936000000002
529,14,4200,petrol,14.9,104.97,0.112,8.62,0.671,2.31,29588.86,4054.85,25534.01,651.14,315.64,335.5,2-wheeler,10,300,low,2,0.07,0.93,3.67,78.8,0.88,0.12,0.01,home/slow-dominant,0.19,12478.51,6505.39,19682.03,4825.81,153168.25,243550.15,32472.29,2.18,15.98,25.1,182043.48,1677.5,470.40000000000003,281.87919463087246,7.044966666666666,0.9654404761904761,6.07952619047619,0.9395973154362416,1.568,363505.1,271843.50999999995,91661.59000000003,37.635612213747365,2127.8341666666665,0.07988095238095239,1.1183333333333334,3355.0,9.335548265201918,8.86,0.9,47.03999999999999,2.12,7.035714285714285,65.06550218340612,5973.12,31507.129999999997,112.896,255.66840000000002
530,96,28800,petrol,12.7,100.23,0.179,7.57,0.654,2.31,227293.23,39024.86,188268.37,5238.43,3371.5,1866.93,fleet/commercial,10,300,high,4,0.55,0.45,46.54,70.0,0.47,0.53,0.33,mixed,0.12,30064.28,18292.29,175671.59,27398.44,1935982.45,2889793.35,205520.05,3.79,88.9,65.7,1203271.84,9334.65,5155.2,2267.716535433071,7.892126041666667,1.3550298611111111,6.537096180555555,7.559055118110236,17.184,3222770.0,2973309.0700000003,249460.9299999997,8.632483357330713,15689.030833333332,0.06482395833333333,6.2231000000000005,18669.3,51.94877830925012,8.63,0.9,515.5199999999999,3.0,3.910614525139665,55.45851528384279,11771.989999999998,200040.36,5464.512,2966.92
531,39,11700,petrol,13.9,100.5,0.136,7.29,0.6,2.31,84593.53,11599.85,72993.68,1944.39,954.72,989.67,4-wheeler,9,300,medium,3,0.52,0.48,30.95,77.5,0.66,0.34,0.15,mixed,0.14,18246.99,10773.25,103132.55,13530.84,890640.01,1394900.26,83173.59,4.82,47.13,47.8,519000.5,4948.35,1591.2,841.726618705036,7.230216239316239,0.991440170940171,6.238776068376068,2.8057553956834536,5.304,1404842.61,1390102.3699999999,14740.240000000224,1.056723582516231,6082.806666666666,0.08458717948717949,3.2988999999999997,9896.699999999999,27.538336964597264,7.97,0.9,159.11999999999998,2.5,5.698529411764706,60.69868995633188,7473.740000000002,80467.42,1082.016,821.0592
532,58,17400,petrol,13.0,101.8,0.121,7.33,0.749,2.31,136255.38,15432.58,120822.8,3091.85,1576.94,1514.91,fleet/commercial,11,300,high,3,0.49,0.51,86.63,75.8,0.44,0.56,0.28,mixed,0.23,29778.35,19156.81,175259.5,25410.11,1833623.85,2839295.28,136526.36,6.08,72.14,63.0,857891.3,7574.55,2105.4,1338.4615384615386,7.830768965517241,0.8869298850574713,6.94383908045977,4.461538461538462,7.018000000000001,2663792.5,2811572.62,-147780.1200000001,-5.204816879771664,10068.566666666668,0.08706379310344828,5.0497000000000005,15149.1,42.15354820398521,8.45,0.9,210.53999999999996,2.2,6.264462809917355,56.76855895196506,10621.539999999997,131444.34,2358.0480000000002,1214.2438
533,71,21300,petrol,16.0,101.86,0.112,7.65,0.63,2.31,135601.12,18249.84,117351.28,3075.19,1502.93,1572.26,fleet/commercial,10,300,high,3,0.64,0.36,82.98,80.8,0.2,0.8,0.53,fast-dominant,0.1,30179.16,19045.9,186678.03,24307.24,1888523.49,2879561.17,133345.99,6.03,74.87,59.6,853407.98,7861.3,2385.6,1331.25,6.366249765258216,0.8568,5.509449765258216,4.4375,7.952,2717424.89,2855054.6,-137629.70999999996,-4.779537640452346,9779.273333333333,0.0738150234741784,5.240866666666666,15722.6,43.749356528901245,9.25,0.9,238.55999999999995,1.9200000000000004,7.2142857142857135,69.86899563318778,11133.259999999998,128484.54,3816.96,1352.6370000000002
534,23,6900,petrol,12.2,105.02,0.117,7.8,0.761,2.31,59396.56,6296.94,53099.62,1306.48,614.36,692.12,4-wheeler,11,300,low,2,0.17,0.83,48.97,75.8,0.65,0.35,0.05,mixed,0.29,19762.1,12672.49,99924.68,14012.23,897038.4,1411996.62,62991.68,6.59,32.96,42.2,414883.08,3460.6,807.3000000000001,565.5737704918033,8.608197101449274,0.9126,7.695597101449274,1.8852459016393444,2.6910000000000003,1292831.7000000002,1392906.86,-100075.15999999992,-7.087492886491464,4424.968333333333,0.1003072463768116,2.3070666666666666,6921.2,19.258776945787037,8.5,0.9,80.72999999999999,2.2,6.478632478632479,53.275109170305676,7089.609999999999,60189.23,565.11,436.1956
535,72,21600,petrol,19.6,107.66,0.176,6.15,0.71,2.31,118645.71,23379.84,95265.87,2545.71,2699.14,-153.43,fleet/commercial,5,300,high,5,0.47,0.53,64.11,79.9,0.21,0.79,0.37,fast-dominant,0.07,25900.65,16066.91,182080.11,26906.1,1925349.09,2984068.04,110480.83,7.93,-7.31,3.4,734484.26,-767.15,3801.6,1102.0408163265306,5.492856944444445,1.0824,4.410456944444445,3.673469387755102,12.671999999999999,2648080.89,2972315.58,-324234.68999999994,-10.865526042093864,7938.822499999999,-0.007103240740740741,-0.5114333333333334,-1534.3000000000002,-4.269309002473712,7.73,0.9,380.1599999999999,4.019999999999999,4.5397727272727275,85.58951965065503,9833.740000000002,105099.61,6006.528,2510.2001999999998
536,41,12300,diesel,18.1,89.72,0.116,6.23,0.639,2.68,60969.94,8888.96,52080.98,1821.22,911.73,909.49,fleet/commercial,4,300,medium,3,0.3,0.7,66.02,91.8,0.47,0.53,0.31,mixed,0.28,24398.45,15680.57,186980.17,27650.41,1865533.77,2835635.82,66328.94,11.81,43.31,50.0,518624.87,4547.45,1426.8000000000002,679.5580110497237,4.956905691056911,0.7226796747967479,4.2342260162601635,2.2651933701657456,4.756,2292375.72,2743852.8899999997,-451477.16999999946,-15.921549827227091,4340.081666666667,0.07394227642276423,3.031633333333333,9094.9,25.307266145211603,7.290000000000001,0.9,142.67999999999998,2.0500000000000007,7.913793103448275,79.03930131004367,8717.880000000001,60798.86,1512.4080000000004,656.4456
537,119,35700,petrol,15.9,105.94,0.182,7.57,0.733,2.31,237865.28,49185.32,188679.96,5186.6,4762.59,424.01,fleet/commercial,6,300,high,4,0.63,0.37,88.76,79.6,0.24,0.76,0.38,fast-dominant,0.15,27260.76,17252.81,175696.73,26922.13,1922177.09,2915119.39,204072.34,4.0,20.19,27.8,1196058.43,2120.05,6497.4,2245.2830188679245,6.662892997198879,1.377740056022409,5.28515294117647,7.484276729559748,21.657999999999998,3247807.29,3044691.18,203116.10999999987,6.967677231223105,15723.33,0.01187703081232493,1.4133666666666667,4240.1,11.798407809026125,9.09,0.9,649.7399999999998,3.400000000000001,4.373626373626373,69.43231441048036,10007.949999999997,198687.90999999997,9876.047999999999,4048.2015
538,115,34500,petrol,17.8,105.15,0.181,8.99,0.661,2.31,203801.97,56138.06,147663.91,4477.25,4127.61,349.64,4-wheeler,6,300,high,4,0.46,0.54,58.7,79.9,0.8,0.2,0.08,home/slow-dominant,0.16,15565.2,9540.31,97378.12,14314.78,853477.85,1339138.77,156551.76,2.48,16.65,25.2,880136.92,1748.2,6244.5,1938.202247191011,5.90730347826087,1.627190144927536,4.280113333333333,6.46067415730337,20.815,1950313.7000000002,1555837.72,394475.9800000002,29.45743852969026,12305.325833333334,0.010134492753623188,1.1654666666666667,3496.3999999999996,9.72900475542533,9.39,0.9,624.4499999999998,3.349999999999999,4.414364640883978,77.72925764192141,6024.890000000001,153688.80000000002,2497.8,3467.1923999999995
539,63,18900,petrol,19.6,102.18,0.183,6.56,0.557,2.31,98530.71,22689.07,75841.64,2227.5,1926.5,301.0,4-wheeler,4,300,high,4,0.42,0.58,30.18,85.5,0.88,0.12,0.05,home/slow-dominant,0.2,15790.67,9549.69,100969.41,13983.82,845638.74,1347885.39,84879.38,4.73,14.33,23.4,525366.31,1505.0,3458.7,964.2857142857142,5.21326507936508,1.2004798941798942,4.0127851851851855,3.214285714285714,11.529,1417245.6400000001,1394125.96,23119.680000000168,1.7152556271865345,6320.136666666666,0.015925925925925927,1.0033333333333334,3010.0,8.37555895030038,6.799999999999999,0.9,345.8699999999999,3.625,4.672131147540983,85.58951965065503,6240.98,82082.62,830.088,1541.2
540,99,29700,petrol,19.9,103.32,0.189,7.21,0.587,2.31,154201.21,40471.89,113729.32,3447.59,3295.01,152.58,4-wheeler,5,300,high,5,0.38,0.62,52.82,82.8,0.73,0.27,0.05,home/slow-dominant,0.28,15996.55,10000.78,98448.88,13522.75,860194.1,1323653.39,122429.64,2.98,7.27,18.0,710597.08,762.9,5613.3,1492.462311557789,5.191959932659932,1.362689898989899,3.829270033670033,4.974874371859297,18.711000000000002,1711182.9,1464045.1099999999,247137.79000000004,18.670884074870994,9477.443333333335,0.005137373737373738,0.5086,1525.8000000000002,4.245657091816717,7.75,0.9,561.3299999999999,3.4400000000000004,4.3809523809523805,86.8995633187773,5995.769999999999,119725.09000000001,3031.1820000000002,2372.4072
541,13,3900,petrol,15.1,103.55,0.167,8.3,0.631,2.31,26744.7,5405.79,21338.91,596.62,410.97,185.65,fleet/commercial,8,300,low,2,0.21,0.79,49.86,75.6,0.37,0.63,0.42,fast-dominant,0.06,27248.58,18665.35,180068.52,25707.87,1942823.94,2995968.95,35063.71,20.0,8.84,13.6,355387.07,928.25,651.3000000000001,258.27814569536423,6.857615384615385,1.3860999999999999,5.471515384615385,0.8609271523178808,2.1710000000000003,2212790.34,2910548.2600000002,-697757.9200000004,-23.28989157247442,1778.2425,0.0476025641025641,0.6188333333333333,1856.5,5.165855545260018,9.56,0.9,65.13,3.0500000000000007,4.52694610778443,65.93886462882097,8583.230000000003,29922.140000000003,820.6380000000001,386.3118
542,117,35100,petrol,12.6,99.23,0.179,8.04,0.653,2.31,276426.43,50514.52,225911.91,6435.0,4102.73,2332.27,4-wheeler,11,300,high,3,0.52,0.48,30.11,70.0,0.71,0.29,0.09,home/slow-dominant,0.24,20350.88,11563.58,109972.62,14608.47,894030.21,1390165.19,237620.9,1.63,111.06,72.9,1298077.12,11661.35,6282.9,2785.714285714286,7.875396866096866,1.4391601139601138,6.436236752136752,9.285714285714286,20.942999999999998,2377916.76,1575974.5999999999,801942.1599999999,57.68682497365655,18825.9925,0.06644643874643874,7.774233333333333,23322.7,64.89722549175106,8.62,0.9,628.2899999999998,2.727272727272727,3.910614525139665,55.02183406113538,8787.300000000001,234699.21,3644.0819999999994,3118.0748
543,15,4500,diesel,14.9,91.18,0.153,6.07,0.613,2.68,27537.58,4179.2,23358.38,809.4,422.05,387.35,2-wheeler,8,300,low,2,0.14,0.86,4.37,76.4,0.82,0.18,0.04,home/slow-dominant,0.34,9978.0,5526.69,22381.22,4103.87,142937.96,236262.58,28630.46,2.48,18.45,32.0,165533.52,1936.75,688.5,302.0134228187919,6.119462222222222,0.928711111111111,5.190751111111111,1.006711409395973,2.295,330515.86,258306.93999999994,72208.92000000004,30.562994783177277,1946.5316666666668,0.08607777777777778,1.2911666666666668,3873.5,10.778314815278577,6.43,0.9,68.84999999999998,2.9499999999999993,4.993464052287582,65.06550218340612,4451.31,27809.690000000002,247.85999999999999,278.553
544,18,5400,petrol,17.9,105.08,0.157,7.49,0.655,2.31,31700.11,6350.02,25350.09,696.87,555.31,141.56,4-wheeler,7,300,low,1,0.18,0.82,37.39,81.6,0.72,0.28,0.14,home/slow-dominant,0.28,16826.32,10893.5,108258.53,12593.42,879908.03,1406409.22,33801.59,12.37,6.74,17.3,277266.48,707.8,847.8,301.6759776536313,5.870390740740741,1.1759296296296298,4.694461111111112,1.005586592178771,2.826,1122540.18,1371774.87,-249234.69000000018,-17.721349267036246,2112.5075,0.026214814814814816,0.47186666666666666,1415.6,3.9390170265930955,8.05,0.9,84.77999999999997,2.6285714285714294,5.197452229299363,78.16593886462881,5932.82,31282.91,474.76800000000003,399.82319999999993
545,82,24600,petrol,19.5,107.01,0.181,8.19,0.707,2.31,134997.23,36466.79,98530.44,2914.15,3147.99,-233.84,4-wheeler,6,300,high,4,0.48,0.52,57.4,82.4,0.76,0.24,0.12,home/slow-dominant,0.21,16143.67,10252.93,109055.82,11333.88,849369.62,1374273.8,106687.96,3.9,-11.14,7.1,642495.62,-1169.2,4452.599999999999,1261.5384615384614,5.487692276422765,1.482389837398374,4.0053024390243905,4.205128205128204,14.841999999999999,1605074.12,1487482.7000000002,117591.41999999993,8.556622413961462,8210.87,-0.009505691056910568,-0.7794666666666666,-2338.4,-6.506779750625384,8.669999999999998,0.9,445.2599999999998,2.9333333333333322,4.552486187845305,85.15283842794761,5890.74,104421.18000000001,2137.2479999999996,2486.9121
546,13,3900,petrol,18.0,106.12,0.167,6.26,0.582,2.31,22992.67,4077.14,18915.53,500.5,379.06,121.44,2-wheeler,3,300,low,2,0.17,0.83,2.31,87.1,0.98,0.02,0.0,home/slow-dominant,0.39,5701.97,4326.02,15114.04,2662.82,110107.86,182663.77,20824.04,2.76,5.78,19.5,119234.24,607.2,651.3000000000001,216.66666666666666,5.89555641025641,1.0454205128205127,4.850135897435898,0.7222222222222222,2.1710000000000003,253581.06,206902.71,46678.350000000006,25.554246471536207,1576.2941666666666,0.03113846153846154,0.4048,1214.4,3.379162388453415,6.299999999999999,0.9,65.13,4.300000000000002,5.215568862275449,78.60262008733625,1375.9499999999998,20291.48,26.052000000000003,231.2266
547,115,34500,petrol,15.9,100.19,0.158,7.0,0.644,2.31,217393.4,38157.0,179236.4,5012.26,3510.44,1501.82,4-wheeler,6,300,high,3,0.64,0.36,41.44,81.8,0.88,0.12,0.05,home/slow-dominant,0.55,17666.31,9301.49,99456.15,13174.91,844205.45,1332815.12,190236.2,2.05,71.52,72.2,1050637.15,7509.1,5451.0,2169.811320754717,6.3012579710144925,1.106,5.195257971014493,7.232704402515724,18.17,2019504.0,1457476.5100000002,562027.4899999998,42.16845094014237,14936.366666666667,0.04353101449275362,5.006066666666666,15018.199999999999,41.78930877986749,7.24,0.9,545.0999999999999,3.0333333333333337,5.177215189873418,69.43231441048036,8364.820000000002,187601.22,1308.24,1579.6979999999999
548,91,27300,petrol,14.8,105.75,0.188,6.47,0.649,2.31,195065.88,33206.63,161859.25,4261.01,3330.93,930.08,4-wheeler,8,300,high,4,0.48,0.52,56.9,77.2,0.85,0.15,0.04,home/slow-dominant,0.18,16875.68,11095.14,98510.94,12102.54,880840.51,1410633.65,170060.3,2.54,44.29,47.3,948812.44,4650.4,5132.4,1844.5945945945946,7.14527032967033,1.2163600732600732,5.928910256410257,6.148648648648648,17.108,1940548.31,1521529.02,419019.29000000004,29.70433109971537,13488.270833333334,0.03406886446886447,3.1002666666666667,9300.800000000001,25.88019889865574,6.77,0.9,513.2399999999999,2.8499999999999996,4.1063829787234045,64.62882096069869,5780.540000000001,167639.79,1539.7199999999998,2731.3626
549,28,8400,petrol,14.4,101.34,0.122,8.5,0.576,2.31,59115.0,8710.8,50404.2,1347.5,590.28,757.22,2-wheeler,7,300,medium,3,0.25,0.75,5.16,85.4,0.95,0.05,0.0,home/slow-dominant,0.44,10139.99,5290.47,22451.75,2384.94,153139.43,265115.19,55730.71,1.61,36.06,49.0,301105.3,3786.1,1024.8,583.3333333333334,7.0375,1.037,6.0005,1.9444444444444446,3.416,499414.38,310284.85000000003,189129.52999999997,71.33862454278835,4200.349999999999,0.0901452380952381,2.5240666666666667,7572.200000000001,21.070235044340375,8.6,0.9,102.47999999999998,2.085714285714285,7.000000000000001,62.882096069869,4849.5199999999995,55253.719999999994,102.48,330.5568
550,14,4200,petrol,20.5,101.76,0.149,6.44,0.599,2.31,20848.39,4030.15,16818.24,473.27,374.85,98.42,4-wheeler,6,300,low,3,0.2,0.8,27.95,84.2,0.71,0.29,0.06,home/slow-dominant,0.09,16190.95,9147.08,105193.28,13109.57,861129.1,1390343.09,26484.02,16.01,4.69,9.8,237613.38,492.1,625.8,204.8780487804878,4.963902380952381,0.9595595238095238,4.004342857142857,0.6829268292682926,2.086,1046325.7999999999,1337926.39,-291600.58999999997,-20.973282932632113,1401.5200000000002,0.023433333333333334,0.3280666666666667,984.2,2.7386129963075194,7.02,0.9,62.579999999999984,2.633333333333333,5.651006711409397,89.51965065502185,7043.870000000001,23862.11,362.96399999999994,341.11350000000004
551,43,12900,diesel,21.3,92.46,0.165,7.34,0.56,2.68,55996.9,15623.19,40373.71,1623.1,1191.96,431.14,4-wheeler,7,300,medium,4,0.33,0.67,35.93,76.8,0.78,0.22,0.06,home/slow-dominant,0.11,17600.42,10631.64,98542.58,11679.28,869160.86,1385826.12,49678.35,8.42,20.53,26.9,346934.33,2155.7,2128.5,605.6338028169014,4.34084496124031,1.2111,3.12974496124031,2.0187793427230045,7.095,1237147.46,1406878.41,-169730.94999999995,-12.247636810309213,3364.4758333333334,0.033421705426356585,1.4371333333333334,4311.4,11.996805600772444,7.78,0.9,212.84999999999997,3.3142857142857145,4.654545454545454,93.01310043668123,6968.779999999999,47342.49,936.54,1060.8444
552,18,5400,petrol,20.8,106.69,0.168,6.97,0.757,2.31,27698.37,6323.18,21375.19,599.71,686.75,-87.04,4-wheeler,7,300,low,1,0.15,0.85,45.53,80.2,0.86,0.14,0.05,home/slow-dominant,0.35,16905.0,10615.23,100654.91,14201.64,851224.0,1336748.98,30505.29,12.62,-4.14,12.6,253181.36,-435.2,907.2,259.6153846153846,5.129327777777777,1.1709592592592593,3.958368518518518,0.8653846153846153,3.024,1074240.85,1306584.4800000002,-232343.63000000012,-17.381246103513025,1781.2658333333331,-0.016118518518518518,-0.29013333333333335,-870.4000000000001,-2.4219556512762295,7.249999999999999,0.9,90.71999999999998,2.8285714285714283,4.773809523809524,90.82969432314411,6289.77,27664.96,254.01600000000005,446.3875
553,36,10800,diesel,20.3,96.59,0.155,7.92,0.579,2.68,51387.78,13258.08,38129.7,1425.81,969.25,456.56,4-wheeler,4,300,medium,3,0.21,0.79,28.06,85.1,0.69,0.31,0.03,mixed,0.11,15417.0,8651.07,102600.68,12937.47,907450.91,1432683.73,47483.12,8.9,21.74,27.9,340016.28,2282.8,1674.0,532.0197044334975,4.758127777777777,1.2276,3.5305277777777775,1.773399014778325,5.58,1241474.81,1426691.33,-185216.52000000002,-12.927941884284538,3177.475,0.042274074074074075,1.5218666666666667,4565.6,12.704136858302794,8.54,0.9,167.39999999999995,3.7250000000000014,5.490322580645161,88.646288209607,6765.93,44895.63,1037.8799999999999,862.6325
554,83,24900,diesel,19.1,94.71,0.114,7.28,0.613,2.68,123470.1,20665.01,102805.09,3493.82,1740.06,1753.76,4-wheeler,8,300,high,4,0.59,0.41,58.78,80.9,0.89,0.11,0.05,home/slow-dominant,0.1,18550.17,10392.33,102922.1,13295.45,886280.12,1398083.4,113622.02,3.6,83.51,63.1,671032.2,8768.8,2838.6,1303.6649214659685,4.958638554216868,0.8299200803212851,4.128718473895582,4.345549738219895,9.462,1596381.4700000002,1437152.5499999998,159228.9200000004,11.38908594437216,8567.090833333334,0.07043212851405622,5.845866666666667,17537.6,48.79973509860064,7.500000000000001,0.9,283.8599999999999,2.3874999999999993,7.0964912280701755,83.40611353711792,8157.839999999998,110962.93,624.492,1566.054
555,92,27600,petrol,18.4,99.61,0.135,7.91,0.655,2.31,149415.0,29472.66,119942.34,3465.0,2440.53,1024.47,fleet/commercial,6,300,high,4,0.54,0.46,85.74,84.3,0.32,0.68,0.39,fast-dominant,0.06,26957.33,17109.56,188330.92,24589.53,1814110.4,2855658.7,134708.02,6.33,48.78,47.2,861871.02,5122.35,3726.0000000000005,1500.0000000000002,5.413586956521739,1.06785,4.345736956521739,5.000000000000001,12.420000000000002,2695972.05,2875649.3500000006,-179677.30000000075,-6.291973897300848,9995.195,0.037118478260869565,3.4149000000000003,10244.7,28.506674012671862,9.27,0.9,372.59999999999997,2.616666666666667,6.244444444444444,80.34934497816593,9847.77,129790.11,5067.360000000001,2294.0982
556,89,26700,petrol,18.8,102.45,0.135,6.51,0.727,2.31,145500.8,23465.3,122035.5,3280.69,2620.47,660.22,4-wheeler,5,300,high,4,0.36,0.64,28.34,86.0,0.76,0.24,0.07,home/slow-dominant,0.31,14823.51,9399.28,100708.49,12298.31,881353.81,1329593.47,129919.39,2.67,31.44,41.8,750305.44,3301.1,3604.5000000000005,1420.2127659574467,5.449468164794007,0.8788501872659176,4.57061797752809,4.734042553191489,12.015000000000002,1682975.36,1380909.57,302065.79000000004,22.71865775634413,10169.625,0.02472734082397004,2.2007333333333334,6602.200000000001,18.37113465171866,6.989999999999999,0.9,360.45,2.8,6.37037037037037,82.09606986899564,5424.23,127459.73,1730.16,1808.1242999999997
557,23,6900,diesel,19.3,89.5,0.138,7.71,0.555,2.68,31997.41,7341.46,24655.95,958.13,528.47,429.66,2-wheeler,4,300,low,3,0.07,0.93,2.42,88.6,0.91,0.09,0.01,home/slow-dominant,0.44,7876.54,4542.82,23627.86,3140.36,88486.93,123246.85,28617.74,0.39,20.46,36.7,166716.56,2148.3,952.2,357.51295336787564,4.637305797101449,1.0639797101449275,3.5733260869565218,1.1917098445595855,3.174,287856.68,155900.03000000003,131956.64999999997,107.06695546377043,2054.6625,0.062269565217391305,1.4322000000000001,4296.6,11.95562345045203,7.89,0.9,95.21999999999998,2.8500000000000014,6.420289855072462,84.27947598253276,3333.7200000000003,27989.670000000002,171.39600000000002,295.94320000000005
558,89,26700,petrol,19.9,104.91,0.171,8.9,0.642,2.31,140758.64,40634.73,100123.91,3099.35,2931.18,168.17,2-wheeler,5,300,high,5,0.49,0.51,2.3,80.0,0.97,0.03,0.0,home/slow-dominant,0.21,7721.97,4497.81,16620.51,4732.85,134326.77,172081.14,104294.64,0.2,8.01,16.9,538093.71,840.85,4565.700000000001,1341.708542713568,5.271859176029963,1.5219,3.749959176029963,4.472361809045227,15.219000000000003,876729.8200000001,376390.48000000004,500339.34,290.7578018137258,8343.659166666666,0.006298501872659176,0.5605666666666667,1681.6999999999998,4.679460959043238,8.96,0.9,456.57,4.0,4.678362573099415,86.8995633187773,3224.16,103348.07,273.942,2315.6322
559,79,23700,diesel,17.6,94.61,0.189,6.19,0.576,2.68,127400.97,27726.87,99674.1,3608.86,2580.08,1028.78,fleet/commercial,6,300,high,4,0.41,0.59,85.47,80.4,0.25,0.75,0.6,fast-dominant,0.12,25369.12,16706.66,186195.59,27080.64,1862175.82,2827142.0,113752.69,6.85,48.99,49.2,754959.04,5143.9,4479.3,1346.590909090909,5.37556835443038,1.1699101265822784,4.205658227848101,4.488636363636363,14.931000000000001,2626026.27,2836033.42,-210007.1499999999,-7.428249093961319,8306.175000000001,0.0434084388185654,3.4292666666666665,10287.8,28.626603112591443,7.690000000000001,0.9,447.9299999999999,3.2666666666666657,4.253968253968254,76.85589519650657,8662.46,108336.56,6718.950000000001,2270.4704
560,108,32400,petrol,13.8,101.73,0.178,6.61,0.659,2.31,238844.35,38121.19,200723.16,5423.48,3800.58,1622.9,4-wheeler,9,300,high,4,0.58,0.42,29.36,75.5,0.81,0.19,0.04,home/slow-dominant,0.16,18545.59,12150.79,108953.81,11891.91,876287.81,1379870.69,209496.34,1.88,77.28,62.3,1156435.51,8114.5,5767.2,2347.8260869565215,7.371739197530864,1.1765799382716051,6.19515925925926,7.826086956521738,19.224,2163237.51,1510384.8699999999,652852.6399999999,47.31259564619058,16726.93,0.050089506172839506,5.409666666666667,16229.0,45.15845388851324,6.99,0.9,576.7199999999998,2.7222222222222223,4.241573033707866,60.26200873362446,6394.799999999999,207117.96,2191.536,3192.4872
561,104,31200,petrol,14.8,105.12,0.138,6.52,0.697,2.31,221604.32,28072.51,193531.81,4869.73,3001.0,1868.73,4-wheeler,9,300,high,4,0.69,0.31,37.82,74.1,0.73,0.27,0.07,home/slow-dominant,0.32,18590.5,12102.82,108613.64,13464.72,886354.19,1372750.98,202712.43,1.86,88.99,71.8,1122175.79,9343.65,4305.6,2108.108108108108,7.1027025641025645,0.8997599358974359,6.202942628205129,7.027027027027026,14.352000000000002,2087328.29,1451549.27,635779.02,46.31422809109924,16127.650833333333,0.05989519230769231,6.2291,18687.3,51.99886470828846,7.0600000000000005,0.9,430.55999999999995,2.877777777777778,5.369565217391304,64.62882096069869,6487.68,200019.49,2325.0240000000003,2040.6799999999998
562,34,10200,petrol,16.6,102.99,0.172,8.77,0.632,2.31,63283.01,15386.09,47896.92,1419.4,1108.78,310.62,2-wheeler,7,300,medium,3,0.25,0.75,3.57,80.3,0.81,0.19,0.0,home/slow-dominant,0.26,9671.22,4681.39,10854.29,2473.83,114825.12,175628.52,53381.52,0.94,14.79,25.5,277761.89,1553.1,1754.3999999999999,614.4578313253012,6.2042166666666665,1.5084401960784315,4.695776470588235,2.0481927710843375,5.848,479596.26999999996,262637.8,216958.46999999997,123.53259595878848,3991.41,0.03045294117647059,1.0354,3106.2,8.64324292738307,9.15,0.9,175.43999999999994,2.8142857142857145,4.6686046511627906,72.48908296943233,4989.829999999999,52886.75,666.6719999999999,820.4972
563,19,5700,petrol,16.2,103.49,0.174,8.93,0.664,2.31,36413.15,8856.77,27556.38,812.78,658.56,154.22,2-wheeler,8,300,low,2,0.13,0.87,4.1,74.3,0.93,0.07,0.0,home/slow-dominant,0.43,10991.58,6518.17,13085.56,5452.99,144643.25,199419.91,33120.39,1.26,7.34,22.6,178687.51,771.1,991.8,351.85185185185185,6.388271929824562,1.553819298245614,4.834452631578948,1.1728395061728394,3.306,381666.9,257756.06,123910.84000000003,62.13564132086913,2296.3650000000002,0.02705614035087719,0.5140666666666667,1542.2,4.291291366496094,9.07,0.9,99.17999999999998,3.2125000000000004,4.2701149425287355,70.74235807860262,4473.41,32029.79,138.852,375.3792
564,13,3900,petrol,17.9,104.64,0.122,8.36,0.581,2.31,22798.66,3977.69,18820.97,503.3,276.44,226.86,2-wheeler,9,300,low,2,0.18,0.82,2.25,81.7,0.88,0.12,0.01,home/slow-dominant,0.57,10791.23,5441.54,17153.58,5308.5,99452.44,191350.83,25232.36,2.96,10.8,30.7,143315.38,1134.3,475.8,217.87709497206706,5.845810256410257,1.0199205128205129,4.825889743589744,0.7262569832402235,1.586,267401.89,215984.89999999997,51416.99000000005,26.87053408652581,1568.4141666666667,0.05816923076923077,0.7562000000000001,2268.6000000000004,6.312555825465595,8.6,0.9,47.57999999999999,2.033333333333333,6.69672131147541,78.16593886462881,5349.69,24170.66,114.192,118.8692
565,76,22800,petrol,18.8,104.1,0.153,6.97,0.665,2.31,126248.94,24314.15,101934.79,2801.49,2319.79,481.7,4-wheeler,8,300,high,4,0.5,0.5,30.62,78.3,0.78,0.22,0.05,home/slow-dominant,0.48,17556.67,10128.98,101473.31,13253.06,861982.26,1378212.13,112013.09,3.7,22.94,40.6,661538.76,2408.5,3488.4,1212.7659574468084,5.537234210526316,1.0664100877192983,4.470824122807018,4.042553191489361,11.628,1581010.31,1435701.4099999997,145308.90000000037,10.543289878024828,8494.565833333332,0.02112719298245614,1.6056666666666666,4817.0,13.403676898204958,7.41,0.9,348.8399999999999,2.7125000000000004,5.117647058823529,82.09606986899564,7427.689999999999,109362.48,1534.896,1206.2908
566,51,15300,petrol,15.3,102.72,0.13,6.16,0.753,2.31,102720.0,12252.24,90467.76,2310.0,1497.72,812.28,4-wheeler,5,300,medium,3,0.33,0.67,57.4,87.9,0.66,0.34,0.17,mixed,0.07,14695.33,8992.91,104613.37,13795.61,859591.65,1362766.69,98929.3,4.03,38.68,40.1,599259.87,4061.4,1989.0,1000.0,6.713725490196079,0.8008,5.912925490196079,3.3333333333333335,6.63,1446668.3,1350583.4599999997,96084.84000000032,7.050718270784878,7538.98,0.05309019607843137,2.7076,8122.799999999999,22.602322339368744,6.84,0.9,198.89999999999995,2.419999999999999,6.7615384615384615,66.81222707423582,5702.42,96170.18,1352.5200000000002,1392.8796
567,119,35700,petrol,17.5,103.54,0.138,7.28,0.587,2.31,211221.6,35865.65,175355.95,4712.4,2891.91,1820.49,4-wheeler,2,300,high,3,0.56,0.44,56.52,93.1,0.72,0.28,0.11,home/slow-dominant,0.42,13948.37,7675.95,109170.64,14205.72,838383.18,1313083.83,184469.51,1.98,86.69,74.1,1031518.19,9102.45,4926.6,2040.0,5.916571428571428,1.004640056022409,4.911931372549019,6.8,16.422,1964233.0300000003,1407415.4700000002,556817.56,42.40533218659772,14612.995833333334,0.05099411764705882,6.0683,18204.9,50.65654921406092,7.840000000000001,0.9,492.6599999999999,3.450000000000003,6.746376811594202,76.41921397379913,6272.420000000001,181628.37000000002,2758.8960000000006,1677.3078
568,73,21900,diesel,18.3,96.23,0.112,7.06,0.624,2.68,115160.49,17316.77,97843.72,3207.21,1530.55,1676.66,4-wheeler,8,300,high,5,0.68,0.32,51.69,85.8,0.77,0.23,0.13,home/slow-dominant,0.11,18162.78,11020.91,96686.07,13883.99,860742.26,1374243.35,107762.39,3.87,79.84,62.1,635498.02,8383.3,2452.8,1196.7213114754097,5.258469863013699,0.790720091324201,4.467749771689498,3.9890710382513657,8.176,1527358.61,1405361.69,121996.92000000016,8.877388418870657,8153.643333333333,0.07655981735159818,5.588866666666667,16766.600000000002,46.65436767312503,7.52,0.9,245.27999999999997,1.7750000000000004,7.660714285714286,79.91266375545852,7141.869999999999,104985.59,1128.2880000000002,1362.1895
569,115,34500,petrol,18.4,100.7,0.135,8.43,0.766,2.31,188812.5,39262.72,149549.78,4331.25,3567.64,763.61,fleet/commercial,4,300,high,3,0.58,0.42,40.97,86.9,0.31,0.69,0.25,mixed,0.19,24638.62,16392.07,181777.88,26799.31,1944564.14,2931349.21,163156.19,4.93,36.36,42.2,997558.83,3818.05,4657.5,1875.0000000000002,5.4728260869565215,1.1380498550724638,4.3347762318840575,6.250000000000001,15.525,3011819.74,3001045.97,10773.770000000019,0.36753621722196717,12462.481666666667,0.022133623188405796,2.5453666666666668,7636.1,21.248041760926487,9.809999999999999,0.9,465.7499999999999,3.2749999999999986,6.437037037037038,80.34934497816593,8246.55,157796.33,6427.349999999999,2889.7884
570,38,11400,diesel,15.6,94.45,0.11,7.98,0.757,2.68,69021.15,10006.92,59014.23,1958.46,949.28,1009.18,4-wheeler,8,300,medium,3,0.27,0.73,34.43,84.8,0.62,0.38,0.2,mixed,0.16,18492.45,11330.58,97886.17,14834.22,896862.72,1399835.24,69142.94,5.86,48.06,49.5,443600.87,5045.9,1254.0,730.7692307692308,6.054486842105263,0.8778,5.176686842105263,2.435897435897436,4.18,1334430.72,1393802.35,-59371.63000000012,-4.2413298582196095,4917.8525,0.08852456140350877,3.363933333333333,10091.8,28.081217878618393,8.74,0.9,125.39999999999998,1.9000000000000004,7.709090909090909,68.12227074235808,7161.870000000001,66176.1,953.04,797.3951999999999
571,25,7500,petrol,13.0,104.92,0.188,7.59,0.668,2.31,60530.77,10701.9,49828.87,1332.69,941.88,390.81,2-wheeler,7,300,low,2,0.09,0.91,4.2,78.6,0.97,0.03,0.0,home/slow-dominant,0.3,9839.66,5858.42,23411.61,3885.82,152553.95,250553.72,54587.27,1.37,18.61,31.0,296347.96,1954.05,1410.0,576.9230769230769,8.070769333333333,1.42692,6.643849333333333,1.9230769230769231,4.7,504406.1,306057.89,198348.20999999996,79.16394536069949,4152.405833333333,0.052108,1.3027,3908.1,10.874592004541167,7.6499999999999995,0.9,140.99999999999997,3.057142857142858,4.180851063829786,56.76855895196506,3981.24,53810.11,84.6,659.3159999999999
572,33,9900,diesel,21.7,97.71,0.152,7.15,0.552,2.68,44577.37,10759.32,33818.05,1222.67,830.65,392.02,4-wheeler,1,300,medium,2,0.53,0.47,32.46,95.4,0.73,0.27,0.12,home/slow-dominant,0.11,12676.19,7449.21,109468.7,13545.21,840810.85,1345006.21,41754.07,9.45,18.67,25.4,318239.05,1960.1,1504.8,456.221198156682,4.502764646464647,1.0868,3.415964646464647,1.5207373271889402,5.016,1127078.65,1313034.95,-185956.30000000005,-13.825683377328055,2818.1708333333336,0.0395979797979798,1.3067333333333333,3920.2,10.90826119500583,7.69,0.9,150.47999999999996,4.599999999999994,6.276315789473685,94.75982532751091,5226.9800000000005,39045.030000000006,812.592,739.2785
573,24,7200,diesel,14.3,91.3,0.167,6.18,0.556,2.68,45969.23,7430.83,38538.4,1349.37,668.53,680.84,2-wheeler,10,300,low,1,0.05,0.95,5.18,77.0,0.92,0.08,0.01,home/slow-dominant,0.15,12027.18,6968.28,17180.53,4897.08,120162.48,146641.72,44576.72,0.21,32.42,37.6,240064.13,3404.2,1202.4,503.49650349650346,6.384615277777778,1.0320597222222223,5.352555555555556,1.6783216783216781,4.008,410144.53,196559.66000000003,213584.87,145.65082160792986,3211.5333333333333,0.09456111111111111,2.2694666666666667,6808.400000000001,18.944902178480103,6.34,0.9,120.23999999999998,2.3,4.610778443113772,62.44541484716159,5058.900000000001,43597.3,192.38400000000001,568.2505
574,30,9000,petrol,14.6,103.53,0.17,8.87,0.655,2.31,63819.86,13571.1,50248.76,1423.97,1002.15,421.82,4-wheeler,10,300,medium,2,0.2,0.8,46.09,70.9,0.69,0.31,0.12,mixed,0.34,19827.24,12754.13,96560.15,13679.56,853848.47,1376806.44,60057.78,7.1,20.09,33.4,396849.05,2109.1,1530.0,616.4383561643835,7.0910955555555555,1.5079,5.583195555555555,2.054794520547945,5.1,1272083.97,1398192.88,-126108.90999999992,-9.159523542031073,4187.3966666666665,0.04686888888888889,1.4060666666666666,4218.2,11.73746935686281,9.489999999999998,0.9,152.99999999999997,2.9099999999999993,4.170588235294118,63.75545851528385,7073.110000000002,57321.87,948.6,661.4189999999999
575,35,10500,petrol,16.0,105.65,0.128,7.41,0.698,2.31,69332.81,9959.04,59373.77,1515.94,938.11,577.83,4-wheeler,7,300,medium,4,0.42,0.58,24.73,85.6,0.67,0.33,0.1,mixed,0.41,17634.01,10506.23,106779.42,13931.73,904454.6,1416351.14,69287.9,5.85,27.52,41.8,453218.92,2889.15,1344.0,656.25,6.603124761904762,0.9484800000000001,5.654644761904762,2.1875,4.48,1339288.7,1397966.34,-58677.64000000013,-4.142873779167512,4947.814166666666,0.05503142857142858,1.9261000000000001,5778.3,16.078568864624813,8.07,0.9,134.39999999999998,2.057142857142858,6.6875,69.86899563318778,7127.779999999999,66501.54999999999,887.0400000000001,553.4849
576,83,24900,diesel,17.0,97.83,0.122,7.02,0.727,2.68,143292.18,21325.36,121966.82,3925.41,2208.48,1716.93,fleet/commercial,2,300,high,4,0.56,0.44,85.45,95.1,0.31,0.69,0.4,fast-dominant,0.14,22993.5,15363.69,185457.12,24936.67,1946993.63,3006368.13,134583.96,6.49,81.76,63.8,858376.92,8584.65,3037.7999999999997,1464.7058823529412,5.754706024096385,0.8564401606425703,4.8982658634538145,4.882352941176471,10.126,2778422.03,2979419.59,-200997.56000000006,-6.685726807515088,10163.901666666667,0.06895301204819278,5.7231000000000005,17169.3,47.7749117227217,8.399999999999999,0.9,303.7799999999999,2.450000000000003,7.795081967213115,74.23580786026201,7629.8099999999995,129596.63,4192.163999999999,1899.2928
577,89,26700,petrol,19.8,102.29,0.156,6.09,0.738,2.31,137936.52,25366.07,112570.45,3115.0,3073.92,41.08,4-wheeler,4,300,high,5,0.48,0.52,58.4,89.3,0.69,0.31,0.15,mixed,0.34,14137.78,9636.38,100320.06,12485.07,835765.31,1301670.4,119568.86,3.06,1.96,15.4,698164.36,205.4,4165.2,1348.4848484848485,5.1661617977528085,0.950040074906367,4.216121722846442,4.494949494949495,13.883999999999999,1596136.81,1363877.5199999998,232259.29000000027,17.84317212713758,9380.870833333332,0.001538576779026217,0.13693333333333332,410.79999999999995,1.1430829291639188,6.709999999999999,0.9,416.51999999999987,2.6750000000000007,5.7243589743589745,86.46288209606988,4501.4000000000015,117071.85,2582.424,2028.7871999999998
578,44,13200,petrol,17.2,105.54,0.145,6.2,0.717,2.31,80995.81,11866.8,69129.01,1772.79,1372.34,400.45,fleet/commercial,8,300,medium,3,0.32,0.68,43.89,79.4,0.37,0.63,0.33,mixed,0.19,27175.92,17211.84,188311.11,24589.21,1790052.99,2699815.66,84010.93,8.59,19.07,28.2,608365.76,2002.25,1913.9999999999998,767.4418604651163,6.136046212121212,0.8989999999999999,5.237046212121212,2.558139534883721,6.379999999999999,2330911.64,2632308.5400000005,-301396.9000000004,-11.163610333306991,5760.750833333333,0.03033712121212121,1.3348333333333333,4004.5,11.142832497168726,7.459999999999999,0.9,191.39999999999995,2.5749999999999993,5.475862068965518,75.10917030567686,9964.079999999998,79093.09,2411.64,1111.5954
579,46,13800,petrol,20.4,100.01,0.147,7.67,0.761,2.31,67653.82,15559.36,52094.46,1562.65,1543.76,18.89,4-wheeler,2,300,medium,3,0.31,0.69,42.23,91.6,0.74,0.26,0.03,home/slow-dominant,0.18,13834.54,8447.65,109637.48,13023.06,851413.06,1336733.33,60085.96,6.25,0.9,9.7,410067.28,94.45,2028.6,676.4705882352941,4.902450724637681,1.127489855072464,3.7749608695652173,2.2549019607843137,6.762,1258854.86,1334107.84,-75252.97999999998,-5.629617988204123,4341.205,0.001368840579710145,0.06296666666666667,188.9,0.5256289321301467,8.19,0.9,202.85999999999996,4.200000000000003,6.2312925170068025,89.08296943231441,5386.890000000001,57481.35,1054.872,1265.8832
580,100,30000,diesel,21.2,94.85,0.187,6.1,0.629,2.68,134221.7,34221.0,100000.7,3792.45,3528.69,263.76,4-wheeler,5,300,high,4,0.47,0.53,33.53,83.6,0.72,0.28,0.1,home/slow-dominant,0.09,16644.9,10131.29,103367.81,12822.91,898564.9,1416141.91,109078.89,3.8,12.56,18.0,648762.26,1318.8,5610.0,1415.0943396226417,4.474056666666667,1.1407,3.333356666666667,4.716981132075472,18.7,1652897.9,1521712.64,131185.26,9.263567377933192,8333.391666666666,0.008792,0.8792,2637.6,7.339327005751588,6.66,0.9,560.9999999999999,3.280000000000001,4.470588235294118,92.57641921397381,6513.610000000001,106514.31,3141.6000000000004,3211.1079
581,95,28500,diesel,14.4,97.35,0.141,7.26,0.676,2.68,192671.87,29174.31,163497.56,5304.17,2716.51,2587.66,4-wheeler,9,300,high,4,0.49,0.51,36.93,76.7,0.6,0.4,0.11,mixed,0.06,18532.79,12042.01,103485.92,14988.65,881215.14,1404750.97,172986.07,2.43,123.22,69.8,968416.27,12938.3,4018.4999999999995,1979.1666666666665,6.76041649122807,1.02366,5.7367564912280695,6.597222222222221,13.394999999999998,1937238.44,1492358.0000000002,444880.4399999997,31.66970156995156,13624.796666666667,0.09079508771929824,8.625533333333333,25876.6,72.00365074197434,8.06,0.9,401.84999999999985,2.5888888888888886,5.4397163120567384,62.882096069869,6490.780000000001,169988.34,3214.7999999999997,2553.5194
582,33,9900,petrol,20.8,102.94,0.111,6.1,0.566,2.31,48995.48,6703.29,42292.19,1099.47,621.98,477.49,fleet/commercial,6,300,medium,3,0.25,0.75,48.98,85.1,0.35,0.65,0.24,mixed,0.1,25706.85,16382.55,179462.7,26444.83,1867510.28,2944207.85,56905.46,15.77,22.74,28.9,463990.0,2387.45,1098.9,475.96153846153845,4.949038383838384,0.6771,4.271938383838384,1.5865384615384615,3.6630000000000003,2241021.93,2853729.52,-612707.5899999999,-20.81060921021591,3524.349166666667,0.04823131313131313,1.5916333333333335,4774.9,13.286530376009727,7.3999999999999995,0.9,109.88999999999999,2.4833333333333343,7.666666666666666,90.82969432314411,9324.3,51616.490000000005,1428.5700000000002,559.782
583,110,33000,petrol,14.0,103.45,0.137,8.41,0.769,2.31,243846.43,38021.61,205824.82,5445.0,3476.65,1968.35,4-wheeler,9,300,high,4,0.58,0.42,43.97,77.1,0.61,0.39,0.19,mixed,0.14,19365.85,11301.29,103767.59,14145.78,869054.89,1334005.14,216718.54,1.67,93.73,67.1,1187360.29,9841.75,4521.0,2357.1428571428573,7.389285757575758,1.15217,6.237115757575758,7.857142857142858,15.07,2185116.29,1462706.2699999998,722410.0200000003,54.15346600538587,17152.068333333333,0.05964696969696969,6.561166666666666,19683.5,54.7708686372882,9.19,0.9,452.0999999999999,2.544444444444445,5.627737226277371,61.13537117903931,8064.559999999998,213889.38,3526.38,2989.919
584,29,8700,diesel,20.4,93.32,0.167,6.83,0.737,2.68,39798.24,9923.31,29874.93,1142.94,1070.79,72.15,2-wheeler,3,300,medium,3,0.2,0.8,5.35,89.0,0.78,0.22,0.01,home/slow-dominant,0.1,7547.97,3888.89,16594.63,2836.06,148730.97,208645.13,34101.22,1.27,3.44,9.2,187100.73,360.75,1452.9,426.47058823529414,4.574510344827586,1.1406103448275862,3.4339,1.4215686274509804,4.843,385462.02,258275.44,127186.58000000002,60.958326705253086,2489.5775,0.008293103448275862,0.24050000000000002,721.5,2.0076298281201743,7.27,0.9,145.28999999999996,3.6666666666666665,5.3293413173652695,89.08296943231441,3659.0800000000004,33534.01,639.2760000000001,963.711
585,89,26700,petrol,14.0,99.31,0.131,6.77,0.668,2.31,189398.36,23679.43,165718.93,4405.5,2336.46,2069.04,4-wheeler,11,300,high,5,0.49,0.51,41.12,77.3,0.88,0.12,0.06,home/slow-dominant,0.17,21163.4,11580.95,99532.87,14326.18,872755.31,1342352.77,178166.62,2.08,98.53,69.0,990365.97,10345.2,3497.7000000000003,1907.142857142857,7.093571535580524,0.8868700374531835,6.20670149812734,6.357142857142857,11.659,1925564.1099999999,1404795.6199999999,520768.49,38.79520358869598,13809.910833333333,0.07749213483146067,6.8968,20690.4,57.57264614793852,7.01,0.9,349.7699999999999,2.063636363636364,5.900763358778626,61.13537117903931,9582.45,175301.38,839.448,1939.2618
586,82,24600,petrol,12.8,104.12,0.187,7.17,0.562,2.31,200105.62,32983.43,167122.19,4439.53,2585.31,1854.22,4-wheeler,9,300,high,5,0.41,0.59,25.15,72.4,0.76,0.24,0.04,home/slow-dominant,0.13,19006.4,11690.76,96007.78,13460.34,884712.82,1414265.63,177129.9,2.45,88.3,65.9,981657.28,9271.1,4600.2,1921.875,8.134374796747966,1.340789837398374,6.793584959349593,6.40625,15.334,1980272.92,1528168.4599999997,452104.4600000002,31.967435990083438,13926.849166666667,0.07537479674796749,6.180733333333333,18542.2,51.595112680484945,7.65,0.9,460.01999999999987,3.066666666666666,3.8716577540106956,55.89519650655023,7315.640000000001,174437.83000000002,2208.096,2249.2197
587,79,23700,petrol,17.9,101.38,0.154,8.46,0.62,2.31,134229.39,30877.31,103352.08,3058.49,2262.88,795.61,2-wheeler,6,300,high,5,0.4,0.6,4.17,85.4,0.9,0.1,0.01,home/slow-dominant,0.54,9865.75,4442.13,13790.62,4287.97,81913.52,187899.84,109633.29,0.84,37.89,53.6,561957.07,3978.05,3649.7999999999997,1324.0223463687153,5.663687341772152,1.3028400843881858,4.360847257383966,4.413407821229051,12.165999999999999,802389.2200000001,346418.45000000007,455970.77,242.66692829541526,8612.673333333334,0.033570042194092826,2.6520333333333332,7956.1,22.13846663271922,8.66,0.9,364.9799999999999,2.4333333333333322,5.545454545454546,78.16593886462881,5423.62,108775.7,729.96,1040.9248
588,70,21000,diesel,16.3,90.28,0.179,6.53,0.584,2.68,116311.66,24546.27,91765.39,3452.76,2195.26,1257.5,4-wheeler,6,300,high,4,0.64,0.36,34.93,77.0,0.69,0.31,0.12,mixed,0.12,15337.0,9983.53,97967.82,12177.72,835294.45,1308074.96,99554.4,3.76,59.88,54.8,595739.82,6287.5,3759.0,1288.3435582822085,5.538650476190476,1.16887,4.369780476190476,4.294478527607362,12.53,1493537.75,1370578.42,122959.33000000007,9.40002169294641,7647.115833333333,0.05988095238095238,4.191666666666666,12575.0,34.99091488372999,7.15,0.9,375.8999999999999,3.8333333333333335,4.301675977653631,71.17903930131006,5353.469999999999,97118.86,2330.58,1931.8288000000002
589,54,16200,petrol,13.1,99.16,0.152,6.03,0.69,2.31,122625.34,14848.27,107777.07,2856.64,1699.06,1157.58,2-wheeler,9,300,medium,3,0.3,0.7,5.0,75.5,0.96,0.04,0.0,home/slow-dominant,0.38,10307.37,6281.43,18130.63,3694.55,92645.51,185806.27,112541.92,0.67,55.12,59.4,580840.23,5787.9,2462.4,1236.641221374046,7.569465432098765,0.9165598765432099,6.652905555555555,4.122137404580153,8.208,757309.0599999999,269629.59,487679.4699999999,262.46663796652285,8981.4225,0.07145555555555555,3.8585999999999996,11575.8,32.21056322155719,6.11,0.9,246.23999999999995,2.7222222222222223,4.967105263157895,57.20524017467249,4025.9400000000005,111803.01000000001,196.99200000000002,1053.4171999999999
590,42,12600,petrol,14.7,100.92,0.135,8.6,0.645,2.31,86502.86,14628.6,71874.26,1980.0,1097.14,882.86,2-wheeler,7,300,medium,3,0.42,0.58,3.52,82.2,0.9,0.1,0.01,home/slow-dominant,0.38,8772.18,5386.7,19025.05,4036.15,83795.81,158609.46,76066.97,0.73,42.04,51.9,399359.9,4414.3,1701.0,857.1428571428572,6.8653063492063495,1.161,5.70430634920635,2.857142857142857,5.67,560171.01,235624.76,324546.25,204.61973075250367,5989.5216666666665,0.07006825396825397,2.9428666666666667,8828.6,24.56626569721659,8.8,0.9,170.09999999999997,2.5428571428571423,6.088888888888889,64.19213973799127,3385.4800000000005,75259.73999999999,340.20000000000005,680.2268
591,56,16800,petrol,16.8,106.08,0.132,7.23,0.718,2.31,106080.0,16033.25,90046.75,2310.0,1592.24,717.76,2-wheeler,7,300,high,4,0.41,0.59,2.67,82.9,0.93,0.07,0.01,home/slow-dominant,0.37,10260.25,5223.99,19128.58,3856.38,102119.46,139149.78,95854.29,0.19,34.18,45.4,498400.03,3588.8,2217.6,1000.0,6.314285714285714,0.9543601190476191,5.359925595238095,3.3333333333333335,7.3919999999999995,683820.71,222451.01999999996,461369.69,331.5633628741634,7503.895833333333,0.042723809523809525,2.392533333333333,7177.6,19.972229874310965,7.370000000000001,0.9,221.75999999999993,2.442857142857142,6.28030303030303,73.36244541484717,5036.26,95083.01,310.464,1003.1112
592,95,28500,petrol,12.7,102.36,0.153,7.36,0.655,2.31,229705.51,32093.28,197612.23,5183.86,2856.13,2327.73,4-wheeler,13,300,high,4,0.66,0.34,29.26,70.0,0.68,0.32,0.14,mixed,0.11,20717.0,13039.11,100822.72,14660.77,892886.37,1352453.88,208222.27,1.72,110.84,69.0,1141934.07,11638.65,4360.5,2244.0944881889764,8.059842456140352,1.12608,6.933762456140352,7.480314960629921,14.535,2144998.92,1462632.3399999999,682366.5800000001,50.45396298467495,16467.685833333333,0.08167473684210526,7.7591,23277.3,64.77089646306545,8.0,0.9,436.0499999999999,2.3076923076923075,4.57516339869281,55.45851528384279,7677.889999999999,205290.12,2790.7200000000003,2541.9557
593,85,25500,petrol,17.0,107.39,0.122,8.82,0.573,2.31,161085.0,27439.02,133645.98,3465.0,1782.6,1682.4,4-wheeler,5,300,high,4,0.54,0.46,51.21,90.1,0.89,0.11,0.03,home/slow-dominant,0.25,15741.27,8922.74,101318.45,14593.09,851775.64,1316532.55,143383.13,2.53,80.11,66.5,818234.1,8412.0,3111.0,1500.0,6.317058823529412,1.07604,5.241018823529412,5.0,10.37,1735906.99,1382429.81,353477.17999999993,26.8491029712862,11137.165,0.0659764705882353,5.6080000000000005,16824.0,46.814087634502854,9.040000000000001,0.9,311.0999999999999,1.980000000000001,7.385245901639344,74.23580786026201,6818.530000000001,140464.51,684.42,1336.9499999999998
594,11,3300,diesel,19.1,92.29,0.173,6.47,0.71,2.68,15945.39,3693.72,12251.67,463.04,405.34,57.7,2-wheeler,3,300,low,1,0.17,0.83,2.93,86.2,0.94,0.06,0.01,home/slow-dominant,0.12,6684.5,3194.34,22513.58,5383.94,124007.51,208377.44,16818.62,3.68,2.75,9.2,106606.68,288.5,570.9,172.77486910994764,4.8319363636363635,1.1193090909090908,3.7126272727272727,0.5759162303664922,1.903,237156.96,214920.21999999997,22236.74000000002,10.671375941656649,1020.9725,0.017484848484848485,0.19233333333333336,577.0,1.6055473469512689,6.589999999999999,0.9,57.08999999999998,4.599999999999999,4.982658959537573,83.40611353711792,3490.16,15741.83,68.508,356.69919999999996
595,104,31200,diesel,20.4,97.06,0.119,6.73,0.698,2.68,148444.71,24987.14,123457.57,4098.82,2591.53,1507.29,fleet/commercial,7,300,high,4,0.53,0.47,78.36,85.0,0.49,0.51,0.27,mixed,0.16,26795.69,16475.76,182143.49,26669.71,1787904.42,2728697.04,139111.44,5.45,71.78,60.7,877700.69,7536.45,3712.7999999999997,1529.4117647058824,4.757843269230769,0.8008698717948718,3.9569733974358967,5.098039215686275,12.376,2664106.42,2727198.34,-63091.919999999925,-2.3121628775615166,10288.130833333335,0.04831057692307692,5.0243,15072.9,41.94151578138957,7.75,0.9,371.2799999999999,2.142857142857143,7.142857142857143,89.08296943231441,10319.93,133777.5,3787.0559999999996,2176.8852
596,26,7800,petrol,15.7,106.68,0.143,6.14,0.74,2.31,53000.25,6848.56,46151.69,1147.64,825.4,322.24,2-wheeler,7,300,medium,4,0.21,0.79,2.72,81.7,0.79,0.21,0.03,home/slow-dominant,0.16,10638.97,4878.57,24816.6,5387.66,112322.81,167200.74,52989.62,0.57,15.34,23.4,289764.7,1611.2,1115.3999999999999,496.81528662420385,6.794903846153846,0.8780205128205129,5.916883333333334,1.6560509554140128,3.7179999999999995,430518.91,195632.13,234886.77999999997,140.48190217339948,3845.974166666667,0.041312820512820515,1.0741333333333334,3222.4,8.966578458952805,6.5600000000000005,0.9,111.53999999999996,2.614285714285714,5.713286713286714,68.5589519650655,5760.4,51912.090000000004,468.4679999999999,693.3359999999999
597,109,32700,petrol,18.2,100.75,0.134,6.01,0.553,2.31,181017.86,26334.62,154683.24,4150.38,2423.14,1727.24,4-wheeler,5,300,high,4,0.69,0.31,34.22,85.5,0.64,0.36,0.11,mixed,0.26,14959.04,9606.11,101594.26,14329.91,901312.8,1412206.59,162902.15,2.51,82.25,67.5,916105.01,8636.2,4381.8,1796.7032967032967,5.535714373088685,0.8053400611620795,4.730374311926606,5.989010989010989,14.606,1881197.3,1475986.07,405211.23,28.69348102957089,12890.269999999999,0.05282079510703364,5.757466666666667,17272.4,48.06179548610242,6.73,0.9,438.1799999999999,2.9,6.380597014925373,79.47598253275109,5352.93,160036.16999999998,3154.896,1793.1236
598,63,18900,petrol,20.3,103.35,0.184,6.53,0.594,2.31,96222.41,22708.73,73513.68,2150.69,2065.69,85.0,4-wheeler,7,300,high,3,0.43,0.57,39.69,76.7,0.65,0.35,0.05,mixed,0.31,16895.91,11072.78,104743.71,12083.33,881941.77,1352365.58,81753.48,4.47,4.05,15.8,513511.11,425.0,3477.6,931.0344827586207,5.091132804232805,1.2015201058201057,3.889612698412699,3.103448275862069,11.592,1447533.37,1404446.09,43087.28000000003,3.1860674833205995,6126.139999999999,0.004497354497354497,0.2833333333333333,850.0,2.3651910656994426,7.23,0.9,347.75999999999993,3.3285714285714283,4.168478260869565,88.646288209607,5823.129999999999,79336.81,2434.3199999999997,1425.3261
599,54,16200,diesel,21.9,90.66,0.146,8.74,0.736,2.68,67063.56,20671.85,46391.71,1982.47,1740.79,241.68,2-wheeler,3,300,medium,2,0.24,0.76,5.3,90.0,0.81,0.19,0.01,home/slow-dominant,0.32,7408.01,3020.8,10755.44,3209.74,132550.43,233477.85,51420.87,1.75,11.51,23.7,267859.79,1208.4,2365.2,739.7260273972603,4.139725925925926,1.27604012345679,2.863685802469136,2.4657534246575343,7.8839999999999995,504908.27999999997,337975.92,166932.36,71.49815710569546,3865.9758333333334,0.014918518518518518,0.8056,2416.8,6.724933844214603,9.120000000000001,0.9,236.51999999999992,3.3333333333333335,6.164383561643836,95.63318777292577,4387.21,50778.92,898.776,1183.7371999999998
600,102,30600,petrol,13.5,107.09,0.119,7.39,0.693,2.31,242737.33,26909.95,215827.38,5236.0,2523.49,2712.51,2-wheeler,13,300,high,5,0.68,0.32,5.26,71.2,0.95,0.05,0.01,home/slow-dominant,0.32,13123.01,7363.69,19800.1,2453.57,124612.28,220213.81,222077.41,0.34,129.17,78.0,1130187.15,13562.55,3641.3999999999996,2266.6666666666665,7.93259248366013,0.8794101307189542,7.053182352941176,7.555555555555555,12.137999999999998,1403913.98,369328.34,1034585.6399999999,469.8096091248773,17985.615,0.08864411764705883,9.0417,27125.100000000002,75.47769903082818,7.489999999999999,0.9,364.1399999999999,2.215384615384615,5.983193277310925,58.951965065502186,5759.320000000001,221586.7,364.14,1715.9731999999997
601,43,12900,petrol,17.7,103.55,0.147,8.84,0.642,2.31,75468.64,16763.29,58705.35,1683.56,1217.42,466.14,2-wheeler,8,300,medium,3,0.32,0.68,2.72,79.2,0.76,0.24,0.0,home/slow-dominant,0.24,10915.08,6238.86,22771.4,1516.79,136182.87,212639.23,63684.93,0.84,22.2,32.3,341196.05,2330.7,1896.3,728.8135593220339,5.850282170542636,1.2994798449612404,4.550802325581396,2.4293785310734464,6.321,568101.47,303361.79,264739.68,124.50180524073566,4892.1125,0.03613488372093023,1.5537999999999998,4661.4,12.970707804295742,9.32,0.9,189.62999999999997,2.5999999999999996,5.387755102040817,77.29257641921397,4676.22,63381.57,910.2239999999999,925.2392000000001
602,112,33600,diesel,20.1,95.62,0.174,7.44,0.709,2.68,159842.39,43497.22,116345.17,4480.0,4145.1,334.9,4-wheeler,4,300,high,4,0.57,0.43,35.61,84.9,0.58,0.42,0.17,mixed,0.33,15759.35,8843.25,109136.87,11752.2,858413.74,1365534.14,125611.71,3.17,15.95,29.2,737195.42,1674.5,5846.4,1671.641791044776,4.757213988095239,1.294560119047619,3.4626538690476196,5.572139303482587,19.488,1736422.44,1506347.4200000002,230075.0199999998,16.848719725161892,9695.430833333334,0.009967261904761904,1.1163333333333332,3349.0,9.318852798855804,8.280000000000001,0.9,584.6399999999999,3.7749999999999986,4.879310344827587,87.77292576419215,6916.1,123261.27,4910.976,2777.217
603,101,30300,diesel,15.9,90.13,0.173,7.64,0.712,2.68,171757.17,40048.12,131709.05,5107.17,3732.23,1374.94,4-wheeler,12,300,high,5,0.57,0.43,27.68,70.0,0.65,0.35,0.18,mixed,0.14,22037.44,13422.4,109959.81,11016.24,850509.73,1360663.68,142527.34,2.81,65.47,58.1,822596.51,6874.7,5241.9,1905.6603773584905,5.668553465346535,1.3217201320132015,4.3468333333333335,6.352201257861635,17.473,1819482.78,1507040.23,312442.55000000005,22.96251120629604,10975.754166666666,0.04537755775577558,4.5831333333333335,13749.400000000001,38.25877416320932,8.34,0.9,524.1899999999998,2.5,4.046242774566474,69.43231441048036,8615.039999999999,140324.09,3669.3299999999995,3209.7178
604,26,7800,diesel,15.6,89.58,0.161,8.41,0.697,2.68,44790.0,10561.28,34228.72,1340.0,875.29,464.71,2-wheeler,7,300,medium,4,0.16,0.84,3.78,82.2,0.8,0.2,0.03,home/slow-dominant,0.4,10653.11,5682.91,14232.68,4379.35,140341.0,239334.04,40074.79,2.12,22.13,37.1,214606.63,2323.55,1255.8,500.0,5.742307692307692,1.3540102564102565,4.388297435897436,1.6666666666666667,4.186,417556.55,301942.96,115613.58999999997,48.30637129595103,2852.3933333333334,0.05957820512820512,1.5490333333333333,4647.099999999999,12.930916942837506,8.81,0.9,125.57999999999997,2.5428571428571423,5.105590062111801,68.12227074235808,4970.200000000001,39198.92,502.32,525.174
605,11,3300,diesel,19.4,91.57,0.147,7.2,0.616,2.68,15576.34,3492.72,12083.62,455.88,298.82,157.06,2-wheeler,7,300,low,2,0.23,0.77,3.61,79.0,0.8,0.2,0.0,home/slow-dominant,0.41,9316.52,5222.81,18630.55,3202.14,115468.7,157791.97,16817.76,1.41,7.48,22.2,102719.35,785.3,485.09999999999997,170.10309278350516,4.72010303030303,1.0584,3.6617030303030305,0.5670103092783505,1.617,239933.0,179536.93,60396.07000000001,38.2757563645349,1006.9683333333334,0.0475939393939394,0.5235333333333333,1570.6,4.3703165738677,7.6000000000000005,0.9,48.509999999999984,3.0,5.374149659863946,84.71615720524017,4093.71,16177.330000000002,194.04,176.30380000000002
606,12,3600,petrol,14.3,107.29,0.118,7.21,0.652,2.31,27010.07,3062.81,23947.26,581.54,276.97,304.57,2-wheeler,9,300,low,2,0.2,0.8,5.15,79.0,0.93,0.07,0.01,home/slow-dominant,0.31,11457.27,5863.27,16760.77,2750.3,87479.27,179381.78,30091.32,2.5,14.5,26.8,167217.37,1522.85,424.79999999999995,251.74825174825173,7.502797222222222,0.8507805555555555,6.6520166666666665,0.8391608391608391,1.416,279815.97,204501.11000000002,75314.85999999996,41.98579142207194,1995.6049999999998,0.08460277777777778,1.0152333333333332,3045.7,8.474896975059757,7.3500000000000005,0.9,42.47999999999998,2.3333333333333335,6.694915254237289,62.44541484716159,5594.0,29541.26,59.472,191.1093
607,62,18600,petrol,17.8,100.07,0.151,7.96,0.696,2.31,104567.53,22356.46,82211.07,2413.82,1954.79,459.03,4-wheeler,9,300,high,4,0.59,0.41,57.34,82.0,0.75,0.25,0.1,home/slow-dominant,0.2,17735.5,11087.92,103457.26,14046.88,901469.6,1400045.06,91668.03,4.31,21.86,30.8,561797.41,2295.15,2808.6,1044.943820224719,5.621910215053763,1.2019602150537634,4.41995,3.48314606741573,9.362,1512984.75,1449762.82,63221.929999999935,4.515706801608223,6850.922500000001,0.024679032258064514,1.5301,4590.299999999999,12.772866528094296,8.46,0.9,280.85999999999996,2.0,5.430463576158941,77.72925764192141,6647.58,88858.65000000001,1404.3,1563.832
608,35,10500,petrol,15.5,102.89,0.183,8.16,0.645,2.31,69699.68,15679.44,54020.24,1564.84,1239.37,325.47,4-wheeler,11,300,medium,3,0.28,0.72,36.58,70.0,0.55,0.45,0.05,mixed,0.2,19668.89,11676.63,97361.79,14329.95,845812.0,1369952.68,64878.49,6.58,15.5,24.6,421754.24,1627.35,1921.5,677.4193548387096,6.6380647619047615,1.49328,5.144784761904761,2.258064516129032,6.405,1292654.85,1395041.29,-102386.43999999994,-7.473720917134156,4501.6866666666665,0.03099714285714286,1.0849000000000002,3254.7000000000003,9.056455719449383,9.06,0.9,192.14999999999995,2.727272727272727,3.8251366120218577,67.68558951965066,7992.26,62012.5,1729.3500000000001,991.496
609,39,11700,petrol,18.7,103.16,0.18,6.95,0.644,2.31,64543.96,14636.7,49907.26,1445.29,1356.26,89.03,4-wheeler,6,300,medium,2,0.34,0.66,40.69,76.9,0.7,0.3,0.13,home/slow-dominant,0.11,15526.13,9643.28,107842.24,14901.2,909182.65,1388186.73,58770.35,6.32,4.24,9.9,401693.99,445.15,2106.0,625.668449197861,5.516577777777778,1.2510000000000001,4.265577777777778,2.0855614973262036,7.02,1309533.1,1386843.19,-77310.08999999985,-5.569141984234344,4158.9383333333335,0.007609401709401709,0.2967666666666667,890.3,2.47732894799084,7.55,0.9,210.59999999999997,3.849999999999999,4.272222222222222,81.6593886462882,5882.8499999999985,55790.11,1263.6,1207.0714
610,20,6000,petrol,19.8,107.57,0.176,7.8,0.662,2.31,32596.97,8236.8,24360.17,700.0,699.07,0.93,4-wheeler,4,300,low,3,0.11,0.89,56.06,85.9,0.69,0.31,0.16,mixed,0.09,14556.45,8586.37,108643.53,13568.05,879611.9,1389562.46,33043.86,12.14,0.04,6.5,273862.83,4.65,1056.0,303.030303030303,5.432828333333333,1.3727999999999998,4.060028333333333,1.01010101010101,3.52,1115379.0,1351466.73,-236087.72999999998,-16.990076862036123,2030.0141666666666,0.000155,0.0031000000000000003,9.3,0.025877972836476255,8.42,0.9,105.59999999999998,3.5249999999999986,4.880681818181819,86.46288209606988,5970.08,30330.25,654.72,636.1537000000001
611,75,22500,diesel,14.7,97.16,0.151,7.04,0.58,2.68,148714.29,23918.4,124795.89,4102.04,1970.55,2131.49,2-wheeler,9,300,high,4,0.4,0.6,4.82,72.3,0.78,0.22,0.02,home/slow-dominant,0.13,12150.45,6974.56,16744.92,3346.12,135229.23,247330.08,130641.0,0.73,101.5,68.4,669949.92,10657.45,3397.5,1530.6122448979593,6.609524,1.06304,5.546484,5.1020408163265305,11.325,939552.93,381703.84,557849.0900000001,225.548420960362,10399.6575,0.09473288888888888,7.104966666666666,21314.899999999998,59.31036593679653,7.48,0.9,339.74999999999994,3.077777777777778,4.788079470198675,64.19213973799127,5175.89,129971.78,1494.9,1714.3785
612,35,10500,petrol,14.8,99.75,0.134,6.09,0.564,2.31,70768.58,8568.63,62199.95,1638.85,793.55,845.3,4-wheeler,7,300,medium,3,0.3,0.7,22.14,82.4,0.79,0.21,0.08,home/slow-dominant,0.16,16883.2,10352.17,99206.45,12221.06,843616.23,1335881.47,71175.19,5.52,40.25,44.2,455082.4,4226.5,1407.0,709.4594594594595,6.739864761904762,0.8160599999999999,5.923804761904762,2.364864864864865,4.69,1281875.13,1319057.96,-37182.830000000075,-2.783392900868673,5183.329166666666,0.0805047619047619,2.8176666666666663,8453.0,23.521129503949865,6.51,0.9,140.69999999999996,2.5142857142857133,6.149253731343284,64.62882096069869,6531.030000000001,68730.98,590.9399999999999,666.582
613,95,28500,petrol,12.4,107.84,0.175,8.63,0.601,2.31,247858.06,43042.13,204815.93,5309.27,2997.49,2311.78,4-wheeler,13,300,high,4,0.54,0.46,34.16,70.0,0.8,0.2,0.08,home/slow-dominant,0.3,21898.56,12266.91,97112.5,11889.27,886894.86,1407003.71,216825.43,1.95,110.08,74.4,1181239.65,11558.9,4987.5,2298.3870967741937,8.696774035087719,1.5102501754385964,7.186523859649123,7.661290322580646,16.625,2235677.96,1574547.14,661130.8200000001,46.98856266697407,17067.994166666667,0.08111508771929825,7.705933333333334,23117.800000000003,64.32707531603127,9.030000000000001,0.9,498.7499999999999,2.3076923076923075,4.0,54.14847161572053,9631.650000000001,214447.58,1995.0,2098.243
614,92,27600,petrol,13.6,104.1,0.139,7.58,0.754,2.31,211261.76,29079.91,182181.85,4687.94,2892.65,1795.29,2-wheeler,9,300,high,3,0.65,0.35,3.48,74.8,0.92,0.08,0.01,home/slow-dominant,0.52,11090.11,6687.63,20256.47,2351.7,145558.22,258578.2,187054.67,0.5,85.49,76.4,955529.82,8976.45,3836.4000000000005,2029.4117647058824,7.654411594202899,1.053619927536232,6.600791666666667,6.764705882352941,12.788000000000002,1257317.57,414807.73000000004,842509.8400000001,325.8240021780645,15181.820833333333,0.06504673913043478,5.9843,17952.9,49.95533962752415,7.74,0.9,383.64,2.8000000000000003,5.381294964028776,59.388646288209614,4402.4800000000005,186584.33000000002,613.8240000000001,1388.472
615,94,28200,petrol,19.2,103.65,0.153,6.39,0.633,2.31,152235.94,27570.29,124665.65,3392.81,2731.14,661.67,fleet/commercial,5,300,high,3,0.5,0.5,51.49,81.1,0.44,0.56,0.41,fast-dominant,0.1,25651.4,16572.9,179683.48,25636.76,1869492.94,2933952.73,138871.5,6.37,31.51,35.6,874040.98,3308.35,4314.6,1468.75,5.398437588652483,0.9776698581560284,4.420767730496454,4.895833333333333,14.382000000000001,2758929.6399999997,2949348.4400000004,-190418.80000000075,-6.490179546962256,10388.804166666667,0.023463475177304963,2.2055666666666665,6616.7,18.411482028721764,7.51,0.9,431.4599999999999,3.780000000000001,5.300653594771242,83.84279475982534,9078.5,133744.15,4832.352000000001,2458.026
616,18,5400,diesel,14.3,90.68,0.125,8.3,0.578,2.68,34242.8,5602.5,28640.3,1012.03,390.15,621.88,4-wheeler,9,300,low,2,0.19,0.81,29.58,76.6,0.55,0.45,0.18,mixed,0.34,19876.97,11337.36,108643.08,14967.15,867046.13,1345054.38,40173.34,9.19,29.61,41.7,309509.78,3109.4,675.0,377.6223776223776,6.341259259259259,1.0375,5.303759259259259,1.2587412587412588,2.25,1137644.98,1306143.45,-168498.46999999997,-12.527260793723446,2386.6916666666666,0.11516296296296297,2.0729333333333333,6218.8,17.304294352201993,9.200000000000001,0.9,67.49999999999999,2.6000000000000005,6.127999999999999,62.44541484716159,8539.61,37179.91,607.5,257.49899999999997
617,25,7500,petrol,15.0,104.79,0.125,7.99,0.572,2.31,52395.0,7490.62,44904.38,1155.0,536.25,618.75,2-wheeler,6,300,low,1,0.08,0.92,2.13,88.0,0.97,0.03,0.0,home/slow-dominant,0.61,8510.77,4242.59,20065.19,1503.41,99001.13,197642.48,49473.24,1.59,29.46,49.6,267431.39,3093.75,937.5,500.0,6.986,0.9987493333333333,5.987250666666666,1.6666666666666667,3.125,403529.98000000004,234739.93,168790.05000000005,85.40170615143062,3742.0316666666663,0.0825,2.0625,6187.5,17.217199669429768,8.05,0.9,93.74999999999999,2.0,7.04,65.50218340611355,4268.18,49172.56,56.25,209.13750000000002
618,75,22500,diesel,18.8,90.66,0.143,7.66,0.721,2.68,108502.66,24646.05,83856.61,3207.45,2319.82,887.63,4-wheeler,4,300,high,4,0.44,0.56,46.45,90.7,0.83,0.17,0.07,home/slow-dominant,0.52,15305.58,8947.85,104685.28,11788.82,908936.13,1372006.89,92572.1,3.87,42.27,56.3,567545.78,4438.15,3217.4999999999995,1196.8085106382978,4.822340444444444,1.09538,3.7269604444444444,3.9893617021276593,10.724999999999998,1527977.33,1423502.2899999998,104475.04000000027,7.614760593512783,6988.050833333334,0.03945022222222222,2.9587666666666665,8876.3,24.69899465466819,8.0,0.9,321.7499999999999,2.3249999999999993,6.342657342657343,82.09606986899564,6357.73,90214.34,1093.9499999999998,1113.5136
619,112,33600,petrol,15.3,107.08,0.111,8.44,0.754,2.31,235156.08,31477.82,203678.26,5072.94,2812.12,2260.82,fleet/commercial,10,300,high,4,0.65,0.35,53.13,78.1,0.51,0.49,0.31,mixed,0.29,29308.15,19361.65,183391.03,24753.57,1794261.71,2855525.62,218575.47,4.02,107.66,73.7,1276268.38,11304.1,3729.6,2196.078431372549,6.998692857142856,0.9368398809523809,6.061852976190475,7.3202614379084965,12.432,3116582.86,2901578.3700000006,215004.4899999993,7.5294190496529065,16973.188333333335,0.06728630952380953,7.536066666666668,22608.2,62.909073707701346,9.42,0.9,372.9599999999999,2.1900000000000004,7.036036036036035,66.81222707423582,9946.5,213624.76,3655.008,1996.6051999999997
620,115,34500,petrol,18.9,101.06,0.14,8.97,0.714,2.31,184474.6,43325.1,141149.5,4216.67,3448.62,768.05,4-wheeler,5,300,high,3,0.52,0.48,23.99,88.0,0.56,0.44,0.07,mixed,0.17,14696.75,8667.51,95686.65,13868.48,881517.25,1407890.15,149952.44,2.87,36.57,41.9,845448.85,3840.25,4830.000000000001,1825.3968253968255,5.347089855072464,1.2558,4.091289855072464,6.0846560846560855,16.1,1877374.0,1558298.07,319075.92999999993,22.663410920234078,11762.458333333334,0.02226231884057971,2.5601666666666665,7680.5,21.371588211887726,9.850000000000001,0.9,483.0,2.4,6.285714285714286,82.53275109170306,6029.24,147178.74,4250.400000000001,2862.3545999999997
621,35,10500,petrol,13.4,105.75,0.162,8.38,0.594,2.31,82863.81,14254.38,68609.43,1810.07,1010.39,799.68,2-wheeler,7,300,medium,4,0.54,0.46,2.81,82.3,0.96,0.04,0.01,home/slow-dominant,0.13,9724.39,4989.27,23978.84,2909.94,98917.94,130310.43,73926.54,0.1,38.08,41.6,393611.54,3998.4,1701.0,783.5820895522388,7.891791428571429,1.3575599999999999,6.534231428571429,2.611940298507463,5.67,561858.94,199639.9,362219.0399999999,277.96626870159196,5717.452499999999,0.07615999999999999,2.6656,7996.799999999999,22.251717546100355,8.46,0.9,170.09999999999997,2.528571428571429,5.080246913580247,58.515283842794766,4735.119999999999,73344.54999999999,136.08,879.0393
622,117,35100,petrol,15.1,99.05,0.143,7.57,0.741,2.31,230242.05,37996.1,192245.95,5369.6,3719.3,1650.3,4-wheeler,9,300,high,4,0.46,0.54,52.47,81.0,0.83,0.17,0.06,home/slow-dominant,0.34,19502.02,10688.8,104419.06,12829.04,871933.17,1319625.11,203624.98,1.69,78.59,68.3,1122543.96,8251.5,5019.299999999999,2324.5033112582782,6.559602564102564,1.0825099715099715,5.477092592592593,7.748344370860927,16.730999999999998,2120653.52,1445801.51,674852.01,51.13967632822628,16020.495833333334,0.047017094017094016,5.5009999999999994,16503.0,45.92088018498577,7.91,0.9,501.92999999999984,2.111111111111111,5.664335664335665,65.93886462882097,8813.220000000001,201059.17,1706.562,2454.738
623,12,3600,diesel,22.0,96.57,0.153,6.88,0.576,2.68,15802.36,3789.5,12012.86,438.55,317.26,121.29,2-wheeler,6,300,low,2,0.11,0.89,4.98,82.3,0.94,0.06,0.0,home/slow-dominant,0.38,8037.01,4582.68,24910.93,2094.5,99634.25,135972.26,15886.09,0.72,5.78,19.1,104341.38,606.45,550.8,163.63636363636363,4.389544444444445,1.052638888888889,3.336905555555556,0.5454545454545454,1.8359999999999999,218831.1,150827.73,68003.37,50.01267905674289,1001.0716666666667,0.03369166666666667,0.40430000000000005,1212.9,3.3749885218668876,6.999999999999999,0.9,55.079999999999984,2.9500000000000006,5.379084967320261,96.06986899563319,3454.33,15467.19,66.09599999999999,196.7012
624,97,29100,petrol,17.8,104.4,0.189,8.9,0.552,2.31,170676.4,48949.11,121727.29,3776.46,3035.94,740.52,4-wheeler,8,300,high,4,0.46,0.54,40.36,70.0,0.58,0.42,0.09,mixed,0.33,16967.02,11105.93,103060.35,12619.99,851809.91,1301362.93,130112.38,2.66,35.26,45.4,753622.25,3702.6,5499.9,1634.8314606741571,5.865168384879725,1.6821,4.183068384879725,5.44943820224719,18.333,1790027.0099999998,1485957.7899999998,304069.22,23.365443489311623,10143.940833333332,0.02544742268041237,2.4684,7405.2,20.60554456437354,9.74,0.9,549.9899999999999,3.75,3.7037037037037033,77.72925764192141,5861.09,127588.37999999999,4619.915999999999,2034.0797999999998
625,17,5100,petrol,13.4,101.1,0.131,8.77,0.675,2.31,38478.36,5859.24,32619.12,879.18,450.97,428.21,4-wheeler,11,300,low,2,0.15,0.85,37.81,72.8,0.81,0.19,0.09,home/slow-dominant,0.52,19418.72,12718.98,105651.66,11412.8,906542.95,1371613.59,41601.42,8.64,20.39,39.1,313658.76,2141.05,668.1,380.5970149253731,7.544776470588236,1.148870588235294,6.395905882352942,1.2686567164179103,2.227,1196028.35,1347440.2300000002,-151411.88000000012,-11.038960324095367,2718.2599999999998,0.08396274509803921,1.4273666666666667,4282.099999999999,11.915276073448922,9.15,0.9,66.80999999999999,2.472727272727273,5.557251908396946,58.515283842794766,6699.740000000002,39318.86,253.87800000000001,216.4656
626,21,6300,petrol,12.6,100.48,0.145,8.57,0.566,2.31,50240.0,7828.69,42411.31,1155.0,517.04,637.96,2-wheeler,8,300,low,1,0.28,0.72,5.42,78.5,0.97,0.03,0.0,home/slow-dominant,0.37,11134.56,6535.57,10843.14,3632.17,113292.32,219167.38,47736.73,1.99,30.38,42.9,249526.79,3189.8,913.4999999999999,500.0,7.974603174603175,1.2426492063492063,6.731953968253968,1.6666666666666667,3.0449999999999995,420165.12,276513.37,143651.75,65.5443113842945,3534.275833333333,0.10126349206349207,2.1265333333333336,6379.6,17.75173285027784,8.63,0.9,91.34999999999997,2.6875,5.413793103448277,55.02183406113538,4598.99,47010.299999999996,54.80999999999999,325.73519999999996
627,20,6000,petrol,17.3,99.5,0.162,6.45,0.664,2.31,34508.67,6269.4,28239.27,801.16,645.41,155.75,2-wheeler,4,300,low,2,0.23,0.77,2.7,85.6,0.91,0.09,0.01,home/slow-dominant,0.26,8037.59,3643.54,19476.04,1891.75,130799.12,211422.49,33011.67,1.85,7.42,17.7,184534.39,778.75,972.0,346.8208092485549,5.7514449999999995,1.0449,4.706544999999999,1.1560693641618496,3.24,343530.42,239619.4,103911.01999999999,49.14851773810818,2353.2725,0.025958333333333333,0.5191666666666667,1557.5,4.333864805678685,6.630000000000001,0.9,97.19999999999997,3.6000000000000014,5.28395061728395,75.54585152838429,4394.05,32633.32,174.95999999999998,477.60339999999997
628,91,27300,petrol,19.3,106.6,0.157,6.52,0.685,2.31,150786.53,27945.37,122841.16,3267.51,2935.98,331.53,4-wheeler,8,300,high,5,0.69,0.31,30.18,77.6,0.75,0.25,0.13,home/slow-dominant,0.15,18156.04,10988.72,106469.74,14162.03,887917.24,1402511.24,132840.89,3.07,15.79,23.5,770674.19,1657.65,4286.1,1414.5077720207253,5.523316117216117,1.0236399267399268,4.49967619047619,4.715025906735751,14.287,1732630.09,1476549.92,256080.17000000016,18.258689320735865,10236.763333333334,0.012143956043956043,1.1051,3315.2999999999997,9.225079929545132,7.02,0.9,428.60999999999996,2.8000000000000007,4.942675159235669,84.27947598253276,7167.3200000000015,130008.48000000001,2143.05,2495.583
629,29,8700,petrol,12.5,103.27,0.138,8.73,0.648,2.31,71875.92,10481.24,61394.68,1607.76,777.99,829.77,2-wheeler,9,300,medium,3,0.18,0.82,3.02,80.3,0.97,0.03,0.0,home/slow-dominant,0.1,11173.74,6354.04,21677.71,3766.41,145825.2,228662.77,66967.66,0.91,39.51,41.6,356516.01,4148.85,1200.6000000000001,696.0,8.2616,1.2047402298850574,7.056859770114942,2.32,4.002000000000001,561073.5,287395.05,273678.45,119.6864929083121,5116.223333333333,0.09537586206896552,2.7659,8297.7,23.08899518335796,8.79,0.9,120.05999999999999,2.188888888888889,5.818840579710144,54.58515283842795,4819.7,66214.38,72.036,700.191
630,15,4500,petrol,18.5,106.96,0.175,6.28,0.68,2.31,26017.3,4945.5,21071.8,561.89,535.5,26.39,2-wheeler,6,300,low,2,0.07,0.93,2.6,82.7,0.85,0.15,0.02,home/slow-dominant,0.32,9931.98,4999.92,21551.67,4395.87,146750.55,219936.32,26883.03,1.92,1.26,14.1,155966.82,131.95,787.5,243.24324324324326,5.781622222222222,1.099,4.682622222222222,0.8108108108108109,2.625,326496.94999999995,243715.88,82781.06999999995,37.63865377032768,1755.9833333333333,0.005864444444444445,0.08796666666666667,263.9,0.7343222614565681,6.58,0.9,78.74999999999999,2.883333333333333,4.725714285714286,80.78602620087337,4932.0599999999995,26003.86,236.25,364.14
631,21,6300,diesel,18.2,91.22,0.145,6.98,0.595,2.68,31576.15,6376.23,25199.92,927.69,543.53,384.16,4-wheeler,9,300,low,2,0.3,0.7,36.42,76.9,0.76,0.24,0.09,home/slow-dominant,0.31,19390.07,11199.52,98394.24,12674.07,855796.81,1375003.72,35925.28,11.71,18.29,31.0,278020.64,1920.8,913.4999999999999,346.1538461538462,5.012087301587302,1.0121,3.9999873015873018,1.153846153846154,3.0449999999999995,1110627.9100000001,1351814.16,-241186.24999999977,-17.540770726060273,2099.9933333333333,0.060977777777777784,1.2805333333333335,3841.6000000000004,10.689550585871741,7.460000000000001,0.9,91.34999999999997,2.566666666666666,5.30344827586207,79.47598253275109,8190.549999999999,33390.47,438.4799999999999,375.03569999999996
632,54,16200,petrol,12.4,99.66,0.111,6.09,0.705,2.31,130200.97,10951.04,119249.93,3017.9,1267.73,1750.17,4-wheeler,11,300,medium,4,0.33,0.67,56.61,79.1,0.72,0.28,0.12,home/slow-dominant,0.4,20998.66,11402.16,109630.98,12525.97,875610.46,1397162.84,131351.62,3.14,83.34,72.0,766389.08,8750.85,1798.2,1306.4516129032259,8.037096913580246,0.6759901234567902,7.361106790123456,4.35483870967742,5.994,1631608.6099999999,1386771.8900000001,244836.71999999974,17.523849975855335,9937.494166666665,0.10803518518518519,5.8339,17501.7,48.6998405582964,6.6499999999999995,0.9,179.81999999999996,1.9000000000000006,7.126126126126126,54.14847161572053,9596.5,128846.43,1006.9920000000001,760.638
633,99,29700,petrol,14.8,107.54,0.176,7.58,0.664,2.31,215806.62,39622.18,176184.44,4635.61,3470.86,1164.75,4-wheeler,9,300,high,4,0.58,0.42,45.38,74.2,0.88,0.12,0.06,home/slow-dominant,0.33,19501.83,11421.15,109927.73,11392.84,838012.59,1313789.0,186543.69,1.96,55.46,58.1,1042646.18,5823.75,5227.2,2006.7567567567567,7.266216161616161,1.3340801346801348,5.932136026936027,6.689189189189189,17.424,2014554.8399999999,1447685.0799999998,566869.76,43.14770179990851,14682.036666666667,0.03921717171717172,3.8825,11647.5,32.41007404439324,7.82,0.9,522.7199999999999,2.8666666666666663,4.215909090909091,64.62882096069869,8080.680000000002,184265.12,1254.528,2325.4762
634,86,25800,diesel,20.0,97.72,0.14,8.29,0.762,2.68,126058.8,29943.48,96115.32,3457.2,2752.34,704.86,4-wheeler,9,300,high,4,0.63,0.37,37.65,77.9,0.58,0.42,0.22,mixed,0.35,19092.52,11096.94,96133.94,13095.42,906085.38,1368553.88,106729.98,3.43,33.56,44.4,629783.84,3524.3,3612.0000000000005,1290.0,4.886,1.1606,3.7254,4.3,12.040000000000001,1631841.98,1464526.62,167315.35999999987,12.225704990146232,8009.610000000001,0.027320155038759692,2.3495333333333335,7048.6,19.61327734786952,9.129999999999999,0.9,361.2,2.455555555555555,5.564285714285714,87.33624454148472,7995.58,104110.90000000001,3034.0800000000004,1789.0210000000002
635,13,3900,petrol,13.5,101.04,0.115,6.6,0.65,2.31,29189.33,2960.1,26229.23,667.33,291.53,375.8,2-wheeler,8,300,low,2,0.08,0.92,5.27,84.8,0.87,0.13,0.02,home/slow-dominant,0.39,10399.24,6032.9,24046.7,3558.01,150615.22,261466.44,31307.17,2.77,17.9,33.2,180582.55,1879.0,448.5,288.8888888888889,7.484443589743591,0.759,6.72544358974359,0.962962962962963,1.495,348558.07,278826.73,69731.34000000003,26.669327046331464,2185.7691666666665,0.09635897435897436,1.2526666666666666,3758.0,10.456927088115888,6.859999999999999,0.9,44.84999999999999,1.9000000000000004,7.37391304347826,58.951965065502186,4366.34,30595.57,116.61,177.83329999999998
636,40,12000,petrol,19.4,101.39,0.184,8.44,0.767,2.31,62715.46,18635.52,44079.94,1428.87,1693.54,-264.67,4-wheeler,7,300,medium,3,0.46,0.54,23.84,77.1,0.79,0.21,0.04,home/slow-dominant,0.44,18125.23,11016.77,99341.74,12872.41,901160.67,1391890.8,53762.88,7.28,-12.6,13.7,368156.14,-1323.35,2208.0,618.5567010309279,5.226288333333334,1.5529600000000001,3.6733283333333335,2.061855670103093,7.36,1305364.12,1427938.1,-122573.97999999998,-8.806292849985068,3673.3283333333334,-0.022055833333333334,-0.8822333333333334,-2646.7000000000003,-7.364648463043194,8.86,0.9,220.79999999999995,3.2714285714285722,4.190217391304348,84.71615720524017,7108.459999999999,51188.4,927.36,948.3824000000001
637,94,28200,diesel,15.2,90.94,0.149,7.37,0.596,2.68,168717.63,30967.27,137750.36,4972.11,2504.27,2467.84,4-wheeler,8,300,high,5,0.62,0.38,29.99,83.0,0.83,0.17,0.02,home/slow-dominant,0.15,19022.42,10064.4,105339.26,13962.07,883520.46,1401785.99,149500.79,2.76,117.52,71.4,852843.21,12339.2,4201.8,1855.2631578947369,5.982894680851064,1.0981301418439717,4.884764539007093,6.184210526315789,14.006,1822220.71,1487643.0099999998,334577.7000000002,23.86795861756331,11479.196666666665,0.08751205673758866,8.226133333333333,24678.4,68.66956611265545,7.71,0.9,420.17999999999995,2.125,5.570469798657718,66.37554585152839,8958.019999999999,146708.37999999998,1428.612,2128.6295
638,83,24900,petrol,14.1,106.31,0.127,6.85,0.751,2.31,187738.94,21661.76,166077.18,4079.36,2374.89,1704.47,4-wheeler,9,300,high,3,0.44,0.56,43.5,76.5,0.75,0.25,0.07,home/slow-dominant,0.43,17607.13,10666.63,100071.66,14330.02,893192.28,1389900.73,175883.68,2.26,81.17,72.3,979490.06,8522.35,3162.3,1765.9574468085107,7.539716465863454,0.8699502008032128,6.669766265060241,5.886524822695035,10.541,1919922.6300000001,1437141.0,482781.6300000001,34.73497204365093,13839.765,0.06845261044176706,5.681566666666667,17044.7,47.4282025382674,7.35,0.9,316.22999999999996,2.611111111111111,6.0236220472440944,61.572052401746724,6940.500000000002,173017.68,1581.15,1353.6873
639,42,12600,petrol,20.0,104.49,0.138,8.66,0.599,2.31,65828.7,15058.01,50770.69,1455.3,1041.54,413.76,4-wheeler,8,300,medium,3,0.22,0.78,45.39,79.2,0.87,0.13,0.02,home/slow-dominant,0.41,16923.73,11493.05,109516.31,14003.16,908669.46,1410380.35,59002.0,6.65,19.7,35.0,404526.31,2068.8,1738.8000000000002,630.0,5.2245,1.1950801587301587,4.029419841269841,2.1,5.796,1322431.6099999999,1419616.1800000002,-97184.5700000003,-6.890663926223893,4230.890833333334,0.032838095238095236,1.3792,4137.6,11.513193592280016,8.92,0.9,173.87999999999997,2.5999999999999996,5.739130434782608,87.33624454148472,5430.68,56201.37,452.0880000000001,614.5086000000001
640,15,4500,petrol,18.9,103.47,0.117,7.94,0.658,2.31,24635.71,4180.41,20455.3,550.0,346.44,203.56,2-wheeler,7,300,low,3,0.23,0.77,2.14,84.7,0.97,0.03,0.0,home/slow-dominant,0.19,10850.98,5271.81,11522.56,2075.46,153161.15,183326.11,26449.56,0.7,9.69,18.2,143770.36,1017.8,526.5,238.0952380952381,5.474602222222222,0.9289799999999999,4.545622222222222,0.7936507936507937,1.755,330594.6,216989.19,113605.40999999997,61.96902885246405,1704.6083333333333,0.04523555555555556,0.6785333333333333,2035.6,5.664215215691512,8.0,0.9,52.64999999999999,2.1857142857142855,7.2393162393162385,82.53275109170306,5579.169999999999,26034.469999999998,31.59,280.6164
641,71,21300,petrol,17.0,101.94,0.174,7.06,0.712,2.31,127724.82,26165.77,101559.05,2894.29,2638.81,255.48,2-wheeler,8,300,high,5,0.56,0.44,3.41,76.8,0.76,0.24,0.05,home/slow-dominant,0.16,9965.19,6532.48,17466.2,3988.24,90422.03,156053.32,105789.41,0.46,12.17,19.8,546413.25,1277.4,3706.2,1252.9411764705883,5.996470422535212,1.2284399061032865,4.768030516431925,4.176470588235294,12.354,778872.0800000001,298090.13,480781.95000000007,308.0882547067887,8463.254166666668,0.011994366197183097,0.8515999999999999,2554.7999999999997,7.108929570175218,7.539999999999999,0.9,370.6199999999999,2.9000000000000004,4.413793103448277,74.23580786026201,3432.710000000001,104991.76000000001,1778.9759999999999,2216.6004
642,99,29700,petrol,14.1,99.54,0.134,8.7,0.593,2.31,209669.36,34624.26,175045.1,4865.74,2360.02,2505.72,4-wheeler,11,300,high,5,0.58,0.42,46.67,76.7,0.69,0.31,0.04,mixed,0.42,21146.09,11308.04,101420.72,11321.29,863865.96,1374312.1,187147.41,2.19,119.32,79.9,1037157.77,12528.6,3979.8,2106.3829787234044,7.0595744107744105,1.1658000000000002,5.8937744107744106,7.021276595744681,13.266,2017943.21,1491231.59,526711.6199999999,38.32547352235346,14587.091666666667,0.08436767676767676,8.3524,25057.199999999997,69.72360655464009,9.319999999999999,0.9,397.9799999999999,2.1181818181818177,5.723880597014925,61.572052401746724,9838.05,184883.15,2467.476,1368.8116000000002
643,49,14700,petrol,16.6,102.83,0.121,7.8,0.744,2.31,91060.3,13873.86,77186.44,2045.6,1323.35,722.25,2-wheeler,7,300,medium,3,0.46,0.54,4.44,84.4,0.76,0.24,0.03,home/slow-dominant,0.09,9483.11,5272.42,14890.35,4278.49,92046.05,204894.62,82252.83,1.19,34.39,37.1,426154.5,3611.25,1778.7,885.5421686746987,6.1945782312925175,0.9438000000000001,5.250778231292517,2.9518072289156625,5.929,594763.1000000001,281457.18000000005,313305.92000000004,152.9107596871016,6432.203333333334,0.04913265306122449,2.4075,7222.5,20.09716761413438,8.28,0.9,177.86999999999998,2.2285714285714278,6.975206611570249,72.48908296943233,4210.6900000000005,81397.13,853.776,1204.2485
644,21,6300,petrol,18.7,107.96,0.161,6.75,0.708,2.31,36371.55,6846.53,29525.02,778.24,718.12,60.12,2-wheeler,4,300,low,2,0.27,0.73,4.23,83.4,0.83,0.17,0.02,home/slow-dominant,0.29,6585.84,4293.08,19683.01,3027.36,103629.94,167233.07,32423.25,1.35,2.86,14.4,181799.26,300.6,1014.3000000000001,336.89839572192517,5.773261904761905,1.0867507936507936,4.686511111111112,1.1229946524064172,3.3810000000000002,318416.89,200220.75,118196.14000000001,70.67749219696799,2460.4183333333335,0.009542857142857143,0.2004,601.1999999999999,1.672885727880594,7.09,0.9,101.42999999999998,4.149999999999999,5.180124223602485,81.6593886462882,2292.76,31817.78,344.862,509.86519999999996
645,19,5700,petrol,17.9,101.27,0.177,7.93,0.564,2.31,32247.99,8000.58,24247.41,735.59,569.02,166.57,2-wheeler,5,300,low,2,0.07,0.93,3.12,83.8,0.87,0.13,0.01,home/slow-dominant,0.24,7243.06,5137.12,11965.84,2030.0,100605.88,177748.6,26759.35,2.44,7.93,17.6,145762.59,832.85,1008.9,318.43575418994413,5.6575421052631585,1.4036105263157894,4.253931578947369,1.0614525139664805,3.363,298061.13,229441.26,68619.87,38.60501292274594,2020.6175,0.02922280701754386,0.5552333333333334,1665.6999999999998,4.634939715453601,8.19,0.9,100.88999999999997,3.2400000000000007,4.734463276836158,78.16593886462881,2105.9400000000005,26353.35,262.314,432.4552
646,72,21600,petrol,17.9,99.56,0.15,8.21,0.716,2.31,120139.44,26600.4,93539.04,2787.49,2319.84,467.65,fleet/commercial,3,300,high,4,0.41,0.59,44.68,91.3,0.51,0.49,0.24,mixed,0.24,23425.62,14841.18,185749.94,27448.2,1794673.74,2716106.01,107613.12,6.84,22.27,32.5,723815.54,2338.25,3240.0,1206.7039106145253,5.5620111111111115,1.2315,4.330511111111111,4.022346368715084,10.8,2512499.04,2710115.7699999996,-197616.72999999952,-7.275737002621614,7794.919999999999,0.02165046296296296,1.5588333333333333,4676.5,13.012724727933461,9.190000000000001,0.9,323.99999999999994,2.900000000000001,6.086666666666666,78.16593886462881,8584.439999999999,102123.48,3175.2,1763.0784
647,114,34200,petrol,12.5,103.33,0.155,8.35,0.555,2.31,282710.88,44263.35,238447.53,6320.16,2942.06,3378.1,4-wheeler,13,300,high,3,0.57,0.43,38.23,70.0,0.85,0.15,0.04,home/slow-dominant,0.48,21149.74,12634.71,109708.88,13456.03,890934.83,1347719.88,249653.77,1.39,160.86,84.3,1357977.73,16890.5,5301.0,2736.0,8.2664,1.29425,6.972150000000001,9.12,17.67,2410237.93,1509045.2699999998,901192.6600000004,66.86795033401158,19870.6275,0.09877485380116958,11.260333333333334,33781.0,93.99825810634455,8.649999999999999,0.9,530.0999999999999,2.3076923076923075,4.516129032258064,54.58515283842795,8515.030000000002,246962.56,1590.3,1529.8712
648,84,25200,petrol,15.0,104.95,0.174,6.68,0.552,2.31,176316.0,29290.46,147025.54,3880.8,2420.41,1460.39,4-wheeler,6,300,high,4,0.43,0.57,26.89,80.3,0.59,0.41,0.12,mixed,0.18,16472.44,9935.46,107068.38,12418.9,852663.58,1364031.99,156046.3,2.59,69.54,60.6,887299.88,7301.95,4384.799999999999,1680.0,6.996666666666667,1.1623198412698412,5.834346825396826,5.6,14.615999999999998,1816605.7799999998,1440674.31,375931.46999999974,27.560311836967973,12252.128333333334,0.05795198412698413,4.867966666666667,14603.900000000001,40.636486828668346,7.5,0.9,438.47999999999985,3.2833333333333337,4.614942528735632,65.50218340611355,6536.98,153562.52000000002,3595.535999999999,1984.7362
649,21,6300,petrol,15.9,106.6,0.135,7.97,0.605,2.31,42237.74,6778.48,35459.26,915.28,514.55,400.73,4-wheeler,7,300,low,2,0.15,0.85,58.01,79.6,0.58,0.42,0.05,mixed,0.19,17733.59,11055.35,107900.25,11122.91,841997.59,1321370.23,44362.08,8.37,19.08,28.3,329710.65,2003.65,850.5,396.2264150943396,6.704403174603175,1.0759492063492062,5.628453968253968,1.320754716981132,2.835,1141854.24,1291516.22,-149661.97999999998,-11.326271517408108,2954.9383333333335,0.06360793650793652,1.3357666666666668,4007.3,11.150623714796914,8.809999999999999,0.9,85.04999999999998,2.914285714285715,5.8962962962962955,69.43231441048036,6678.24,42137.5,714.42,416.7855
650,106,31800,diesel,19.9,90.15,0.134,7.64,0.629,2.68,144058.79,32555.57,111503.22,4282.61,2680.29,1602.32,4-wheeler,5,300,high,3,0.54,0.46,40.06,86.0,0.76,0.24,0.07,home/slow-dominant,0.49,16917.36,10152.21,100394.55,13149.24,836729.75,1307942.42,120898.22,3.07,76.3,71.7,704885.65,8011.6,4261.2,1597.9899497487438,4.5301506289308175,1.0237600628930819,3.5063905660377355,5.326633165829146,14.203999999999999,1641610.5,1407937.5299999998,233672.9700000002,17.865692436215976,9291.935,0.050387421383647796,5.341066666666666,16023.199999999999,44.585799392841544,8.120000000000001,0.9,426.1199999999999,2.8,6.4179104477611935,86.8995633187773,6765.1500000000015,118268.37,2045.3759999999997,1366.9479000000001
651,90,27000,petrol,16.8,103.64,0.122,8.56,0.584,2.31,166564.29,28196.64,138367.65,3712.5,1923.7,1788.8,2-wheeler,8,300,high,4,0.5,0.5,3.11,80.4,0.87,0.13,0.01,home/slow-dominant,0.46,10359.62,6568.36,14873.3,5192.9,132423.61,165532.9,143197.49,0.13,85.18,74.6,730860.75,8944.0,3294.0,1607.142857142857,6.169047777777778,1.04432,5.124727777777778,5.357142857142857,10.98,1017043.16,319291.7,697751.46,421.5182963628378,11530.637499999999,0.06625185185185185,5.962666666666666,17888.0,49.77475033321368,8.82,0.9,329.3999999999999,2.4499999999999993,6.59016393442623,73.36244541484717,3791.260000000001,142158.91,856.44,1038.798
652,39,11700,petrol,19.6,102.54,0.187,8.59,0.751,2.31,61210.1,18794.06,42416.04,1378.93,1643.11,-264.18,4-wheeler,7,300,medium,3,0.4,0.6,51.12,78.2,0.64,0.36,0.18,mixed,0.38,17293.64,11274.71,102755.73,13385.52,901625.1,1423480.01,51112.07,8.2,-12.58,12.0,358316.08,-1320.9,2187.9,596.938775510204,5.231632478632479,1.6063299145299146,3.6253025641025642,1.9897959183673466,7.293,1294143.7999999998,1457682.61,-163538.8100000003,-11.48866221170189,3534.67,-0.02257948717948718,-0.8806,-2641.8,-7.3510138321938685,9.31,0.9,218.78999999999996,3.114285714285714,4.181818181818182,85.58951965065503,6018.93,48434.97,1575.288,1018.7281999999999
653,103,30900,diesel,16.5,97.79,0.18,6.62,0.633,2.68,183134.0,36820.44,146313.56,5018.91,3520.75,1498.16,4-wheeler,9,300,high,5,0.41,0.59,40.92,73.2,0.86,0.14,0.04,home/slow-dominant,0.29,18802.36,10699.51,95685.9,14886.6,842874.28,1372040.2,157393.73,2.75,71.34,64.4,882654.55,7490.8,5562.0,1872.7272727272727,5.926666666666667,1.1916,4.7350666666666665,6.242424242424242,18.54,1852556.08,1499067.45,353488.6300000001,25.763722520666676,12192.796666666667,0.04848414239482201,4.993866666666667,14981.6,41.6874664351562,6.9,0.9,556.1999999999999,2.9777777777777774,4.066666666666666,72.0524017467249,8102.85,154416.41,1557.3600000000001,2499.7325
654,82,24600,petrol,12.6,100.63,0.164,6.39,0.552,2.31,196468.1,25779.82,170688.28,4510.0,2226.99,2283.01,4-wheeler,9,300,high,3,0.5,0.5,33.78,72.3,0.87,0.13,0.04,home/slow-dominant,0.2,18844.64,10811.33,109180.37,11545.8,857314.72,1304883.87,181030.75,1.87,108.71,71.2,1014334.12,11415.05,4034.4,1952.3809523809525,7.986508130081301,1.047960162601626,6.938547967479675,6.507936507936509,13.448,1933878.42,1367113.45,566764.97,43.434131038802704,14224.023333333333,0.09280528455284554,7.610033333333334,22830.100000000002,63.526527704735116,6.6499999999999995,0.9,403.43999999999994,3.077777777777778,4.408536585365853,55.02183406113538,8033.3099999999995,178721.59,1048.944,1781.5919999999999
655,84,25200,petrol,13.1,107.43,0.152,7.79,0.608,2.31,206659.24,29838.82,176820.42,4443.66,2328.88,2114.78,4-wheeler,9,300,high,4,0.62,0.38,52.85,78.1,0.69,0.31,0.13,mixed,0.23,18792.58,10681.17,97156.78,13273.22,835380.03,1312147.09,187586.47,2.02,100.7,71.2,1035089.13,10573.9,3830.4,1923.6641221374045,8.200763492063492,1.1840801587301588,7.016683333333334,6.412213740458015,12.768,1962639.1300000001,1404317.04,558322.0900000001,42.55026698264446,14735.035000000002,0.08391984126984128,7.049266666666667,21147.800000000003,58.84539719905727,8.41,0.9,383.0399999999999,2.433333333333334,5.138157894736842,57.20524017467249,8111.410000000002,184931.83000000002,2374.848,1793.2376000000002
656,22,6600,diesel,21.9,92.56,0.118,7.0,0.619,2.68,27894.79,5451.6,22443.19,807.67,482.08,325.59,2-wheeler,5,300,low,2,0.11,0.89,5.04,86.4,0.95,0.05,0.0,home/slow-dominant,0.47,7071.06,4188.18,23545.2,4692.5,127235.75,182131.88,26264.57,1.19,15.5,32.8,154868.05,1627.95,778.8,301.36986301369865,4.226483333333333,0.8260000000000001,3.4004833333333333,1.0045662100456623,2.5959999999999996,302065.0,202093.08,99971.92000000001,54.88985234215998,1870.2658333333331,0.04933181818181818,1.0853,3255.8999999999996,9.059794812718605,7.1,0.9,77.87999999999998,2.719999999999999,7.322033898305086,95.63318777292577,2882.88,25326.07,77.88,255.5024
657,36,10800,petrol,16.7,100.23,0.15,7.38,0.727,2.31,64819.4,11955.6,52863.8,1493.89,1177.74,316.15,4-wheeler,7,300,medium,3,0.5,0.5,47.57,81.7,0.68,0.32,0.07,mixed,0.11,16054.14,10892.87,96253.73,13102.16,897753.8,1402248.37,60645.5,6.73,15.05,21.4,399481.23,1580.75,1620.0,646.7065868263473,6.0017962962962965,1.107,4.894796296296296,2.155688622754491,5.4,1302121.5,1407134.8300000003,-105013.33000000031,-7.488925089640168,4405.316666666667,0.029273148148148145,1.0538333333333332,3161.5,8.79711947553975,8.02,0.9,161.99999999999997,2.614285714285714,5.446666666666667,72.92576419213974,5161.269999999999,58025.07,1036.8,1048.1886
658,89,26700,diesel,21.5,93.14,0.17,8.16,0.565,2.68,115666.88,37038.24,78628.64,3328.19,2564.53,763.66,4-wheeler,7,300,high,4,0.49,0.51,23.78,77.0,0.81,0.19,0.06,home/slow-dominant,0.2,16284.4,11228.25,107339.37,11364.27,861262.11,1367349.98,85957.64,4.64,36.36,42.6,537127.57,3818.3,4539.0,1241.860465116279,4.332092883895132,1.3872,2.9448928838951316,4.1395348837209305,15.13,1521018.51,1489978.79,31039.719999999972,2.270064025597892,6552.386666666666,0.02860149812734082,2.545533333333333,7636.599999999999,21.249433049788664,8.540000000000001,0.9,453.8999999999999,3.2857142857142856,4.529411764705882,93.88646288209608,5056.15,83684.79,1724.82,2051.6240000000003
659,99,29700,diesel,15.8,96.73,0.135,6.91,0.682,2.68,181827.91,27705.65,154122.26,5037.72,2734.48,2303.24,4-wheeler,9,300,high,4,0.39,0.61,43.52,77.7,0.72,0.28,0.13,home/slow-dominant,0.09,17793.74,10763.94,97279.44,13331.54,905536.58,1353915.22,163818.37,2.14,109.68,68.0,916371.29,11516.2,4009.5000000000005,1879.746835443038,6.122151851851852,0.9328501683501684,5.189301683501683,6.265822784810126,13.365000000000002,1903644.83,1435652.19,467992.64000000013,34.565874811570566,12843.521666666667,0.07755016835016834,7.677466666666666,23032.399999999998,64.08944317837157,7.470000000000001,0.9,400.94999999999993,2.4777777777777774,5.7555555555555555,68.99563318777294,7029.800000000001,161152.06,2245.3200000000006,2488.3768
660,40,12000,diesel,15.2,96.1,0.167,8.03,0.553,2.68,75868.42,16092.12,59776.3,2115.79,1108.21,1007.58,4-wheeler,10,300,medium,2,0.53,0.47,51.01,73.4,0.59,0.41,0.15,mixed,0.2,19991.75,12021.46,95571.97,13446.95,857957.8,1339657.13,70435.98,5.48,47.98,50.5,447751.87,5037.9,2004.0000000000002,789.4736842105264,6.322368333333333,1.34101,4.9813583333333336,2.6315789473684212,6.680000000000001,1337258.65,1371206.1099999999,-33947.45999999996,-2.5340409303087847,4981.358333333334,0.083965,3.3586,10075.800000000001,28.036696635028758,8.849999999999998,0.9,200.39999999999998,2.6599999999999993,4.395209580838324,66.37554585152839,7970.290000000001,67746.59,1643.2800000000002,886.5680000000001
661,91,27300,petrol,13.7,102.43,0.146,6.41,0.766,2.31,204112.34,25548.98,178563.36,4603.14,3053.12,1550.02,4-wheeler,10,300,high,4,0.58,0.42,27.19,75.9,0.87,0.13,0.02,home/slow-dominant,0.48,18791.8,12372.78,105792.34,13914.84,872349.26,1361146.87,187765.35,2.04,73.81,70.8,1044619.09,7750.1,3985.7999999999997,1992.7007299270074,7.476642490842491,0.9358600732600733,6.540782417582418,6.642335766423358,13.286,1986869.96,1431048.49,555821.47,40.83479029709703,14880.279999999999,0.056777289377289375,5.166733333333333,15500.2,43.130511243005294,6.67,0.9,398.57999999999987,2.4099999999999993,5.198630136986302,59.82532751091703,6419.019999999999,184982.37999999998,1036.308,1587.6224
662,104,31200,petrol,14.2,99.78,0.119,7.1,0.563,2.31,219234.93,26360.88,192874.05,5075.49,2090.31,2985.18,fleet/commercial,11,300,high,4,0.56,0.44,51.43,78.6,0.33,0.67,0.38,fast-dominant,0.04,31197.31,18861.97,179203.98,27044.85,1834603.44,2864727.97,210618.36,4.04,142.15,70.2,1232295.78,14925.9,3712.7999999999997,2197.1830985915494,7.026760576923077,0.8449,6.181860576923077,7.323943661971831,12.376,3086764.6399999997,2884593.39,202171.24999999953,7.057258214992033,16072.8375,0.09567884615384614,9.9506,29851.8,83.06495371181956,8.440000000000001,0.9,371.2799999999999,1.945454545454546,6.605042016806722,62.00873362445415,12335.34,205209.38999999998,4975.152,2006.6976
663,120,36000,diesel,15.3,91.48,0.174,8.33,0.569,2.68,215247.06,52179.12,163067.94,6305.88,3564.22,2741.66,4-wheeler,8,300,high,4,0.41,0.59,55.53,75.8,0.81,0.19,0.03,home/slow-dominant,0.38,19028.66,10375.67,105717.44,14083.09,883381.34,1375385.27,174537.55,2.21,130.56,79.9,978405.19,13708.3,6264.0,2352.9411764705883,5.9790849999999995,1.4494200000000002,4.529665,7.843137254901961,20.88,2054759.94,1568358.69,486401.25,35.36472729564713,13588.995,0.07615722222222222,9.138866666666667,27416.6,76.28882043747687,8.71,0.9,626.3999999999999,3.0250000000000004,4.35632183908046,66.81222707423582,8652.99,171720.93,2380.32,2209.8163999999997
664,33,9900,diesel,18.8,96.52,0.177,6.25,0.719,2.68,50827.02,10951.88,39875.14,1411.28,1259.9,151.38,2-wheeler,4,300,medium,4,0.5,0.5,2.07,85.0,0.83,0.17,0.03,home/slow-dominant,0.51,8642.14,4082.5,18326.28,4153.78,88532.13,156459.24,45265.54,1.1,7.21,24.8,244653.98,756.9,1752.3,526.595744680851,5.134042424242424,1.106250505050505,4.02779191919192,1.75531914893617,5.841,385877.93,209151.08,176726.85,112.95392333492099,3322.9283333333333,0.015290909090909091,0.5045999999999999,1513.8,4.21226615912449,6.59,0.9,175.22999999999996,3.75,4.80225988700565,82.09606986899564,4559.639999999999,44434.78,595.782,617.351
665,41,12300,diesel,22.7,94.55,0.111,7.44,0.696,2.68,51231.94,10157.83,41074.11,1452.16,950.25,501.91,2-wheeler,5,300,medium,4,0.34,0.66,4.63,89.2,0.75,0.25,0.04,home/slow-dominant,0.17,9303.8,4091.27,11632.11,2363.24,106717.02,175910.48,46759.29,1.23,23.9,32.0,245428.56,2509.55,1365.3,541.8502202643172,4.16519837398374,0.825839837398374,3.339358536585366,1.806167400881057,4.551,409395.72000000003,233160.63,176235.09000000003,100.18453135935961,3422.8425,0.04080569105691057,1.6730333333333334,5019.1,13.966035856296557,7.94,0.9,136.52999999999997,2.1599999999999993,8.036036036036036,99.12663755458514,5212.529999999999,46286.64,682.65,788.7075
666,118,35400,petrol,15.5,99.24,0.163,7.93,0.596,2.31,226651.35,45757.69,180893.66,5275.74,3439.04,1836.7,4-wheeler,7,300,high,4,0.64,0.36,40.0,79.8,0.59,0.41,0.2,mixed,0.28,16702.53,10584.25,108981.95,12616.94,904139.98,1387387.8,189535.33,1.97,87.46,70.2,1056658.6,9183.5,5770.2,2283.8709677419356,6.402580508474577,1.2925901129943504,5.109990395480226,7.612903225806452,19.233999999999998,2120909.38,1547498.61,573410.7699999998,41.33024450697921,15074.471666666666,0.05188418079096045,6.122333333333334,18367.0,51.10760506317843,8.75,0.9,577.0199999999999,2.885714285714286,4.895705521472392,67.68558951965066,6118.279999999999,187011.94,4731.563999999999,2476.1088
667,31,9300,petrol,20.5,102.17,0.168,6.84,0.699,2.31,46350.29,10686.82,35663.47,1047.95,1092.12,-44.17,2-wheeler,4,300,medium,3,0.34,0.66,3.56,86.3,0.86,0.14,0.01,home/slow-dominant,0.55,7523.46,3986.85,16784.71,4604.52,81048.56,145543.87,40120.98,1.19,-2.1,19.4,217389.61,-220.85,1562.4,453.6585365853659,4.983902150537634,1.1491204301075268,3.8347817204301076,1.5121951219512195,5.208,350417.31,197522.99000000002,152894.31999999998,105.05033293398066,2971.9558333333334,-0.004749462365591398,-0.14723333333333333,-441.70000000000005,-1.2290645808464045,7.119999999999999,0.9,156.23999999999998,3.4250000000000007,5.136904761904762,89.51965065502185,3536.61,39200.08,437.4720000000001,491.4539999999999
668,34,10200,petrol,17.6,107.96,0.126,7.73,0.769,2.31,62567.73,9934.6,52633.13,1338.75,988.32,350.43,2-wheeler,8,300,medium,3,0.44,0.56,2.02,81.5,0.91,0.09,0.02,home/slow-dominant,0.57,9721.09,4952.75,21016.71,5313.71,141548.61,236754.1,58464.21,1.27,16.69,37.7,313337.76,1752.15,1285.2,579.5454545454545,6.134091176470589,0.9739803921568628,5.160110784313726,1.9318181818181817,4.284,502992.71,284860.42999999993,218132.2800000001,92.13453114433925,4386.094166666667,0.03435588235294118,1.1681,3504.3,9.750987119447714,7.910000000000001,0.9,128.51999999999998,2.3125,6.4682539682539675,76.85589519650657,4768.34,57401.47,231.336,424.97760000000005
669,28,8400,petrol,19.5,102.01,0.156,6.57,0.669,2.31,43942.77,8609.33,35333.44,995.08,876.66,118.42,2-wheeler,8,300,medium,4,0.06,0.94,4.87,74.5,0.83,0.17,0.0,home/slow-dominant,0.19,11234.9,6865.4,17515.31,1815.79,118504.26,165983.47,40066.1,0.75,5.64,13.3,217845.81,592.1,1310.4,430.7692307692308,5.231282142857142,1.024920238095238,4.206361904761904,1.435897435897436,4.368,394392.61,224026.02,170366.59,102.64069669106206,2944.4533333333334,0.014097619047619048,0.3947333333333333,1184.2,3.2951285411779767,6.91,0.9,131.04,3.1875,4.7756410256410255,85.15283842794761,4369.5,39702.94,445.53600000000006,710.0946
670,35,10500,petrol,17.4,105.49,0.138,8.42,0.674,2.31,63657.76,12200.58,51457.18,1393.97,976.63,417.34,4-wheeler,7,300,medium,3,0.46,0.54,35.67,83.1,0.79,0.21,0.1,home/slow-dominant,0.12,18182.24,10364.66,104065.42,13142.15,869881.65,1360614.85,61903.19,6.25,19.87,26.5,413581.37,2086.7,1449.0000000000002,603.4482758620691,6.062643809523809,1.16196,4.900683809523809,2.0114942528735638,4.830000000000001,1279081.65,1356233.4800000002,-77151.83000000031,-5.670365129411921,4288.098333333333,0.039746666666666666,1.3911333333333333,4173.4,11.612809874811827,8.84,0.9,144.89999999999998,2.414285714285715,6.021739130434782,75.9825327510917,7817.580000000002,59274.76,608.58,859.4344
671,60,18000,petrol,16.9,99.13,0.143,6.23,0.693,2.31,105582.25,16036.02,89546.23,2460.36,1783.78,676.58,2-wheeler,8,300,high,4,0.32,0.68,3.89,80.4,0.91,0.09,0.02,home/slow-dominant,0.17,11343.09,5737.81,14541.6,2750.09,154990.36,237966.39,95701.53,0.72,32.22,38.1,493049.25,3382.9,2574.0,1065.0887573964499,5.865680555555556,0.8908900000000001,4.974790555555556,3.550295857988166,8.58,739617.0599999999,329543.85000000003,410073.2099999999,172.32400340232917,7462.185833333333,0.03758777777777778,2.255266666666667,6765.8,18.826364367422695,6.410000000000001,0.9,257.3999999999999,2.4499999999999993,5.622377622377623,73.79912663755458,5605.28,95151.51,463.32,1480.5374
672,80,24000,petrol,12.9,100.02,0.129,6.26,0.634,2.31,186083.72,19380.96,166702.76,4297.67,1962.86,2334.81,fleet/commercial,13,300,high,5,0.5,0.5,73.87,70.0,0.43,0.57,0.28,mixed,0.21,31590.08,20777.39,178005.4,24901.58,1899553.71,2892759.08,182495.77,4.47,111.18,72.1,1090484.25,11674.05,3096.0,1860.4651162790697,7.753488333333333,0.8075399999999999,6.945948333333334,6.201550387596899,10.32,2987922.71,2890643.85,97278.85999999987,3.362840019155687,13891.896666666667,0.09728375,7.7827,23348.1,64.96790296594959,7.3999999999999995,0.9,309.5999999999999,2.3076923076923075,5.426356589147287,56.33187772925765,10812.690000000002,177515.45,3529.4399999999996,1550.6594
673,116,34800,petrol,17.3,106.74,0.143,7.15,0.773,2.31,214713.99,35581.26,179132.73,4646.71,3846.76,799.95,2-wheeler,7,300,high,4,0.37,0.63,4.46,79.3,0.86,0.14,0.0,home/slow-dominant,0.43,10370.82,4934.38,18138.55,3523.24,106586.72,204752.48,185273.82,0.43,38.09,50.6,944507.65,3999.75,4976.4,2011.5606936416184,6.16994224137931,1.02245,5.14749224137931,6.705202312138728,16.587999999999997,1232010.77,385668.8900000001,846341.8799999999,413.34878092807463,14927.7275,0.022987068965517242,2.6665,7999.5,22.25923050595611,7.43,0.9,497.6399999999999,2.9571428571428577,5.545454545454545,75.54585152838429,5436.44,184569.17,1393.392,2192.6532
674,20,6000,petrol,13.8,99.67,0.184,8.68,0.648,2.31,43334.78,9582.72,33752.06,1004.35,715.39,288.96,2-wheeler,14,300,low,3,0.25,0.75,5.35,70.0,0.96,0.04,0.0,home/slow-dominant,0.45,14034.19,7902.78,16603.28,3924.36,117119.92,231642.04,40668.34,2.41,13.76,30.1,219944.98,1444.8,1104.0,434.78260869565213,7.222463333333333,1.5971199999999999,5.625343333333333,1.4492753623188404,3.68,403964.76999999996,298541.9,105422.86999999994,45.51111274965457,2812.6716666666666,0.048159999999999994,0.9632,2889.6,8.040536592288364,8.759999999999998,0.9,110.39999999999998,2.142857142857143,3.8043478260869565,60.26200873362446,6131.410000000001,39883.47,88.32000000000001,393.46450000000004
675,48,14400,petrol,16.0,107.02,0.184,8.91,0.777,2.31,96318.0,23607.94,72710.06,2079.0,2058.74,20.26,4-wheeler,9,300,medium,2,0.39,0.61,42.19,73.5,0.72,0.28,0.09,home/slow-dominant,0.21,17646.59,11967.82,100851.7,11039.09,869284.04,1315404.07,80596.65,4.28,0.96,10.7,503834.95,101.3,2649.6,900.0,6.68875,1.6394402777777777,5.0493097222222225,3.0,8.831999999999999,1439106.99,1381392.08,57714.909999999916,4.387618323242676,6059.171666666666,0.0014069444444444446,0.06753333333333333,202.60000000000002,0.5637502469537731,9.469999999999999,0.9,264.9599999999999,2.9444444444444446,3.994565217391304,69.86899563318778,5678.77,78388.83,1483.776,1626.4045999999998
676,104,31200,diesel,22.2,94.75,0.115,7.76,0.642,2.68,133162.16,27842.88,105319.28,3766.49,2303.5,1462.99,fleet/commercial,1,300,high,4,0.49,0.51,59.99,97.9,0.33,0.67,0.47,fast-dominant,0.06,23357.77,14072.33,185088.51,27120.83,1897625.39,2797420.1,120028.89,5.95,69.67,57.1,785232.96,7314.95,3588.0,1405.4054054054054,4.268017948717949,0.8924000000000001,3.3756179487179487,4.684684684684685,11.96,2680225.04,2794786.8099999996,-114561.76999999955,-4.095265133756619,8776.606666666667,0.04689070512820513,4.876633333333333,14629.9,40.7088338495015,9.1,0.9,358.7999999999999,2.0999999999999943,8.51304347826087,96.94323144104804,9285.44,114604.72,4807.92,2165.29
677,33,9900,petrol,20.4,105.75,0.137,7.42,0.726,2.31,51319.85,10063.75,41256.1,1121.03,984.67,136.36,2-wheeler,6,300,medium,3,0.3,0.7,5.34,82.5,0.8,0.2,0.01,home/slow-dominant,0.34,8820.85,5453.76,20357.6,4779.53,98787.62,155624.06,45579.1,0.8,6.49,18.7,248253.1,681.8,1356.3000000000002,485.29411764705884,5.183823232323232,1.016540404040404,4.167282828282828,1.6176470588235294,4.521000000000001,399491.12,208074.47999999998,191416.64,122.99938711276394,3438.008333333333,0.013773737373737376,0.4545333333333334,1363.6000000000001,3.7943229849267768,7.82,0.9,135.63,2.9166666666666665,6.021897810218977,89.08296943231441,3367.09,44623.19,542.5200000000001,649.8821999999999
678,28,8400,petrol,16.2,106.24,0.186,7.11,0.771,2.31,55087.41,11108.66,43978.75,1197.78,1204.61,-6.83,2-wheeler,8,300,medium,4,0.24,0.76,4.25,72.8,0.82,0.18,0.03,home/slow-dominant,0.3,11689.32,5794.45,10688.8,5362.04,135461.27,204942.5,50946.03,1.15,-0.33,12.6,265418.95,-34.15,1562.4,518.5185185185186,6.558025000000001,1.3224595238095238,5.235565476190477,1.7283950617283954,5.208,469344.92000000004,273407.21,195937.71000000002,95.60618710126012,3664.8958333333335,-0.0008130952380952381,-0.022766666666666668,-68.3,-0.1900500585732611,7.47,0.9,156.23999999999998,3.4000000000000004,3.913978494623656,70.74235807860262,5894.87,49873.62,562.464,843.2269999999999
679,65,19500,diesel,15.4,89.09,0.15,7.51,0.699,2.68,112808.77,21966.75,90842.02,3393.51,2044.57,1348.94,fleet/commercial,10,300,high,5,0.35,0.65,54.91,77.0,0.17,0.83,0.55,fast-dominant,0.09,28533.41,17903.1,180081.17,24722.57,1789726.58,2809265.05,106416.84,7.89,64.24,55.6,712165.37,6744.7,2925.0,1266.2337662337661,5.785065128205129,1.1265,4.658565128205129,4.22077922077922,9.75,2496437.48,2803810.56,-307373.0800000001,-10.941405475428532,7570.168333333334,0.06917641025641026,4.496466666666667,13489.400000000001,37.53530395487772,9.169999999999998,0.9,292.49999999999994,2.3,5.133333333333334,67.24890829694323,10630.310000000001,101472.33,4855.5,1860.5587
680,60,18000,petrol,18.2,99.39,0.116,8.6,0.728,2.31,98297.8,17956.8,80341.0,2284.62,1520.06,764.56,4-wheeler,7,300,high,4,0.28,0.72,26.81,85.4,0.77,0.23,0.1,home/slow-dominant,0.26,18103.51,10207.22,101176.47,13378.21,865857.72,1388822.82,90912.93,4.64,36.41,44.6,555741.12,3822.8,2088.0,989.0109890109891,5.460988888888889,0.9975999999999999,4.463388888888889,3.296703296703297,6.96,1447864.27,1415088.24,32776.03000000003,2.3599864236101786,6695.083333333333,0.04247555555555555,2.5485333333333333,7645.599999999999,21.274476249307835,9.06,0.9,208.79999999999995,2.085714285714285,7.362068965517242,79.47598253275109,7896.289999999999,88237.29,960.48,1124.8444
681,78,23400,petrol,20.9,103.14,0.146,6.86,0.686,2.31,115477.32,23436.5,92040.82,2586.32,2343.65,242.67,fleet/commercial,4,300,high,4,0.46,0.54,82.13,87.0,0.25,0.75,0.28,mixed,0.07,24951.96,15564.7,176453.38,25706.5,1867427.78,2906312.56,106569.38,8.09,11.56,16.4,709300.28,1213.35,3416.3999999999996,1119.6172248803828,4.934928205128205,1.001559829059829,3.933368376068376,3.7320574162679425,11.387999999999998,2569574.18,2899158.68,-329584.5,-11.340297823989035,7670.068333333334,0.01037051282051282,0.8089,2426.7,6.75248136368569,8.36,0.9,341.6399999999999,3.25,5.958904109589041,91.26637554585153,9387.259999999998,101428.08,5124.599999999999,2179.5945
682,72,21600,diesel,17.4,89.28,0.172,6.25,0.758,2.68,110830.34,23220.0,87610.34,3326.9,2816.12,510.78,4-wheeler,5,300,high,4,0.36,0.64,35.76,83.8,0.66,0.34,0.17,mixed,0.17,16535.16,9972.55,98538.51,12339.31,851415.14,1359902.76,96640.81,4.24,24.32,32.4,581742.56,2553.9,3715.2,1241.3793103448277,5.131034259259259,1.075,4.056034259259259,4.137931034482759,12.383999999999999,1488242.6400000001,1414987.69,73254.95000000019,5.386778537018352,7300.861666666667,0.023647222222222222,1.7026,5107.799999999999,14.212850500446603,6.93,0.9,371.5199999999999,3.2400000000000007,4.872093023255814,75.9825327510917,6562.610000000001,94172.95,2526.3360000000002,2337.3795999999998
683,96,28800,diesel,19.0,92.33,0.126,8.75,0.741,2.68,139952.84,31752.0,108200.84,4062.32,2688.94,1373.38,4-wheeler,5,300,high,5,0.56,0.44,47.1,86.7,0.82,0.18,0.04,home/slow-dominant,0.18,16511.11,9640.92,95774.63,13262.53,889071.65,1410439.0,117723.54,3.62,65.4,59.0,684392.33,6866.9,3628.8,1515.7894736842106,4.859473611111111,1.1025,3.7569736111111114,5.052631578947369,12.096,1671391.4,1508366.4400000002,163024.95999999973,11.55845520437252,9016.736666666666,0.04768680555555556,4.577933333333334,13733.800000000001,38.215365950709426,9.11,0.9,362.87999999999994,2.6599999999999993,6.8809523809523805,82.96943231441048,6870.1900000000005,115071.03,1306.368,2204.9308
684,65,19500,diesel,18.3,90.04,0.187,8.8,0.677,2.68,95944.26,32089.2,63855.06,2855.74,2468.68,387.06,4-wheeler,5,300,high,4,0.49,0.51,39.89,84.0,0.66,0.34,0.18,mixed,0.16,16748.38,10227.76,109943.63,14129.53,837536.62,1317811.69,73201.59,5.06,18.43,26.6,475951.58,1935.3,3646.5,1065.5737704918033,4.920218461538461,1.6456,3.274618461538461,3.551912568306011,12.155,1400999.8199999998,1405323.3299999998,-4323.510000000009,-0.3280825350699393,5321.255,0.01984923076923077,1.2902,3870.6,10.770245339877956,9.48,0.9,364.6499999999999,3.2,4.491978609625669,79.91266375545852,6520.620000000001,70375.68,2479.6200000000003,2073.6911999999998
685,62,18600,petrol,14.9,102.06,0.163,7.2,0.739,2.31,127403.76,21828.96,105574.8,2883.62,2240.5,643.12,fleet/commercial,7,300,high,4,0.69,0.31,49.95,82.1,0.25,0.75,0.46,fast-dominant,0.04,26764.84,17797.78,186048.36,24092.21,1897060.64,2807045.06,119360.3,6.07,30.62,33.3,782849.86,3215.6,3031.8,1248.3221476510066,6.849664516129032,1.1736,5.676064516129031,4.1610738255033555,10.106,2667903.6399999997,2795038.1900000004,-127134.55000000075,-4.529123946446401,8797.9,0.034576344086021504,2.1437333333333335,6431.2,17.89531386085442,8.7,0.9,303.17999999999995,2.557142857142858,5.03680981595092,65.06550218340612,8967.060000000001,114541.86,4547.700000000001,2150.88
686,74,22200,diesel,21.6,96.54,0.17,6.3,0.722,2.68,99221.67,23776.2,75445.47,2754.44,2724.83,29.61,4-wheeler,5,300,high,3,0.54,0.46,44.86,82.1,0.61,0.39,0.11,mixed,0.18,16829.52,9134.24,96311.75,14877.6,865795.31,1390588.5,86116.27,4.98,1.41,10.0,526893.1,148.05,3774.0000000000005,1027.7777777777776,4.469444594594594,1.071,3.3984445945945945,3.425925925925925,12.580000000000002,1446051.26,1443951.3499999999,2099.910000000149,0.15100872759987222,6287.1225,0.0013337837837837838,0.0987,296.1,0.8239212641807117,7.08,0.9,377.4,3.580000000000001,4.829411764705882,94.3231441048035,7695.280000000001,83140.75,2943.7200000000003,2234.3606
687,62,18600,petrol,16.3,105.98,0.165,7.95,0.701,2.31,120934.23,24398.55,96535.68,2635.95,2151.37,484.58,4-wheeler,11,300,high,4,0.45,0.55,24.31,70.0,0.82,0.18,0.09,home/slow-dominant,0.1,19414.0,12830.25,95303.74,14239.53,867695.09,1396381.52,105967.34,4.09,23.08,29.3,625140.44,2422.9,3069.0,1141.1042944785277,6.501840322580645,1.31175,5.190090322580645,3.8036809815950923,10.23,1569436.2399999998,1472982.25,96453.98999999976,6.907423839295708,8044.639999999999,0.02605268817204301,1.6152666666666666,4845.8,13.483815136666305,8.31,0.9,306.8999999999999,2.727272727272727,4.242424242424242,71.17903930131006,6583.75,103119.43,1104.84,1936.233
688,47,14100,diesel,15.2,91.04,0.138,8.35,0.769,2.68,84451.58,16247.43,68204.15,2486.05,1496.32,989.73,4-wheeler,9,300,medium,3,0.45,0.55,37.71,72.8,0.6,0.4,0.09,mixed,0.12,17746.73,11736.78,105789.32,14004.61,839262.93,1343867.61,77015.02,5.18,47.13,47.3,490864.42,4948.65,1945.8000000000002,927.6315789473684,5.989473758865248,1.1523,4.837173758865248,3.0921052631578947,6.486000000000001,1350254.48,1363994.73,-13740.25,-1.0224407447397292,5683.679166666666,0.07019361702127659,3.2991,9897.3,27.540006511231873,9.149999999999999,0.9,194.57999999999998,3.0222222222222226,5.275362318840579,66.37554585152839,6009.949999999999,74214.09999999999,1556.6400000000003,1316.7616
689,40,12000,petrol,19.9,100.97,0.117,6.68,0.666,2.31,60886.43,9378.72,51507.71,1392.96,935.06,457.9,4-wheeler,3,300,medium,3,0.29,0.71,42.77,90.8,0.71,0.29,0.06,home/slow-dominant,0.36,14085.88,8780.32,101587.88,14041.55,878576.22,1363624.79,59621.58,6.43,21.8,35.4,399695.78,2289.5,1404.0,603.0150753768845,5.073869166666666,0.7815599999999999,4.292309166666667,2.0100502512562817,4.68,1253437.77,1338790.5599999998,-85352.7899999998,-6.259257724406712,4292.309166666667,0.03815833333333333,1.5263333333333333,4579.0,12.741423399809115,7.26,0.9,140.39999999999998,3.0666666666666678,7.76068376068376,86.8995633187773,5305.5599999999995,56813.27,814.3199999999999,598.4384
690,45,13500,petrol,16.3,104.56,0.144,8.15,0.604,2.31,86598.77,15843.6,70755.17,1913.19,1174.18,739.01,2-wheeler,8,300,medium,2,0.36,0.64,3.53,76.8,0.87,0.13,0.01,home/slow-dominant,0.24,11287.98,6491.62,21801.95,3056.24,152813.56,189482.09,76162.78,0.2,35.19,42.5,402615.85,3695.05,1943.9999999999998,828.2208588957055,6.414723703703704,1.1736,5.241123703703703,2.7607361963190185,6.4799999999999995,642247.31,276300.0,365947.31000000006,193.13029004482695,5896.264166666667,0.05474148148148148,2.4633666666666665,7390.1,20.563527640735824,8.41,0.9,194.39999999999992,2.9000000000000004,5.333333333333334,71.17903930131006,4796.36,75551.53,505.43999999999994,892.3768
691,10,3000,diesel,20.7,92.46,0.131,6.69,0.613,2.68,13400.0,2629.17,10770.83,388.41,240.91,147.5,2-wheeler,7,300,low,3,0.06,0.94,4.62,83.6,0.91,0.09,0.01,home/slow-dominant,0.43,9686.21,5388.12,23852.14,4506.48,147199.92,234411.56,15970.22,3.97,7.02,22.3,103703.24,737.5,393.0,144.92753623188406,4.466666666666667,0.87639,3.590276666666667,0.48309178743961356,1.31,262630.97,246139.38999999998,16491.579999999987,7.035310033344766,897.5691666666667,0.049166666666666664,0.49166666666666664,1475.0,4.104302143419622,6.87,0.9,39.29999999999999,2.342857142857144,6.381679389312977,90.39301310043668,4298.089999999999,15068.919999999998,70.74,137.3187
692,62,18600,petrol,14.9,106.57,0.118,8.89,0.577,2.31,133033.69,19511.77,113521.92,2883.62,1266.4,1617.22,4-wheeler,7,300,high,3,0.54,0.46,53.46,84.2,0.77,0.23,0.07,home/slow-dominant,0.38,18040.29,10185.61,103989.51,12547.08,854424.71,1375574.93,123886.02,3.37,77.01,68.8,723419.61,8086.1,2194.7999999999997,1248.3221476510066,7.152348924731183,1.0490198924731182,6.103329032258065,4.1610738255033555,7.315999999999999,1609794.6099999999,1407525.2399999998,202269.3700000001,14.704351292590081,9460.16,0.086947311827957,5.390733333333333,16172.2,45.000403473770035,9.350000000000001,0.9,219.47999999999993,2.2571428571428567,7.1355932203389845,65.06550218340612,7854.68,121376.6,1009.608,785.168
693,68,20400,petrol,19.5,106.32,0.159,7.53,0.614,2.31,111227.08,24424.31,86802.77,2416.62,1991.57,425.05,4-wheeler,5,300,high,4,0.37,0.63,51.31,81.6,0.83,0.17,0.07,home/slow-dominant,0.35,16301.25,9888.63,97806.63,14594.83,867197.12,1380477.58,96134.36,4.32,20.24,33.9,578478.43,2125.25,3243.6,1046.1538461538462,5.452307843137255,1.1972700980392157,4.25503774509804,3.4871794871794872,10.812,1504838.77,1439640.8199999998,65197.950000000186,4.722854680479503,7233.564166666667,0.02083578431372549,1.4168333333333334,4250.5,11.827346617359389,7.870000000000001,0.9,324.3599999999999,3.680000000000001,5.132075471698113,85.15283842794761,6412.620000000001,93215.39,1102.824,1294.5205
694,104,31200,diesel,19.1,97.35,0.151,8.37,0.668,2.68,159021.99,39432.74,119589.25,4377.8,3147.08,1230.72,4-wheeler,6,300,high,5,0.5,0.5,23.47,82.5,0.57,0.43,0.22,mixed,0.36,15802.63,9651.73,106732.91,11708.89,864162.74,1380746.51,128081.93,3.2,58.61,61.0,747142.56,6153.6,4711.2,1633.5078534031413,5.096858653846153,1.2638698717948718,3.832988782051282,5.445026178010471,15.703999999999999,1738285.8399999999,1507727.0600000003,230558.77999999956,16.698125132324222,9965.770833333334,0.039446153846153846,4.1024,12307.2,34.245740569148445,9.229999999999999,0.9,471.1199999999999,2.9166666666666665,5.4635761589403975,83.40611353711792,6150.9,125740.15,4051.6319999999996,2014.1312
695,88,26400,petrol,17.7,107.35,0.123,8.56,0.566,2.31,160115.25,27796.03,132319.22,3445.42,1837.92,1607.5,4-wheeler,5,300,high,4,0.64,0.36,29.38,89.7,0.65,0.35,0.14,mixed,0.07,16827.32,8757.16,109337.18,12169.39,882747.18,1335441.38,142823.26,2.4,76.55,59.4,823453.48,8037.5,3247.2,1491.5254237288136,6.064971590909091,1.0528799242424243,5.012091666666667,4.971751412429379,10.824,1767460.0300000003,1396700.76,370759.27000000025,27.763050894828517,11026.601666666667,0.060890151515151515,5.358333333333333,16075.0,44.729936918962984,9.260000000000002,0.9,324.7199999999999,2.0599999999999996,7.2926829268292686,77.29257641921397,8070.16,140389.38,2273.0399999999995,1709.2656
696,70,21000,diesel,16.9,93.19,0.129,8.6,0.64,2.68,115798.22,23297.4,92500.82,3330.18,1733.76,1596.42,4-wheeler,8,300,high,4,0.63,0.37,42.39,82.4,0.65,0.35,0.07,mixed,0.33,16945.87,10866.54,103703.47,13205.35,883724.74,1340945.77,101221.22,3.49,76.02,66.8,609809.57,7982.1,2709.0,1242.603550295858,5.5142009523809525,1.1094000000000002,4.404800952380953,4.1420118343195265,9.03,1547445.19,1394856.65,152588.54000000004,11.379173074239985,7708.401666666668,0.07602,5.321400000000001,15964.2,44.421627307104764,9.299999999999999,0.9,270.8999999999999,2.1999999999999993,6.387596899224807,73.79912663755458,6079.329999999998,98580.15000000001,1896.3,1161.6191999999999
697,78,23400,petrol,19.0,106.33,0.146,6.01,0.717,2.31,130953.79,20532.56,110421.23,2844.95,2449.56,395.39,4-wheeler,6,300,high,4,0.43,0.57,57.52,79.9,0.6,0.4,0.21,mixed,0.38,17455.87,9679.16,105229.96,12276.84,865894.2,1321220.8,120653.31,2.9,18.83,33.7,708496.51,1976.95,3416.3999999999996,1231.578947368421,5.596315811965812,0.8774598290598291,4.718855982905983,4.105263157894737,11.387999999999998,1607942.5,1354772.6,253169.8999999999,19.161816102198806,9201.769166666667,0.016897008547008548,1.3179666666666667,3953.8999999999996,11.0020340643165,6.8100000000000005,0.9,341.6399999999999,3.349999999999999,5.472602739726028,82.96943231441048,7776.709999999999,118197.94,2733.12,1518.7272
698,46,13800,petrol,16.6,107.48,0.175,6.6,0.762,2.31,89350.84,15939.0,73411.84,1920.36,1840.23,80.13,4-wheeler,8,300,medium,4,0.49,0.51,53.73,75.5,0.65,0.35,0.08,mixed,0.37,17530.66,10352.86,100062.12,12696.95,836651.21,1295721.0,83129.03,4.32,3.82,17.5,515707.27,400.65,2415.0,831.3253012048192,6.4746985507246375,1.155,5.319698550724637,2.7710843373493974,8.05,1371058.71,1314421.2300000002,56637.47999999975,4.37111693026506,6117.653333333333,0.005806521739130434,0.2671,801.3,2.2296795305234864,7.3,0.9,241.49999999999994,3.0625,4.314285714285715,72.48908296943233,7177.799999999999,80589.64,1690.5,1159.3449
699,112,33600,diesel,22.3,90.38,0.173,8.53,0.605,2.68,136177.94,49583.18,86594.76,4038.03,3516.74,521.29,4-wheeler,3,300,high,4,0.64,0.36,54.02,84.3,0.66,0.34,0.06,mixed,0.13,14250.36,8035.89,100722.92,12969.69,875227.9,1358568.39,95403.17,4.01,24.82,31.8,577738.77,2606.45,5812.799999999999,1506.726457399103,4.052914880952381,1.4756898809523809,2.577225,5.0224215246636765,19.375999999999998,1627369.4,1532971.13,94398.27000000002,6.948363490188377,7216.23,0.015514583333333332,1.7376333333333331,5212.9,14.505299419276026,9.209999999999999,0.9,581.2799999999997,5.233333333333334,4.872832369942197,97.37991266375546,6214.47,92809.23,3952.7039999999997,3059.5638
700,27,8100,petrol,13.5,104.03,0.139,8.52,0.623,2.31,62418.0,9592.67,52825.33,1386.0,701.44,684.56,2-wheeler,8,300,medium,4,0.05,0.95,3.06,81.9,0.87,0.13,0.0,home/slow-dominant,0.24,10313.64,5878.31,21019.82,4925.41,117612.28,164904.1,58245.74,0.45,32.6,40.4,312248.52,3422.8,1125.9,600.0,7.705925925925926,1.1842802469135802,6.521645679012345,2.0,3.753,481270.48,216313.77,264956.70999999996,160.673209459316,4402.110833333333,0.08451358024691358,2.2818666666666663,6845.599999999999,19.048414069826002,8.78,0.9,112.58999999999999,2.2624999999999993,5.892086330935252,58.951965065502186,4435.329999999999,57260.66,292.73400000000004,533.0944000000001
701,80,24000,diesel,15.5,89.8,0.171,8.82,0.61,2.68,139045.16,36197.28,102847.88,4149.68,2503.44,1646.24,4-wheeler,9,300,high,3,0.38,0.62,38.32,75.6,0.78,0.22,0.08,home/slow-dominant,0.15,17962.4,11149.44,108916.57,13092.77,886387.09,1389770.79,112279.39,3.51,78.39,62.4,670313.52,8231.2,4104.0,1548.3870967741937,5.793548333333334,1.50822,4.285328333333334,5.161290322580646,13.68,1671424.8900000001,1504495.05,166929.84000000008,12.011321665495652,8570.656666666668,0.06859333333333334,5.487466666666666,16462.4,45.80790752937707,9.260000000000002,0.9,410.3999999999999,2.7111111111111117,4.421052631578946,67.68558951965066,6812.960000000001,109660.84000000001,1805.76,2127.924
702,11,3300,petrol,19.9,101.31,0.126,6.91,0.751,2.31,16800.15,2873.18,13926.97,383.07,312.27,70.8,2-wheeler,4,300,low,2,0.28,0.72,3.65,88.7,0.84,0.16,0.02,home/slow-dominant,0.36,7159.55,4368.7,19434.83,2949.84,106847.59,211152.89,17307.79,4.9,3.37,16.7,105973.78,354.0,415.8,165.82914572864323,5.0909545454545455,0.870660606060606,4.220293939393939,0.5527638190954774,1.3860000000000001,226646.09,224977.62000000002,1668.469999999972,0.7901715197930618,1160.5808333333332,0.021454545454545455,0.236,708.0,1.970065028841418,7.23,0.9,41.57999999999999,2.8249999999999993,7.0396825396825395,86.8995633187773,2790.8500000000004,16717.82,133.056,199.8528
703,20,6000,petrol,16.9,106.79,0.124,8.96,0.679,2.31,37913.61,6666.24,31247.37,820.12,505.18,314.94,2-wheeler,10,300,low,2,0.22,0.78,2.55,76.0,0.92,0.08,0.01,home/slow-dominant,0.45,11263.04,6500.28,21847.72,2490.94,128301.74,217475.28,36508.32,1.84,15.0,31.4,204389.32,1574.7,744.0,355.0295857988166,6.318935,1.11104,5.207895,1.183431952662722,2.48,374184.99,258969.22,115215.76999999999,52.97878912950473,2603.9474999999998,0.05249,1.0498,3149.4,8.763450285075088,9.120000000000001,0.9,74.39999999999998,2.4,6.129032258064516,73.79912663755458,4762.760000000001,36010.13,119.04,277.84900000000005
704,57,17100,diesel,16.3,89.64,0.178,7.23,0.577,2.68,94039.51,22006.67,72032.84,2811.53,1756.27,1055.26,2-wheeler,7,300,high,5,0.47,0.53,2.11,76.7,0.83,0.17,0.01,home/slow-dominant,0.23,9039.33,5592.61,12574.53,3134.7,100800.49,125855.54,76106.5,0.16,50.25,53.0,393107.03,5276.3,3043.7999999999997,1049.079754601227,5.499386549707602,1.2869397660818713,4.212446783625731,3.4969325153374236,10.145999999999999,616194.69,248142.71,368051.98,292.44003084806593,6002.736666666667,0.06171111111111111,3.517533333333333,10552.6,29.363429693999926,7.57,0.9,304.3799999999999,3.3285714285714283,4.308988764044944,71.17903930131006,3446.7200000000003,75479.56,1034.892,1352.3279
705,43,12900,petrol,13.9,103.6,0.161,7.3,0.574,2.31,96146.76,15161.37,80985.39,2143.81,1192.14,951.67,2-wheeler,9,300,medium,2,0.54,0.46,5.31,70.8,0.82,0.18,0.03,home/slow-dominant,0.33,10498.94,6461.34,13179.39,3562.94,144903.17,243921.37,85735.58,1.0,45.32,52.5,441857.29,4758.35,2076.9,928.0575539568345,7.453237209302325,1.1753,6.277937209302325,3.093525179856115,6.923,678131.67,335292.58999999997,342839.0800000001,140.55311348899036,6748.7825,0.07377286821705425,3.1722333333333332,9516.699999999999,26.480957429343395,7.66,0.9,207.68999999999997,3.244444444444445,4.39751552795031,60.69868995633188,4037.6000000000004,85022.99,747.684,798.7338
706,77,23100,diesel,19.9,93.94,0.114,6.53,0.585,2.68,109045.93,17196.1,91849.83,3110.95,1540.54,1570.41,fleet/commercial,7,300,high,5,0.42,0.58,52.04,86.0,0.37,0.63,0.46,fast-dominant,0.18,27223.64,17390.92,182980.52,26984.46,1805326.66,2773888.74,107079.44,7.34,74.78,61.9,718377.72,7852.05,2633.4,1160.8040201005026,4.72060303030303,0.7444199134199133,3.9761831168831168,3.8693467336683423,8.778,2486674.51,2736858.8600000003,-250184.35000000056,-9.019264053106921,7654.1525,0.06798311688311688,5.2347,15704.1,43.69787884100073,7.790000000000001,0.9,263.34,2.0,7.5438596491228065,86.8995633187773,9832.720000000001,101682.55,3318.0840000000003,1263.2428
707,114,34200,petrol,19.3,99.17,0.186,8.75,0.616,2.31,175731.3,55660.5,120070.8,4093.37,3918.5,174.87,4-wheeler,3,300,high,4,0.61,0.39,31.12,84.9,0.56,0.44,0.21,mixed,0.19,14965.04,8574.82,97648.31,11484.2,884600.45,1383290.43,128757.86,3.11,8.33,17.0,741437.61,874.35,6361.2,1772.020725388601,5.138342105263158,1.6275,3.510842105263158,5.9067357512953365,21.204,1838082.15,1595334.5199999998,242747.63000000012,17.5485657050342,10005.9,0.005113157894736842,0.5829,1748.7,4.865893666574841,9.63,0.9,636.1199999999999,5.033333333333331,4.564516129032259,84.27947598253276,6390.220000000001,126461.02,5597.856,3173.985
708,43,12900,diesel,17.2,97.91,0.143,8.78,0.717,2.68,73432.5,16196.47,57236.03,2010.0,1322.65,687.35,4-wheeler,4,300,medium,3,0.43,0.57,25.17,90.4,0.58,0.42,0.19,mixed,0.33,15165.53,9622.03,104524.93,11886.44,899526.28,1352150.41,65156.82,5.34,32.73,43.2,430309.03,3436.75,1844.6999999999998,750.0,5.692441860465117,1.2555403100775193,4.4369015503875975,2.5,6.148999999999999,1342516.4300000002,1364831.54,-22315.10999999987,-1.6503422869945268,4769.669166666667,0.05328294573643411,2.291166666666667,6873.5,19.126047988335433,9.62,0.9,184.46999999999994,2.3999999999999986,6.3216783216783226,75.10917030567686,5543.5,62779.53,1549.5479999999998,886.1754999999999
709,110,33000,petrol,16.3,103.86,0.185,8.38,0.58,2.31,210268.71,51159.9,159108.81,4676.69,3540.9,1135.79,4-wheeler,5,300,high,3,0.52,0.48,57.28,79.0,0.7,0.3,0.07,home/slow-dominant,0.37,16693.7,10497.84,99374.8,12518.62,867245.48,1315995.68,167808.39,2.08,54.09,58.8,938416.75,5678.95,6105.0,2024.5398773006134,6.371779090909091,1.5503,4.821479090909091,6.748466257668711,20.35,2002057.53,1512390.9599999997,489666.5700000003,37.2088280715329,13259.0675,0.03441787878787879,3.7859666666666665,11357.9,31.604239535420824,8.98,0.9,610.4999999999999,4.2,4.27027027027027,71.17903930131006,6195.860000000001,165304.66999999998,3663.0,2230.7670000000003
710,71,21300,petrol,18.7,99.39,0.165,8.24,0.708,2.31,113208.93,28959.48,84249.45,2631.18,2488.27,142.91,4-wheeler,8,300,high,5,0.5,0.5,44.03,75.8,0.88,0.12,0.03,home/slow-dominant,0.12,18327.71,11566.84,106872.99,12441.59,864219.64,1305579.31,93498.64,3.58,6.81,12.8,574366.19,714.55,3514.5,1139.0374331550802,5.314973239436619,1.3596,3.9553732394366192,3.7967914438502675,11.715,1521902.8399999999,1388896.33,133006.50999999978,10.18754731951135,7020.787499999999,0.0067093896713615025,0.47636666666666666,1429.1,3.9765818258718513,8.48,0.9,351.44999999999993,3.0250000000000004,4.593939393939394,81.6593886462882,6760.869999999999,91010.31999999999,843.48,2189.6776
711,61,18300,petrol,14.0,105.54,0.153,6.14,0.687,2.31,137955.86,17191.39,120764.47,3019.5,1923.53,1095.97,fleet/commercial,8,300,high,3,0.47,0.53,73.35,75.4,0.44,0.56,0.43,fast-dominant,0.19,28454.42,18702.48,187121.66,25566.99,1933215.06,2933894.3,135629.81,6.0,52.19,52.5,865270.71,5479.85,2799.9,1307.142857142857,7.5385715846994525,0.939420218579235,6.599151366120218,4.357142857142857,9.333,2765266.46,2900674.9999999995,-135408.53999999957,-4.61531760022846,10063.705833333333,0.05988907103825137,3.6532333333333336,10959.7,30.496217085583744,7.260000000000001,0.9,279.98999999999995,3.0749999999999993,4.928104575163399,61.13537117903931,9751.939999999999,130516.41,3135.8880000000004,1558.0593000000001
712,74,22200,petrol,13.2,106.83,0.173,6.94,0.657,2.31,179668.64,26653.76,153014.88,3885.0,2523.27,1361.73,4-wheeler,14,300,high,4,0.49,0.51,56.64,70.0,0.58,0.42,0.04,mixed,0.13,22902.26,13318.62,101956.81,14174.09,898735.17,1344126.59,165433.34,2.08,64.84,57.2,929123.51,6808.65,3840.6,1681.818181818182,8.093181981981983,1.2006198198198197,6.8925621621621636,5.606060606060606,12.802,1911589.6700000002,1427857.5899999999,483732.0800000003,35.988580510114026,12751.24,0.06133918918918919,4.5391,13617.3,37.89119564582238,7.78,0.9,384.0599999999999,2.142857142857143,4.046242774566474,57.64192139737992,9583.639999999998,162598.52,3226.104,2195.2449
713,97,29100,petrol,21.0,107.25,0.162,8.94,0.653,2.31,148617.86,42144.95,106472.91,3201.0,3078.37,122.63,4-wheeler,3,300,high,4,0.54,0.46,35.13,86.0,0.85,0.15,0.07,home/slow-dominant,0.35,14128.7,8808.29,97712.16,12296.62,852059.36,1315403.56,114252.64,3.2,5.84,18.4,668975.36,613.15,4714.2,1385.7142857142858,5.10714295532646,1.4482800687285222,3.6588628865979382,4.6190476190476195,15.713999999999999,1665792.1600000001,1460160.98,205631.18000000017,15.632554620727964,8872.7425,0.004214089347079037,0.40876666666666667,1226.3,3.4122750633732073,9.239999999999998,0.9,471.4199999999999,4.666666666666667,5.308641975308642,91.70305676855895,5320.41,111793.32,1414.26,2000.9405
714,61,18300,petrol,20.1,102.51,0.16,7.6,0.583,2.31,93330.0,22252.8,71077.2,2103.13,1707.02,396.11,4-wheeler,5,300,high,5,0.41,0.59,45.62,86.2,0.81,0.19,0.04,home/slow-dominant,0.51,16204.41,9827.35,104701.62,13007.59,864001.86,1376259.84,80055.78,5.09,18.86,37.7,504980.52,1980.55,2928.0,910.4477611940298,5.1,1.216,3.8839999999999995,3.034825870646766,9.76,1411673.9100000001,1418951.3800000001,-7277.469999999972,-0.5287860466814154,5923.099999999999,0.02164535519125683,1.3203666666666667,3961.1000000000004,11.022068623931839,7.9799999999999995,0.9,292.79999999999995,2.7599999999999993,5.3875,87.77292576419215,6377.0599999999995,77454.26,1112.64,836.4398
715,51,15300,petrol,13.2,100.83,0.123,6.99,0.656,2.31,116871.14,13154.48,103716.66,2677.5,1234.53,1442.97,4-wheeler,12,300,medium,3,0.34,0.66,23.47,71.8,0.76,0.24,0.13,home/slow-dominant,0.44,19967.3,12923.83,109891.81,13495.63,863991.84,1322410.66,113459.26,3.07,68.71,67.9,677188.11,7214.85,1881.8999999999999,1159.0909090909092,7.63863660130719,0.8597699346405229,6.778866666666667,3.863636363636364,6.273,1548184.04,1329414.77,218769.27000000002,16.543217369406264,8643.055,0.09431176470588236,4.8099,14429.7,40.15176178908618,7.470000000000001,0.9,188.18999999999994,2.35,5.837398373983739,57.64192139737992,7043.469999999999,110760.13,903.3119999999999,691.3368
716,89,26700,petrol,13.4,107.58,0.176,7.7,0.672,2.31,214357.16,36183.84,178173.32,4602.76,3157.86,1444.9,fleet/commercial,13,300,high,4,0.63,0.37,49.34,70.0,0.48,0.52,0.21,mixed,0.15,32613.64,20675.09,184338.86,24928.71,1795723.39,2702416.66,195097.61,3.7,68.8,59.4,1159826.91,7224.5,4699.2,1992.5373134328358,8.028358052434458,1.3552,6.673158052434458,6.641791044776119,15.664,3030577.3899999997,2777443.74,253133.64999999944,9.366936407208184,14847.776666666667,0.05411610486891386,4.816333333333334,14449.0,40.20546553916618,8.739999999999998,0.9,469.9199999999999,2.3076923076923075,3.977272727272727,58.515283842794766,11938.55,190111.87,4887.168,2684.181
717,101,30300,diesel,15.0,90.65,0.146,7.42,0.641,2.68,183113.0,32824.6,150288.4,5413.6,2835.66,2577.94,fleet/commercial,12,300,high,4,0.62,0.38,81.56,70.0,0.31,0.69,0.43,fast-dominant,0.08,31666.75,20046.13,175536.62,26874.78,1910407.79,2893816.42,167283.98,4.83,122.76,70.3,1011956.52,12889.7,4423.799999999999,2020.0,6.043333333333333,1.0833201320132013,4.960013201320132,6.733333333333333,14.745999999999997,2984306.54,2955758.67,28547.87000000011,0.9865128210171712,12524.033333333333,0.08508052805280528,8.593133333333334,25779.4,71.73318418716731,8.799999999999999,0.9,442.3799999999998,2.5,4.794520547945205,65.50218340611355,11620.619999999999,161909.02,6104.843999999998,2608.8072
718,111,33300,petrol,17.8,99.64,0.134,8.08,0.674,2.31,186405.17,36054.58,150350.59,4321.52,3007.52,1314.0,fleet/commercial,9,300,high,4,0.4,0.6,78.34,76.0,0.24,0.76,0.32,mixed,0.05,28138.55,19146.62,175259.41,26188.45,1904819.89,2938100.18,164580.21,5.21,62.57,53.6,998160.46,6570.0,4462.2,1870.7865168539324,5.597752852852853,1.0827201201201202,4.515032732732733,6.235955056179775,14.873999999999999,2977538.49,3012658.32,-35119.82999999961,-1.1953244562273437,12529.215833333334,0.03945945945945946,4.38,13140.0,36.56307129798903,9.6,0.9,446.21999999999986,2.6666666666666665,5.671641791044776,77.72925764192141,8991.93,159342.52,6782.544,2857.144
719,88,26400,diesel,22.7,97.99,0.163,8.5,0.746,2.68,113961.94,36577.2,77384.74,3116.83,3210.19,-93.36,4-wheeler,6,300,high,4,0.4,0.6,35.32,81.3,0.73,0.27,0.1,home/slow-dominant,0.29,17143.28,9792.61,99805.43,12787.12,845152.18,1298012.1,87292.83,4.04,-4.45,10.7,536269.58,-466.8,4303.2,1162.9955947136564,4.316740151515152,1.3855,2.931240151515152,3.8766519823788546,14.344,1500678.28,1417268.6,83409.67999999993,6.425955505345438,6448.7283333333335,-0.0035363636363636365,-0.3112,-933.6,-2.5978145634552936,9.04,0.9,430.3199999999999,3.116666666666667,4.987730061349692,99.12663755458514,7350.669999999998,84735.41,2323.728,2279.2349
720,74,22200,petrol,20.1,107.08,0.113,7.98,0.556,2.31,118267.46,20018.63,98248.83,2551.34,1394.78,1156.56,4-wheeler,6,300,high,5,0.44,0.56,36.32,88.8,0.74,0.26,0.06,home/slow-dominant,0.12,15330.34,10192.8,97936.76,14239.14,891650.65,1396564.8,106234.2,3.83,55.07,51.6,629107.76,5782.8,2508.6,1104.4776119402984,5.327363063063063,0.9017400900900902,4.425622972972973,3.6815920398009947,8.362,1559639.6500000001,1435446.05,124193.6000000001,8.892791798848151,8187.4025,0.05209729729729729,3.8552,11565.599999999999,32.182180928768794,8.5,0.9,250.85999999999993,1.8666666666666671,7.8584070796460175,87.77292576419215,5137.540000000001,103386.37,1304.472,1227.4064
721,62,18600,petrol,17.8,105.48,0.152,6.51,0.705,2.31,110220.67,18405.07,91815.6,2413.82,1993.18,420.64,fleet/commercial,8,300,high,5,0.48,0.52,66.68,76.1,0.37,0.63,0.31,mixed,0.15,27321.39,18311.22,187195.77,24973.98,1847375.08,2753633.75,105820.57,6.8,20.03,27.6,716298.62,2103.2,2827.2,1044.943820224719,5.925842473118279,0.9895198924731182,4.936322580645161,3.48314606741573,9.424,2535085.38,2725045.45,-189960.0700000003,-6.89852345105809,7651.3,0.02261505376344086,1.4021333333333332,4206.4,11.704634939715454,7.77,0.9,282.7199999999999,2.9875000000000007,5.00657894736842,77.72925764192141,9010.169999999998,100825.77,3562.272,1694.203
722,62,18600,diesel,20.1,97.03,0.161,7.04,0.614,2.68,89788.96,21081.98,68706.98,2480.0,1838.68,641.32,4-wheeler,4,300,high,3,0.49,0.51,22.01,87.9,0.75,0.25,0.11,home/slow-dominant,0.08,13956.33,9311.22,107672.09,14532.7,835907.35,1301841.48,76258.63,4.7,30.54,34.3,488965.24,3206.6,2994.6,925.3731343283581,4.827363440860215,1.1334397849462365,3.6939236559139785,3.0845771144278604,9.982,1354633.8,1331602.69,23031.110000000102,1.769117849893683,5725.581666666666,0.03447956989247312,2.1377333333333337,6413.200000000001,17.84522746181608,7.54,0.9,299.4599999999999,3.0249999999999986,5.459627329192546,87.77292576419215,4645.110000000001,73352.09,1497.3,1691.5856
723,42,12600,petrol,19.1,102.75,0.124,6.07,0.721,2.31,67782.72,9483.77,58298.95,1523.87,1126.49,397.38,2-wheeler,4,300,medium,3,0.26,0.74,2.84,89.0,0.97,0.03,0.0,home/slow-dominant,0.27,8172.54,3671.34,13879.28,3744.19,80691.67,126398.21,63548.99,0.5,18.92,30.6,331624.23,1986.9,1562.4,659.6858638743455,5.379580952380953,0.7526801587301588,4.626900793650794,2.1989528795811517,5.208,460467.97,174550.29,285917.67999999993,226.20389956471686,4858.245833333333,0.03153809523809524,1.3246,3973.8,11.057407361031112,6.13,0.9,156.23999999999998,2.75,7.17741935483871,83.40611353711792,4501.2,62800.149999999994,93.744,822.3377
724,88,26400,petrol,19.8,106.51,0.127,8.16,0.58,2.31,142013.33,27358.85,114654.48,3080.0,1944.62,1135.38,4-wheeler,5,300,high,3,0.37,0.63,29.91,87.2,0.87,0.13,0.01,home/slow-dominant,0.19,16364.1,9846.96,99884.67,13436.7,866462.56,1317389.97,123858.96,2.83,54.07,53.3,719179.47,5676.9,3352.8,1333.3333333333333,5.379292803030302,1.0363200757575757,4.342972727272727,4.444444444444444,11.176,1658349.71,1390097.6500000001,268252.0599999998,20.362388215237424,9554.539999999999,0.04300681818181819,3.7846,11353.800000000001,31.592830966750984,8.42,0.9,335.2799999999999,2.5599999999999996,6.866141732283465,86.46288209606988,6517.140000000001,121171.62,871.7280000000001,1575.1422
725,14,4200,petrol,18.6,105.09,0.169,8.9,0.63,2.31,23730.0,6317.22,17412.78,521.61,447.17,74.44,4-wheeler,6,300,low,2,0.25,0.75,31.52,82.0,0.86,0.14,0.04,home/slow-dominant,0.55,17252.73,10640.6,98543.7,14500.24,842820.83,1363500.2,26924.96,15.68,3.54,22.7,233168.5,372.2,709.8000000000001,225.8064516129032,5.65,1.5041,4.1459,0.7526881720430106,2.366,1047734.48,1335245.36,-287510.8800000001,-21.086236731025057,1451.0649999999998,0.017723809523809524,0.24813333333333332,744.4,2.071350858007841,9.18,0.9,70.97999999999999,3.0,4.852071005917159,81.2227074235808,6612.129999999999,24024.909999999996,198.74400000000003,201.2265
726,32,9600,petrol,19.6,100.25,0.158,7.53,0.72,2.31,49102.04,11421.5,37680.54,1131.43,1092.1,39.33,4-wheeler,5,300,medium,3,0.45,0.55,52.62,83.1,0.83,0.17,0.03,home/slow-dominant,0.41,14560.76,9144.68,108625.74,14270.33,878910.25,1403011.26,45950.69,9.04,1.87,17.3,338379.19,196.65,1516.8,489.7959183673469,5.114795833333333,1.1897395833333333,3.92505625,1.6326530612244898,5.056,1197224.25,1382946.0899999999,-185721.83999999985,-13.237373447736967,3140.045,0.004096875,0.1311,393.29999999999995,1.0943878189877538,7.870000000000001,0.9,151.67999999999995,3.3800000000000012,5.2594936708860756,85.58951965065503,5416.08,43096.62,515.712,644.339
727,56,16800,petrol,14.2,99.51,0.165,8.94,0.776,2.31,117730.14,24781.68,92948.46,2732.96,2151.07,581.89,2-wheeler,10,300,high,4,0.39,0.61,2.98,72.7,0.97,0.03,0.0,home/slow-dominant,0.28,12002.96,7065.79,17539.74,3906.25,105936.96,191880.01,98666.88,0.69,27.71,38.2,510874.14,2909.45,2772.0,1183.0985915492959,7.007746428571428,1.4751,5.532646428571428,3.943661971830986,9.24,754602.46,329671.37,424931.08999999997,221.45667492929562,7745.705000000001,0.03463630952380952,1.9396333333333333,5818.9,16.191541520233514,9.0,0.9,277.19999999999993,2.7299999999999995,4.406060606060605,62.00873362445415,4937.169999999999,97885.63,166.32,1548.7704
728,45,13500,diesel,16.7,95.42,0.113,7.38,0.65,2.68,77135.93,11258.19,65877.74,2166.47,991.58,1174.89,4-wheeler,9,300,medium,3,0.42,0.58,29.28,80.4,0.58,0.42,0.08,mixed,0.09,19241.61,10957.42,104842.06,14012.75,850351.88,1346002.5,76964.48,5.08,55.95,51.3,489664.46,5874.45,1525.5,808.3832335329341,5.713772592592592,0.83394,4.879832592592592,2.694610778443114,5.085,1332239.58,1338225.74,-5986.159999999916,-0.44473617248109987,5489.811666666667,0.08702888888888889,3.9163,11748.900000000001,32.692227425642564,8.219999999999999,0.9,152.54999999999995,2.177777777777777,7.115044247787611,72.92576419213974,8284.19,74161.93000000001,1281.4199999999998,902.3378
729,71,21300,petrol,14.8,105.03,0.176,7.05,0.636,2.31,151158.04,26429.04,124729.0,3324.53,2384.24,940.29,4-wheeler,9,300,high,4,0.57,0.43,41.16,73.7,0.64,0.36,0.11,mixed,0.25,17922.96,12248.28,101232.23,12733.28,844718.93,1284906.19,132950.34,2.55,44.78,49.8,765983.93,4701.45,3748.7999999999997,1439.1891891891892,7.096621596244132,1.2408000000000001,5.855821596244132,4.797297297297297,12.495999999999999,1690123.9300000002,1364327.28,325796.65000000014,25.355675965729464,10394.083333333334,0.04414507042253521,3.1343,9402.9,26.164300084312103,7.77,0.9,374.8799999999999,2.922222222222222,4.1875,64.62882096069869,5674.6799999999985,130403.68,2699.1359999999995,1788.1799999999998
730,78,23400,petrol,14.4,100.25,0.186,7.24,0.753,2.31,162906.25,31511.38,131394.87,3753.75,3277.36,476.39,4-wheeler,11,300,high,4,0.44,0.56,54.89,70.0,0.72,0.28,0.05,home/slow-dominant,0.16,20609.5,12316.13,104465.21,13189.51,904864.89,1394805.38,142326.14,2.71,22.69,30.6,816095.91,2381.95,4352.4,1625.0,6.961805555555555,1.346640170940171,5.615165384615384,5.416666666666667,14.508,1822443.6400000001,1496288.21,326155.43000000017,23.38357986545766,10949.5725,0.020358547008547008,1.5879666666666665,4763.9,13.255922021041853,7.8,0.9,435.23999999999984,2.727272727272727,3.7634408602150535,62.882096069869,8293.37,139688.24,2437.344,2752.9824
731,41,12300,diesel,16.2,97.92,0.147,7.03,0.631,2.68,74346.67,12710.94,61635.73,2034.81,1140.91,893.9,2-wheeler,6,300,medium,3,0.21,0.79,2.84,79.9,0.94,0.06,0.0,home/slow-dominant,0.37,8001.86,4670.31,15787.83,1748.28,149520.55,204565.39,65316.94,0.6,42.57,52.2,342372.53,4469.5,1808.1,759.2592592592592,6.044444715447154,1.033409756097561,5.011034959349593,2.5308641975308643,6.027,561263.2,273935.52999999997,287327.67,140.45761602194779,5136.310833333334,0.07267479674796748,2.9796666666666667,8939.0,24.873462277985077,7.15,0.9,180.80999999999995,3.349999999999999,5.435374149659864,70.74235807860262,3331.5499999999993,64967.28,216.97199999999998,718.7733000000001
732,90,27000,petrol,17.1,106.88,0.119,7.27,0.729,2.31,168757.89,23358.51,145399.38,3647.37,2342.28,1305.09,fleet/commercial,7,300,high,4,0.66,0.34,43.93,86.0,0.35,0.65,0.52,fast-dominant,0.2,26485.18,16960.97,180095.18,24359.43,1839084.7,2813222.25,159795.48,4.97,62.15,57.9,979072.58,6525.45,3213.0,1578.9473684210525,6.250292222222223,0.86513,5.385162222222223,5.263157894736842,10.71,2815300.05,2810365.0399999996,4935.010000000242,0.17542197385934374,12116.615,0.04833666666666667,4.3503,13050.9,36.31514362274924,8.57,0.9,321.29999999999995,2.0,7.226890756302521,74.67248908296943,9524.21,154923.59,4176.900000000001,1873.8240000000003
733,35,10500,diesel,22.3,90.41,0.171,8.51,0.745,2.68,42569.73,15279.71,27290.02,1261.88,1337.65,-75.77,4-wheeler,3,300,medium,2,0.4,0.6,35.54,89.4,0.81,0.19,0.02,home/slow-dominant,0.36,14191.91,8826.14,104517.2,14317.7,887953.07,1378875.85,35519.33,10.88,-3.61,13.1,282113.85,-378.85,1795.5000000000002,470.8520179372197,4.05426,1.455210476190476,2.599049523809524,1.5695067264573992,5.985,1171761.27,1380570.2000000002,-208808.93000000017,-15.143417734091155,2274.1683333333335,-0.007216190476190476,-0.25256666666666666,-757.6999999999999,-2.1083591417417265,8.89,0.9,179.54999999999998,3.5333333333333314,5.228070175438596,97.37991266375546,5365.77,32655.79,682.2900000000001,856.0960000000001
734,95,28500,petrol,19.2,107.85,0.118,6.19,0.722,2.31,160089.84,20816.97,139272.87,3428.91,2428.09,1000.82,4-wheeler,2,300,high,4,0.43,0.57,50.41,94.0,0.6,0.4,0.05,mixed,0.27,13868.56,7321.74,103865.93,11238.69,904401.62,1346691.3,148067.43,2.29,47.66,52.3,844203.08,5004.1,3363.0,1484.375,5.617187368421052,0.7304200000000001,4.886767368421053,4.947916666666667,11.21,1774193.62,1372280.2300000002,401913.3899999999,29.844507794770774,11606.0725,0.03511649122807018,3.336066666666667,10008.2,27.848594380862547,6.99,0.9,336.2999999999999,3.0,7.966101694915254,83.84279475982534,6546.82,145819.69,2690.4,1772.5057000000002
735,36,10800,petrol,12.2,106.88,0.134,6.2,0.675,2.31,94615.08,8972.64,85642.44,2044.92,976.86,1068.06,4-wheeler,10,300,medium,3,0.43,0.57,42.93,75.8,0.64,0.36,0.19,mixed,0.25,18650.09,11875.76,99402.92,11677.6,888114.7,1357844.19,94752.29,3.91,50.86,53.9,573164.37,5340.3,1447.2,885.2459016393443,8.760655555555555,0.8308,7.929855555555555,2.9508196721311477,4.824,1454440.5499999998,1351005.67,103434.87999999989,7.61758092436216,7136.87,0.09889444444444444,3.5602,10680.599999999999,29.71959964271702,6.92,0.9,144.71999999999997,2.4200000000000004,5.656716417910448,53.275109170305676,6774.33,92416.77,1041.984,732.645
736,79,23700,petrol,17.1,107.1,0.145,6.75,0.628,2.31,148436.84,23196.37,125240.47,3201.58,2158.12,1043.46,fleet/commercial,7,300,high,4,0.43,0.57,80.84,82.2,0.44,0.56,0.26,mixed,0.27,26494.54,18029.96,177240.23,27183.33,1814738.55,2811921.63,139141.72,5.89,49.69,53.9,872948.83,5217.3,3436.4999999999995,1385.9649122807016,6.263157805907173,0.9787497890295358,5.284408016877637,4.619883040935672,11.454999999999998,2689395.45,2813629.7199999997,-124234.26999999955,-4.418127044315939,10436.705833333333,0.044027848101265823,3.4782,10434.6,29.03508552252636,7.870000000000001,0.9,343.64999999999986,2.5428571428571423,5.66896551724138,74.67248908296943,8464.580000000002,133705.05,3848.8799999999997,1575.4276
737,99,29700,diesel,16.4,91.19,0.171,7.65,0.688,2.68,165142.87,38852.06,126290.81,4853.41,3494.15,1359.26,4-wheeler,10,300,high,4,0.59,0.41,58.46,73.3,0.61,0.39,0.16,mixed,0.37,18790.67,12395.58,100528.65,11004.58,872879.78,1325210.78,134886.82,2.61,64.73,64.4,774962.75,6796.3,5078.700000000001,1810.9756097560978,5.560365993265993,1.3081501683501682,4.252215824915825,6.036585365853659,16.929000000000002,1792547.48,1469915.75,322631.73,24.345691634050848,10524.234166666667,0.04576632996632997,4.530866666666666,13592.6,37.82246597603088,8.43,0.9,507.86999999999995,2.6700000000000004,4.286549707602338,71.61572052401746,6395.089999999998,132685.9,3961.386000000001,2201.3145
738,34,10200,petrol,18.6,106.07,0.183,8.83,0.569,2.31,58167.42,16482.08,41685.34,1266.77,1062.1,204.67,4-wheeler,7,300,medium,3,0.45,0.55,52.12,73.0,0.67,0.33,0.04,mixed,0.26,16622.88,10108.28,101227.96,12129.62,850142.2,1326877.02,50625.86,7.42,9.75,20.4,354357.26,1023.35,1866.6,548.3870967741935,5.702688235294118,1.6158901960784315,4.086798039215687,1.8279569892473118,6.2219999999999995,1224093.7,1346471.24,-122377.54000000004,-9.222975313868954,3473.778333333333,0.020065686274509803,0.6822333333333332,2046.6999999999998,5.695101828431822,9.49,0.9,186.65999999999994,3.857142857142857,3.989071038251366,81.2227074235808,6514.6,48199.939999999995,1231.956,785.954
739,48,14400,diesel,15.7,97.62,0.166,8.83,0.611,2.68,89536.82,21107.23,68429.59,2458.09,1460.53,997.56,4-wheeler,6,300,medium,2,0.53,0.47,44.94,79.5,0.64,0.36,0.05,mixed,0.17,15843.73,10914.42,104430.27,13336.15,865660.86,1334241.09,76026.13,4.79,47.5,49.1,484560.92,4987.8,2390.4,917.1974522292994,6.217834722222222,1.465779861111111,4.7520548611111115,3.0573248407643314,7.968,1392563.6099999999,1376582.9200000002,15980.689999999711,1.197736310159636,5702.465833333333,0.06927499999999999,3.3251999999999997,9975.599999999999,27.757882347048657,9.55,0.9,239.03999999999996,3.4166666666666665,4.789156626506024,68.5589519650655,4929.3099999999995,73358.9,1721.088,1212.2398999999998
740,74,22200,petrol,13.3,105.05,0.149,6.13,0.756,2.31,175346.62,20276.81,155069.81,3855.79,2500.7,1355.09,4-wheeler,13,300,high,4,0.64,0.36,40.75,70.0,0.67,0.33,0.11,mixed,0.24,21498.36,13367.96,108717.93,13381.8,846140.89,1286534.52,165876.57,2.0,64.53,60.3,938100.78,6775.45,3307.7999999999997,1669.172932330827,7.898496396396396,0.9133698198198199,6.985126576576576,5.56390977443609,11.026,1830365.79,1332658.6400000001,497707.1499999999,38.685876069613734,12922.484166666667,0.061040090090090086,4.516966666666667,13550.9,37.70643248492539,6.789999999999999,0.9,330.7799999999999,2.3076923076923075,4.697986577181208,58.07860262008734,8130.4000000000015,163200.21,2183.148,1900.532
741,100,30000,petrol,20.8,100.06,0.166,6.07,0.707,2.31,144317.31,30228.6,114088.71,3331.73,3520.86,-189.13,4-wheeler,7,300,high,5,0.49,0.51,23.52,80.5,0.8,0.2,0.06,home/slow-dominant,0.16,17619.1,9884.65,95542.77,14108.61,907767.63,1432682.56,124644.88,3.44,-9.01,5.9,718767.17,-945.65,4980.0,1442.3076923076922,4.810577,1.00762,3.802957,4.8076923076923075,16.6,1717449.6800000002,1523597.43,193852.25000000023,13.530718905379866,9507.3925,-0.006304333333333333,-0.6304333333333333,-1891.3,-5.262689250067478,6.470000000000001,0.9,497.9999999999999,2.7857142857142856,4.849397590361446,90.82969432314411,7734.449999999999,121823.16,1992.0,2957.5224
742,110,33000,petrol,18.0,105.22,0.139,6.09,0.702,2.31,192903.33,27934.83,164968.5,4235.0,3220.07,1014.93,4-wheeler,7,300,high,4,0.4,0.6,59.4,87.3,0.68,0.32,0.17,mixed,0.31,17101.28,9304.87,98654.92,13023.71,871273.78,1400828.44,175369.65,2.46,48.33,54.2,975503.17,5074.65,4587.0,1833.3333333333333,5.845555454545454,0.8465100000000001,4.9990454545454535,6.111111111111111,15.29,1921296.8299999998,1475348.31,445948.5199999998,31.83462780067485,13747.375,0.030755454545454544,3.3830999999999998,10149.3,28.24121609776865,6.73,0.9,458.6999999999999,1.8142857142857147,6.2805755395683445,78.60262008733625,7796.409999999998,172764.91,2935.68,2221.8483
743,66,19800,diesel,22.6,97.21,0.143,7.24,0.618,2.68,85166.28,20499.34,64666.94,2347.96,1749.81,598.15,4-wheeler,4,300,high,4,0.61,0.39,36.57,88.0,0.74,0.26,0.14,home/slow-dominant,0.28,15662.34,8474.05,97905.74,13037.61,885524.07,1331721.25,74462.75,4.68,28.48,38.8,470219.49,2990.75,2831.3999999999996,876.1061946902654,4.301327272727272,1.035320202020202,3.2660070707070705,2.9203539823008846,9.437999999999999,1389667.17,1365644.8499999999,24022.320000000065,1.8038549734037859,5388.911666666667,0.030209595959595957,1.9938333333333333,5981.5,16.643988658213196,7.76,0.9,283.1399999999999,3.0,6.153846153846154,98.68995633187774,7188.290000000001,71855.23000000001,1472.328,1259.8632
744,109,32700,diesel,14.6,93.23,0.116,6.16,0.635,2.68,208809.66,23366.11,185443.55,6002.47,2408.68,3593.79,4-wheeler,7,300,high,4,0.48,0.52,27.78,82.3,0.58,0.42,0.19,mixed,0.09,17776.24,10876.08,102534.42,13901.24,843828.86,1366278.84,195123.96,2.15,171.13,72.7,1078154.22,17968.95,3793.2000000000003,2239.72602739726,6.385616513761468,0.7145599388379205,5.671056574923547,7.465753424657534,12.644,1976758.3599999999,1421054.1300000001,555704.2299999997,40.672827078255835,15453.629166666666,0.10990183486238532,11.9793,35937.9,100.0,7.0,0.9,379.31999999999994,2.528571428571429,7.094827586206896,63.75545851528385,6900.160000000002,192343.71,3186.288,2191.8988
745,95,28500,petrol,15.2,104.72,0.11,6.96,0.629,2.31,196350.0,21819.6,174530.4,4331.25,1971.91,2359.34,4-wheeler,8,300,high,3,0.58,0.42,47.33,84.4,0.83,0.17,0.06,home/slow-dominant,0.17,17103.66,9814.62,101445.51,12994.5,882253.92,1398140.44,184418.34,2.25,112.35,71.2,1023537.21,11796.7,3135.0,1875.0,6.889473684210526,0.7656,6.123873684210526,6.25,10.45,1949522.2200000002,1441871.53,507650.6900000002,36.30899124840422,14544.199999999999,0.08278385964912281,7.864466666666667,23593.4,65.65046928173321,7.3,0.9,313.49999999999994,1.9499999999999993,7.672727272727274,66.37554585152839,7289.039999999999,181819.44,1065.9,1636.6853
746,111,33300,petrol,15.7,107.31,0.179,7.07,0.699,2.31,227606.56,42142.15,185464.41,4899.55,4166.53,733.02,fleet/commercial,10,300,high,4,0.44,0.56,54.21,73.6,0.3,0.7,0.32,mixed,0.11,28417.22,18393.04,185935.56,26433.96,1933214.49,2917282.31,200775.38,3.98,34.91,38.2,1189812.46,3665.1,5960.7,2121.019108280255,6.835031831831832,1.26553003003003,5.569501801801802,7.070063694267517,19.869,3213333.3899999997,3007588.74,205744.64999999944,7.052613636148209,15455.3675,0.02201261261261261,2.4434,7330.2,20.396851235047123,8.47,0.9,596.0699999999998,2.6400000000000006,4.111731843575419,68.5589519650655,10024.18,195488.59,8344.98,3708.2117
747,92,27600,diesel,20.0,90.96,0.163,8.93,0.619,2.68,125524.8,40174.28,85350.52,3698.4,2784.76,913.64,4-wheeler,8,300,high,4,0.38,0.62,44.26,77.5,0.78,0.22,0.06,home/slow-dominant,0.46,18907.06,11336.69,98636.24,14591.1,838639.45,1295584.68,95839.11,3.74,43.51,55.5,577831.79,4568.2,4498.8,1380.0,4.548,1.4555898550724637,3.0924101449275363,4.6,14.996,1560798.75,1439912.19,120886.56000000006,9.330656796590098,7112.543333333334,0.03310289855072464,3.0454666666666665,9136.4,25.422743120772225,9.37,0.9,449.87999999999994,2.8125,4.754601226993865,87.33624454148472,7570.370000000001,92920.89,1979.472,1503.7704
748,65,19500,petrol,18.6,104.3,0.131,7.87,0.617,2.31,109346.77,20103.92,89242.85,2421.77,1576.13,845.64,4-wheeler,9,300,high,3,0.7,0.3,44.3,77.1,0.8,0.2,0.11,home/slow-dominant,0.33,17741.59,11432.78,103917.48,12605.8,839992.9,1296979.48,98072.82,3.6,40.27,49.4,594281.58,4228.2,2554.5,1048.3870967741934,5.607526666666667,1.0309702564102563,4.57655641025641,3.494623655913978,8.515,1475434.7000000002,1338139.7,137295.00000000023,10.585749591042122,7436.904166666667,0.043366153846153846,2.8188,8456.4,23.530590268212666,8.27,0.9,255.44999999999993,2.544444444444445,5.885496183206106,81.2227074235808,6308.8099999999995,95551.66,1021.8000000000001,1056.0071
749,21,6300,petrol,14.6,105.62,0.128,8.13,0.594,2.31,45575.75,6556.03,39019.72,996.78,479.0,517.78,4-wheeler,8,300,low,2,0.21,0.79,38.94,83.4,0.62,0.38,0.14,mixed,0.29,17156.01,11082.38,108257.86,12540.5,865789.97,1316427.68,47601.45,7.19,24.66,36.4,346265.11,2588.9,806.4,431.5068493150685,7.234246031746031,1.0406396825396824,6.193606349206349,1.4383561643835616,2.6879999999999997,1179448.77,1283821.3699999999,-104372.59999999986,-7.928471999312553,3251.6433333333334,0.08218730158730159,1.7259333333333333,5177.799999999999,14.407630941151265,8.89,0.9,80.63999999999999,2.0749999999999993,6.515625000000001,63.75545851528385,6073.629999999999,45093.35,612.864,340.09
750,87,26100,petrol,20.4,104.04,0.15,6.01,0.605,2.31,133110.0,23529.15,109580.85,2955.44,2368.57,586.87,4-wheeler,3,300,high,4,0.7,0.3,53.77,91.1,0.86,0.14,0.05,home/slow-dominant,0.25,13103.12,8888.84,108660.17,11014.2,847504.99,1327628.95,115997.97,3.2,27.95,37.4,688650.02,2934.35,3915.0,1279.4117647058824,5.1,0.9015000000000001,4.198499999999999,4.264705882352941,13.05,1578570.5899999999,1370044.53,208526.05999999982,15.706652073231744,9131.737500000001,0.02248544061302682,1.9562333333333333,5868.7,16.330113890906258,6.29,0.9,391.4999999999999,2.9666666666666686,6.073333333333333,89.08296943231441,4214.280000000001,113795.13,1096.2,1776.4275000000002
751,81,24300,petrol,14.8,99.55,0.157,8.01,0.624,2.31,163450.34,30558.95,132891.39,3792.77,2380.62,1412.15,4-wheeler,9,300,high,4,0.69,0.31,32.07,73.7,0.77,0.23,0.05,home/slow-dominant,0.32,19058.01,10745.96,109381.77,13453.71,860512.82,1342602.05,143894.18,2.59,67.25,63.9,828852.67,7060.75,3815.1,1641.8918918918919,6.726351440329218,1.2575699588477367,5.468781481481481,5.472972972972973,12.717,1773054.5699999998,1426291.12,346763.4499999997,25.827716410830725,11074.282500000001,0.05811316872427984,4.707166666666667,14121.5,39.294171334440804,8.47,0.9,381.50999999999993,2.922222222222222,4.694267515923567,64.62882096069869,8312.05,141203.44,1754.9460000000001,1618.8215999999998
752,13,3900,petrol,12.3,100.36,0.121,7.98,0.577,2.31,31821.46,3765.76,28055.7,732.44,272.29,460.15,4-wheeler,7,300,low,3,0.27,0.73,39.05,85.2,0.7,0.3,0.04,home/slow-dominant,0.24,17447.69,10818.02,106598.92,11119.09,867187.9,1365190.92,36909.19,10.6,21.91,32.1,291144.87,2300.75,471.9,317.0731707317073,8.159348717948717,0.9655794871794873,7.19376923076923,1.056910569105691,1.573,1113533.65,1320391.8099999998,-206858.15999999992,-15.152324628704674,2337.975,0.11798717948717947,1.5338333333333332,4601.5,12.80403139860704,8.58,0.9,47.18999999999999,2.114285714285714,7.041322314049586,53.7117903930131,6629.669999999998,34685.369999999995,283.14,206.9404
753,62,18600,petrol,13.0,107.59,0.169,8.92,0.656,2.31,153936.46,28039.13,125897.33,3305.08,2062.07,1243.01,4-wheeler,10,300,high,3,0.58,0.42,42.43,74.1,0.61,0.39,0.2,mixed,0.28,20668.57,11358.25,108589.82,13016.59,905289.22,1354997.01,137810.97,2.48,59.19,58.8,797644.67,6215.05,3143.4,1430.7692307692307,8.27615376344086,1.5074801075268818,6.768673655913978,4.769230769230769,10.478,1778314.37,1430377.5,347936.8700000001,25.678054448252997,10491.444166666666,0.0668284946236559,4.143366666666666,12430.1,34.587719371471344,9.7,0.9,314.3399999999999,2.5900000000000007,4.384615384615384,56.76855895196506,9310.32,135207.65,2451.8520000000003,1484.6904
754,12,3600,petrol,16.7,107.69,0.187,7.97,0.568,2.31,23214.61,5365.4,17849.21,497.96,382.38,115.58,2-wheeler,7,300,low,2,0.27,0.73,4.32,78.9,0.97,0.03,0.0,home/slow-dominant,0.12,10678.64,5590.43,13517.96,4716.94,87444.51,189197.06,23880.81,3.69,5.5,11.1,132922.01,577.9,673.2,215.5688622754491,6.448502777777778,1.4903888888888888,4.958113888888889,0.718562874251497,2.244,256910.76,225741.31,31169.45000000001,16.474595324049968,1487.4341666666667,0.032105555555555554,0.38526666666666665,1155.8,3.2161033338063714,8.03,0.9,67.32,3.0142857142857133,4.219251336898396,72.92576419213974,5088.209999999999,22937.42,40.392,336.4944
755,50,15000,diesel,19.6,93.63,0.147,7.47,0.728,2.68,71655.61,16471.35,55184.26,2051.02,1605.24,445.78,2-wheeler,5,300,medium,2,0.47,0.53,4.74,85.6,0.92,0.08,0.01,home/slow-dominant,0.34,8036.02,4700.86,12963.71,3699.68,117979.75,211956.2,59259.36,1.37,21.23,34.4,309260.51,2228.9,2205.0,765.3061224489795,4.777040666666666,1.09809,3.6789506666666663,2.5510204081632653,7.35,516437.9,301153.86,215284.04000000004,101.57006022942477,4598.6883333333335,0.029718666666666664,1.4859333333333333,4457.799999999999,12.404174979617617,7.63,0.9,220.49999999999994,2.8800000000000012,5.8231292517006805,85.58951965065503,3335.1600000000008,58519.420000000006,352.8,1059.4584
756,114,34200,petrol,19.9,107.14,0.169,7.48,0.567,2.31,184130.05,43232.9,140897.15,3969.95,3277.15,692.8,fleet/commercial,2,300,high,5,0.45,0.55,59.74,89.0,0.23,0.77,0.35,fast-dominant,0.06,23191.81,14719.81,175097.32,25078.54,1820544.61,2884605.75,154384.86,5.76,32.99,35.4,947021.62,3464.0,5779.8,1718.5929648241208,5.383919590643274,1.2641198830409357,4.119799707602339,5.728643216080402,19.266000000000002,2857153.91,2974193.44,-117039.5299999998,-4.057383924995635,11741.429166666667,0.020257309941520467,2.309333333333333,6928.0,19.277698474312633,9.020000000000001,0.9,577.9799999999999,5.5,5.266272189349112,86.8995633187773,8472.000000000002,149369.15,8900.892,3080.5209999999997
757,118,35400,petrol,14.7,103.5,0.148,6.53,0.556,2.31,249244.9,34211.98,215032.92,5562.86,2913.0,2649.86,4-wheeler,9,300,high,3,0.51,0.49,46.55,79.3,0.67,0.33,0.16,mixed,0.19,18262.44,11946.97,105602.67,14144.67,904288.5,1401481.97,224177.32,1.75,126.18,74.0,1226489.27,13249.3,5239.2,2408.1632653061224,7.040816384180791,0.9664401129943504,6.07437627118644,8.02721088435374,17.464,2241825.1999999997,1512529.3800000001,729295.8199999996,52.03747430300509,17919.41,0.07485480225988701,8.832866666666668,26498.600000000002,73.73441408652147,7.190000000000001,0.9,523.9199999999998,2.3000000000000003,5.358108108108108,64.19213973799127,6315.469999999999,221348.39,3457.872,2359.53
758,120,36000,diesel,20.6,97.36,0.168,6.99,0.564,2.68,170143.69,42275.52,127868.17,4683.5,3411.07,1272.43,4-wheeler,4,300,high,4,0.57,0.43,27.72,83.0,0.83,0.17,0.02,home/slow-dominant,0.52,14165.78,9231.05,109062.01,12078.87,842940.93,1363517.46,135218.67,3.04,60.59,67.2,785155.36,6362.15,6048.0,1747.5728155339805,4.7262136111111115,1.1743199999999998,3.5518936111111117,5.825242718446602,20.16,1764488.28,1499909.43,264578.8500000001,19.40414096347546,10655.680833333334,0.03534527777777778,4.241433333333333,12724.300000000001,35.406353737975785,7.33,0.9,604.7999999999998,4.25,4.94047619047619,89.95633187772927,4934.730000000001,132802.9,2056.32,1637.3136
759,82,24600,petrol,12.2,101.12,0.119,8.12,0.653,2.31,203897.7,23770.49,180127.21,4657.87,1911.59,2746.28,fleet/commercial,8,300,high,4,0.49,0.51,86.63,83.4,0.43,0.57,0.38,fast-dominant,0.09,27131.4,16922.23,177804.03,26932.13,1915760.48,2963444.81,195722.81,4.44,130.78,71.3,1156418.08,13731.4,2927.4,2016.393442622951,8.288524390243904,0.9662800813008131,7.32224430894309,6.721311475409837,9.758000000000001,3070905.98,2962172.2500000005,108733.72999999952,3.6691666952285678,15010.600833333332,0.11163739837398375,9.154266666666667,27462.800000000003,76.41737552834195,9.259999999999998,0.9,292.73999999999995,2.0749999999999993,7.008403361344539,53.275109170305676,10209.170000000002,190336.38,3337.236,1739.5469
760,20,6000,petrol,14.2,99.04,0.143,8.45,0.655,2.31,41847.89,7250.1,34597.79,976.06,561.99,414.07,4-wheeler,4,300,low,2,0.24,0.76,36.56,85.7,0.82,0.18,0.03,home/slow-dominant,0.22,14117.48,9814.62,104554.15,13441.03,837754.61,1349661.24,41588.86,9.79,19.72,29.4,312498.45,2070.35,857.9999999999999,422.53521126760563,6.974648333333334,1.20835,5.766298333333333,1.408450704225352,2.8599999999999994,1117581.46,1316989.6600000001,-199408.2000000002,-14.774685238793714,2883.1491666666666,0.06901166666666667,1.3802333333333332,4140.7,11.521819583225508,8.809999999999999,0.9,85.79999999999997,3.5749999999999993,5.993006993006993,62.00873362445415,4302.859999999999,38900.65,308.87999999999994,438.35220000000004
761,110,33000,petrol,14.6,105.85,0.125,6.47,0.698,2.31,239250.0,26688.75,212561.25,5221.23,2879.25,2341.98,4-wheeler,9,300,high,4,0.47,0.53,49.72,81.7,0.7,0.3,0.15,home/slow-dominant,0.27,17823.88,11203.03,106196.9,11679.99,845346.33,1305361.08,221518.1,1.6,111.52,74.0,1213787.4,11709.9,4125.0,2260.27397260274,7.25,0.80875,6.44125,7.534246575342466,13.75,2130715.73,1376943.09,753772.6399999999,57.744378283440156,17713.4375,0.07096909090909091,7.8066,23419.8,65.16741378878565,7.069999999999999,0.9,412.4999999999999,2.033333333333333,6.5360000000000005,63.75545851528385,6620.85,219182.1,2475.0,2101.8525
762,62,18600,petrol,17.4,106.39,0.176,6.17,0.666,2.31,113727.24,20198.11,93529.13,2469.31,2180.22,289.09,4-wheeler,10,300,high,4,0.55,0.45,22.77,70.8,0.8,0.2,0.09,home/slow-dominant,0.46,18877.23,12278.71,108914.21,14620.54,878285.11,1342133.38,103051.76,3.44,13.77,30.6,624173.01,1445.45,3273.6,1068.9655172413793,6.114367741935484,1.0859198924731184,5.028447849462366,3.5632183908045976,10.911999999999999,1541307.46,1380982.73,160324.72999999998,11.945513939903647,7794.094166666667,0.015542473118279568,0.9636333333333332,2890.8999999999996,8.04415394333002,6.57,0.9,327.3599999999999,2.9200000000000004,4.0227272727272725,75.9825327510917,6598.52,100127.65000000001,1309.44,1177.3188
763,28,8400,diesel,14.6,95.4,0.151,7.56,0.753,2.68,54887.67,9589.1,45298.57,1541.92,955.11,586.81,2-wheeler,12,300,medium,3,0.25,0.75,2.72,72.4,0.84,0.16,0.01,home/slow-dominant,0.28,13036.0,7620.28,19702.9,2302.57,129601.12,209327.46,51174.8,1.17,27.94,38.2,275576.9,2934.05,1268.3999999999999,575.3424657534247,6.534246428571429,1.1415595238095237,5.392686904761905,1.9178082191780823,4.228,469219.47,273368.88999999996,195850.58000000002,93.56181936187447,3774.880833333333,0.06985833333333333,1.956033333333333,5868.099999999999,16.328444344271645,7.879999999999999,0.9,126.83999999999996,2.2999999999999994,4.794701986754967,63.75545851528385,5415.72,50714.29,405.888,687.6792
764,71,21300,petrol,20.5,105.76,0.171,6.48,0.602,2.31,109887.22,23602.1,86285.12,2400.15,2192.66,207.49,4-wheeler,4,300,high,4,0.42,0.58,40.51,86.1,0.62,0.38,0.13,mixed,0.32,16107.79,9630.58,109554.41,14958.35,843111.22,1342152.53,95754.0,4.07,9.88,22.4,588324.41,1037.45,3642.3,1039.0243902439024,5.15902441314554,1.1080798122065727,4.050944600938967,3.4634146341463414,12.141,1473086.27,1383803.17,89283.1000000001,6.65223199333388,7190.426666666666,0.009741314553990611,0.6916333333333333,2074.9,5.773570520258557,7.24,0.9,364.22999999999996,3.4750000000000014,5.035087719298245,89.51965065502185,6477.210000000001,92762.33,2768.148,1491.0087999999998
765,91,27300,petrol,18.9,105.96,0.146,8.09,0.612,2.31,153053.33,32245.12,120808.21,3336.67,2439.31,897.36,2-wheeler,5,300,high,4,0.68,0.32,5.07,83.4,0.9,0.1,0.0,home/slow-dominant,0.51,8438.34,3833.01,15170.1,1529.24,149296.62,188796.51,125719.39,0.19,42.73,56.6,643767.05,4486.8,3985.7999999999997,1444.4444444444446,5.606349084249084,1.1811399267399267,4.425209157509157,4.814814814814815,13.286,956754.9699999999,352487.82000000007,604267.1499999998,320.06266959066124,10067.350833333334,0.03287032967032967,2.9912,8973.6,24.96973946724767,8.29,0.9,398.57999999999987,3.319999999999999,5.712328767123289,82.53275109170306,4605.33,125413.54000000001,797.16,1195.2619
766,112,33600,diesel,17.3,90.32,0.171,8.63,0.729,2.68,175419.19,49584.53,125834.66,5205.09,4188.54,1016.55,4-wheeler,8,300,high,4,0.59,0.41,42.04,79.1,0.89,0.11,0.02,home/slow-dominant,0.24,19170.23,10474.41,100248.93,12053.93,879779.65,1350547.54,136941.27,2.71,48.41,52.3,784955.28,5082.75,5745.6,1942.1965317919075,5.220809226190476,1.4757300595238094,3.7450791666666667,6.473988439306359,19.152,1852726.75,1538539.3800000001,314187.3699999999,23.263703105186497,10486.221666666666,0.030254464285714284,3.3885,10165.5,28.286293856903157,8.850000000000001,0.9,574.56,2.6125000000000007,4.625730994152046,75.54585152838429,8695.82,134530.48,1264.0320000000002,3183.2904
767,24,7200,diesel,21.7,95.59,0.157,6.51,0.629,2.68,31716.5,7358.9,24357.6,889.22,711.02,178.2,4-wheeler,2,300,low,2,0.18,0.82,57.34,94.3,0.66,0.34,0.17,mixed,0.21,13193.92,7936.44,103145.19,11799.44,869470.88,1335300.89,31974.97,11.34,8.49,17.8,263020.04,891.0,1130.4,331.7972350230415,4.405069444444444,1.0220694444444445,3.3829999999999996,1.1059907834101383,3.7680000000000002,1094022.98,1296832.96,-202809.97999999998,-15.188335566824943,2029.8,0.024749999999999998,0.594,1782.0,4.9585535047957725,7.1899999999999995,0.9,113.03999999999998,2.8500000000000014,6.006369426751592,94.75982532751091,5257.4800000000005,29615.079999999998,768.6720000000001,561.7058000000001
768,45,13500,petrol,15.5,103.79,0.163,7.32,0.554,2.31,90397.74,16107.66,74290.08,2011.94,1219.08,792.86,4-wheeler,9,300,medium,3,0.23,0.77,40.38,76.8,0.71,0.29,0.08,home/slow-dominant,0.21,18648.3,10632.57,100752.53,11055.97,861559.8,1304161.86,84517.0,4.04,37.76,43.6,523337.53,3964.3,2200.5,870.9677419354839,6.6961288888888895,1.19316,5.50296888888889,2.903225806451613,7.335,1406790.0,1326054.51,80735.48999999999,6.190603519106132,6190.84,0.05873037037037037,2.642866666666667,7928.6,22.06194574529953,7.8999999999999995,0.9,220.04999999999995,2.577777777777778,4.711656441717792,67.68558951965066,8015.73,82305.81,1276.29,963.0732
769,41,12300,petrol,14.0,100.05,0.15,7.77,0.629,2.31,87901.07,14335.65,73565.42,2029.5,1160.51,868.99,4-wheeler,10,300,medium,3,0.35,0.65,40.64,72.9,0.79,0.21,0.06,home/slow-dominant,0.44,19078.99,12184.45,95021.39,13929.47,908616.38,1404848.37,83245.85,4.82,41.38,53.4,511250.64,4344.95,1845.0,878.5714285714286,7.146428455284553,1.1655,5.980928455284554,2.9285714285714284,6.15,1443516.6800000002,1428498.0100000002,15018.669999999925,1.0690598587518685,6130.451666666667,0.07064959349593496,2.8966333333333334,8689.9,24.180322166848924,8.19,0.9,184.49999999999997,2.7099999999999995,4.860000000000001,61.13537117903931,6894.540000000001,80459.95999999999,774.9,649.8856000000001
770,114,34200,petrol,20.5,107.73,0.118,7.77,0.693,2.31,179725.17,31356.61,148368.56,3853.76,2796.67,1057.09,fleet/commercial,7,300,high,5,0.36,0.64,45.99,84.2,0.37,0.63,0.38,fast-dominant,0.05,26488.93,17069.86,185976.58,26773.7,1867616.42,2838196.65,163142.37,4.81,50.34,47.7,1001688.43,5285.45,4035.6,1668.2926829268292,5.255121929824562,0.9168599415204679,4.338261988304094,5.560975609756097,13.452,2898686.92,2867578.7199999997,31108.200000000186,1.0960551306407957,12364.046666666667,0.03090906432748538,3.523633333333333,10570.9,29.41435086635557,9.03,0.9,403.5599999999999,2.2571428571428567,7.1355932203389845,89.51965065502185,9419.07,157787.63,5084.856,2656.8365
771,70,21000,petrol,19.8,99.23,0.186,8.3,0.589,2.31,105243.94,32419.8,72824.14,2450.0,2300.63,149.37,4-wheeler,5,300,high,4,0.64,0.36,52.5,81.4,0.85,0.15,0.04,home/slow-dominant,0.23,14893.6,9316.27,106275.76,14169.4,875453.09,1349662.63,81235.35,4.53,7.11,16.4,512452.51,746.85,3906.0,1060.6060606060605,5.0116161904761904,1.5438,3.4678161904761904,3.535353535353535,13.02,1476140.79,1437897.82,38242.96999999997,2.8335206999100193,6068.678333333333,0.007112857142857143,0.4979,1493.7,4.156336346865009,8.600000000000001,0.9,390.5999999999999,3.719999999999999,4.376344086021506,86.46288209606988,5577.33,78401.47,1171.8,1771.4851
772,76,22800,petrol,17.1,101.52,0.133,8.53,0.765,2.31,135360.0,25866.37,109493.63,3080.0,2319.79,760.21,fleet/commercial,7,300,high,3,0.36,0.64,52.35,81.6,0.45,0.55,0.37,fast-dominant,0.21,28318.19,16575.41,186204.62,25026.79,1844384.81,2831813.58,126241.77,6.35,36.2,42.5,817413.47,3801.05,3032.4,1333.3333333333333,5.936842105263158,1.1344899122807017,4.802352192982456,4.444444444444444,10.108,2662775.76,2832791.07,-170015.31000000006,-6.003760671279783,9124.469166666668,0.033342543859649125,2.5340333333333334,7602.1,21.153434118298513,9.629999999999999,0.9,303.23999999999995,2.6285714285714294,6.135338345864661,74.67248908296943,11742.779999999999,121236.41,3335.6400000000003,1832.6341
773,79,23700,petrol,19.4,103.61,0.13,6.81,0.678,2.31,126575.1,20981.61,105593.49,2822.01,2088.92,733.09,4-wheeler,4,300,high,3,0.66,0.34,56.19,93.4,0.57,0.43,0.11,mixed,0.23,16168.35,9081.73,100175.31,12777.34,855698.73,1311903.22,115235.58,3.09,34.91,41.8,676353.21,3665.45,3081.0,1221.6494845360826,5.340721518987342,0.8853,4.455421518987342,4.072164948453609,10.27,1569415.98,1349267.2699999998,220148.7100000002,16.780865131194677,8799.4575,0.030932067510548524,2.4436333333333335,7330.900000000001,20.398799039454172,7.669999999999999,0.9,308.0999999999999,1.6499999999999986,7.184615384615385,84.71615720524017,7086.620000000001,112680.11,2649.66,1608.4684000000002
774,45,13500,diesel,22.0,93.15,0.115,7.9,0.732,2.68,57160.23,12264.75,44895.48,1644.55,1136.43,508.12,4-wheeler,3,300,medium,4,0.32,0.68,56.61,94.3,0.9,0.1,0.05,home/slow-dominant,0.31,13157.78,8869.09,102834.34,13636.45,876745.44,1392594.33,51911.46,7.96,24.2,36.5,362391.64,2540.6,1552.5,613.6363636363636,4.234091111111112,0.9085,3.3255911111111116,2.0454545454545454,5.175,1228335.49,1381792.74,-153457.25,-11.019522821121926,3741.2900000000004,0.037638518518518516,1.6937333333333333,5081.2,14.138833932978834,8.1,0.9,155.24999999999997,1.900000000000001,8.2,96.06986899563319,4288.6900000000005,49184.170000000006,310.5,784.1367
775,60,18000,petrol,17.4,102.62,0.183,8.4,0.702,2.31,106158.62,27669.6,78489.02,2389.66,2312.39,77.27,4-wheeler,6,300,high,4,0.53,0.47,57.85,73.8,0.81,0.19,0.1,home/slow-dominant,0.32,15660.83,10242.06,100399.6,12759.07,846462.11,1289408.2,86459.6,3.96,3.68,15.9,532697.6,386.35,3294.0,1034.4827586206898,5.897701111111111,1.5372,4.360501111111111,3.4482758620689657,10.98,1455559.3599999999,1365807.8299999998,89751.53000000003,6.960676223402336,6540.751666666667,0.004292777777777777,0.25756666666666667,772.6999999999999,2.1500978076070107,8.780000000000001,0.9,329.3999999999999,4.366666666666667,4.032786885245901,75.9825327510917,5418.77,83907.79000000001,1251.72,1572.4251999999997
776,48,14400,petrol,12.3,102.62,0.167,7.83,0.777,2.31,120140.49,18829.58,101310.91,2704.39,1868.53,835.86,2-wheeler,10,300,medium,2,0.52,0.48,3.82,73.0,0.95,0.05,0.01,home/slow-dominant,0.2,11816.46,6952.75,10240.55,4289.3,98510.88,211685.74,107032.48,0.96,39.8,44.9,545402.95,4179.3,2404.8,1170.7317073170732,8.343089583333335,1.3076097222222223,7.035479861111112,3.902439024390244,8.016,758295.63,326067.54000000004,432228.08999999997,204.18384818930173,8442.575833333334,0.05804583333333333,2.7862,8358.6,23.258454166771013,7.93,0.9,240.47999999999996,2.7,4.37125748502994,53.7117903930131,4863.709999999999,106174.62,240.48000000000002,1494.824
777,13,3900,diesel,16.2,90.06,0.143,7.21,0.665,2.68,21681.11,4021.02,17660.09,645.19,370.87,274.32,2-wheeler,9,300,low,2,0.17,0.83,4.37,76.7,0.9,0.1,0.0,home/slow-dominant,0.3,10497.2,5879.3,18436.73,4035.89,142156.86,220784.8,23085.17,2.61,13.06,25.0,133862.58,1371.6,557.6999999999999,240.74074074074076,5.559258974358975,1.0310307692307692,4.5282282051282055,0.8024691358024693,1.8589999999999998,303048.41000000003,247813.77999999994,55234.63000000009,25.017406089549688,1471.6741666666667,0.07033846153846153,0.9144,2743.2,7.63316721344319,7.41,0.9,55.76999999999998,2.5888888888888886,5.363636363636364,70.74235807860262,4617.900000000001,22277.99,111.53999999999999,259.609
778,87,26100,petrol,16.4,104.05,0.135,7.81,0.705,2.31,165591.77,27518.54,138073.23,3676.28,2484.07,1192.21,4-wheeler,6,300,high,4,0.44,0.56,51.58,84.9,0.85,0.15,0.07,home/slow-dominant,0.32,16173.31,10050.52,96856.41,11458.59,904693.67,1384768.79,146487.74,2.62,56.77,58.8,829295.11,5961.05,3523.5000000000005,1591.4634146341464,6.344512260536398,1.0543501915708813,5.290162068965516,5.304878048780488,11.745000000000001,1813519.0699999998,1464299.09,349219.97999999975,25.218648955830364,11506.1025,0.04567854406130269,3.9740333333333333,11922.1,33.17416988750038,8.11,0.9,352.34999999999997,2.5166666666666657,6.288888888888889,71.61572052401746,6122.789999999999,144196.02000000002,1057.0500000000002,1689.1676
779,73,21900,diesel,18.0,94.57,0.145,6.67,0.653,2.68,115060.17,21180.58,93879.59,3260.67,2073.6,1187.07,4-wheeler,9,300,high,4,0.65,0.35,26.98,76.5,0.59,0.41,0.11,mixed,0.35,17859.83,10544.42,96200.62,14124.17,908746.05,1375413.23,104019.83,3.56,56.53,59.5,616299.77,5935.35,3175.5,1216.6666666666667,5.25388904109589,0.9671497716894978,4.286739269406392,4.055555555555556,10.585,1573346.05,1423713.44,149632.6100000001,10.87910212991045,7823.299166666667,0.054204109589041094,3.9568999999999996,11870.699999999999,33.03114539246867,7.49,0.9,317.54999999999995,2.611111111111111,5.275862068965518,78.60262008733625,7315.410000000002,101195.0,2603.91,1347.84
780,55,16500,petrol,20.9,104.49,0.171,8.52,0.621,2.31,82492.11,24039.18,58452.93,1823.68,1752.15,71.53,4-wheeler,4,300,medium,3,0.21,0.79,44.84,86.7,0.67,0.33,0.03,mixed,0.16,14895.63,9046.83,106332.49,13882.71,853022.93,1350447.27,67078.27,5.83,3.41,10.9,441723.84,357.65,2821.5,789.4736842105264,4.999521818181818,1.45692,3.5426018181818177,2.6315789473684212,9.405,1339961.6300000001,1395662.12,-55700.48999999999,-4.124595697838687,4871.0775,0.004335151515151515,0.23843333333333333,715.3,1.99037784622919,9.18,0.9,282.1499999999999,3.3249999999999993,5.070175438596491,91.26637554585153,5848.799999999999,64301.729999999996,1862.19,1471.806
781,86,25800,petrol,19.4,100.57,0.15,7.65,0.594,2.31,133747.73,29605.5,104142.23,3072.06,2298.78,773.28,4-wheeler,5,300,high,3,0.39,0.61,23.3,87.6,0.86,0.14,0.03,home/slow-dominant,0.5,15202.07,9600.73,95142.59,13623.34,863361.55,1359734.45,112468.24,3.57,36.82,52.0,657483.79,3866.4,3870.0,1329.896907216495,5.184020542635659,1.1475,4.036520542635659,4.43298969072165,12.9,1608110.5500000003,1446999.6699999997,161110.8800000006,11.848701781439795,8678.519166666667,0.029972093023255812,2.5776,7732.799999999999,21.51711702687135,7.930000000000001,0.9,386.9999999999999,2.4800000000000013,5.84,84.71615720524017,5601.34,109743.56999999999,1083.6000000000001,1149.39
782,36,10800,petrol,20.7,103.96,0.127,6.83,0.774,2.31,54240.0,9368.03,44871.97,1205.22,1061.62,143.6,4-wheeler,3,300,medium,4,0.32,0.68,40.91,93.1,0.62,0.38,0.14,mixed,0.28,13894.57,9064.11,109385.13,11620.37,857874.66,1353487.31,52026.5,7.42,6.84,17.6,369517.63,718.0,1371.6,521.7391304347826,5.022222222222222,0.8674101851851852,4.154812037037037,1.7391304347826086,4.572,1198547.51,1324642.5099999998,-126094.99999999977,-9.316304561436912,3739.3308333333334,0.013296296296296296,0.47866666666666663,1436.0,3.995781612169882,7.59,0.9,137.15999999999997,2.300000000000002,7.330708661417322,90.39301310043668,4830.459999999999,49702.43,1042.416,764.3663999999999
783,120,36000,petrol,19.7,104.89,0.117,6.53,0.659,2.31,191677.16,27504.36,164172.8,4221.32,2775.71,1445.61,4-wheeler,1,300,high,4,0.59,0.41,27.88,97.5,0.58,0.42,0.19,mixed,0.06,11776.35,7285.14,102728.83,12071.99,855680.97,1300268.46,171078.41,2.0,68.84,56.8,958120.88,7228.05,4212.0,1827.4111675126903,5.324365555555556,0.76401,4.560355555555556,6.091370558375634,14.04,1872948.52,1359415.14,513533.3800000001,39.49441179246939,13681.066666666666,0.04015583333333333,4.8187,14456.099999999999,40.22522184100907,7.37,0.9,421.19999999999993,2.5,8.333333333333332,86.02620087336244,4491.21,168664.00999999998,3538.08,2609.1674
784,65,19500,petrol,20.6,100.83,0.16,8.79,0.668,2.31,95445.87,27424.8,68021.07,2186.65,2084.16,102.49,4-wheeler,6,300,high,4,0.65,0.35,28.95,81.9,0.83,0.17,0.03,home/slow-dominant,0.41,16327.51,10429.3,109745.25,12572.71,903410.19,1422898.66,76433.82,5.36,4.88,19.4,491914.35,512.45,3120.0,946.6019417475727,4.89466,1.4063999999999999,3.4882600000000004,3.155339805825242,10.4,1462277.0899999999,1489851.2,-27574.110000000102,-1.937882912898386,5668.422500000001,0.005255897435897436,0.3416333333333333,1024.8999999999999,2.8518639096886576,9.129999999999999,0.9,311.99999999999994,3.0166666666666657,5.11875,89.95633187772927,5898.210000000001,73919.28000000001,1060.8000000000002,1229.6544000000001
785,56,16800,petrol,18.2,100.59,0.131,6.75,0.563,2.31,92852.31,14855.4,77996.91,2132.31,1239.05,893.26,2-wheeler,8,300,high,4,0.39,0.61,3.28,81.1,0.94,0.06,0.01,home/slow-dominant,0.11,11659.82,5901.3,10869.96,2619.72,152809.86,242297.31,84279.37,0.93,42.54,44.3,432266.81,4466.3,2200.8,923.0769230769231,5.5269232142857145,0.88425,4.642673214285715,3.076923076923077,7.336,675370.51,332591.13,342779.38,141.47056770873766,6499.7425,0.0531702380952381,2.977533333333333,8932.6,24.855653780549225,6.87,0.9,220.07999999999996,2.3625000000000007,6.190839694656487,79.47598253275109,5758.5199999999995,83755.43000000001,264.096,1102.7545
786,118,35400,petrol,15.1,102.4,0.137,8.76,0.6,2.31,240063.58,42484.25,197579.33,5415.5,2909.88,2505.62,fleet/commercial,8,300,high,4,0.59,0.41,61.62,78.8,0.22,0.78,0.41,fast-dominant,0.14,27589.2,18543.22,183752.94,24911.24,1897648.99,2905039.64,211607.56,3.89,119.32,71.4,1241790.74,12528.1,4849.8,2344.3708609271525,6.781457062146893,1.2001200564971752,5.581337005649718,7.814569536423842,16.166,3235912.8899999997,3001512.81,234400.0799999996,8.068739468215986,16464.944166666664,0.07078022598870057,8.352066666666666,25056.199999999997,69.72082397691574,10.32,0.9,484.9799999999999,2.6500000000000004,5.751824817518247,65.93886462882097,9045.98,206625.31,7565.688,2502.4968
787,70,21000,diesel,15.9,93.66,0.173,8.42,0.736,2.68,123701.89,30589.86,93112.03,3539.62,2673.89,865.73,4-wheeler,8,300,high,4,0.56,0.44,45.68,77.2,0.85,0.15,0.07,home/slow-dominant,0.49,18903.43,10777.4,100239.91,14221.43,844445.68,1301476.86,104082.35,3.43,41.23,54.7,620651.66,4328.65,3632.9999999999995,1320.754716981132,5.89056619047619,1.45666,4.43390619047619,4.40251572327044,12.109999999999998,1557472.2800000003,1393851.8200000003,163620.45999999996,12.571906964216017,7759.3358333333335,0.0412252380952381,2.8857666666666666,8657.3,24.08961013303504,8.72,0.9,363.2999999999999,2.8499999999999996,4.4624277456647405,69.43231441048036,8126.030000000001,101238.06,1089.8999999999999,1363.6839
788,26,7800,diesel,16.6,94.52,0.158,7.52,0.667,2.68,44413.01,9267.65,35145.36,1259.28,822.01,437.27,2-wheeler,8,300,medium,3,0.17,0.83,2.26,78.8,0.91,0.09,0.01,home/slow-dominant,0.24,11323.68,5570.55,22652.24,4052.93,101710.23,206824.3,41709.08,1.98,20.82,31.0,231197.64,2186.35,1232.4,469.8795180722891,5.6939756410256415,1.1881602564102565,4.505815384615385,1.5662650602409636,4.1080000000000005,380393.68,254310.13,126083.54999999999,60.961671331656866,2928.78,0.05606025641025641,1.4575666666666667,4372.7,12.167377615275237,7.699999999999999,0.9,123.23999999999998,2.6500000000000004,4.987341772151898,72.48908296943233,5753.13,40898.49,221.83200000000002,624.7276
789,106,31800,petrol,14.4,99.49,0.186,6.03,0.691,2.31,219707.08,35666.24,184040.84,5101.25,4087.13,1014.12,4-wheeler,6,300,high,4,0.59,0.41,41.14,82.0,0.73,0.27,0.12,home/slow-dominant,0.18,17584.94,10619.43,100418.34,13261.89,847972.71,1371031.3,193658.73,2.18,48.29,50.3,1068711.99,5070.6,5914.8,2208.3333333333335,6.9090276729559745,1.1215798742138363,5.787447798742138,7.361111111111112,19.716,2034432.8099999998,1488779.42,545653.3899999999,39.79875514147634,15336.736666666666,0.03189056603773585,3.3804,10141.2,28.2186772182014,6.57,0.9,591.4799999999999,3.0,4.408602150537634,62.882096069869,6965.509999999998,191006.35,3193.992,3351.4466
790,69,20700,petrol,13.3,103.01,0.176,7.84,0.576,2.31,160323.83,28562.69,131761.14,3595.26,2098.48,1496.78,fleet/commercial,8,300,high,5,0.55,0.45,49.13,78.2,0.48,0.52,0.39,fast-dominant,0.15,28696.26,17168.79,178907.31,24903.81,1871259.65,2911529.27,148269.37,5.81,71.28,60.1,920254.16,7483.9,3643.2,1556.390977443609,7.745112560386473,1.3798400966183575,6.3652724637681155,5.18796992481203,12.144,2816360.0999999996,2936375.55,-120015.45000000019,-4.122076025016234,10980.095000000001,0.07230821256038647,4.9892666666666665,14967.8,41.64906686256013,8.88,0.9,364.3199999999999,2.7249999999999996,4.443181818181818,58.07860262008734,11527.469999999998,143288.61000000002,3788.928,1783.7079999999999
791,53,15900,petrol,13.6,107.23,0.126,8.17,0.663,2.31,125364.49,16367.78,108996.71,2700.66,1328.25,1372.41,2-wheeler,11,300,medium,4,0.41,0.59,4.01,73.7,0.85,0.15,0.02,home/slow-dominant,0.25,13133.03,6583.22,22863.3,5172.31,88268.34,137481.36,116580.98,0.23,65.35,61.0,605768.2,6862.05,2003.4,1169.1176470588236,7.884559119496855,1.0294201257861635,6.855138993710692,3.897058823529412,6.678,780755.9400000001,224200.75,556555.1900000001,404.82229009081675,9083.059166666668,0.08631509433962264,4.5747,13724.1,38.188374946783206,8.469999999999999,0.9,200.33999999999997,2.3909090909090907,5.849206349206349,59.388646288209614,6549.81,115546.52,601.02,996.1875
792,59,17700,petrol,15.9,102.46,0.159,8.31,0.65,2.31,114059.25,23386.83,90672.42,2571.51,1829.3,742.21,4-wheeler,6,300,high,3,0.28,0.72,46.22,83.8,0.62,0.38,0.1,mixed,0.19,17355.8,9241.85,100619.8,11764.73,906888.9,1370842.39,101139.32,3.59,35.34,41.3,606316.4,3711.05,2814.3,1113.2075471698113,6.444025423728814,1.3212898305084746,5.122735593220339,3.710691823899371,9.381,1563964.15,1421601.2599999998,142362.89000000013,10.38506622194548,7556.035,0.041932768361581926,2.4740333333333333,7422.1,20.652570127915098,9.07,0.9,281.42999999999995,2.7000000000000006,5.270440251572326,69.43231441048036,8113.949999999999,98786.37,2138.868,1481.733
793,79,23700,petrol,20.5,103.82,0.183,8.68,0.618,2.31,120026.05,37646.03,82380.02,2670.59,2680.33,-9.74,4-wheeler,5,300,high,3,0.62,0.38,43.15,79.5,0.65,0.35,0.07,mixed,0.18,14731.55,10323.98,95252.5,14179.8,857239.13,1315022.89,89623.55,4.05,-0.46,8.9,543370.25,-48.7,4337.099999999999,1156.0975609756097,5.06439029535865,1.5884400843881856,3.4759502109704643,3.8536585365853657,14.456999999999999,1531027.13,1445440.64,85586.48999999999,6.508365036900613,6865.001666666667,-0.0004109704641350211,-0.032466666666666665,-97.4,-0.27102307035191264,9.379999999999999,0.9,433.70999999999987,4.1,4.344262295081967,89.51965065502185,4407.57,86787.59,3035.9699999999993,2197.8706
794,68,20400,petrol,16.5,105.64,0.129,7.76,0.78,2.31,130609.45,20421.22,110188.23,2856.0,2052.65,803.35,4-wheeler,5,300,high,5,0.43,0.57,50.06,89.3,0.73,0.27,0.12,home/slow-dominant,0.32,15660.79,8501.97,100854.34,14866.69,844680.52,1305673.71,120320.39,2.99,38.25,47.4,702456.29,4016.75,2631.6,1236.3636363636363,6.402424019607843,1.0010401960784314,5.401383823529412,4.121212121212121,8.772,1576031.72,1334568.63,241463.09000000008,18.493371517758455,9182.352499999999,0.039379901960784315,2.6778333333333335,8033.5,22.353838148584085,8.3,0.9,263.1599999999999,2.1400000000000006,6.922480620155039,72.0524017467249,7158.8200000000015,117347.05,1421.064,1395.802
795,115,34500,petrol,17.0,102.92,0.121,7.76,0.613,2.31,208867.06,32394.12,176472.94,4687.94,2558.97,2128.97,2-wheeler,8,300,high,4,0.59,0.41,3.17,81.2,0.87,0.13,0.02,home/slow-dominant,0.17,11674.21,6318.65,19817.83,4408.37,128174.52,194157.61,182710.17,0.25,101.38,69.6,933368.68,10644.85,4174.5,2029.4117647058824,6.05411768115942,0.93896,5.11515768115942,6.764705882352941,13.915,1230880.8699999999,363495.25999999995,867385.6099999999,446.74304035777936,14706.078333333333,0.061709275362318836,7.096566666666666,21289.699999999997,59.24024497814284,8.02,0.9,417.44999999999993,2.3499999999999996,6.710743801652893,74.23580786026201,5355.5599999999995,181828.5,1085.3700000000001,2123.9451
796,44,13200,petrol,20.8,101.11,0.112,7.41,0.765,2.31,64165.96,10954.94,53211.02,1465.96,1130.98,334.98,4-wheeler,4,300,medium,4,0.24,0.76,51.07,90.1,0.83,0.17,0.09,home/slow-dominant,0.47,15647.04,8817.03,98815.39,14971.44,876531.69,1327544.52,63035.32,5.59,15.95,33.4,413991.99,1674.9,1478.4,634.6153846153846,4.861057575757576,0.829919696969697,4.031137878787878,2.1153846153846154,4.928,1275596.69,1312617.5400000003,-37020.850000000326,-2.788671072213859,4434.251666666666,0.025377272727272727,1.1166,3349.8,9.321078861035287,7.75,0.9,147.83999999999997,2.4750000000000014,8.044642857142856,90.82969432314411,6830.01,60041.03,502.65600000000006,599.4194
797,59,17700,petrol,21.0,99.55,0.153,7.17,0.6,2.31,83906.43,19417.08,64489.35,1947.0,1624.86,322.14,fleet/commercial,1,300,high,4,0.49,0.51,61.64,94.4,0.47,0.53,0.33,mixed,0.26,23858.98,13836.44,181479.81,26604.2,1917349.21,2972009.1,79832.73,10.94,15.34,26.3,580643.46,1610.7,2708.1,842.8571428571429,4.7404762711864405,1.0970101694915255,3.643466101694915,2.8095238095238098,9.027,2456176.26,2930192.69,-474016.43000000017,-15.949359980088895,5374.1125,0.0182,1.0737999999999999,3221.3999999999996,8.963795881228451,8.23,0.9,270.80999999999995,5.599999999999994,6.169934640522876,91.70305676855895,10022.539999999999,74511.89,2870.5860000000002,1202.3963999999999
798,119,35700,diesel,15.7,95.43,0.148,7.67,0.571,2.68,216996.88,40525.21,176471.67,6094.01,3016.94,3077.07,4-wheeler,10,300,high,4,0.61,0.39,40.4,70.0,0.75,0.25,0.13,home/slow-dominant,0.27,20171.12,11842.63,95850.73,11869.84,836619.24,1311135.6,187174.13,2.02,146.53,77.4,1031721.38,15385.35,5283.599999999999,2273.8853503184714,6.078343977591037,1.135159943977591,4.943184033613446,7.579617834394905,17.612,2022459.24,1465254.23,557205.01,42.49789342917696,14705.972500000002,0.08619243697478993,10.2569,30770.7,85.62186438272687,8.17,0.9,528.3599999999998,3.0,4.72972972972973,68.5589519650655,8328.49,184800.16,2641.7999999999997,2202.3662
799,97,29100,petrol,12.4,105.46,0.166,8.31,0.653,2.31,247490.81,40142.29,207348.52,5421.05,3154.38,2266.67,4-wheeler,8,300,high,4,0.43,0.57,46.63,73.4,0.82,0.18,0.09,home/slow-dominant,0.47,18899.72,10628.88,103821.39,11815.28,840157.8,1351447.32,217982.42,1.87,107.94,79.2,1193733.49,11333.35,4830.6,2346.774193548387,8.50483883161512,1.3794601374570448,7.125378694158075,7.822580645161289,16.102,2172110.45,1489666.5,682443.9500000002,50.497266145749585,17279.04333333333,0.07789243986254296,7.5555666666666665,22666.7,63.07185450457595,8.67,0.9,483.05999999999995,3.3249999999999993,4.421686746987952,54.14847161572053,8270.840000000002,215619.36,1739.016,1671.8214
800,51,15300,diesel,19.9,94.29,0.147,8.7,0.607,2.68,72494.32,19567.17,52927.15,2060.5,1365.2,695.3,fleet/commercial,4,300,medium,3,0.38,0.62,40.92,87.6,0.23,0.77,0.58,fast-dominant,0.05,25495.67,16219.04,186344.42,25298.26,1906649.5,2986067.0,67263.43,13.28,33.11,35.3,522661.57,3476.5,2249.1,768.8442211055277,4.738190849673203,1.2789,3.459290849673203,2.562814070351759,7.497,2396599.45,2953355.37,-556755.9199999999,-18.645124841472075,4410.595833333334,0.04544444444444444,2.3176666666666663,6953.0,19.34726291742144,10.239999999999998,0.9,224.90999999999994,3.1000000000000014,5.959183673469387,86.8995633187773,9276.629999999997,62203.78,3463.614,1296.94
801,62,18600,petrol,18.8,103.66,0.151,7.43,0.738,2.31,102557.23,20867.9,81689.33,2285.43,2072.75,212.68,4-wheeler,6,300,high,4,0.4,0.6,46.85,83.2,0.57,0.43,0.2,mixed,0.06,17125.2,10226.97,101199.69,11028.52,852730.3,1333796.93,90793.26,4.18,10.13,14.9,555165.99,1063.4,2808.6,989.3617021276596,5.513829569892473,1.1219301075268817,4.391899462365592,3.2978723404255317,9.362,1451142.45,1377043.07,74099.37999999989,5.555521858938444,6807.444166666667,0.011434408602150538,0.7089333333333333,2126.8,5.917986304152441,8.29,0.9,280.85999999999996,2.7999999999999994,5.509933774834438,82.09606986899564,6898.230000000001,88587.56,2415.3959999999997,1948.385
802,17,5100,petrol,20.8,101.23,0.161,8.99,0.697,2.31,24820.82,7381.69,17439.13,566.39,572.31,-5.92,2-wheeler,7,300,low,1,0.1,0.9,4.17,78.9,0.95,0.05,0.0,home/slow-dominant,0.42,9805.63,5485.04,16303.49,4226.79,93836.59,152247.73,22605.08,1.86,-0.28,16.3,129328.89,-29.6,821.1,245.19230769230768,4.866827450980392,1.4473901960784312,3.419437254901961,0.8173076923076923,2.737,266968.83999999997,196051.1,70917.73999999996,46.58049088810714,1453.2608333333335,-0.0011607843137254902,-0.019733333333333332,-59.2,-0.16472860128165528,9.09,0.9,82.10999999999999,3.0142857142857133,4.900621118012422,90.82969432314411,4320.589999999999,21759.72,82.11000000000001,331.9398
803,73,21900,petrol,16.0,99.02,0.161,8.67,0.658,2.31,135533.62,30569.55,104964.07,3161.81,2320.04,841.77,4-wheeler,6,300,high,4,0.65,0.35,33.77,78.7,0.58,0.42,0.22,mixed,0.2,17518.17,9429.83,96324.24,12074.67,874168.24,1318968.01,115467.34,3.02,40.08,45.2,673660.94,4208.85,3525.9,1368.75,6.188749771689498,1.3958698630136985,4.792879908675799,4.5625,11.753,1639427.19,1410566.0,228861.18999999994,17.351534553139007,8747.005833333335,0.03843698630136986,2.8059,8417.7,23.422904510280233,9.51,0.9,352.5899999999999,3.5499999999999994,4.888198757763975,69.86899563318778,8088.339999999998,113052.41,2961.756,1856.0320000000002
804,22,6600,petrol,18.0,104.69,0.122,8.77,0.751,2.31,38386.33,7061.6,31324.73,847.0,604.71,242.29,4-wheeler,6,300,low,2,0.06,0.94,25.26,84.9,0.64,0.36,0.11,mixed,0.26,17280.09,10104.81,98029.11,14260.73,888615.28,1377511.68,41352.16,9.45,11.54,22.0,304789.91,1211.45,805.1999999999999,366.6666666666667,5.816110606060606,1.069939393939394,4.7461712121212125,1.2222222222222223,2.6839999999999997,1166947.38,1351053.89,-184106.51,-13.365150559013772,2610.3941666666665,0.03671060606060606,0.8076333333333333,2422.9,6.741907568333152,9.49,0.9,80.51999999999998,2.5166666666666657,6.9590163934426235,78.60262008733625,7175.280000000001,38500.01,579.7439999999999,447.4854
805,115,34500,diesel,18.3,89.91,0.113,7.87,0.701,2.68,169502.46,30681.19,138821.27,5052.46,2732.85,2319.61,4-wheeler,7,300,high,4,0.61,0.39,25.46,86.2,0.79,0.21,0.09,home/slow-dominant,0.47,18075.32,10687.26,97320.13,12436.69,897171.93,1361632.17,148696.67,2.47,110.46,79.7,840803.48,11598.05,3898.5,1885.245901639344,4.913114782608695,0.8893098550724637,4.023804927536232,6.28415300546448,12.995,1835060.83,1458717.6,376343.23,27.639125917537626,11568.439166666665,0.06723507246376811,7.732033333333334,23196.100000000002,64.54495115184805,8.290000000000001,0.9,389.8499999999999,1.971428571428571,7.628318584070796,79.91266375545852,7388.0599999999995,146209.33,1637.37,1448.4105
806,104,31200,petrol,14.6,104.35,0.187,7.55,0.685,2.31,222994.52,44049.72,178944.8,4936.44,3996.56,939.88,4-wheeler,10,300,high,5,0.47,0.53,57.08,71.1,0.69,0.31,0.1,mixed,0.44,19915.22,12297.52,102225.32,12919.83,902749.08,1432631.57,189146.47,2.26,44.76,55.3,1047957.67,4699.4,5834.4,2136.986301369863,7.147260256410256,1.41185,5.735410256410256,7.123287671232878,19.448,2117297.78,1599222.6199999999,518075.1599999999,36.162483840838426,14912.066666666666,0.030124358974358976,3.1329333333333333,9398.8,26.152891515642263,8.17,0.9,583.4399999999998,2.8900000000000006,3.8021390374331547,63.75545851528385,7617.700000000001,186562.5,3617.328,2238.0736
807,91,27300,diesel,14.5,96.45,0.167,8.87,0.67,2.68,181592.07,40439.22,141152.85,5045.79,3054.6,1991.19,fleet/commercial,9,300,high,4,0.52,0.48,74.46,74.5,0.5,0.5,0.36,fast-dominant,0.22,28280.99,18952.93,182938.83,27862.76,1936684.24,2990041.66,156053.46,5.58,94.82,69.9,963206.13,9955.95,4559.1,1882.7586206896551,6.651724175824176,1.48129010989011,5.170434065934066,6.275862068965517,15.197000000000001,2986049.54,3076200.8200000003,-90151.28000000026,-3.0150509675507418,11762.737500000001,0.07293736263736264,6.6373,19911.9,55.406409389530275,9.87,0.9,455.9099999999999,2.8333333333333335,4.461077844311377,63.31877729257642,9328.060000000001,150480.91,4559.1,2382.588
808,111,33300,petrol,17.2,100.32,0.159,6.36,0.58,2.31,194224.19,33674.29,160549.9,4472.27,3070.93,1401.34,fleet/commercial,6,300,high,5,0.68,0.32,46.36,84.4,0.27,0.73,0.51,fast-dominant,0.14,25385.51,16400.82,189234.1,24968.69,1919040.85,2929527.14,174528.33,4.71,66.73,58.3,1061875.75,7006.7,5294.7,1936.046511627907,5.832558258258258,1.0112399399399399,4.821318318318318,6.453488372093023,17.649,3017089.35,2965699.9,51389.450000000186,1.7541892443433782,13379.158333333333,0.04208228228228228,4.671133333333333,14013.4,38.993374682438315,7.819999999999999,0.9,529.4699999999999,2.599999999999999,5.308176100628931,75.10917030567686,8984.689999999999,169534.59,7730.262,2640.9997999999996
809,46,13800,diesel,20.2,96.68,0.158,7.26,0.568,2.68,66048.71,15829.7,50219.01,1830.89,1238.47,592.42,4-wheeler,3,300,medium,2,0.22,0.78,35.56,89.6,0.55,0.45,0.13,mixed,0.08,15295.57,9192.22,96098.47,13885.02,849261.54,1350195.2,59099.36,6.85,28.21,32.6,391595.27,2962.1,2180.4,683.1683168316832,4.786138405797102,1.1470797101449275,3.6390586956521744,2.2772277227722775,7.268000000000001,1255982.94,1365321.31,-109338.37000000011,-8.097967612386721,4184.9175000000005,0.04292898550724637,1.9747333333333332,5924.2,16.484546954607808,8.16,0.9,218.03999999999996,3.4666666666666686,5.670886075949366,88.20960698689957,6103.35,56322.36,1962.3600000000001,1139.3924000000002
810,71,21300,petrol,19.0,107.25,0.17,7.96,0.556,2.31,120232.89,28823.16,91409.73,2589.63,2013.28,576.35,4-wheeler,6,300,high,4,0.51,0.49,44.51,79.3,0.66,0.34,0.15,mixed,0.12,16706.69,9850.51,103998.02,14020.47,888456.48,1417141.14,101070.0,4.2,27.45,33.0,609348.02,2881.75,3621.0000000000005,1121.0526315789473,5.6447366197183095,1.3532,4.291536619718309,3.7368421052631575,12.070000000000002,1573154.38,1492490.9999999998,80663.38000000012,5.691979275966833,7617.4775,0.02705868544600939,1.9211666666666667,5763.5,16.037386714304397,8.64,0.9,362.09999999999997,3.4500000000000006,4.664705882352941,82.96943231441048,6856.1799999999985,98265.90999999999,2462.2800000000007,1771.6864
811,69,20700,diesel,20.3,92.23,0.14,8.06,0.719,2.68,94047.34,23357.88,70689.46,2732.81,2083.66,649.15,fleet/commercial,3,300,high,5,0.35,0.65,81.78,90.4,0.38,0.62,0.29,mixed,0.19,23765.54,14751.45,182897.48,24883.99,1874314.72,2821302.21,84680.35,9.02,30.91,38.0,606299.23,3245.75,2898.0000000000005,1019.7044334975369,4.543349758454106,1.1284,3.4149497584541058,3.399014778325123,9.660000000000002,2463379.12,2804067.3899999997,-340688.26999999955,-12.075568111506904,5890.788333333334,0.03135990338164251,2.1638333333333333,6491.5,18.06310329763286,9.3,0.9,289.79999999999995,3.199999999999998,6.457142857142856,88.646288209607,9014.09,79703.55,3593.5200000000004,1687.7646
812,77,23100,diesel,14.4,97.82,0.175,6.74,0.743,2.68,156919.58,27246.45,129673.13,4299.17,3003.58,1295.59,fleet/commercial,4,300,high,3,0.38,0.62,42.18,81.8,0.3,0.7,0.52,fast-dominant,0.1,24157.92,16859.43,182743.5,26003.99,1897805.97,2993474.89,142172.42,6.42,61.69,54.8,893605.6,6477.95,4042.4999999999995,1604.1666666666665,6.793055411255411,1.1795,5.613555411255411,5.347222222222221,13.474999999999998,2803193.4699999997,3005256.8,-202063.33000000007,-6.750126105116588,10806.094166666668,0.056086147186147184,4.318633333333333,12955.9,36.050798738935775,8.139999999999999,0.9,404.2499999999999,4.550000000000001,4.674285714285714,62.882096069869,7298.489999999998,136971.62,5659.499999999999,2703.222
813,63,18900,petrol,18.2,104.75,0.177,7.81,0.647,2.31,108778.85,26126.79,82652.06,2398.85,2164.41,234.44,4-wheeler,7,300,high,3,0.44,0.56,30.99,77.5,0.74,0.26,0.06,home/slow-dominant,0.26,18040.86,11281.91,108097.39,12400.81,848291.04,1317630.86,91891.17,3.93,11.16,21.7,567553.24,1172.2,3345.2999999999997,1038.4615384615386,5.75549470899471,1.3823698412698413,4.373124867724869,3.4615384615384617,11.151,1482389.59,1384176.1600000001,98213.42999999993,7.453789447524015,6887.671666666666,0.012404232804232805,0.7814666666666666,2344.4,6.523475216971499,8.33,0.9,334.5299999999999,3.2142857142857144,4.378531073446328,79.47598253275109,6758.950000000001,89411.01,1739.5559999999998,1601.6634
814,50,15000,petrol,20.3,103.97,0.147,8.54,0.649,2.31,76825.12,18830.7,57994.42,1706.9,1431.05,275.85,fleet/commercial,7,300,medium,3,0.21,0.79,84.49,83.6,0.5,0.5,0.22,mixed,0.13,28057.65,17518.89,178083.08,27087.62,1874410.36,2800155.43,73950.7,10.11,13.14,19.9,547836.58,1379.25,2205.0,738.9162561576354,5.121674666666666,1.25538,3.8662946666666667,2.463054187192118,7.35,2398824.21,2776732.68,-377908.4700000002,-13.495981899833332,4832.868333333333,0.01839,0.9195000000000001,2758.5,7.67574065262578,9.54,0.9,220.49999999999994,2.342857142857144,5.687074829931973,88.646288209607,10538.760000000002,68533.18,2205.0,1245.0135
815,15,4500,petrol,13.1,107.85,0.136,6.72,0.691,2.31,37047.71,4112.64,32935.07,793.51,422.89,370.62,4-wheeler,5,300,low,1,0.14,0.86,22.35,88.5,0.87,0.13,0.02,home/slow-dominant,0.38,16504.82,8895.3,95611.6,13489.93,836666.55,1306995.03,43242.58,8.67,17.65,32.8,311824.5,1853.1,612.0,343.5114503816794,8.232824444444445,0.9139200000000001,7.318904444444445,1.1450381679389314,2.04,1104429.2000000002,1262933.2,-158503.99999999977,-12.127360576114796,2744.5891666666666,0.08236,1.2354,3706.2,10.31278956199444,6.98,0.9,61.19999999999999,2.3,6.50735294117647,57.20524017467249,7609.52,40544.59,159.12,262.1918
816,117,35100,petrol,18.1,103.14,0.114,6.72,0.666,2.31,200011.82,26889.41,173122.41,4479.61,2664.93,1814.68,4-wheeler,4,300,high,4,0.5,0.5,29.65,94.7,0.64,0.36,0.17,mixed,0.13,15348.2,8267.79,105084.07,12903.93,899902.81,1343814.97,182783.61,1.85,86.41,65.2,1019002.12,9073.4,4001.4,1939.2265193370165,5.698342450142451,0.766080056980057,4.932262393162394,6.464088397790055,13.338000000000001,1976702.9100000001,1401612.97,575089.9400000002,42.79532173986722,14426.8675,0.0517002849002849,6.048933333333333,18146.8,50.494881448276054,7.4399999999999995,0.9,400.13999999999993,1.3249999999999993,8.307017543859649,79.03930131004367,7080.41,180202.82,2881.008,2318.4891
817,78,23400,petrol,18.7,103.44,0.117,6.01,0.693,2.31,129438.29,16454.18,112984.11,2890.59,1897.3,993.29,4-wheeler,7,300,high,5,0.54,0.46,58.44,84.4,0.71,0.29,0.16,home/slow-dominant,0.32,16928.44,10176.55,100177.36,14117.45,867169.68,1375767.75,122559.49,3.33,47.3,53.5,712974.81,4966.45,2737.8,1251.336898395722,5.531550854700854,0.7031700854700855,4.828380769230769,4.171122994652407,9.126000000000001,1599003.33,1394626.5899999999,204376.74000000022,14.85546815587153,9415.3425,0.0424482905982906,3.3109666666666664,9932.9,27.639066278218817,6.589999999999999,0.9,273.78,2.2285714285714278,7.213675213675214,81.6593886462882,6751.889999999999,119736.0,1587.924,1290.1639999999998
818,47,14100,petrol,14.4,104.25,0.131,8.75,0.706,2.31,102078.12,16162.13,85915.99,2261.88,1304.05,957.83,4-wheeler,12,300,medium,3,0.32,0.68,45.31,75.0,0.74,0.26,0.07,home/slow-dominant,0.14,20529.77,13086.53,95263.85,11940.62,906488.69,1435181.48,95747.35,4.53,45.61,47.0,574000.6,4789.15,1847.1000000000001,979.1666666666666,7.239582978723404,1.146250354609929,6.093332624113475,3.263888888888889,6.157,1519528.14,1474220.3099999998,45307.830000000075,3.156940821170579,7159.6658333333335,0.06793120567375886,3.192766666666667,9578.300000000001,26.6523642171635,9.27,0.9,184.70999999999998,2.0833333333333335,5.7251908396946565,62.882096069869,7443.24,93359.23000000001,960.4920000000001,1121.483
819,48,14400,petrol,12.7,99.6,0.153,8.82,0.58,2.31,112932.28,19432.22,93500.06,2619.21,1277.86,1341.35,2-wheeler,10,300,medium,3,0.31,0.69,2.92,73.7,0.97,0.03,0.0,home/slow-dominant,0.13,10820.53,6254.36,13770.61,4514.49,111647.7,222182.29,98969.13,0.98,63.87,56.8,508616.26,6706.75,2203.2,1133.8582677165355,7.842519444444444,1.3494597222222222,6.493059722222222,3.779527559055118,7.343999999999999,730411.75,332330.09,398081.66,179.1689427631698,7791.671666666666,0.09314930555555555,4.471166666666666,13413.5,37.32410630559938,8.88,0.9,220.31999999999994,2.63,4.816993464052287,55.45851528384279,4566.170000000001,98066.23,132.19199999999998,1111.7382
820,13,3900,petrol,20.2,101.97,0.157,8.96,0.629,2.31,19687.28,5486.21,14201.07,445.99,385.14,60.85,2-wheeler,4,300,low,2,0.09,0.91,2.23,89.7,0.98,0.02,0.0,home/slow-dominant,0.28,8300.66,4436.56,14639.9,4961.5,82656.42,174788.95,19057.47,4.07,2.9,14.1,109927.25,304.25,612.3,193.06930693069307,5.0480205128205125,1.406720512820513,3.6412999999999993,0.6435643564356436,2.041,222596.12,204801.40000000002,17794.719999999972,10.18068933991535,1183.4225,0.015602564102564102,0.20283333333333334,608.5,1.6931985452683658,9.000000000000002,0.9,61.22999999999998,2.5749999999999993,5.713375796178344,88.20960698689957,3864.0999999999995,18065.17,24.491999999999997,277.3008
821,119,35700,petrol,13.6,104.63,0.17,6.25,0.706,2.31,274653.75,37931.25,236722.5,6063.75,4284.71,1779.04,fleet/commercial,9,300,high,4,0.69,0.31,41.41,74.2,0.24,0.76,0.49,fast-dominant,0.05,27759.84,18106.08,184252.58,27514.49,1891053.1,2833452.69,251879.16,3.01,84.72,62.0,1443648.38,8895.2,6069.0,2625.0,7.6933823529411764,1.0625,6.6308823529411764,8.75,20.23,3403121.0500000003,2901872.2699999996,501248.7800000007,17.690388188553122,19726.875,0.04983305322128852,5.930133333333333,17790.4,49.5031707473169,7.7700000000000005,0.9,606.8999999999999,2.8666666666666663,4.364705882352941,59.388646288209614,9653.759999999998,246376.26,9224.88,4070.4745
822,24,7200,petrol,16.4,106.47,0.125,7.12,0.596,2.31,46742.93,6408.0,40334.93,1014.15,536.4,477.75,2-wheeler,10,300,low,1,0.07,0.93,2.86,78.8,0.92,0.08,0.01,home/slow-dominant,0.54,12313.81,7053.74,12588.79,4634.69,118048.89,154708.72,46521.94,0.52,22.75,42.2,245198.49,2388.75,900.0,439.0243902439025,6.4920736111111115,0.89,5.602073611111112,1.4634146341463417,3.0,413332.59,204793.93999999997,208538.65000000005,134.79437358152794,3361.244166666667,0.06635416666666667,1.5925,4777.5,13.293765078093045,7.280000000000001,0.9,89.99999999999999,2.12,6.303999999999999,71.61572052401746,5260.07,45595.0,144.0,246.74399999999997
823,120,36000,diesel,18.1,92.88,0.137,9.0,0.585,2.68,184733.7,44388.0,140345.7,5330.39,2885.22,2445.17,4-wheeler,5,300,high,4,0.66,0.34,55.5,89.9,0.68,0.32,0.15,mixed,0.09,15759.78,9927.43,101195.82,12632.06,900369.79,1372580.61,148704.46,2.49,116.44,69.3,844718.12,12225.85,4932.0,1988.9502762430939,5.131491666666667,1.233,3.898491666666667,6.629834254143646,16.44,1902837.19,1530329.8800000001,372507.3099999998,27.139193668195542,11695.475,0.06792138888888889,8.150566666666666,24451.7,68.03875574254478,9.64,0.9,493.1999999999999,2.0199999999999987,6.562043795620437,79.03930131004367,5832.35,146178.05000000002,3156.48,2625.5502
824,63,18900,petrol,15.7,105.53,0.167,8.26,0.64,2.31,127039.3,26071.04,100968.26,2780.83,2020.03,760.8,4-wheeler,6,300,high,4,0.55,0.45,37.8,80.8,0.55,0.45,0.1,mixed,0.11,16564.05,9943.99,102237.13,14927.23,881953.34,1336243.2,110573.77,3.18,36.23,39.6,655105.98,3804.0,3156.3,1203.8216560509554,6.721656084656085,1.3794201058201059,5.342235978835979,4.012738853503185,10.521,1599970.0899999999,1399153.9899999998,200816.1000000001,15.028409499109152,8414.021666666666,0.04025396825396825,2.536,7608.0,21.169851326872184,9.16,0.9,315.62999999999994,3.2000000000000006,4.838323353293412,68.5589519650655,6620.0599999999995,107588.31999999999,2840.67,1797.8267
825,54,16200,petrol,16.7,106.73,0.111,8.64,0.665,2.31,103534.49,15536.45,87998.04,2240.84,1195.8,1045.04,4-wheeler,6,300,medium,3,0.54,0.46,49.37,88.3,0.55,0.45,0.2,mixed,0.22,17524.11,9469.08,101888.56,12518.37,850462.36,1379738.44,98556.74,4.34,49.76,52.5,594672.26,5225.2,1798.2,970.059880239521,6.3910179012345685,0.9590401234567901,5.431977777777778,3.2335329341317367,5.994,1455755.3599999999,1390359.1599999997,65396.200000000186,4.739753427468483,7333.169999999999,0.06450864197530864,3.4834666666666667,10450.4,29.079050250571125,9.540000000000001,0.9,179.81999999999996,1.9500000000000004,7.954954954954955,72.92576419213974,8055.030000000001,96053.06999999999,1618.38,932.724
826,111,33300,petrol,18.7,101.41,0.149,7.91,0.588,2.31,180585.72,39247.05,141338.67,4113.53,2917.48,1196.05,fleet/commercial,4,300,high,4,0.53,0.47,85.91,90.3,0.33,0.67,0.43,fast-dominant,0.12,23875.88,16368.55,189609.11,26554.5,1909259.26,3001273.35,154156.9,5.85,56.95,53.0,960393.61,5980.25,4961.7,1780.7486631016043,5.422994594594595,1.17859009009009,4.244404504504505,5.935828877005347,16.538999999999998,2931567.26,3063187.74,-131620.48000000045,-4.385487912988681,11778.222500000002,0.03591741741741741,3.9868333333333332,11960.5,33.281020872115505,9.25,0.9,496.16999999999985,2.4250000000000007,6.060402684563758,81.6593886462882,7507.330000000002,148846.0,6648.678,2567.3824
827,77,23100,petrol,19.2,99.71,0.127,6.09,0.652,2.31,119963.59,17866.23,102097.36,2779.22,1912.77,866.45,4-wheeler,6,300,high,4,0.37,0.63,37.51,85.7,0.72,0.28,0.07,home/slow-dominant,0.09,17156.14,9862.17,95682.56,11644.3,857188.84,1311999.5,111720.19,3.21,41.26,42.8,654283.51,4332.25,2933.7,1203.125,5.193229004329004,0.7734298701298701,4.419799134199135,4.010416666666667,9.779,1542787.4899999998,1343314.64,199472.84999999986,15.203729117274806,8508.113333333333,0.03750865800865801,2.8881666666666668,8664.5,24.109644692650377,6.6499999999999995,0.9,293.3699999999999,2.383333333333333,6.748031496062992,83.84279475982534,7293.969999999999,109391.33,1642.872,1740.6207
828,115,34500,petrol,14.7,101.02,0.157,6.17,0.751,2.31,237087.76,33419.81,203667.95,5421.43,4067.79,1353.64,4-wheeler,11,300,high,3,0.38,0.62,29.27,70.0,0.56,0.44,0.15,mixed,0.06,19174.93,12645.12,109264.52,14921.8,872730.13,1357250.28,213182.12,1.76,64.46,54.9,1175175.12,6768.2,5416.5,2346.9387755102043,6.872108985507246,0.9686901449275361,5.90341884057971,7.823129251700681,18.055,2154043.58,1463388.6099999999,690654.9700000002,50.88633836936841,16972.329166666666,0.03923594202898551,4.512133333333334,13536.400000000001,37.66608510792228,7.050000000000001,0.9,541.6499999999999,2.727272727272727,4.45859872611465,64.19213973799127,6529.8099999999995,210197.76,4766.52,3823.7225999999996
829,113,33900,petrol,20.8,99.55,0.161,8.81,0.637,2.31,162247.36,48084.1,114163.26,3764.86,3476.68,288.18,4-wheeler,5,300,high,3,0.56,0.44,41.65,88.4,0.79,0.21,0.03,home/slow-dominant,0.51,14641.57,9526.53,103729.06,13815.94,848120.99,1354110.75,122041.49,3.3,13.72,31.8,713936.51,1440.9,5457.900000000001,1629.8076923076922,4.786057817109144,1.4184100294985251,3.3676477876106192,5.4326923076923075,18.193,1732565.64,1524618.9,207946.74,15.35670106747177,9513.605,0.008500884955752212,0.9606,2881.8,8.018832486038416,9.23,0.9,545.79,2.319999999999999,5.490683229813665,90.82969432314411,5115.039999999999,119278.29999999999,2292.318,1703.5731999999998
830,68,20400,petrol,14.4,106.06,0.167,7.85,0.619,2.31,150251.67,26743.38,123508.29,3272.5,2108.81,1163.69,4-wheeler,8,300,high,5,0.47,0.53,56.51,75.8,0.65,0.35,0.11,mixed,0.3,17831.56,10454.62,106935.92,14013.51,862133.32,1318906.19,133687.93,2.62,55.41,57.2,775375.57,5818.45,3406.8,1416.6666666666667,7.365277941176471,1.31095,6.054327941176471,4.722222222222222,11.356,1702549.47,1383946.76,318602.70999999996,24.15658614810201,10292.3575,0.05704362745098039,3.878966666666667,11636.900000000001,32.38057872051511,8.55,0.9,340.67999999999995,3.0250000000000004,4.538922155688622,62.882096069869,7376.9400000000005,130885.23,2384.7599999999998,1476.167
831,27,8100,petrol,19.6,100.69,0.143,8.15,0.608,2.31,41611.68,9440.15,32171.53,954.64,704.25,250.39,2-wheeler,5,300,medium,3,0.21,0.79,4.82,86.6,0.88,0.12,0.01,home/slow-dominant,0.26,7201.38,4971.66,16455.89,1763.11,104898.75,180628.04,34753.87,1.71,11.92,22.6,190225.24,1251.95,1158.3,413.265306122449,5.137244444444445,1.1654506172839505,3.9717938271604942,1.3775510204081634,3.8609999999999998,348964.05,234468.09000000003,114495.95999999996,63.38769993850344,2680.960833333333,0.030912345679012344,0.8346333333333333,2503.8999999999996,6.967296364005687,8.39,0.9,115.82999999999997,2.680000000000001,6.055944055944057,85.58951965065503,2229.7200000000003,34401.25,277.99199999999996,521.145
832,85,25500,diesel,18.6,95.57,0.175,8.08,0.762,2.68,131023.39,36057.0,94966.39,3674.19,3400.43,273.76,4-wheeler,3,300,high,3,0.49,0.51,24.5,89.1,0.66,0.34,0.1,mixed,0.24,14943.95,8108.24,101807.57,14053.67,889485.32,1372855.5,104612.83,3.65,13.04,23.0,624871.72,1368.8,4462.5,1370.9677419354837,5.138172156862745,1.414,3.7241721568627453,4.569892473118279,14.875,1619322.02,1477820.46,141501.56000000006,10.30709787009631,7913.865833333333,0.010735686274509803,0.9125333333333333,2737.6,7.617584778186816,8.760000000000002,0.9,446.2499999999999,3.633333333333335,5.091428571428572,81.2227074235808,6835.710000000001,101802.1,3034.5,2584.3268
833,94,28200,petrol,12.6,99.02,0.146,8.55,0.617,2.31,221616.19,35202.06,186414.13,5170.0,2540.31,2629.69,4-wheeler,11,300,high,4,0.4,0.6,48.32,71.5,0.61,0.39,0.19,mixed,0.15,20320.95,12966.65,108189.9,14098.89,874419.62,1326924.76,196588.21,1.75,125.22,72.6,1091130.95,13148.45,4117.2,2238.095238095238,7.858730141843972,1.2483,6.610430141843972,7.4603174603174605,13.724,2084105.3200000003,1445479.5200000003,638625.8,48.12826011325616,15534.510833333334,0.09325141843971631,8.765633333333334,26296.9,73.17316815951962,9.330000000000002,0.9,411.7199999999999,2.590909090909091,4.897260273972603,55.02183406113538,7354.300000000001,193768.43,3211.416,2159.2635
834,71,21300,petrol,16.3,104.05,0.153,6.67,0.764,2.31,135967.18,21736.86,114230.32,3018.59,2489.8,528.79,4-wheeler,7,300,high,4,0.6,0.4,43.73,78.6,0.69,0.31,0.11,mixed,0.2,16119.69,10120.91,108439.02,13687.09,903601.82,1427187.0,122966.52,3.38,25.18,34.2,723271.62,2643.95,3258.9,1306.7484662576687,6.383435680751173,1.0205098591549295,5.362925821596244,4.355828220858895,10.863,1664036.17,1464349.74,199686.42999999993,13.991609368639143,9519.193333333335,0.02482582159624413,1.7626333333333333,5287.9,14.71399274860245,7.289999999999999,0.9,325.88999999999993,3.057142857142858,5.137254901960784,71.17903930131006,5998.780000000001,120229.1,2020.518,1991.8400000000001
835,20,6000,petrol,15.2,103.95,0.117,8.01,0.584,2.31,41032.89,5623.02,35409.87,911.84,409.97,501.87,2-wheeler,8,300,low,2,0.06,0.94,5.18,83.3,0.8,0.2,0.0,home/slow-dominant,0.37,9397.2,6009.21,13580.33,2667.64,131256.99,157843.82,39331.39,0.33,23.9,38.0,210237.28,2509.35,702.0,394.7368421052632,6.838815,0.9371700000000001,5.901645,1.3157894736842106,2.34,383407.43999999994,199757.0,183650.43999999994,116.34946493312182,2950.8225,0.083645,1.6729,5018.7,13.964922825206816,8.41,0.9,70.19999999999999,2.0875000000000004,7.119658119658119,66.37554585152839,3387.9900000000007,38797.86,280.8,258.28110000000004
836,55,16500,petrol,20.6,104.24,0.12,6.09,0.752,2.31,83493.2,12058.2,71435.0,1850.24,1488.96,361.28,4-wheeler,10,300,medium,3,0.52,0.48,26.65,74.4,0.74,0.26,0.09,home/slow-dominant,0.43,19770.4,11435.45,97988.63,12958.76,875280.57,1371910.27,82361.7,4.84,17.2,33.9,509797.13,1806.4,1980.0,800.9708737864078,5.0601939393939395,0.7308,4.329393939393939,2.6699029126213594,6.6,1391598.5699999998,1378431.1300000001,13167.439999999711,0.959788718543503,5952.916666666667,0.021895757575757575,1.2042666666666666,3612.7999999999997,10.052896802539935,6.609999999999999,0.9,197.99999999999994,2.5599999999999996,6.200000000000001,89.95633187772927,8334.95,79769.95,1029.6000000000001,848.7072000000001
837,61,18300,petrol,12.0,103.64,0.132,8.64,0.751,2.31,158051.0,20870.78,137180.22,3522.75,1814.12,1708.63,fleet/commercial,11,300,high,3,0.59,0.41,66.7,73.8,0.23,0.77,0.48,fast-dominant,0.05,30984.67,18868.46,182443.53,24441.74,1949117.95,3048292.01,154184.78,5.95,81.36,61.0,953367.43,8543.15,2415.6,1525.0,8.636666666666667,1.140479781420765,7.496186885245901,5.083333333333333,8.052,2894296.3,3040102.94,-145806.64000000013,-4.783224163619422,11431.685,0.09336775956284153,5.695433333333334,17086.300000000003,47.54395777160046,10.18,0.9,241.55999999999995,2.3818181818181823,5.590909090909091,52.40174672489083,12116.21,149296.43,3720.024,1723.4139999999998
838,75,22500,petrol,12.6,104.94,0.146,8.57,0.641,2.31,187392.86,28152.45,159240.41,4125.0,2105.68,2019.32,4-wheeler,8,300,high,4,0.67,0.33,55.42,79.8,0.73,0.27,0.08,home/slow-dominant,0.41,17850.72,10506.0,108504.16,12886.35,899320.84,1345065.63,169162.4,1.99,96.16,75.7,954316.16,10096.6,3285.0,1785.7142857142858,8.328571555555556,1.25122,7.0773515555555555,5.9523809523809526,10.95,1925538.7399999998,1416967.3699999999,508571.3699999999,37.810152802729775,13270.034166666666,0.08974755555555555,6.731066666666666,20193.2,56.18914850339058,9.11,0.9,328.49999999999994,2.5250000000000004,5.465753424657534,55.02183406113538,7344.720000000001,166585.13,1773.9,1242.3512
839,15,4500,diesel,16.8,90.65,0.141,7.01,0.589,2.68,24281.25,4447.84,19833.41,717.86,373.72,344.14,4-wheeler,6,300,low,2,0.25,0.75,37.58,83.7,0.61,0.39,0.06,mixed,0.1,16630.99,10311.63,99835.33,11975.3,906495.73,1401635.24,28547.83,13.85,16.39,23.0,242574.48,1720.7,634.4999999999999,267.85714285714283,5.395833333333333,0.9884088888888889,4.407424444444445,0.8928571428571428,2.1149999999999998,1111056.93,1363621.96,-252565.03000000003,-18.019312214210597,1652.7841666666666,0.07647555555555555,1.1471333333333333,3441.3999999999996,9.575962980585954,7.789999999999999,0.9,63.449999999999974,2.7166666666666663,5.936170212765958,73.36244541484717,6319.360000000002,26152.770000000004,494.9099999999999,336.348
840,28,8400,petrol,15.8,103.15,0.181,7.88,0.653,2.31,54839.24,11980.75,42858.49,1228.1,992.82,235.28,4-wheeler,10,300,medium,3,0.25,0.75,40.32,70.0,0.78,0.22,0.06,home/slow-dominant,0.17,20219.59,12090.9,104780.22,12396.39,895066.51,1371713.86,53466.46,6.96,11.2,19.1,372112.52,1176.4,1520.3999999999999,531.6455696202531,6.528480952380952,1.4262797619047618,5.10220119047619,1.7721518987341771,5.068,1270360.6600000001,1374895.5000000002,-104534.84000000008,-7.620746793358206,3571.540833333333,0.02800952380952381,0.7842666666666667,2352.8,6.546848869856057,8.32,0.9,152.03999999999996,3.0,3.867403314917127,68.99563318777294,8128.6900000000005,50987.18,668.976,824.0406
841,112,33600,petrol,14.8,107.69,0.158,6.99,0.692,2.31,244485.41,37108.51,207376.9,5244.32,3673.69,1570.63,2-wheeler,9,300,high,4,0.59,0.41,2.25,78.8,0.92,0.08,0.0,home/slow-dominant,0.11,11515.21,6822.72,20622.28,2150.4,103975.21,170667.18,212499.47,0.22,74.79,59.9,1083119.63,7853.15,5308.8,2270.27027027027,7.276351488095238,1.1044199404761905,6.171931547619048,7.567567567567567,17.696,1383978.31,367550.65,1016427.66,595.5612906945554,17281.408333333333,0.04674494047619048,5.235433333333334,15706.300000000001,43.70400051199431,7.15,0.9,530.8799999999999,2.355555555555556,4.987341772151898,64.62882096069869,4692.489999999999,212069.38999999998,849.408,3269.5841
842,44,13200,petrol,17.8,101.4,0.145,7.8,0.727,2.31,75195.51,14929.2,60266.31,1713.03,1391.48,321.55,4-wheeler,4,300,medium,2,0.29,0.71,32.57,88.4,0.59,0.41,0.06,mixed,0.1,14339.42,8671.8,106680.12,11920.22,846015.59,1318151.54,68317.97,5.35,15.31,21.3,448269.97,1607.75,1913.9999999999998,741.5730337078652,5.696629545454545,1.131,4.565629545454545,2.471910112359551,6.379999999999999,1293690.24,1317556.2,-23865.959999999963,-1.8105626914489636,5022.1925,0.024359848484848484,1.0718333333333334,3215.5,8.947378672654773,8.62,0.9,191.39999999999995,2.8999999999999986,6.096551724137932,77.72925764192141,5667.620000000001,65933.93,1569.4799999999998,1252.332
843,61,18300,diesel,16.2,93.61,0.181,6.48,0.583,2.68,105744.63,21463.7,84280.93,3027.41,1931.07,1096.34,4-wheeler,9,300,high,5,0.45,0.55,34.33,75.7,0.71,0.29,0.08,home/slow-dominant,0.43,19021.32,11672.19,103458.87,11306.27,899321.31,1342736.86,93891.31,3.62,52.21,59.7,572915.42,5481.7,3312.2999999999997,1129.6296296296298,5.778395081967213,1.172879781420765,4.605515300546449,3.765432098765433,11.040999999999999,1523151.06,1393651.17,129499.89000000013,9.644472707779848,7023.410833333332,0.05990928961748634,3.6544666666666665,10963.4,30.506512623163847,7.0600000000000005,0.9,331.2299999999999,2.6999999999999997,4.18232044198895,70.74235807860262,7349.129999999999,91630.06,1921.1339999999998,1100.7099
844,62,18600,petrol,12.3,107.47,0.118,8.26,0.61,2.31,162515.61,18129.05,144386.56,3493.17,1338.83,2154.34,fleet/commercial,9,300,high,5,0.35,0.65,87.26,79.9,0.18,0.82,0.59,fast-dominant,0.06,29057.87,18559.72,181036.83,27679.61,1809894.88,2726169.27,160420.63,4.58,102.59,66.5,983139.98,10771.7,2194.7999999999997,1512.1951219512193,8.737398387096773,0.9746801075268817,7.762718279569891,5.0406504065040645,7.315999999999999,2767762.28,2700896.68,66865.59999999963,2.452731044099827,12032.213333333333,0.11582473118279571,7.181133333333334,21543.4,59.94618494681103,9.9,0.9,219.47999999999993,2.2333333333333325,6.771186440677967,53.7117903930131,10498.149999999998,154884.71,3599.4719999999993,1258.5002
845,48,14400,petrol,20.4,100.47,0.143,7.44,0.714,2.31,70920.0,15320.45,55599.55,1630.59,1470.27,160.32,2-wheeler,8,300,medium,4,0.4,0.6,2.99,77.9,0.89,0.11,0.0,home/slow-dominant,0.13,11061.86,5347.37,24505.24,3621.64,110230.67,224959.49,62038.37,1.45,7.63,14.2,334697.09,801.6,2059.2,705.8823529411765,4.925,1.063920138888889,3.8610798611111106,2.3529411764705883,6.863999999999999,520139.97,300171.70999999996,219968.26,97.78127608664121,4633.295833333334,0.011133333333333334,0.5344,1603.1999999999998,4.461028607681584,7.660000000000001,0.9,205.91999999999993,2.7624999999999993,5.447552447552448,89.08296943231441,5714.490000000001,61314.04,453.02399999999994,1279.1349
846,16,4800,petrol,17.7,101.09,0.18,7.08,0.708,2.31,27414.24,6117.12,21297.12,626.44,611.71,14.73,2-wheeler,9,300,low,3,0.24,0.76,3.61,73.5,0.81,0.19,0.02,home/slow-dominant,0.51,11540.1,6315.94,19169.96,3086.97,93001.84,131095.28,27138.67,0.7,0.7,19.4,154863.31,73.65,864.0,271.1864406779661,5.7113000000000005,1.2744,4.4369000000000005,0.9039548022598871,2.88,287773.54000000004,171003.65,116769.89000000004,89.0725356397271,1774.76,0.0030687500000000003,0.049100000000000005,147.3,0.4098736987970916,7.460000000000001,0.9,86.39999999999998,2.9444444444444446,4.083333333333333,77.29257641921397,5224.160000000001,26521.28,328.32,299.7379
847,14,4200,petrol,20.9,105.61,0.181,7.97,0.559,2.31,21223.06,6058.79,15164.27,464.21,424.95,39.26,2-wheeler,4,300,low,3,0.18,0.82,4.35,83.4,0.87,0.13,0.02,home/slow-dominant,0.51,8626.18,4202.51,20928.48,3640.12,148629.18,253013.73,20315.96,4.11,1.87,20.3,122508.28,196.3,760.1999999999999,200.9569377990431,5.053109523809524,1.4425690476190476,3.6105404761904762,0.6698564593301436,2.534,297875.38,279751.63,18123.75,7.163148814097954,1263.6891666666668,0.009347619047619047,0.13086666666666666,392.59999999999997,1.0924400145807072,8.229999999999999,0.9,76.01999999999998,4.149999999999999,4.607734806629835,91.26637554585153,4423.67,19587.940000000002,197.652,208.22549999999998
848,86,25800,diesel,16.9,93.38,0.125,6.31,0.593,2.68,142556.45,20349.75,122206.7,4091.36,1912.42,2178.94,fleet/commercial,9,300,high,4,0.57,0.43,48.11,77.2,0.36,0.64,0.39,fast-dominant,0.19,28023.49,18059.1,180174.74,26513.17,1790319.66,2838177.91,137473.72,6.31,103.76,70.5,867543.34,10894.7,3225.0,1526.6272189349113,5.525443798449613,0.78875,4.736693798449613,5.088757396449704,10.75,2643219.36,2823534.25,-180314.89000000013,-6.353191932214007,10183.891666666666,0.08445503875968992,7.263133333333333,21789.4,60.63069906700169,7.59,0.9,322.49999999999994,2.533333333333333,6.176,73.79912663755458,9964.390000000003,132171.09,4128.0,1549.0602000000001
849,117,35100,diesel,22.4,91.67,0.151,7.02,0.615,2.68,143643.62,37206.7,106436.92,4199.46,3259.56,939.9,4-wheeler,4,300,high,4,0.56,0.44,40.48,90.4,0.87,0.13,0.05,home/slow-dominant,0.53,16082.62,8595.38,105049.24,14687.52,884159.93,1393256.6,116861.66,3.46,44.76,58.1,689357.54,4699.5,5300.099999999999,1566.9642857142858,4.092410826210826,1.0600199430199428,3.0323908831908835,5.223214285714286,17.666999999999998,1682791.13,1502530.24,180260.8899999999,12.93809697366586,8869.743333333334,0.02677777777777778,3.133,9399.0,26.153448031187132,7.279999999999999,0.9,530.0099999999999,2.3999999999999986,5.986754966887418,97.81659388646288,7487.240000000002,113924.16,1378.0259999999998,1531.9932
850,34,10200,diesel,17.2,93.97,0.177,6.97,0.747,2.68,55726.4,12583.64,43142.76,1589.3,1348.63,240.67,4-wheeler,8,300,medium,3,0.33,0.67,50.06,74.3,0.74,0.26,0.06,home/slow-dominant,0.16,18092.01,11383.27,98866.96,11714.77,872087.68,1401311.81,52194.45,8.25,11.46,18.9,359839.21,1203.35,1805.3999999999999,593.0232558139535,5.463372549019608,1.2336901960784312,4.229682352941177,1.9767441860465116,6.018,1241179.73,1410564.6300000001,-169384.90000000014,-12.087595265467728,3595.23,0.023595098039215685,0.8022333333333332,2406.7,6.696829809198645,7.49,0.9,180.53999999999994,3.2125000000000004,4.19774011299435,75.10917030567686,6708.739999999998,49851.5,938.808,1132.8492
851,56,16800,diesel,14.4,94.8,0.148,7.82,0.723,2.68,110600.0,19443.65,91156.35,3126.67,1797.67,1329.0,2-wheeler,10,300,high,4,0.41,0.59,5.03,71.0,0.88,0.12,0.0,home/slow-dominant,0.49,12412.69,6495.39,13676.45,2682.21,83288.53,129381.97,97610.09,0.33,63.29,67.2,501726.9,6645.0,2486.4,1166.6666666666667,6.583333333333333,1.157360119047619,5.4259732142857136,3.8888888888888893,8.288,698351.98,242718.51,455633.47,352.161487415905,7596.3625,0.07910714285714286,4.43,13290.0,36.98045795664188,8.06,0.9,248.63999999999996,2.9,4.797297297297297,62.882096069869,5917.3,97073.65000000001,596.736,916.8117000000001
852,92,27600,petrol,12.3,103.35,0.14,8.86,0.688,2.31,231907.32,34235.04,197672.28,5183.41,2658.43,2524.98,4-wheeler,8,300,high,4,0.46,0.54,45.8,82.7,0.69,0.31,0.1,mixed,0.33,17038.71,11000.03,105720.83,14903.16,864740.95,1345220.96,206691.59,1.81,120.24,77.4,1139178.78,12624.9,3864.0000000000005,2243.9024390243903,8.402439130434782,1.2404,7.162039130434782,7.479674796747968,12.88,2109471.0999999996,1450772.32,658698.7799999996,48.965842756419704,16472.69,0.09148478260869565,8.4166,25249.8,70.25953102435034,9.479999999999999,0.9,386.4,2.1624999999999996,5.9071428571428575,53.7117903930131,6038.6799999999985,203710.96,2395.6800000000003,1781.1480999999997
853,55,16500,diesel,21.1,91.27,0.133,6.41,0.577,2.68,71372.27,14066.75,57305.52,2095.73,1266.23,829.5,2-wheeler,3,300,medium,3,0.44,0.56,4.34,90.8,0.97,0.03,0.0,home/slow-dominant,0.56,6463.38,4206.07,17820.92,2984.77,149102.56,224502.95,60159.78,0.96,39.5,55.3,318619.82,4147.5,2194.5,781.9905213270142,4.3255921212121216,0.8525303030303031,3.4730618181818187,2.6066350710900474,7.315,538280.81,295061.36000000004,243219.45,108.33686149781106,4775.46,0.050272727272727274,2.765,8295.0,23.08148222350221,6.47,0.9,219.44999999999996,3.0666666666666678,6.827067669172932,92.13973799126639,2257.3100000000004,59562.829999999994,131.67,557.1411999999999
854,37,11100,petrol,16.7,103.19,0.155,7.78,0.75,2.31,68587.37,13385.49,55201.88,1535.39,1290.38,245.01,4-wheeler,9,300,medium,2,0.53,0.47,26.8,74.8,0.82,0.18,0.05,home/slow-dominant,0.44,19396.51,11514.32,105249.15,11090.25,838383.32,1315090.99,65302.12,5.69,11.67,27.6,431759.75,1225.05,1720.5,664.6706586826348,6.179042342342342,1.2059,4.973142342342342,2.2155688622754495,5.735,1278302.72,1323250.6400000001,-44947.92000000016,-3.4178562808038215,4600.156666666667,0.022072972972972973,0.8167,2450.1,6.817593682435534,8.14,0.9,172.04999999999995,2.8000000000000003,4.825806451612904,72.92576419213974,7882.189999999999,63084.06999999999,619.38,722.6128000000001
855,12,3600,petrol,19.6,101.61,0.181,8.67,0.591,2.31,18663.06,5649.37,13013.69,424.29,385.1,39.19,2-wheeler,5,300,low,2,0.17,0.83,5.31,78.1,0.82,0.18,0.02,home/slow-dominant,0.24,8746.59,5023.29,14041.58,2090.57,111236.78,223130.97,17155.1,5.7,1.87,12.1,99817.08,195.95,651.6,183.6734693877551,5.184183333333333,1.5692694444444444,3.614913888888889,0.6122448979591837,2.172,248285.03,260362.12,-12077.089999999997,-5.412556580558941,1084.4741666666666,0.01088611111111111,0.13063333333333332,391.9,1.0904922101736607,9.03,0.9,65.15999999999998,4.380000000000001,4.314917127071823,85.58951965065503,3723.3,16736.99,234.576,292.67600000000004
856,82,24600,petrol,14.9,105.25,0.123,8.43,0.729,2.31,173768.46,25507.49,148260.97,3813.83,2205.81,1608.02,4-wheeler,8,300,high,5,0.4,0.6,27.04,85.5,0.85,0.15,0.06,home/slow-dominant,0.45,16896.33,9835.29,103980.85,11105.35,879939.78,1377148.38,157543.08,2.5,76.57,70.8,891696.25,8040.1,3025.8,1651.0067114093958,7.0637585365853655,1.0368898373983741,6.026868699186991,5.503355704697986,10.086,1833263.73,1438776.0799999996,394487.6500000004,28.645253897768114,12355.080833333333,0.06536666666666667,5.3600666666666665,16080.2,44.744406323129624,8.73,0.9,302.5799999999999,1.8125,6.951219512195122,65.06550218340612,7061.040000000001,155322.01,907.74,1213.1955
857,79,23700,diesel,19.8,93.36,0.114,6.22,0.654,2.68,111749.09,16805.2,94943.89,3207.88,1766.98,1440.9,2-wheeler,4,300,high,4,0.38,0.62,4.71,89.3,0.85,0.15,0.01,home/slow-dominant,0.21,7611.83,4518.16,16659.0,5459.69,133493.98,227797.52,99129.5,0.78,68.61,61.0,512306.5,7204.5,2701.8,1196.969696969697,4.715151476793249,0.7090801687763714,4.006071308016877,3.98989898989899,9.006,730298.58,312295.63,418002.94999999995,183.49758592630857,7911.990833333333,0.06079746835443038,4.803,14409.0,40.094162430192085,6.52,0.9,270.17999999999995,2.6750000000000007,7.833333333333333,86.46288209606988,3093.67,98037.56,810.5400000000001,1395.9142000000002
858,76,22800,petrol,13.8,107.34,0.163,8.1,0.753,2.31,177344.35,30102.84,147241.51,3816.52,2798.45,1018.07,4-wheeler,10,300,high,4,0.64,0.36,32.06,73.0,0.84,0.16,0.05,home/slow-dominant,0.24,18511.87,11506.72,103954.4,12115.48,882628.83,1343976.32,156669.76,2.28,48.48,52.4,887303.2,5090.35,3716.4,1652.1739130434783,7.778260964912281,1.3203,6.4579609649122816,5.507246376811594,12.388,1861909.93,1435954.2400000002,425955.6899999997,31.693690109063805,12270.125833333334,0.044652192982456144,3.3935666666666666,10180.7,28.32858903831331,8.42,0.9,371.63999999999993,2.7,4.478527607361963,60.26200873362446,7005.15,154246.66,1189.248,2126.8219999999997
859,51,15300,diesel,17.9,91.16,0.141,8.7,0.729,2.68,77918.88,18768.51,59150.37,2290.73,1572.67,718.06,4-wheeler,10,300,medium,3,0.34,0.66,57.48,77.3,0.84,0.16,0.03,home/slow-dominant,0.13,20690.06,11819.08,99363.2,14694.17,900553.44,1406444.23,70960.18,5.73,34.19,38.3,454164.1,3590.3,2157.2999999999997,854.7486033519554,5.092737254901961,1.2267,3.8660372549019613,2.8491620111731844,7.190999999999999,1393598.14,1445324.81,-51726.67000000016,-3.677832998753186,4929.1975,0.04693202614379085,2.393533333333333,7180.599999999999,19.980577607484022,9.02,0.9,215.72999999999993,2.2700000000000005,5.4822695035460995,78.16593886462881,8870.980000000001,68021.35,690.3359999999999,1368.2229
860,89,26700,diesel,22.3,89.69,0.113,6.54,0.669,2.68,107386.68,19731.83,87654.85,3208.79,2018.44,1190.35,2-wheeler,2,300,high,4,0.58,0.42,4.52,97.3,0.79,0.21,0.0,home/slow-dominant,0.49,6953.51,3601.58,20731.76,5483.55,135640.29,250330.39,92103.49,1.02,56.68,63.8,481249.21,5951.75,3017.1,1197.3094170403588,4.021973033707865,0.739019850187266,3.2829531835205987,3.991031390134529,10.057,707341.24,340782.13000000006,366559.1099999999,146.4301278003042,7304.570833333334,0.04458239700374531,3.967833333333333,11903.5,33.122413941827425,6.959999999999999,0.9,301.7099999999999,1.3500000000000014,8.610619469026549,97.37991266375546,3351.9300000000003,91006.78,1267.182,1029.4044000000001
861,118,35400,petrol,12.7,100.07,0.132,6.35,0.667,2.31,278935.28,29672.28,249263.0,6438.9,3116.76,3322.14,fleet/commercial,10,300,high,5,0.39,0.61,77.69,76.4,0.43,0.57,0.36,fast-dominant,0.11,28350.59,18832.8,187088.94,26399.36,1917416.88,2981538.67,264060.66,3.32,158.2,73.1,1507392.24,16610.7,4672.8,2787.4015748031497,7.87952768361582,0.8382,7.041327683615821,9.291338582677167,15.576,3453846.2300000004,3010575.77,443270.4600000004,14.867171251547123,20771.916666666668,0.0938457627118644,11.0738,33221.4,92.44112761179701,7.489999999999998,0.9,467.2799999999999,2.3599999999999994,5.787878787878788,55.45851528384279,9517.79,258780.79,5326.992,2773.9164
862,57,17100,diesel,19.0,96.21,0.172,7.98,0.67,2.68,86589.0,23470.78,63118.22,2412.0,1970.6,441.4,4-wheeler,8,300,high,4,0.51,0.49,30.32,72.8,0.65,0.35,0.11,mixed,0.25,18860.76,11519.54,98898.75,11132.79,906355.41,1359957.47,72686.0,4.88,21.02,31.4,462328.75,2207.0,2941.2,900.0,5.063684210526316,1.3725602339181286,3.6911239766081874,3.0,9.804,1433604.21,1424877.53,8726.679999999935,0.6416877139547559,5259.8516666666665,0.025812865497076024,1.4713333333333332,4414.0,12.282298075290987,8.68,0.9,294.1199999999999,3.4000000000000004,4.232558139534884,82.96943231441048,7341.2199999999975,70459.44,2058.8399999999997,1477.9499999999998
863,100,30000,petrol,14.8,107.44,0.129,8.38,0.643,2.31,217783.78,32430.6,185353.18,4682.43,2488.41,2194.02,4-wheeler,8,300,high,4,0.61,0.39,38.84,79.7,0.65,0.35,0.16,mixed,0.2,19006.63,10727.51,99509.31,11326.37,872329.55,1364580.59,195897.57,2.0,104.48,71.0,1078997.16,10970.1,3870.0,2027.0270270270269,7.259459333333333,1.0810199999999999,6.178439333333333,6.756756756756756,12.9,2056281.6,1469535.46,586746.1400000001,42.998276855161784,15446.098333333333,0.073134,7.3134,21940.2,61.05031178783401,9.080000000000002,0.9,386.9999999999999,2.5374999999999996,6.178294573643411,64.62882096069869,8279.12,193632.3,2709.0,1990.728
864,50,15000,petrol,19.5,102.24,0.146,7.76,0.586,2.31,78646.15,16994.4,61651.75,1776.92,1283.34,493.58,4-wheeler,6,300,medium,3,0.25,0.75,45.48,84.1,0.65,0.35,0.11,mixed,0.41,16148.52,9191.59,104917.31,12926.36,859695.68,1375241.98,71193.95,5.77,23.5,39.0,460887.06,2467.9,2190.0,769.2307692307693,5.243076666666666,1.1329600000000002,4.110116666666666,2.5641025641025643,7.3,1333669.03,1388328.2599999998,-54659.22999999975,-3.974517270044341,5137.645833333333,0.032905333333333335,1.6452666666666667,4935.8,13.73424713185801,8.459999999999999,0.9,218.99999999999994,2.650000000000001,5.76027397260274,85.15283842794761,6956.93,68608.68,1533.0,757.1706
865,96,28800,diesel,15.3,97.06,0.174,8.49,0.659,2.68,182701.18,42545.09,140156.09,5044.71,3302.38,1742.33,4-wheeler,6,300,high,4,0.39,0.61,51.26,78.7,0.8,0.2,0.06,home/slow-dominant,0.23,17026.8,10641.16,105433.78,12624.69,892181.47,1397060.95,149066.67,2.68,82.97,66.8,850767.13,8711.65,5011.2,1882.3529411764705,6.343790972222222,1.4772600694444442,4.866530902777778,6.2745098039215685,16.704,1890821.3699999999,1544933.73,345887.6399999999,24.75823549430681,11679.674166666666,0.06049756944444444,5.807766666666667,17423.3,48.481686464707174,8.89,0.9,501.1199999999999,3.5499999999999994,4.522988505747127,66.81222707423582,6385.639999999999,146541.72999999998,2004.48,2542.8326
866,91,27300,petrol,14.8,102.88,0.167,6.42,0.741,2.31,189771.89,29269.42,160502.47,4261.01,3378.29,882.72,4-wheeler,9,300,high,4,0.35,0.65,25.95,75.0,0.63,0.37,0.19,mixed,0.33,18611.05,10656.0,105561.5,13424.71,909786.21,1373130.53,171142.46,2.09,42.03,50.4,961273.8,4413.6,4559.1,1844.5945945945946,6.951351282051283,1.0721399267399268,5.879211355311356,6.148648648648648,15.197000000000001,1951700.91,1453771.42,497929.49,36.26235664572981,13375.205833333333,0.03233406593406594,2.9424,8827.2,24.562370088402496,7.16,0.9,455.9099999999999,2.7777777777777777,4.491017964071856,64.62882096069869,7955.049999999999,168457.52,3373.7340000000004,2263.4543
867,11,3300,petrol,12.3,103.91,0.185,7.79,0.711,2.31,27878.29,4755.8,23122.49,619.76,434.07,185.69,2-wheeler,9,300,low,2,0.06,0.94,5.37,73.8,0.75,0.25,0.01,home/slow-dominant,0.43,11622.56,6781.05,20240.48,3255.39,135159.29,209785.7,28615.08,1.9,8.84,24.8,163315.88,928.45,610.5,268.29268292682923,8.447966666666668,1.4411515151515153,7.006815151515152,0.8943089430894308,2.035,332663.54000000004,243974.08,88689.46000000005,42.276218064434346,1926.8741666666667,0.05626969696969697,0.6189666666666667,1856.9,5.166968576349759,8.29,0.9,61.04999999999998,2.9111111111111114,3.9891891891891893,53.7117903930131,4841.509999999999,27964.0,305.25,247.4199
868,28,8400,petrol,12.9,106.75,0.19,7.3,0.616,2.31,69511.63,11650.8,57860.83,1504.19,983.14,521.05,2-wheeler,11,300,medium,3,0.07,0.93,5.12,70.0,0.91,0.09,0.0,home/slow-dominant,0.31,12366.76,6586.67,15892.12,5236.31,103474.19,142927.01,64688.18,0.36,24.81,37.1,339333.02,2605.25,1596.0,651.1627906976744,8.275194047619047,1.387,6.888194047619047,2.1705426356589146,5.32,512866.14,212985.93000000002,299880.20999999996,209.8135334951735,4821.735833333333,0.0620297619047619,1.7368333333333332,5210.5,14.498621232737582,7.4799999999999995,0.9,159.59999999999997,2.727272727272727,3.6842105263157894,56.33187772925765,5780.09,63640.92,287.28,678.3666
869,107,32100,petrol,14.7,105.76,0.177,7.21,0.573,2.31,230945.31,40965.06,189980.25,5044.29,3255.61,1788.68,fleet/commercial,11,300,high,4,0.44,0.56,53.52,70.0,0.22,0.78,0.52,fast-dominant,0.07,29824.14,19929.69,180922.81,26138.96,1932820.83,2947866.48,205102.49,4.07,85.18,62.8,1206435.26,8943.4,5681.7,2183.673469387755,7.194557943925234,1.2761700934579439,5.9183878504672895,7.278911564625851,18.939,3236668.08,3045278.46,191389.6200000001,6.492479265885887,15831.6875,0.05572211838006231,5.962266666666667,17886.8,49.77141123994446,8.770000000000001,0.9,568.1699999999998,2.727272727272727,3.9548022598870056,64.19213973799127,9894.45,199874.7,8863.452,3027.7173
870,83,24900,petrol,13.3,103.53,0.13,8.83,0.561,2.31,193826.84,28582.71,165244.13,4324.74,1815.96,2508.78,fleet/commercial,14,300,high,4,0.35,0.65,81.14,72.4,0.19,0.81,0.56,fast-dominant,0.1,32318.64,19732.22,178822.26,26774.9,1921114.08,2925636.53,183185.53,4.51,119.47,70.3,1094749.91,12543.9,3237.0,1872.1804511278194,7.784210441767068,1.1479,6.636310441767068,6.2406015037593985,10.79,3051841.48,2961614.02,90227.45999999996,3.0840283498921166,13770.344166666668,0.10075421686746988,8.3626,25087.800000000003,69.80875343300528,10.450000000000001,0.9,323.69999999999993,1.971428571428571,5.56923076923077,58.07860262008734,12586.419999999998,177830.55,5243.9400000000005,1634.364
871,118,35400,diesel,19.3,92.42,0.131,8.64,0.56,2.68,169516.48,40067.14,129449.34,4915.65,2596.94,2318.71,4-wheeler,7,300,high,5,0.54,0.46,41.7,84.8,0.63,0.37,0.07,mixed,0.38,16399.36,10232.83,97352.51,14585.94,851498.28,1321877.67,138533.06,2.69,110.41,76.9,790017.81,11593.55,4637.400000000001,1834.1968911917097,4.788601129943503,1.1318401129943503,3.6567610169491527,6.113989637305699,15.458000000000002,1781077.4800000002,1461439.07,319638.41000000015,24.18063465736585,10787.445,0.06550028248587571,7.729033333333334,23187.1,64.51990795232888,9.38,0.9,463.73999999999995,2.1714285714285717,6.473282442748091,84.27947598253276,6166.530000000001,135615.87,3431.6760000000004,1610.1028000000001
872,14,4200,petrol,13.1,104.41,0.121,7.18,0.716,2.31,33474.96,3648.88,29826.08,740.61,363.87,376.74,2-wheeler,10,300,low,1,0.23,0.77,3.62,77.9,0.84,0.16,0.01,home/slow-dominant,0.43,12794.73,6760.44,20388.66,2087.49,108615.41,221179.55,36277.87,2.54,17.94,34.5,201778.01,1883.7,508.2,320.6106870229008,7.970228571428572,0.8687809523809524,7.101447619047619,1.0687022900763359,1.694,339963.86,250749.99999999997,89213.86000000002,40.335492137496445,2485.5066666666667,0.0897,1.2558,3767.4,10.4830833187248,7.499999999999999,0.9,50.819999999999986,2.2099999999999995,6.43801652892562,57.20524017467249,6034.29,35860.37,162.624,207.40590000000003
873,94,28200,petrol,14.4,104.73,0.159,8.17,0.681,2.31,205096.25,36632.65,168463.6,4523.75,3053.47,1470.28,4-wheeler,9,300,high,5,0.69,0.31,33.95,77.7,0.72,0.28,0.09,home/slow-dominant,0.16,18386.87,11197.07,96397.83,11918.94,835422.5,1364132.44,178037.19,2.43,70.01,60.2,986583.78,7351.4,4483.8,1958.3333333333333,7.272916666666666,1.2990301418439716,5.973886524822695,6.527777777777778,14.946,1952838.1,1494964.27,457873.8300000001,33.56520353698209,14038.633333333333,0.05213758865248227,4.900933333333334,14702.8,40.91168376560678,8.73,0.9,448.37999999999994,2.4777777777777774,4.886792452830189,62.882096069869,7189.799999999999,175653.4,2510.9280000000003,2564.9147999999996
874,75,22500,petrol,17.1,102.69,0.16,6.75,0.555,2.31,135118.42,24300.0,110818.42,3039.47,1998.0,1041.47,4-wheeler,6,300,high,4,0.55,0.45,44.08,86.7,0.57,0.43,0.2,mixed,0.34,16260.36,9510.22,109066.88,11429.27,908534.62,1438188.19,119854.41,3.51,49.59,55.9,708338.93,5207.35,3600.0,1315.7894736842104,6.005263111111112,1.08,4.925263111111112,4.385964912280701,12.0,1665428.52,1486743.1400000001,178685.3799999999,12.424339265364145,9234.868333333334,0.046287555555555554,3.471566666666667,10414.7,28.97971222581175,7.609999999999999,0.9,359.99999999999994,2.2166666666666663,5.41875,74.67248908296943,6750.140000000001,117568.56,3096.0,1318.6799999999998
875,95,28500,petrol,20.7,102.84,0.114,8.43,0.691,2.31,141591.3,27389.07,114202.23,3180.43,2245.06,935.37,2-wheeler,5,300,high,4,0.53,0.47,4.55,86.8,0.97,0.03,0.0,home/slow-dominant,0.3,9195.73,4358.5,22400.29,2058.55,115744.11,227486.92,119451.17,0.75,44.54,51.0,619656.14,4676.85,3249.0,1376.8115942028985,4.968115789473684,0.96102,4.007095789473684,4.5893719806763285,10.83,869679.26,361765.93000000005,507913.32999999996,223.27144347464017,9516.852499999999,0.03282,3.1179,9353.7,26.027397260273972,8.489999999999998,0.9,324.8999999999999,2.6400000000000006,7.614035087719298,90.39301310043668,4837.23,119039.45999999999,194.94,1571.542
876,20,6000,petrol,16.9,99.06,0.149,7.36,0.761,2.31,35169.23,6579.84,28589.39,820.12,680.33,139.79,2-wheeler,7,300,low,1,0.13,0.87,3.44,80.7,0.91,0.09,0.02,home/slow-dominant,0.38,9741.9,5113.27,22862.59,3550.34,109669.94,137036.44,33928.09,0.13,6.66,20.1,192503.04,698.95,894.0,355.0295857988166,5.861538333333334,1.09664,4.764898333333334,1.183431952662722,2.98,334225.59,169089.06,165136.53000000003,120.50556041882001,2382.4491666666668,0.02329833333333333,0.46596666666666664,1397.8999999999999,3.8897654008720597,7.54,0.9,89.39999999999998,2.7571428571428567,5.4161073825503365,73.79912663755458,4628.629999999999,33218.02,160.92,421.80460000000005
877,110,33000,petrol,13.7,104.63,0.146,7.99,0.669,2.31,252028.47,38495.82,213532.65,5564.23,3223.24,2340.99,4-wheeler,9,300,high,4,0.54,0.46,45.91,72.3,0.66,0.34,0.04,mixed,0.37,18856.21,11436.0,108600.03,12284.72,851826.04,1376902.7,223409.8,1.86,111.48,77.0,1225649.03,11704.95,4818.0,2408.7591240875913,7.637226363636364,1.16654,6.470686363636364,8.02919708029197,16.06,2206249.44,1505677.05,700572.3899999999,50.88031202204773,17794.3875,0.0709390909090909,7.803299999999999,23409.899999999998,65.13986626931457,8.670000000000002,0.9,481.7999999999999,3.077777777777778,4.952054794520548,59.82532751091703,7420.209999999999,220952.86,3276.2400000000002,2030.6411999999998
878,75,22500,diesel,14.2,92.73,0.124,7.91,0.772,2.68,146931.34,22068.9,124862.44,4246.48,2153.88,2092.6,4-wheeler,11,300,high,4,0.48,0.52,48.57,75.7,0.66,0.34,0.17,mixed,0.13,21345.6,11839.26,101129.07,12692.69,836032.35,1325171.82,136907.32,2.83,99.65,68.0,785665.67,10463.0,2790.0,1584.5070422535211,6.530281777777778,0.98084,5.549441777777778,5.281690140845071,9.3,1677417.0499999998,1380890.86,296526.1899999997,22.37643341978097,10405.203333333333,0.09300444444444445,6.975333333333333,20926.0,58.228221459795925,8.59,0.9,278.99999999999994,2.209090909090909,6.104838709677419,62.00873362445415,9506.339999999998,134368.78,1897.2,1873.8756
879,83,24900,petrol,15.1,102.72,0.161,8.7,0.605,2.31,169385.96,34877.43,134508.53,3809.21,2425.38,1383.83,2-wheeler,6,300,high,3,0.56,0.44,4.49,82.6,0.85,0.15,0.03,home/slow-dominant,0.45,9928.14,5075.93,22700.51,5429.96,85670.12,136445.81,140446.73,0.2,65.9,67.5,724934.16,6919.15,4008.9,1649.0066225165563,6.802648995983936,1.4007,5.401948995983936,5.496688741721854,13.363,982240.6199999999,308082.13999999996,674158.48,494.08514633025374,11209.044166666667,0.05557550200803212,4.6127666666666665,13838.3,38.50614532290423,9.0,0.9,400.88999999999993,2.900000000000001,5.130434782608695,65.93886462882097,4852.209999999999,139360.74,1202.67,1333.959
880,102,30600,petrol,13.3,101.35,0.145,8.02,0.753,2.31,233181.2,35584.74,197596.46,5314.74,3341.06,1973.68,4-wheeler,11,300,high,4,0.49,0.51,23.97,72.7,0.77,0.23,0.09,home/slow-dominant,0.33,19456.72,11795.68,97370.92,11626.82,841606.96,1358964.54,207582.86,2.02,93.98,73.0,1135285.22,9868.4,4437.0,2300.751879699248,7.6203006535947715,1.1628999999999998,6.457400653594772,7.669172932330827,14.79,2104796.56,1486868.9000000001,617927.6599999999,45.4704771031038,16466.371666666666,0.06449934640522877,6.5789333333333335,19736.8,54.9191800299962,8.48,0.9,443.6999999999999,2.4818181818181815,5.013793103448276,58.07860262008734,7661.040000000001,205257.5,2041.02,2238.5101999999997
881,103,30900,diesel,22.5,93.08,0.132,6.51,0.606,2.68,127829.87,26552.99,101276.88,3680.53,2471.75,1208.78,4-wheeler,6,300,high,5,0.43,0.57,54.67,84.1,0.6,0.4,0.04,mixed,0.35,16435.72,10676.85,95324.63,13163.25,879330.3,1400519.89,109668.4,3.88,57.56,60.2,643666.63,6043.9,4078.8,1373.3333333333333,4.136888996763754,0.8593200647249192,3.277568932038835,4.5777777777777775,13.596,1600658.25,1478181.21,122477.04000000004,8.74511250247221,8439.74,0.039119093851132686,4.0292666666666666,12087.8,33.635243016425555,7.31,0.9,407.87999999999994,2.650000000000001,6.371212121212121,98.25327510917032,5758.870000000001,107035.75,3263.0400000000004,1606.6375
882,68,20400,petrol,20.5,106.84,0.122,7.14,0.742,2.31,106318.83,17770.03,88548.8,2298.73,1846.69,452.04,4-wheeler,4,300,high,3,0.38,0.62,39.41,86.9,0.62,0.38,0.11,mixed,0.12,16131.11,9056.39,106773.37,11395.48,886626.49,1414019.11,97902.62,4.3,21.53,28.0,596286.47,2260.2,2488.7999999999997,995.1219512195122,5.211707352941176,0.8710799019607842,4.340627450980392,3.317073170731707,8.296,1498876.19,1429982.3599999999,68893.83000000007,4.872199358041213,7379.066666666667,0.022158823529411766,1.5068000000000001,4520.400000000001,12.578364345162072,7.9,0.9,248.8799999999999,3.2749999999999986,7.122950819672132,89.51965065502185,7074.720000000001,95623.52,1891.4879999999998,1625.0872000000002
883,97,29100,petrol,15.7,103.26,0.183,6.5,0.715,2.31,191392.74,34614.45,156778.29,4281.59,3807.59,474.0,2-wheeler,4,300,high,4,0.46,0.54,2.92,84.4,0.95,0.05,0.0,home/slow-dominant,0.31,7193.68,3690.66,11121.95,2773.99,118240.82,200724.78,160836.11,0.44,22.57,34.8,815302.5,2370.0,5325.3,1853.503184713376,6.577070103092783,1.1895,5.387570103092783,6.178343949044587,17.751,1111172.92,378354.38999999996,732818.53,365.08622901467373,13064.8575,0.01628865979381443,1.58,4740.0,13.189418413429832,6.6,0.9,532.5299999999999,3.8999999999999986,4.612021857923498,68.5589519650655,3503.0200000000004,160281.31,532.5300000000001,2627.2371
884,60,18000,petrol,12.0,105.93,0.187,8.41,0.716,2.31,158895.0,28308.06,130586.94,3465.0,2410.06,1054.94,2-wheeler,9,300,high,4,0.47,0.53,2.85,75.1,0.81,0.19,0.01,home/slow-dominant,0.45,10941.78,6358.31,24827.87,3610.1,123223.16,191806.6,135892.43,0.32,50.24,59.6,704290.02,5274.7,3366.0,1500.0,8.8275,1.57267,7.25483,5.0,11.22,972407.06,336700.48000000004,635706.5800000001,331.4310247926818,10882.245,0.05860777777777778,3.5164666666666666,10549.400000000001,29.354525445282004,8.790000000000001,0.9,336.5999999999999,2.7666666666666675,4.016042780748663,52.40174672489083,4583.47,135170.41,1279.08,1325.5330000000001
885,26,7800,diesel,17.0,97.62,0.115,6.48,0.688,2.68,44790.35,5812.56,38977.79,1229.65,617.14,612.51,4-wheeler,9,300,medium,3,0.06,0.94,40.35,79.6,0.68,0.32,0.09,mixed,0.08,18018.07,11756.26,105121.95,14786.53,898446.95,1396454.21,48196.91,8.15,29.17,33.1,346106.5,3062.55,897.0,458.8235294117647,5.742352564102564,0.7452000000000001,4.997152564102564,1.5294117647058822,2.99,1212489.0499999998,1364389.83,-151900.78000000026,-10.877605503441481,3248.1491666666666,0.07852692307692308,2.0417,6125.1,17.043566819430183,7.120000000000001,0.9,89.69999999999997,2.2666666666666675,6.921739130434782,74.23580786026201,6261.8099999999995,45239.6,574.08,567.7688
886,56,16800,petrol,18.0,106.67,0.158,8.0,0.719,2.31,99558.67,21235.2,78323.47,2156.0,1908.51,247.49,2-wheeler,6,300,high,4,0.4,0.6,5.1,83.1,0.95,0.05,0.0,home/slow-dominant,0.15,8074.38,4179.89,21301.75,3064.91,140098.42,235871.17,82830.94,0.9,11.79,19.2,435456.45,1237.45,2654.4,933.3333333333334,5.92611130952381,1.264,4.66211130952381,3.111111111111111,8.848,678263.67,338579.96,339683.71,144.0123903230734,6526.955833333333,0.01473154761904762,0.8249666666666667,2474.9,6.886601609999472,8.1,0.9,265.43999999999994,2.8166666666666678,5.2594936708860756,78.60262008733625,3894.49,82217.96,265.44,1622.2335
887,55,16500,petrol,19.9,106.62,0.121,8.64,0.606,2.31,88403.52,17249.76,71153.76,1915.33,1209.88,705.45,4-wheeler,3,300,medium,2,0.21,0.79,36.38,90.1,0.78,0.22,0.11,home/slow-dominant,0.5,14826.73,8832.29,98687.06,11259.63,849328.39,1347843.1,79400.13,5.04,33.59,49.0,495687.71,3527.25,1996.5,829.1457286432161,5.357789090909091,1.04544,4.312349090909091,2.763819095477387,6.655,1365479.6400000001,1368306.6600000001,-2827.0200000000186,-0.2097439976507665,5929.48,0.042754545454545455,2.3515,7054.5,19.6296945564432,9.08,0.9,199.64999999999995,3.300000000000002,7.446280991735537,86.8995633187773,5994.439999999999,77148.2,878.46,604.94
888,76,22800,diesel,21.0,90.08,0.152,8.35,0.739,2.68,97801.14,28937.76,68863.38,2909.71,2561.08,348.63,4-wheeler,3,300,high,3,0.54,0.46,50.49,90.5,0.67,0.33,0.16,mixed,0.17,14898.07,8601.75,105107.98,12552.65,849973.6,1342472.44,77670.23,4.99,16.6,25.5,493459.13,1743.15,3465.6,1085.7142857142858,4.289523684210526,1.2691999999999999,3.0203236842105268,3.619047619047619,11.552,1413469.65,1412509.36,960.2899999998044,0.0715314498374212,5738.615000000001,0.01529078947368421,1.1621,3486.3,9.700900720409372,9.01,0.9,346.5599999999999,3.1666666666666665,5.953947368421053,91.70305676855895,6296.32,75159.70000000001,2287.296,2125.6964
889,38,11400,diesel,20.6,93.0,0.131,8.02,0.58,2.68,51466.02,11977.07,39488.95,1483.11,866.17,616.94,2-wheeler,6,300,medium,2,0.36,0.64,2.34,84.7,0.91,0.09,0.0,home/slow-dominant,0.58,10125.63,4336.29,10648.3,2082.96,130807.6,245558.76,45694.88,2.28,29.38,48.5,239122.7,3084.7,1493.4,553.3980582524272,4.514563157894736,1.0506201754385964,3.46394298245614,1.8446601941747574,4.978000000000001,438765.85,314394.3,124371.54999999999,50.6483865613265,3290.745833333333,0.05411754385964913,2.0564666666666667,6169.400000000001,17.166835012618993,8.2,0.9,149.33999999999997,2.5499999999999994,6.465648854961832,89.95633187772927,5789.339999999999,45278.28999999999,268.812,363.7914
890,21,6300,petrol,17.9,100.45,0.12,6.83,0.651,2.31,35353.91,5163.48,30190.43,813.02,492.16,320.86,2-wheeler,7,300,low,1,0.18,0.82,3.67,83.1,0.75,0.25,0.04,home/slow-dominant,0.15,10406.2,5802.96,22567.39,2419.96,82290.65,115502.46,35277.66,0.3,15.28,22.8,198955.69,1604.3,756.0,351.9553072625699,5.611731746031746,0.8195999999999999,4.792131746031746,1.1731843575418996,2.52,311091.19999999995,145347.31000000003,165743.88999999993,143.49814713903055,2515.869166666667,0.050930158730158735,1.0695333333333334,3208.6000000000004,8.928178886356744,7.33,0.9,75.59999999999998,2.414285714285715,6.925,78.16593886462881,4603.240000000001,34793.67,378.0,418.336
891,40,12000,diesel,21.8,93.55,0.159,7.76,0.714,2.68,51495.41,14806.08,36689.33,1475.23,1362.31,112.92,4-wheeler,4,300,medium,3,0.51,0.49,59.68,85.0,0.81,0.19,0.07,home/slow-dominant,0.24,14384.05,8940.22,97544.36,13472.36,840777.0,1316629.52,44827.63,8.44,5.38,14.6,321682.51,564.6,1908.0,550.4587155963303,4.291284166666667,1.23384,3.0574441666666674,1.834862385321101,6.36,1170174.3,1324344.2999999998,-154169.99999999977,-11.709444278600085,3057.4441666666667,0.00941,0.3764,1129.2,3.142086766338601,8.14,0.9,190.79999999999995,3.75,5.345911949685535,95.19650655021834,5443.83,42133.16,725.04,1035.3555999999999
892,80,24000,petrol,15.7,107.65,0.16,8.68,0.698,2.31,164560.51,33331.2,131229.31,3531.21,2680.32,850.89,fleet/commercial,7,300,high,5,0.63,0.37,78.52,79.0,0.34,0.66,0.5,fast-dominant,0.17,26146.28,17170.08,185460.37,24269.7,1920562.08,2987813.91,145059.45,6.08,40.52,44.7,910757.62,4254.45,3840.0,1528.6624203821657,6.856687916666667,1.3887999999999998,5.467887916666667,5.095541401273886,12.8,2874096.0300000003,3030590.2399999998,-156494.2099999995,-5.237749562522101,10935.775833333333,0.03545375,2.8363,8508.9,23.676675598741163,10.0,0.9,383.9999999999999,3.0,4.9375,68.5589519650655,8976.199999999997,140205.51,5068.8,2224.6656
893,55,16500,diesel,15.1,97.32,0.122,6.12,0.666,2.68,106343.05,12319.56,94023.49,2928.48,1340.66,1587.82,4-wheeler,8,300,medium,4,0.39,0.61,30.0,82.9,0.83,0.17,0.07,home/slow-dominant,0.38,19165.05,11180.0,98367.21,12858.9,890273.47,1410992.51,104580.32,4.04,75.61,68.2,621268.81,7939.1,2013.0,1092.7152317880796,6.445033333333334,0.74664,5.698393333333334,3.6423841059602653,6.71,1517813.97,1417264.2000000002,100549.76999999979,7.1261731927974425,7835.2908333333335,0.09623151515151515,5.2927333333333335,15878.199999999999,44.18232562281046,6.460000000000001,0.9,201.29999999999995,2.1374999999999993,6.7950819672131155,65.93886462882097,7985.049999999999,102008.54000000001,684.4200000000001,831.2092
894,29,8700,petrol,19.9,103.56,0.145,8.56,0.564,2.31,45274.97,10798.44,34476.53,1009.9,711.49,298.41,2-wheeler,3,300,medium,3,0.13,0.87,3.76,87.8,0.97,0.03,0.0,home/slow-dominant,0.41,6367.08,3881.64,11026.8,3937.85,104214.5,137148.41,37749.54,0.58,14.21,29.4,199774.5,1492.05,1261.5,437.18592964824126,5.204019540229885,1.2412,3.9628195402298854,1.4572864321608041,4.205,362424.75,195584.16,166840.59,121.64967133049518,2873.0441666666666,0.034300000000000004,0.9947,2984.1000000000004,8.303490187239655,8.620000000000001,0.9,126.14999999999998,4.066666666666667,6.055172413793104,86.8995633187773,2485.44,36961.97,75.69,419.7791000000001
895,89,26700,diesel,15.1,93.9,0.16,6.68,0.606,2.68,166035.1,28536.96,137498.14,4738.81,2588.83,2149.98,4-wheeler,11,300,high,3,0.49,0.51,30.88,70.2,0.87,0.13,0.02,home/slow-dominant,0.34,19798.73,12977.21,102222.41,12687.43,839361.48,1356053.42,146857.15,2.82,102.38,74.8,836508.16,10749.9,4272.0,1768.2119205298013,6.218543071161049,1.0688,5.1497430711610495,5.894039735099338,14.24,1768530.6300000001,1448714.4300000002,319816.19999999995,23.584336375184982,11458.178333333335,0.08052359550561798,7.1666,21499.8,59.82486455802927,6.9399999999999995,0.9,427.19999999999993,2.709090909090909,4.3875,65.93886462882097,6821.52,144319.66,1110.72,1708.6277999999998
896,83,24900,diesel,14.5,90.82,0.127,7.7,0.66,2.68,155959.86,24349.71,131610.15,4602.21,2087.12,2515.09,4-wheeler,8,300,high,4,0.59,0.41,37.56,81.5,0.87,0.13,0.05,home/slow-dominant,0.49,18974.29,10932.81,97539.29,11076.51,889782.72,1392658.1,141866.93,2.86,119.77,82.1,806873.94,12575.45,3162.3,1717.2413793103449,6.263448192771084,0.9779,5.285548192771084,5.724137931034483,10.541,1764453.47,1460454.9000000001,303998.56999999983,21.8286577301349,10967.512499999999,0.10100763052208836,8.383633333333334,25150.9,69.98433408741191,7.96,0.9,316.22999999999996,2.3125,6.4173228346456686,63.31877729257642,8041.480000000001,139651.63,822.1980000000001,1064.4312
897,117,35100,diesel,22.9,92.6,0.158,6.61,0.658,2.68,141932.75,36657.74,105275.01,4107.77,3649.14,458.63,4-wheeler,6,300,high,4,0.59,0.41,51.64,80.0,0.73,0.27,0.05,home/slow-dominant,0.17,16704.24,10485.31,105941.66,14942.08,860475.73,1334667.19,114482.36,3.22,21.84,29.8,678353.46,2293.15,5545.8,1532.7510917030568,4.043668091168091,1.044380056980057,2.999288034188034,5.109170305676856,18.486,1653660.68,1449498.7,204161.97999999998,15.296845650337742,8772.9175,0.013066381766381766,1.5287666666666666,4586.3,12.761736217196887,7.15,0.9,554.5799999999999,3.3333333333333335,5.063291139240507,100.0,6218.930000000002,111493.94,2994.7320000000004,3028.7861999999996
898,24,7200,diesel,17.2,94.99,0.127,7.41,0.725,2.68,39763.26,6775.7,32987.56,1121.86,662.94,458.92,4-wheeler,10,300,low,2,0.29,0.71,51.31,80.8,0.68,0.32,0.16,mixed,0.23,18815.69,11998.31,98563.49,12468.46,906858.51,1352600.94,42298.63,8.21,21.85,31.7,310056.64,2294.6,914.4,418.60465116279073,5.5226750000000004,0.9410694444444444,4.581605555555556,1.3953488372093024,3.048,1199753.26,1335439.04,-135685.78000000003,-10.031471662292356,2748.963333333333,0.06373888888888889,1.5297333333333334,4589.2,12.769805692597508,8.05,0.9,91.43999999999998,1.9200000000000004,6.362204724409448,75.10917030567686,6817.379999999999,39804.939999999995,585.216,510.46380000000005
899,17,5100,petrol,20.1,99.78,0.153,8.75,0.569,2.31,25317.31,6827.62,18489.69,586.12,443.99,142.13,2-wheeler,7,300,low,2,0.06,0.94,2.8,78.9,0.86,0.14,0.02,home/slow-dominant,0.16,10683.83,4792.58,15137.09,4614.31,138029.88,190896.88,25303.8,1.49,6.77,13.8,141656.09,710.65,780.3,253.73134328358208,4.96417843137255,1.338749019607843,3.6254294117647063,0.8457711442786069,2.601,318035.58,229246.48,88789.1,46.511551157881684,1540.8075,0.027868627450980392,0.47376666666666667,1421.3,3.9548777196219036,9.03,0.9,78.02999999999997,3.0142857142857133,5.1568627450980395,87.77292576419215,5891.25,24380.94,218.484,372.9516
900,103,30900,petrol,15.6,103.38,0.149,7.1,0.754,2.31,204771.92,32689.11,172082.81,4575.58,3471.49,1104.09,2-wheeler,7,300,high,4,0.57,0.43,5.23,79.8,0.91,0.09,0.01,home/slow-dominant,0.39,10934.07,5901.68,18511.59,2802.59,82929.1,174760.41,177675.72,0.41,52.58,58.7,906890.19,5520.45,4604.099999999999,1980.7692307692307,6.626922977346279,1.0579,5.569022977346279,6.602564102564102,15.346999999999998,1161459.0500000003,346400.17999999993,815058.8700000003,466.38644873859033,14340.234166666667,0.03573106796116505,3.6803,11040.9,30.722162396801146,7.28,0.9,460.40999999999985,2.885714285714286,5.355704697986577,68.12227074235808,5032.389999999999,177115.2,828.7379999999998,2117.6088999999997
901,85,25500,petrol,17.7,105.46,0.115,7.83,0.666,2.31,151933.9,22961.47,128972.43,3327.97,1953.05,1374.92,4-wheeler,7,300,high,4,0.39,0.61,44.52,83.2,0.86,0.14,0.08,home/slow-dominant,0.2,16258.03,10471.93,99274.52,12900.07,859818.39,1364811.67,137338.54,2.95,65.47,59.8,785967.22,6874.6,2932.5,1440.677966101695,5.9581921568627445,0.9004498039215687,5.057742352941176,4.80225988700565,9.775,1700778.04,1419804.0799999998,280973.9600000002,20.587013298325637,10747.7025,0.05391843137254902,4.583066666666667,13749.2,38.258217647664445,8.11,0.9,293.24999999999994,2.3999999999999995,7.234782608695652,77.29257641921397,5786.1,134758.53,821.1,1562.44
902,84,25200,petrol,15.6,102.44,0.184,6.85,0.704,2.31,165480.0,31762.08,133717.92,3731.54,3264.31,467.23,2-wheeler,8,300,high,4,0.55,0.45,3.33,78.3,0.8,0.2,0.01,home/slow-dominant,0.23,11369.4,5196.21,15669.82,3053.85,133074.08,206204.9,140501.88,0.41,22.25,32.1,718179.22,2336.15,4636.8,1615.3846153846155,6.566666666666666,1.2604,5.306266666666667,5.384615384615385,15.456000000000001,1017321.08,372272.68,645048.3999999999,312.81914251310224,11143.160000000002,0.018540873015873018,1.5574333333333334,4672.3,13.001037901491182,7.25,0.9,463.6799999999999,2.7125000000000004,4.255434782608695,68.12227074235808,6173.19,139891.11000000002,1854.7200000000003,2513.5187
903,29,8700,diesel,17.8,93.17,0.168,6.05,0.745,2.68,45538.15,8842.68,36695.47,1309.89,1088.89,221.0,2-wheeler,5,300,medium,4,0.08,0.92,3.76,84.3,0.96,0.04,0.01,home/slow-dominant,0.34,7987.24,4548.72,22234.33,2870.16,138302.98,215596.43,40708.02,1.35,10.52,23.6,225774.43,1105.0,1461.6000000000001,488.7640449438202,5.234270114942529,1.0164,4.217870114942529,1.6292134831460672,4.872000000000001,405929.93000000005,257448.93999999997,148480.99000000008,68.86987414401996,3057.9558333333334,0.02540229885057471,0.7366666666666667,2210.0,6.14949677081855,6.13,0.9,146.15999999999997,3.1400000000000006,5.017857142857142,77.72925764192141,3438.5199999999995,40133.99,116.92800000000001,718.6673999999999
904,118,35400,diesel,21.3,92.14,0.176,8.22,0.692,2.68,153134.08,51213.89,101920.19,4454.08,4311.44,142.64,4-wheeler,5,300,high,4,0.6,0.4,44.99,80.4,0.84,0.16,0.03,home/slow-dominant,0.1,15807.77,9061.93,97688.15,11087.41,856497.76,1362568.14,110883.51,3.68,6.79,12.1,652105.7,713.2,6230.4,1661.9718309859154,4.325821468926553,1.4467200564971752,2.879101412429378,5.539906103286385,20.767999999999997,1701207.0099999998,1555171.68,146035.32999999984,10.717653357137785,8493.349166666667,0.004029378531073446,0.47546666666666665,1426.3999999999999,3.9690688660160998,8.540000000000001,0.9,623.0399999999998,3.919999999999999,4.568181818181818,93.01310043668123,6745.84,108666.03,1993.7279999999998,3880.296
905,89,26700,petrol,20.8,104.79,0.158,6.78,0.75,2.31,134514.09,28602.11,105911.98,2965.24,3163.95,-198.71,4-wheeler,2,300,high,4,0.61,0.39,43.28,93.3,0.89,0.11,0.04,home/slow-dominant,0.13,14495.56,8412.52,96233.02,12440.08,879185.49,1320330.94,114483.04,3.01,-9.46,4.9,668648.22,-993.55,4218.6,1283.6538461538462,5.0379808988764045,1.071240074906367,3.9667408239700377,4.278846153846154,14.062000000000001,1624233.74,1396730.9899999998,227502.75000000023,17.230736863592718,8825.998333333333,-0.007442322097378278,-0.6623666666666667,-1987.1000000000001,-5.529260196060426,7.0,0.9,421.85999999999996,3.3500000000000014,5.90506329113924,90.82969432314411,6083.039999999999,111995.01999999999,928.0920000000001,2752.6364999999996
906,75,22500,petrol,13.8,102.4,0.153,8.17,0.564,2.31,166956.52,28125.22,138831.3,3766.3,1941.57,1824.73,fleet/commercial,11,300,high,5,0.66,0.34,64.32,72.2,0.5,0.5,0.19,mixed,0.24,31386.11,19314.4,179925.37,27557.96,1933771.29,2938356.45,156414.6,5.27,86.89,68.9,961998.37,9123.65,3442.5,1630.4347826086955,7.420289777777778,1.2500097777777779,6.17028,5.434782608695651,11.475,2925484.44,2968071.22,-42586.78000000026,-1.4493401574883897,11569.275,0.08109911111111111,6.082433333333333,18247.3,50.77453050957346,9.17,0.9,344.24999999999994,2.527272727272727,4.718954248366013,60.26200873362446,12071.71,150903.00999999998,3442.5,1475.5932
907,119,35700,diesel,20.7,90.89,0.127,6.59,0.605,2.68,156752.32,29878.4,126873.92,4622.03,2743.01,1879.02,fleet/commercial,4,300,high,5,0.52,0.48,65.25,90.9,0.26,0.74,0.42,fast-dominant,0.09,24429.19,16580.72,181365.65,26761.57,1928323.5,3003698.23,140074.7,6.38,89.48,65.0,881739.15,9395.1,4533.9,1724.6376811594203,4.390821288515406,0.8369299719887956,3.5538913165266104,5.748792270531401,15.113,2834231.05,3027866.6100000003,-193635.56000000052,-6.446571698382647,10572.826666666666,0.052633613445378154,6.2634,18790.2,52.28519195612431,8.07,0.9,453.3899999999999,2.2749999999999986,7.15748031496063,90.39301310043668,7848.4699999999975,134722.38999999998,6710.172,2496.1391000000003
908,76,22800,petrol,17.8,106.43,0.167,8.18,0.767,2.31,136326.07,31146.17,105179.9,2958.88,2920.43,38.45,4-wheeler,7,300,high,4,0.61,0.39,28.7,78.3,0.59,0.41,0.19,mixed,0.34,16560.84,10028.02,103139.89,11581.69,868372.5,1354061.9,114029.06,3.35,1.83,15.0,673285.19,192.25,3807.6000000000004,1280.8988764044943,5.9792135964912285,1.366060087719298,4.61315350877193,4.269662921348314,12.692000000000002,1632807.05,1445211.27,187595.78000000003,13.854298684572694,8764.991666666667,0.00168640350877193,0.12816666666666668,384.5,1.069901135013454,9.0,0.9,380.75999999999993,3.1000000000000005,4.688622754491017,77.72925764192141,6532.82,111712.72,3122.232,1927.4837999999997
909,46,13800,diesel,18.5,90.44,0.151,8.18,0.662,2.68,67463.35,17045.48,50417.87,1999.14,1379.48,619.66,4-wheeler,7,300,medium,3,0.27,0.73,52.88,79.4,0.59,0.41,0.15,mixed,0.28,16243.24,10649.65,100586.36,13364.62,866181.58,1346630.89,58684.38,6.47,29.51,39.8,394008.26,3098.3,2083.7999999999997,745.9459459459459,4.888648550724638,1.2351797101449276,3.653468840579711,2.4864864864864864,6.945999999999999,1284714.53,1371155.5599999996,-86441.02999999956,-6.419058900393973,4201.489166666667,0.044902898550724636,2.065533333333333,6196.599999999999,17.24252112672137,9.0,0.9,208.37999999999994,2.942857142857142,5.258278145695365,80.78602620087337,5593.59,56011.46000000001,1708.7159999999997,993.2256
910,69,20700,petrol,13.1,100.08,0.16,8.36,0.589,2.31,158141.68,27688.32,130453.36,3650.15,1950.77,1699.38,4-wheeler,9,300,high,4,0.42,0.58,42.59,76.1,0.65,0.35,0.1,mixed,0.07,18898.31,10883.53,106848.68,14568.92,902136.04,1413069.0,141381.92,2.86,80.92,61.5,813758.28,8496.9,3312.0,1580.1526717557251,7.639694685990338,1.3376,6.302094685990338,5.267175572519084,11.04,1787335.99,1484510.6500000001,302825.33999999985,21.43032930451378,10871.113333333333,0.08209565217391304,5.6646,16993.800000000003,47.28656933209787,9.059999999999999,0.9,331.19999999999993,2.6555555555555563,4.75625,57.20524017467249,8014.780000000001,138468.14,2318.3999999999996,1814.2160999999999
911,66,19800,diesel,17.3,89.95,0.137,6.27,0.633,2.68,102948.55,17008.0,85940.55,3067.28,1717.08,1350.2,4-wheeler,8,300,high,5,0.36,0.64,26.98,79.3,0.76,0.24,0.08,home/slow-dominant,0.33,16832.65,11017.5,95589.79,13800.14,844489.43,1339417.13,94515.73,4.23,64.3,62.9,568168.44,6751.0,2712.6000000000004,1144.5086705202311,5.199421717171718,0.858989898989899,4.340431818181819,3.8150289017341037,9.042000000000002,1443395.4300000002,1370154.7,73240.73000000021,5.4681046224935335,7161.712500000001,0.06819191919191919,4.500666666666667,13502.0,37.57036443420456,6.75,0.9,271.26,2.5875000000000004,5.78832116788321,75.54585152838429,5815.1500000000015,91755.70000000001,1302.0480000000002,1150.4435999999998
912,87,26100,diesel,20.0,97.9,0.113,7.0,0.734,2.68,127759.5,20645.1,107114.4,3497.4,2164.79,1332.61,4-wheeler,4,300,high,5,0.45,0.55,51.11,95.7,0.83,0.17,0.06,home/slow-dominant,0.13,14788.56,8971.24,101476.51,11594.74,909693.0,1403292.56,115250.67,3.4,63.46,56.5,677729.86,6663.05,2949.3,1305.0,4.895,0.7909999999999999,4.103999999999999,4.35,9.831000000000001,1622433.3,1438303.01,184130.29000000004,13.12130451258147,8926.199999999999,0.05105785440613026,4.442033333333333,13326.099999999999,37.080909012490984,7.34,0.9,294.92999999999995,1.0749999999999993,8.469026548672566,87.33624454148472,5817.32,112931.72,1002.7620000000002,1883.3673
913,74,22200,petrol,14.7,100.46,0.131,8.49,0.578,2.31,151715.1,24690.62,127024.48,3488.57,1680.94,1807.63,4-wheeler,10,300,high,3,0.51,0.49,57.43,74.1,0.86,0.14,0.02,home/slow-dominant,0.46,18476.12,12150.69,100733.84,14471.33,893940.37,1403155.9,136244.18,3.0,86.08,75.0,781954.74,9038.15,2908.2000000000003,1510.2040816326532,6.834013513513514,1.11219009009009,5.721823423423424,5.034013605442177,9.694,1744896.47,1472157.2799999998,272739.1900000002,19.43755430169949,10585.373333333333,0.08142477477477478,6.025433333333334,18076.300000000003,50.29870971870922,8.77,0.9,290.81999999999994,2.5900000000000007,5.65648854961832,64.19213973799127,6325.4299999999985,133349.91,814.2960000000002,907.7076000000001
914,92,27600,petrol,18.1,102.59,0.183,7.21,0.603,2.31,156435.58,36416.27,120019.31,3522.43,3045.63,476.8,4-wheeler,4,300,high,4,0.57,0.43,58.0,86.7,0.77,0.23,0.06,home/slow-dominant,0.5,14772.54,9569.12,104713.68,12206.18,861273.81,1334740.25,127663.97,2.89,22.7,40.8,743033.53,2384.0,5050.8,1524.8618784530386,5.667955797101449,1.319430072463768,4.348525724637681,5.082872928176795,16.836000000000002,1717314.4100000001,1447747.34,269567.07000000007,20.196219451687327,10001.609166666667,0.01727536231884058,1.5893333333333333,4768.0,13.267330589711698,7.67,0.9,505.0799999999999,3.3249999999999993,4.737704918032787,79.03930131004367,5203.42,125222.73,2323.3680000000004,1522.815
915,49,14700,diesel,21.9,93.01,0.14,8.6,0.568,2.68,62431.37,17698.8,44732.57,1798.9,1168.94,629.96,4-wheeler,4,300,medium,3,0.31,0.69,36.02,88.6,0.55,0.45,0.11,mixed,0.22,13895.84,9535.68,109494.14,12816.3,889305.73,1374304.25,51655.99,7.27,30.0,38.3,367774.09,3149.8,2058.0,671.2328767123288,4.247031972789116,1.204,3.043031972789116,2.2374429223744294,6.86,1270941.78,1388166.21,-117224.42999999993,-8.529729133850815,3727.7141666666666,0.04285442176870748,2.0998666666666668,6299.6,17.529126632329657,9.5,0.9,205.79999999999995,2.8500000000000014,6.328571428571427,95.63318777292577,4360.16,49092.729999999996,1852.2,911.7732000000001
916,102,30600,diesel,21.8,96.24,0.122,7.2,0.694,2.68,135089.17,26879.04,108210.13,3761.83,2590.84,1170.99,4-wheeler,8,300,high,4,0.42,0.58,27.15,82.8,0.62,0.38,0.11,mixed,0.29,18804.52,9983.63,102655.63,13104.57,877792.8,1381954.32,119651.93,3.36,55.76,57.1,700915.28,5854.95,3733.2,1403.6697247706422,4.414678758169935,0.8784000000000001,3.536278758169935,4.678899082568807,12.443999999999999,1647261.25,1450507.47,196753.78000000003,14.237357715268043,9017.510833333334,0.03826764705882353,3.9033,11709.9,32.583706894392826,7.96,0.9,373.3199999999999,2.1500000000000004,6.786885245901639,95.19650655021834,8820.890000000001,117031.02,2837.232,1839.4964
917,61,18300,petrol,16.6,103.07,0.127,8.16,0.74,2.31,113625.36,18964.66,94660.7,2546.57,1719.83,826.74,4-wheeler,6,300,high,3,0.39,0.61,41.7,87.6,0.58,0.42,0.19,mixed,0.13,15803.37,9469.23,109803.15,14402.03,893318.13,1357754.62,103875.25,3.41,39.37,42.3,629179.4,4133.7,2324.1,1102.4096385542168,6.209036065573771,1.036320218579235,5.172715846994535,3.674698795180723,7.747,1540461.78,1375718.8900000001,164742.8899999999,12.133480348606723,7888.391666666666,0.04517704918032787,2.7558000000000002,8267.4,23.004683078310084,9.0,0.9,232.40999999999994,2.0666666666666678,6.89763779527559,72.48908296943233,6334.140000000001,100994.84,1952.244,1496.2521
918,44,13200,petrol,15.5,106.54,0.122,6.36,0.666,2.31,90730.84,10242.14,80488.7,1967.23,1072.53,894.7,fleet/commercial,7,300,medium,4,0.45,0.55,45.63,83.1,0.3,0.7,0.35,fast-dominant,0.1,26837.94,17594.4,179533.74,27726.43,1809220.97,2760497.85,95277.53,8.1,42.6,44.2,655921.39,4473.5,1610.3999999999999,851.6129032258065,6.8735484848484845,0.7759196969696969,6.097628787878787,2.838709677419355,5.367999999999999,2397064.87,2692420.3800000004,-295355.51000000024,-10.699356639600362,6707.391666666666,0.06778030303030304,2.9823333333333335,8947.0,24.895722899779898,7.76,0.9,161.03999999999996,2.414285714285715,6.811475409836065,67.68558951965066,9243.539999999997,89732.23999999999,2254.5599999999995,965.277
919,31,9300,petrol,13.7,101.75,0.128,6.51,0.759,2.31,69071.17,7749.5,61321.67,1568.1,903.51,664.59,4-wheeler,10,300,medium,3,0.54,0.46,57.49,78.8,0.73,0.27,0.14,home/slow-dominant,0.42,20388.12,11557.74,95463.02,14718.61,873065.37,1343858.09,73095.77,5.13,31.65,45.4,460941.87,3322.95,1190.4,678.8321167883212,7.42700752688172,0.8332795698924731,6.593727956989247,2.2627737226277373,3.9680000000000004,1320361.8199999998,1330212.66,-9850.840000000084,-0.7330268034476828,5110.139166666667,0.07146129032258065,2.2153,6645.900000000001,18.492733298272853,7.050000000000001,0.9,119.03999999999998,2.12,6.156249999999999,59.82532751091703,8830.38,70152.05,642.8160000000001,524.0358000000001
920,28,8400,petrol,16.2,103.97,0.125,8.78,0.588,2.31,53910.37,9219.0,44691.37,1197.78,617.4,580.38,2-wheeler,8,300,medium,4,0.29,0.71,2.64,76.4,0.76,0.24,0.01,home/slow-dominant,0.15,11091.04,5485.08,12484.95,1531.82,122627.21,152439.12,50603.69,0.34,27.64,34.1,265503.4,2901.9,1050.0,518.5185185185186,6.417901190476191,1.0975,5.320401190476191,1.7283950617283954,3.5,447634.26000000007,211942.74999999997,235691.5100000001,154.6135335863918,3724.2808333333337,0.06909285714285714,1.9345999999999999,5803.8,16.149524596595793,9.26,0.9,104.99999999999997,2.9499999999999993,6.112,70.74235807860262,5605.960000000001,50297.33,504.0,524.79
921,47,14100,petrol,19.1,104.11,0.142,8.0,0.599,2.31,76856.07,16017.6,60838.47,1705.29,1199.32,505.97,4-wheeler,6,300,medium,4,0.48,0.52,31.61,82.7,0.67,0.33,0.09,mixed,0.16,15825.69,10049.34,100926.87,14687.55,873231.28,1346349.92,69552.33,5.35,24.09,31.9,448688.52,2529.85,2002.1999999999998,738.219895287958,5.4507851063829795,1.1360000000000001,4.314785106382979,2.4607329842931933,6.6739999999999995,1336640.08,1361070.2,-24430.11999999988,-1.8145446170487296,5069.8725,0.03588439716312057,1.6865666666666668,5059.700000000001,14.079008511905261,8.66,0.9,200.21999999999994,2.883333333333333,5.823943661971832,83.40611353711792,5776.35,66614.82,1321.452,1007.4287999999999
922,74,22200,petrol,20.3,99.14,0.155,8.09,0.716,2.31,108419.11,27837.69,80581.42,2526.21,2463.76,62.45,4-wheeler,6,300,high,4,0.54,0.46,37.45,80.8,0.61,0.39,0.18,mixed,0.21,15472.56,9911.9,99745.01,11217.55,875100.01,1353128.01,88385.59,4.28,2.97,12.1,541672.96,312.25,3441.0,1093.5960591133005,4.8837436936936935,1.25395,3.629793693693694,3.645320197044335,11.47,1494558.3599999999,1430913.4,63644.95999999996,4.703543162926615,6715.118333333333,0.002813063063063063,0.20816666666666667,624.5,1.7377197888580023,8.870000000000001,0.9,344.0999999999999,3.2000000000000006,5.212903225806452,88.646288209607,5560.66,86142.08,2683.98,1946.3704000000002
923,13,3900,petrol,15.6,99.87,0.155,7.53,0.739,2.31,24967.5,4551.89,20415.61,577.5,446.73,130.77,4-wheeler,9,300,low,2,0.15,0.85,36.56,73.5,0.78,0.22,0.08,home/slow-dominant,0.38,19267.62,11299.06,96455.81,12063.09,856316.94,1377686.65,30796.79,13.8,6.23,19.6,250439.76,653.85,604.5,250.0,6.401923076923077,1.1671512820512822,5.2347717948717944,0.8333333333333334,2.015,1077492.54,1348422.4999999998,-270929.95999999973,-19.665571993457277,1701.3008333333335,0.03353076923076923,0.4359,1307.7,3.638776890135484,7.970000000000001,0.9,60.44999999999999,2.9444444444444446,4.741935483870968,68.12227074235808,7968.5599999999995,28384.17,265.98,276.9726
924,119,35700,petrol,20.3,105.91,0.115,7.74,0.695,2.31,186255.52,31776.57,154478.95,4062.41,2853.32,1209.09,fleet/commercial,7,300,high,4,0.37,0.63,79.73,84.8,0.34,0.66,0.28,mixed,0.1,26987.69,17705.61,181489.9,26059.95,1815486.22,2848572.99,168973.02,5.04,57.58,52.8,1026355.0,6045.45,4105.5,1758.6206896551723,5.217241456582633,0.8901,4.327141456582632,5.862068965517241,13.685,2881702.27,2888434.04,-6731.770000000019,-0.23632078320029348,12873.245833333334,0.03386806722689075,4.0302999999999995,12090.9,33.643869007371045,9.06,0.9,410.5499999999999,2.1714285714285717,7.37391304347826,88.646288209607,9282.079999999998,163761.03,5419.26,2567.9880000000003
925,99,29700,petrol,12.9,100.02,0.163,6.42,0.748,2.31,230278.6,31079.86,199198.74,5318.37,3621.14,1697.23,4-wheeler,10,300,high,3,0.39,0.61,39.34,73.6,0.72,0.28,0.03,home/slow-dominant,0.44,20138.59,11672.16,100071.74,12919.7,904348.35,1392828.65,210249.11,1.85,80.82,72.4,1151317.29,8486.15,4841.1,2302.3255813953488,7.753488215488216,1.0464599326599326,6.707028282828283,7.674418604651162,16.137,2156434.3,1493597.31,662836.9899999998,47.5892702235842,16599.895,0.05714579124579125,5.6574333333333335,16972.3,47.22674391102429,6.98,0.9,484.10999999999996,2.6400000000000006,4.515337423312883,56.33187772925765,8466.43,207665.16999999998,2711.0160000000005,2027.8384
926,74,22200,diesel,21.0,96.47,0.164,8.74,0.576,2.68,101982.57,31820.59,70161.98,2833.14,2097.1,736.04,2-wheeler,4,300,high,4,0.55,0.45,2.6,87.3,0.85,0.15,0.02,home/slow-dominant,0.13,7368.71,3277.33,11839.29,3918.84,145730.64,181967.27,75037.13,0.33,35.05,39.1,387024.94,3680.2,3640.8,1057.142857142857,4.59380945945946,1.43335990990991,3.16044954954955,3.5238095238095237,12.136000000000001,692487.04,341698.74,350788.30000000005,192.7754919882021,5846.831666666666,0.033154954954954956,2.4534666666666665,7360.4,20.480885082322562,9.040000000000001,0.9,364.0799999999999,3.1750000000000007,5.323170731707317,91.70305676855895,4091.38,74253.36,1092.24,1824.4769999999999
927,22,6600,diesel,21.9,89.74,0.118,6.29,0.579,2.68,27044.93,4898.65,22146.28,807.67,450.93,356.74,2-wheeler,5,300,low,1,0.15,0.85,2.94,89.7,0.97,0.03,0.0,home/slow-dominant,0.29,7880.41,3557.9,14441.76,3417.78,117034.16,183166.43,27152.35,1.9,16.99,29.6,150203.51,1783.7,778.8,301.36986301369865,4.097716666666667,0.7422196969696969,3.35549696969697,1.0045662100456623,2.5959999999999996,291660.86,207589.63999999998,84071.22,45.898814537139806,1845.5233333333333,0.054051515151515156,1.1891333333333334,3567.4,9.926567773854343,6.3500000000000005,0.9,77.87999999999998,2.0599999999999996,7.601694915254238,95.63318777292577,4322.51,26468.79,46.727999999999994,320.1603
928,94,28200,diesel,22.2,95.8,0.174,8.68,0.579,2.68,121691.89,42591.02,79100.87,3404.32,2841.04,563.28,4-wheeler,8,300,high,4,0.43,0.57,41.35,74.6,0.63,0.37,0.2,mixed,0.31,17882.89,11639.99,108296.54,14737.5,835608.91,1315502.07,88291.27,4.21,26.82,38.4,549752.89,2816.4,4906.799999999999,1270.2702702702702,4.31531524822695,1.5103198581560282,2.804995390070922,4.234234234234234,16.355999999999998,1533482.81,1463623.08,69859.72999999998,5.310499435398074,6591.739166666666,0.019974468085106382,1.8776,5632.799999999999,15.673703805731554,9.42,0.9,490.67999999999984,3.1750000000000007,4.287356321839081,96.94323144104804,6242.9,85343.76999999999,3631.0319999999992,1960.3175999999999
929,11,3300,petrol,14.8,99.66,0.128,7.32,0.622,2.31,22221.49,3091.97,19129.52,515.07,262.73,252.34,4-wheeler,8,300,low,2,0.24,0.76,27.6,82.2,0.73,0.27,0.06,home/slow-dominant,0.16,18596.54,11426.96,99530.73,11962.2,862677.23,1362959.12,28691.54,13.97,12.02,19.8,242988.43,1261.7,422.40000000000003,222.97297297297297,6.733784848484849,0.936960606060606,5.796824242424242,0.7432432432432432,1.4080000000000001,1066767.38,1324060.84,-257293.4600000002,-18.877562519996943,1594.1266666666668,0.07646666666666667,0.8411333333333334,2523.4,7.021556629630557,7.860000000000001,0.9,42.239999999999995,2.2249999999999996,6.421875,64.62882096069869,7169.580000000002,26299.100000000002,228.09600000000003,220.69320000000002
930,37,11100,petrol,19.6,99.65,0.169,8.05,0.687,2.31,56434.44,15101.0,41333.44,1308.21,1288.74,19.47,4-wheeler,4,300,medium,2,0.41,0.59,45.24,85.6,0.81,0.19,0.09,home/slow-dominant,0.37,15965.33,9421.45,105709.33,12096.1,905374.73,1353095.93,50296.54,6.8,0.93,15.4,357192.03,97.35,1875.9,566.3265306122448,5.084183783783784,1.3604504504504504,3.7237333333333336,1.887755102040816,6.253,1267373.58,1357902.7499999998,-90529.16999999969,-6.690521196083983,3444.4533333333334,0.0017540540540540539,0.0649,194.7,0.5417678829313899,8.430000000000001,0.9,187.58999999999997,3.6000000000000014,5.065088757396449,85.58951965065503,6543.879999999999,47877.32,712.8420000000001,811.9062
931,91,27300,diesel,15.2,91.62,0.112,8.11,0.769,2.68,164554.34,24797.14,139757.2,4813.42,2351.29,2462.13,4-wheeler,10,300,high,3,0.36,0.64,43.5,80.8,0.74,0.26,0.11,home/slow-dominant,0.14,18419.44,11242.99,104180.71,14682.95,859560.73,1339526.56,149870.24,2.51,117.24,71.0,853531.91,12310.65,3057.6,1796.0526315789475,6.027631501831502,0.9083201465201465,5.119311355311355,5.986842105263158,10.192,1774429.63,1400863.55,373566.07999999984,27.887918847984604,11646.433333333334,0.09018791208791209,8.2071,24621.300000000003,68.51068092459494,8.629999999999999,0.9,305.75999999999993,1.9200000000000004,7.2142857142857135,66.37554585152839,7176.449999999999,146933.65000000002,1589.952,2022.1094
932,76,22800,petrol,15.5,103.97,0.157,7.28,0.582,2.31,152936.52,26059.49,126877.03,3397.94,2083.33,1314.61,fleet/commercial,8,300,high,3,0.52,0.48,75.74,79.5,0.52,0.48,0.24,mixed,0.07,28057.87,18526.76,181407.72,24306.96,1860105.59,2912815.63,141269.53,6.17,62.6,54.3,887755.37,6573.05,3579.6,1470.967741935484,6.707742105263158,1.1429600877192982,5.56478201754386,4.903225806451613,11.932,2765077.54,2930032.1999999997,-164954.65999999968,-5.663065602267442,10573.085833333333,0.05765833333333333,4.382033333333333,13146.099999999999,36.580045022107576,8.24,0.9,357.9599999999999,2.5625,5.063694267515924,67.68558951965066,9531.11,136408.14,3436.4159999999997,1937.4968999999999
933,12,3600,diesel,16.6,91.9,0.14,6.91,0.739,2.68,19930.12,3482.64,16447.48,581.2,372.46,208.74,fleet/commercial,3,300,low,2,0.14,0.86,86.89,91.1,0.3,0.7,0.5,fast-dominant,0.05,23128.81,15755.48,178585.38,26438.24,1858160.28,2753864.16,29108.46,20.0,9.94,14.4,324127.68,1043.7,504.00000000000006,216.86746987951804,5.536144444444444,0.9673999999999999,4.5687444444444445,0.7228915662650601,1.6800000000000002,2073454.93,2645031.14,-571576.2100000002,-20.755424987992154,1370.6233333333332,0.05798333333333334,0.6958000000000001,2087.4,5.808352741812961,8.31,0.9,50.39999999999999,2.9666666666666686,6.507142857142856,72.48908296943233,7373.330000000002,23820.81,705.6,353.837
934,62,18600,petrol,19.2,99.31,0.173,6.79,0.774,2.31,96206.56,21848.86,74357.7,2237.81,2490.58,-252.77,4-wheeler,7,300,high,4,0.44,0.56,56.67,76.4,0.71,0.29,0.14,home/slow-dominant,0.43,17174.18,11180.93,100535.22,13726.94,888257.81,1407892.48,83096.34,5.04,-12.04,13.5,516016.92,-1263.85,3217.7999999999997,968.75,5.172395698924731,1.1746698924731183,3.997725806451613,3.2291666666666665,10.725999999999999,1455161.51,1458779.27,-3617.7600000000093,-0.25696280443233915,6196.474999999999,-0.01358978494623656,-0.8425666666666667,-2527.7000000000003,-7.033521713845273,7.369999999999999,0.9,321.7799999999999,3.3714285714285706,4.416184971098266,83.84279475982534,5993.25,80350.95,1866.3239999999996,1419.6306000000002
935,116,34800,petrol,17.7,101.26,0.112,8.56,0.661,2.31,199087.46,33363.46,165724.0,4541.69,2576.31,1965.38,4-wheeler,6,300,high,4,0.46,0.54,57.95,86.5,0.58,0.42,0.21,mixed,0.23,17424.68,10200.36,103881.61,13022.17,873542.85,1365842.62,175552.75,2.21,93.59,69.8,981645.36,9826.9,3897.6,1966.1016949152543,5.720904022988505,0.9587201149425287,4.7621839080459765,6.553672316384181,12.991999999999999,1956103.5499999998,1466757.9400000002,489345.60999999964,35.82737885276999,13810.333333333334,0.0564764367816092,6.551266666666667,19653.800000000003,54.68822607887495,9.4,0.9,389.7599999999999,2.25,7.723214285714286,77.29257641921397,7224.32,172948.32,3273.984,1983.7587
936,94,28200,petrol,14.6,100.4,0.128,8.63,0.578,2.31,193923.29,31150.85,162772.44,4461.78,2086.35,2375.43,4-wheeler,8,300,high,3,0.56,0.44,31.3,80.3,0.76,0.24,0.04,home/slow-dominant,0.41,17667.82,10591.62,100261.3,13776.93,847220.23,1307078.37,172604.03,2.08,113.12,78.6,963281.45,11877.15,3609.6,1931.5068493150686,6.876712411347518,1.1046400709219857,5.772072340425533,6.4383561643835625,12.032,1905175.78,1401752.4900000002,503423.2899999998,38.515157281655554,13564.37,0.08423510638297872,7.918099999999999,23754.3,66.09818603758148,9.110000000000001,0.9,360.9599999999999,2.4625000000000004,6.273437499999999,63.75545851528385,7076.199999999999,169848.64,1732.608,1230.9465
937,90,27000,diesel,18.4,97.92,0.171,6.44,0.633,2.68,143686.96,29733.48,113953.48,3932.61,2922.56,1010.05,2-wheeler,7,300,high,3,0.66,0.34,2.46,77.8,0.82,0.18,0.01,home/slow-dominant,0.23,10787.88,5525.92,13223.45,2191.02,97637.77,161404.55,119653.64,0.42,48.1,51.6,611491.65,5050.25,4617.0,1467.3913043478262,5.321739259259259,1.10124,4.22049925925926,4.891304347826088,15.39,870011.97,322287.07999999996,547724.89,339.3491013729167,9496.123333333333,0.03740925925925926,3.366833333333333,10100.5,28.10542630482026,6.800000000000001,0.9,461.6999999999999,3.1714285714285717,4.549707602339181,80.34934497816593,5261.959999999999,119215.44,1662.12,2250.3712
938,73,21900,petrol,15.5,106.05,0.138,6.79,0.73,2.31,149838.39,20520.74,129317.65,3263.81,2206.21,1057.6,fleet/commercial,8,300,high,3,0.63,0.37,55.11,80.8,0.21,0.79,0.37,fast-dominant,0.09,28313.46,17257.81,176746.94,27410.53,1938143.96,2937718.76,145855.41,5.64,50.36,49.0,906023.99,5288.0,3022.2000000000003,1412.9032258064517,6.841935616438357,0.9370200913242009,5.904915525114156,4.709677419354839,10.074000000000002,2828903.21,2922454.04,-93550.83000000007,-3.1844719540137354,10776.470833333333,0.04829223744292237,3.525333333333333,10576.0,29.42854201274977,8.37,0.9,302.21999999999997,2.4000000000000004,5.855072463768115,67.68558951965066,11055.649999999998,140373.3,4775.076000000001,2007.6511
939,49,14700,diesel,21.4,92.81,0.131,7.22,0.768,2.68,63752.66,13903.55,49849.11,1840.93,1478.94,361.99,2-wheeler,6,300,medium,2,0.34,0.66,5.13,86.9,0.88,0.12,0.01,home/slow-dominant,0.33,10041.97,4422.22,23196.5,2060.1,94407.32,143355.22,55880.88,0.46,17.24,31.0,302600.9,1809.95,1925.7,686.9158878504674,4.336915646258504,0.9458197278911564,3.3910959183673475,2.2897196261682247,6.4190000000000005,463380.47000000003,209727.47,253653.00000000003,176.94019094665688,4154.0925,0.02462517006802721,1.2066333333333334,3619.9,10.072653104382837,7.46,0.9,192.56999999999996,2.1833333333333322,6.633587786259542,93.44978165938865,5619.749999999999,55468.86,462.168,990.8897999999999
940,28,8400,petrol,20.3,101.31,0.124,6.55,0.73,2.31,41921.38,6822.48,35098.9,955.86,760.37,195.49,4-wheeler,4,300,medium,4,0.21,0.79,58.94,90.6,0.74,0.26,0.1,home/slow-dominant,0.46,15617.2,9315.0,101604.69,12603.25,863801.13,1359894.44,43921.75,8.98,9.31,26.0,321213.44,977.45,1041.6,413.7931034482759,4.9906404761904755,0.8121999999999999,4.178440476190476,1.3793103448275863,3.4719999999999995,1151494.03,1326373.9,-174879.86999999988,-12.859812118946518,2924.9083333333333,0.02327261904761905,0.6516333333333334,1954.9,5.439661193336283,7.07,0.9,104.15999999999997,2.3500000000000014,7.306451612903225,88.646288209607,6302.200000000001,41401.100000000006,541.632,410.5998
941,13,3900,petrol,12.9,100.17,0.134,7.89,0.672,2.31,30283.95,4123.31,26160.64,698.37,351.19,347.18,2-wheeler,10,300,low,2,0.08,0.92,5.01,76.4,0.77,0.23,0.01,home/slow-dominant,0.39,11048.24,7310.37,19378.12,1801.03,113002.49,173322.52,30258.72,1.35,16.53,31.9,170671.72,1735.9,522.6,302.3255813953488,7.765115384615385,1.0572589743589744,6.70785641025641,1.0077519379844961,1.742,319663.44,209311.77,110351.67000000001,63.66839692845455,2180.0533333333333,0.08902051282051282,1.1572666666666667,3471.8,9.660553343406265,8.35,0.9,52.25999999999999,2.3599999999999994,5.701492537313433,56.33187772925765,3737.87,29898.51,240.39600000000002,214.2259
942,44,13200,petrol,13.3,102.96,0.133,7.18,0.615,2.31,102185.86,12605.21,89580.65,2292.63,1079.69,1212.94,4-wheeler,9,300,medium,3,0.51,0.49,26.18,78.9,0.79,0.21,0.06,home/slow-dominant,0.4,18104.76,11564.14,102356.16,13180.84,877354.65,1339119.79,98757.44,3.64,57.76,61.9,596143.36,6064.7,1755.6000000000001,992.4812030075187,7.7413530303030305,0.9549401515151514,6.786412878787879,3.308270676691729,5.852,1478807.75,1344429.54,134378.20999999996,10.0348162280538,7465.054166666666,0.09188939393939394,4.0431333333333335,12129.400000000001,33.75099824975861,7.6,0.9,175.55999999999997,2.3444444444444437,5.932330827067669,58.07860262008734,6540.619999999999,96121.26999999999,737.352,647.814
943,41,12300,petrol,17.9,99.92,0.188,6.06,0.693,2.31,68660.11,14013.14,54646.97,1587.32,1602.49,-15.17,4-wheeler,8,300,medium,2,0.25,0.75,58.0,73.2,0.77,0.23,0.1,home/slow-dominant,0.1,17746.01,11084.28,108088.5,13678.98,840917.75,1283115.03,64044.5,5.22,-0.72,6.4,428311.0,-75.85,2312.4,687.1508379888269,5.582122764227642,1.139279674796748,4.442843089430895,2.2905027932960897,7.708,1272948.35,1286834.6500000001,-13886.300000000047,-1.0822334455859384,4553.9141666666665,-0.0012333333333333332,-0.05056666666666667,-151.7,-0.42211704078424167,6.52,0.9,231.23999999999995,3.3499999999999996,3.8936170212765955,78.16593886462881,6661.729999999998,61308.7,1063.7040000000002,1442.241
944,91,27300,petrol,16.0,104.55,0.117,8.62,0.706,2.31,178388.44,27533.14,150855.3,3941.44,2255.03,1686.41,fleet/commercial,9,300,high,4,0.42,0.58,61.17,78.7,0.23,0.77,0.44,fast-dominant,0.09,27958.26,17553.41,183204.02,27764.89,1826457.76,2735692.09,166813.13,4.35,80.31,61.8,1017269.67,8432.05,3194.1000000000004,1706.25,6.534375091575091,1.0085399267399267,5.525835164835165,5.6875,10.647000000000002,2858191.26,2750155.9299999997,108035.33000000007,3.949104155212149,12571.275,0.061773260073260075,5.621366666666667,16864.100000000002,46.92566900124938,10.16,0.9,319.40999999999997,2.3666666666666663,6.726495726495727,69.86899563318778,10404.849999999999,161260.15,4918.914000000001,2052.0773000000004
945,112,33600,petrol,12.4,101.81,0.152,8.98,0.581,2.31,275872.26,45862.66,230009.6,6259.35,2967.28,3292.07,4-wheeler,8,300,high,4,0.6,0.4,22.35,75.0,0.71,0.29,0.08,home/slow-dominant,0.25,17987.79,10341.12,102211.72,13957.34,860225.55,1369789.57,240447.74,1.69,156.77,77.2,1304450.42,16460.35,5107.2,2709.6774193548385,8.21048392857143,1.364960119047619,6.845523809523811,9.032258064516128,17.024,2329525.8,1534639.4100000001,794886.3899999997,58.02981767484181,19167.466666666667,0.09797827380952381,10.973566666666667,32920.700000000004,91.60440649008429,9.559999999999999,0.9,510.71999999999986,3.125,4.934210526315789,54.14847161572053,7646.67,237656.27000000002,2962.1759999999995,2225.46
946,20,6000,petrol,16.6,105.24,0.183,7.2,0.748,2.31,38038.55,7905.6,30132.95,834.94,821.3,13.64,2-wheeler,9,300,low,2,0.28,0.72,3.55,71.2,0.92,0.08,0.02,home/slow-dominant,0.56,11181.28,6388.92,23869.01,3664.41,133722.07,213705.56,35658.19,1.57,0.65,20.9,202159.96,68.2,1098.0,361.4457831325301,6.339758333333334,1.3176,5.0221583333333335,1.2048192771084336,3.66,379821.22000000003,257644.74000000002,122176.48000000001,57.17047324365356,2511.079166666667,0.0022733333333333334,0.04546666666666667,136.4,0.3795436016016518,7.36,0.9,109.79999999999997,3.1999999999999997,3.8907103825136615,72.48908296943233,4792.360000000001,34925.31,175.68,361.37199999999996
947,101,30300,petrol,12.9,105.76,0.16,6.69,0.769,2.31,248413.02,32433.12,215979.9,5425.81,3728.11,1697.7,4-wheeler,9,300,high,4,0.48,0.52,23.75,76.3,0.74,0.26,0.11,home/slow-dominant,0.18,19845.02,11277.11,105795.34,14730.47,898937.52,1364323.6,227493.9,1.58,80.84,64.7,1243264.84,8488.5,4848.0,2348.8372093023254,8.198449504950494,1.0704,7.128049504950494,7.829457364341085,16.16,2240227.7199999997,1462348.94,777878.7799999998,57.015709469512935,17998.325,0.05602970297029703,5.659,16977.0,47.23982202632875,7.210000000000001,0.9,484.7999999999999,2.6333333333333337,4.76875,56.33187772925765,8567.91,224547.81,2520.96,3057.0502
948,103,30900,petrol,14.9,99.97,0.138,8.37,0.747,2.31,207320.34,35691.35,171628.99,4790.54,3185.36,1605.18,fleet/commercial,10,300,high,3,0.67,0.33,67.19,74.4,0.31,0.69,0.46,fast-dominant,0.08,29340.95,18954.59,176673.25,25913.75,1931033.87,2904874.09,187198.1,4.26,76.44,59.5,1112663.75,8025.9,4264.200000000001,2073.8255033557048,6.709396116504855,1.1550598705501618,5.554336245954692,6.9127516778523495,14.214000000000002,3114340.3200000003,2975516.79,138823.53000000026,4.7789861349894265,14302.415833333333,0.051947572815533985,5.3506,16051.800000000001,44.66538111575802,9.749999999999998,0.9,426.41999999999996,2.5599999999999996,5.391304347826087,65.06550218340612,10386.36,182015.34999999998,5884.5960000000005,2930.5312000000004
949,114,34200,petrol,20.6,105.84,0.129,7.78,0.751,2.31,175714.95,34323.8,141391.15,3835.05,3313.26,521.79,fleet/commercial,5,300,high,4,0.36,0.64,56.93,87.4,0.28,0.72,0.43,fast-dominant,0.09,26435.5,15590.38,177665.57,26244.82,1851147.4,2826271.24,157485.23,5.06,24.85,30.6,965091.72,2608.95,4411.8,1660.1941747572814,5.13786403508772,1.0036198830409357,4.134244152046784,5.533980582524271,14.706000000000001,2861899.65,2871931.7500000005,-10032.100000000559,-0.35495885384307835,11782.595833333333,0.015257017543859648,1.7392999999999998,5217.9,14.519212307897789,9.22,0.9,441.1799999999999,2.5199999999999987,6.775193798449613,89.95633187772927,10845.12,152236.27,6352.992,3015.0666
950,34,10200,diesel,19.5,92.92,0.141,6.77,0.565,2.68,48604.31,9736.61,38867.7,1401.85,812.58,589.27,4-wheeler,9,300,medium,3,0.2,0.8,39.99,78.6,0.76,0.24,0.03,home/slow-dominant,0.18,19810.59,12003.56,106806.84,13384.39,842357.08,1370151.22,49351.61,8.53,28.06,35.4,353564.89,2946.35,1438.1999999999998,523.0769230769231,4.765128431372549,0.9545696078431373,3.8105588235294117,1.7435897435897436,4.794,1184431.58,1358660.84,-174229.26,-12.716060640372238,3238.975,0.057771568627450975,1.9642333333333333,5892.7,16.396895756290714,7.25,0.9,143.81999999999994,2.377777777777778,5.574468085106383,85.15283842794761,7807.030000000001,46674.729999999996,690.3359999999999,666.3156000000001
951,116,34800,diesel,18.3,91.14,0.174,7.1,0.761,2.68,173315.41,42991.92,130323.49,5096.39,4608.01,488.38,4-wheeler,6,300,high,4,0.37,0.63,45.3,81.4,0.88,0.12,0.02,home/slow-dominant,0.15,17404.77,9812.3,107537.77,12639.92,845388.01,1316067.72,140443.94,2.59,23.26,30.9,809757.47,2441.9,6055.2,1901.639344262295,4.980327873563218,1.2354,3.744927873563218,6.33879781420765,20.184,1798988.91,1459911.13,339077.78,25.764462941162332,10860.290833333334,0.014033908045977012,1.6279333333333332,4883.8,13.589553090191691,7.339999999999999,0.9,605.5199999999999,3.099999999999999,4.678160919540231,79.91266375545852,7592.470000000001,137915.96000000002,1453.2479999999998,3916.8085
952,115,34500,diesel,19.3,95.43,0.185,8.9,0.677,2.68,170587.31,56804.25,113783.06,4790.67,4320.95,469.72,4-wheeler,5,300,high,5,0.62,0.38,55.01,79.0,0.79,0.21,0.03,home/slow-dominant,0.45,15050.8,10356.95,103177.86,14353.93,858947.52,1305668.67,121347.7,2.83,22.37,38.9,709916.36,2348.6,6382.5,1787.564766839378,4.944559710144928,1.6465,3.2980597101449276,5.958549222797927,21.275,1787138.0699999998,1523942.88,263195.18999999994,20.157885078149267,9481.921666666667,0.013615072463768117,1.5657333333333334,4697.200000000001,13.070324086827556,9.32,0.9,638.2499999999999,4.2,4.27027027027027,84.27947598253276,4693.8499999999985,118476.91,2680.65,2376.5225
953,108,32400,petrol,12.4,105.62,0.172,8.05,0.727,2.31,275974.84,44861.04,231113.8,6035.81,4051.43,1984.38,4-wheeler,10,300,high,4,0.6,0.4,47.15,73.8,0.58,0.42,0.15,mixed,0.24,19490.47,11865.95,103316.83,11740.7,846419.51,1290456.76,241086.46,1.41,94.49,70.4,1308749.13,9921.9,5572.799999999999,2612.9032258064517,8.517741975308644,1.3846,7.133141975308644,8.70967741935484,18.575999999999997,2323746.0600000005,1459034.18,864711.8800000006,67.00820258402153,19259.483333333334,0.0612462962962963,6.6146,19843.800000000003,55.21691584650189,8.89,0.9,557.2799999999999,2.62,4.290697674418605,54.14847161572053,7624.52,238738.31999999998,4681.151999999999,3079.0868
954,38,11400,petrol,18.6,101.83,0.149,8.92,0.578,2.31,62411.94,15151.51,47260.43,1415.81,981.79,434.02,fleet/commercial,5,300,medium,3,0.33,0.67,61.7,87.8,0.33,0.67,0.46,fast-dominant,0.19,25384.58,15768.7,184478.99,26219.37,1833246.74,2905244.7,62120.18,14.29,20.67,29.4,495079.89,2170.1,1698.6,612.9032258064516,5.4747315789473685,1.3290798245614035,4.145651754385965,2.043010752688172,5.662,2272229.34,2849147.3899999997,-576918.0499999998,-19.857812665487344,3938.369166666667,0.0380719298245614,1.4467333333333332,4340.2,12.076943839233788,10.260000000000002,0.9,169.85999999999996,2.4400000000000004,5.89261744966443,81.2227074235808,9615.880000000001,56876.31,2276.124,795.2499
955,12,3600,petrol,16.3,102.91,0.124,7.23,0.619,2.31,22728.59,3227.47,19501.12,510.18,276.32,233.86,2-wheeler,9,300,low,2,0.28,0.72,4.87,77.5,0.95,0.05,0.0,home/slow-dominant,0.53,11009.66,6751.1,16586.74,4388.93,105458.17,141590.43,24637.47,0.79,11.14,29.8,139774.09,1169.3,446.4,220.85889570552146,6.313497222222222,0.8965194444444444,5.4169777777777774,0.7361963190184049,1.488,274149.42,170507.61000000002,103641.80999999997,73.1983157336269,1625.0933333333332,0.06496111111111111,0.7795333333333334,2338.6000000000004,6.507336266170255,7.33,0.9,44.639999999999986,2.5,6.25,71.17903930131006,4258.5599999999995,23759.68,44.64,129.8704
956,95,28500,petrol,13.6,105.77,0.153,8.92,0.679,2.31,221650.37,38895.66,182754.71,4840.81,2960.78,1880.03,4-wheeler,6,300,high,4,0.49,0.51,56.41,81.2,0.58,0.42,0.2,mixed,0.15,16165.94,10375.72,105202.99,14615.9,883427.04,1413121.12,191468.11,2.22,89.53,66.9,1062543.54,9400.15,4360.5,2095.5882352941176,7.77720596491228,1.3647600000000002,6.41244596491228,6.985294117647059,14.535,2072508.59,1539659.1300000001,532849.46,37.70727451869093,15229.559166666666,0.0659659649122807,6.266766666666666,18800.3,52.31329599114027,9.759999999999998,0.9,436.0499999999999,3.133333333333333,5.307189542483661,59.388646288209614,5790.220000000001,188544.93,3662.8199999999997,2516.663
957,89,26700,diesel,16.1,97.77,0.151,6.08,0.682,2.68,162140.31,24512.74,137627.57,4444.47,2749.62,1694.85,4-wheeler,6,300,high,4,0.61,0.39,26.55,85.5,0.9,0.1,0.03,home/slow-dominant,0.36,17283.26,9868.9,96627.22,14535.67,852424.28,1317585.67,147949.06,2.49,80.71,70.0,836372.52,8474.25,4031.7,1658.3850931677018,6.072670786516854,0.9180801498127341,5.154590636704119,5.527950310559006,13.439,1749542.1300000001,1378330.98,371211.15000000014,28.17358737667511,11468.964166666667,0.06347752808988763,5.6495,16948.5,47.1605185611847,6.28,0.9,403.1699999999999,2.4166666666666665,5.662251655629139,70.3056768558952,7414.359999999999,145041.93,806.34,1759.7567999999999
958,43,12900,petrol,17.7,101.98,0.131,7.05,0.575,2.31,74324.41,11913.8,62410.61,1683.56,971.69,711.87,2-wheeler,5,300,medium,3,0.52,0.48,3.86,87.4,0.97,0.03,0.0,home/slow-dominant,0.14,8135.13,4403.28,24419.19,3534.96,152888.53,193978.39,66849.45,0.25,33.9,38.4,358666.44,3559.35,1689.9,728.8135593220339,5.761582170542636,0.9235503875968991,4.838031782945737,2.4293785310734464,5.633,565186.2300000001,247609.64000000004,317576.5900000001,163.71750997624017,5200.884166666667,0.055183720930232556,2.3729,7118.7,19.808336046346614,7.109999999999999,0.9,168.98999999999998,2.5199999999999987,6.67175572519084,77.29257641921397,3731.8500000000004,66142.46,101.394,835.6534
959,56,16800,petrol,14.3,103.75,0.147,7.24,0.762,2.31,121888.11,17879.9,104008.21,2713.85,1881.84,832.01,2-wheeler,11,300,high,4,0.45,0.55,3.0,70.0,0.77,0.23,0.01,home/slow-dominant,0.46,12806.87,6689.97,21252.32,4072.65,118341.06,164909.75,110939.64,0.23,39.62,52.6,575950.52,4160.05,2469.6,1174.8251748251748,7.255244642857143,1.064279761904762,6.1909648809523805,3.9160839160839163,8.232,791815.96,262434.12999999995,529381.8300000001,321.01305714186094,8667.350833333334,0.04952440476190476,2.7733666666666665,8320.1,23.151324924383452,7.700000000000001,0.9,246.95999999999992,2.727272727272727,4.761904761904762,62.44541484716159,6116.900000000001,110125.11,1136.016,1016.1936000000001
960,42,12600,petrol,20.2,106.15,0.124,6.16,0.672,2.31,66212.38,9624.38,56588.0,1440.89,1049.93,390.96,4-wheeler,8,300,medium,2,0.4,0.6,23.79,79.1,0.88,0.12,0.02,home/slow-dominant,0.28,19157.87,11094.36,104467.61,12576.95,904926.39,1433263.28,67166.9,6.31,18.62,30.4,440302.11,1954.8,1562.4,623.7623762376238,5.254950793650794,0.7638396825396825,4.4911111111111115,2.0792079207920793,5.208,1331777.6400000001,1419812.42,-88034.7799999998,-6.142261594813188,4715.666666666667,0.031028571428571426,1.3032,3909.6,10.878765871127696,6.3999999999999995,0.9,156.23999999999998,2.6125000000000007,6.379032258064516,88.20960698689957,8063.509999999998,64651.509999999995,374.976,755.9496
961,27,8100,petrol,13.1,101.46,0.122,6.1,0.674,2.31,62734.81,6028.02,56706.79,1428.32,666.05,762.27,2-wheeler,9,300,medium,3,0.09,0.91,4.34,79.5,0.83,0.17,0.0,home/slow-dominant,0.26,10193.95,6832.99,14744.83,3372.71,141102.34,194432.88,60742.29,0.64,36.3,44.2,318456.28,3811.35,988.1999999999999,618.320610687023,7.745038271604938,0.7442000000000001,7.0008382716049375,2.0610687022900764,3.2939999999999996,505746.14,240620.39,265125.75,136.35849553840893,4725.565833333333,0.0941074074074074,2.5409,7622.7,21.210755219420165,6.4399999999999995,0.9,98.81999999999996,2.2777777777777777,6.5163934426229515,57.20524017467249,3360.960000000001,60067.75,335.988,492.87699999999995
962,34,10200,petrol,20.8,103.66,0.189,7.11,0.592,2.31,50833.27,13706.66,37126.61,1132.79,1141.26,-8.47,4-wheeler,4,300,medium,3,0.5,0.5,54.79,80.6,0.85,0.15,0.02,home/slow-dominant,0.23,14971.1,8719.19,97414.33,14625.06,865261.56,1327069.07,46303.53,7.87,-0.4,10.5,328931.98,-42.35,1927.8,490.38461538461536,4.983653921568627,1.3437901960784313,3.639863725490196,1.6346153846153846,6.426,1194283.4100000001,1327158.93,-132875.5199999998,-10.012705668741098,3093.8841666666667,-0.0008303921568627451,-0.028233333333333336,-84.7,-0.23568433325263863,7.41,0.9,192.77999999999994,4.850000000000001,4.264550264550264,90.82969432314411,6251.91,43378.520000000004,578.3399999999999,878.7702
963,49,14700,petrol,18.3,102.27,0.19,8.87,0.564,2.31,82151.31,24773.91,57377.4,1855.57,1575.25,280.32,2-wheeler,6,300,medium,4,0.36,0.64,2.57,77.6,0.85,0.15,0.0,home/slow-dominant,0.3,9657.75,4841.62,16140.14,5222.82,146806.85,254117.09,63238.09,1.44,13.35,25.3,332330.59,1401.6,2793.0,803.2786885245902,5.588524489795918,1.6853,3.9032244897959183,2.6775956284153004,9.31,605852.15,380831.77999999997,225020.37000000005,88.54987675169744,4781.45,0.01906938775510204,0.9344,2803.2,7.800121876904327,9.17,0.9,279.29999999999995,3.7333333333333343,4.084210526315789,79.91266375545852,4816.13,62193.53,837.9,1102.675
964,94,28200,petrol,18.7,99.82,0.177,7.74,0.608,2.31,150530.7,38633.44,111897.26,3483.53,3034.77,448.76,4-wheeler,8,300,high,4,0.69,0.31,52.87,75.6,0.7,0.3,0.14,home/slow-dominant,0.17,17162.79,11663.69,104923.65,14581.66,866415.3,1365503.28,120312.69,3.28,21.37,29.5,706487.1,2243.8,4991.4,1508.0213903743315,5.337968085106383,1.3699801418439717,3.9679879432624117,5.026737967914438,16.637999999999998,1704882.75,1497483.6200000003,207399.12999999966,15.188475416917319,9324.771666666666,0.015913475177304966,1.4958666666666667,4487.6,12.487095795803317,8.34,0.9,499.1399999999999,3.0500000000000007,4.271186440677965,81.6593886462882,5499.1,117396.36,2994.8399999999997,2518.8590999999997
965,10,3000,diesel,16.3,89.57,0.131,8.64,0.754,2.68,16485.28,3395.52,13089.76,493.25,296.32,196.93,2-wheeler,6,300,low,2,0.17,0.83,4.99,88.4,0.9,0.1,0.01,home/slow-dominant,0.28,9267.68,4334.95,19505.65,2053.48,92416.49,156560.72,18433.19,2.42,9.38,20.8,111671.6,984.65,393.0,184.04907975460122,5.495093333333333,1.13184,4.363253333333333,0.6134969325153374,1.31,221181.28999999998,173653.94,47527.34999999998,30.35713555737351,1090.8133333333333,0.06564333333333333,0.6564333333333333,1969.3000000000002,5.479730312566956,8.84,0.9,39.29999999999999,1.9333333333333325,6.748091603053435,71.17903930131006,4932.7300000000005,18022.49,78.60000000000001,213.35039999999998
966,67,20100,petrol,12.2,101.28,0.183,6.36,0.672,2.31,166862.95,23393.99,143468.96,3805.82,2471.82,1334.0,4-wheeler,10,300,high,3,0.37,0.63,56.74,70.0,0.82,0.18,0.06,home/slow-dominant,0.44,18874.72,12246.31,100739.62,14400.34,882362.43,1357048.71,152977.44,2.44,63.52,66.0,865626.82,6670.0,3678.2999999999997,1647.5409836065576,8.301639303482588,1.1638800995024876,7.1377592039801,5.491803278688526,12.261,1811050.7800000003,1420110.2499999998,390940.5300000005,28.80814278214085,11955.746666666666,0.06636815920398009,4.446666666666666,13340.0,37.11958684285948,6.720000000000001,0.9,367.82999999999987,3.0,3.8251366120218577,53.275109170305676,6628.410000000002,150097.37,1324.1879999999999,1384.2192000000002
967,101,30300,diesel,22.8,95.22,0.133,8.01,0.669,2.68,126542.37,32279.5,94262.87,3561.58,2696.0,865.58,4-wheeler,6,300,high,4,0.47,0.53,32.08,87.4,0.56,0.44,0.16,mixed,0.31,17381.77,9785.71,104199.3,14793.45,861819.96,1301909.87,104817.62,3.2,41.22,49.3,628287.4,4327.9,4029.9,1328.9473684210525,4.176315841584159,1.0653300330033004,3.110985808580858,4.4298245614035086,13.433,1581440.66,1393243.1700000002,188197.48999999976,14.45549299046329,7855.239166666666,0.02856699669966997,2.885266666666667,8655.800000000001,24.085436266448514,8.89,0.9,402.9899999999999,2.099999999999999,6.571428571428572,99.56331877729258,7596.060000000001,101858.93,3546.312,1860.2399999999998
968,104,31200,petrol,13.7,101.31,0.112,8.14,0.776,2.31,230720.58,28444.42,202276.16,5260.73,2711.65,2549.08,4-wheeler,10,300,high,3,0.53,0.47,56.35,81.8,0.76,0.24,0.1,home/slow-dominant,0.2,19085.04,11564.12,107206.22,12445.0,895322.01,1415362.39,212286.08,1.94,121.38,73.7,1168636.62,12745.4,3494.4,2277.372262773723,7.394890384615384,0.9116801282051281,6.483210256410256,7.59124087591241,11.648,2144350.1100000003,1495753.8699999999,648596.2400000005,45.825453931978544,16856.346666666668,0.08170128205128205,8.496933333333333,25490.8,70.93013225591925,8.620000000000001,0.9,349.43999999999994,1.8200000000000003,7.303571428571428,59.82532751091703,7520.92,209797.08000000002,1677.312,2169.32
969,16,4800,diesel,19.6,95.19,0.179,6.74,0.617,2.68,23311.84,5791.01,17520.83,656.33,530.13,126.2,4-wheeler,6,300,low,2,0.15,0.85,34.19,82.6,0.62,0.38,0.18,mixed,0.22,16089.75,9835.26,95394.27,13074.59,907709.76,1412444.19,26390.24,15.51,6.01,14.6,227345.47,631.0,859.1999999999999,244.89795918367346,4.856633333333334,1.2064604166666668,3.650172916666667,0.8163265306122449,2.864,1104717.71,1382106.68,-277388.97,-19.638933131934934,1460.069166666667,0.026291666666666668,0.4206666666666667,1262.0,3.511613088132584,7.5,0.9,85.91999999999997,2.900000000000001,4.614525139664805,85.58951965065503,6254.49,23775.32,652.992,413.5014
970,49,14700,petrol,16.9,102.64,0.152,6.51,0.61,2.31,89278.58,14545.94,74732.64,2009.29,1362.98,646.31,4-wheeler,9,300,medium,2,0.37,0.63,42.99,76.9,0.67,0.33,0.05,mixed,0.39,18985.67,10984.99,101759.32,14116.38,876159.42,1340395.03,85556.6,4.24,30.78,43.9,529542.32,3231.55,2234.4,869.8224852071006,6.073372789115647,0.9895197278911565,5.08385306122449,2.899408284023669,7.448,1417480.67,1352173.98,65306.689999999944,4.872197265607583,6227.72,0.04396666666666666,2.1543666666666663,6463.099999999999,17.984078090261253,7.17,0.9,223.43999999999997,2.566666666666666,5.059210526315789,73.79912663755458,8000.6799999999985,82733.31999999999,1474.7040000000002,831.4177999999999
971,107,32100,petrol,14.1,106.38,0.18,7.14,0.623,2.31,242184.26,41254.92,200929.34,5258.94,3599.69,1659.25,4-wheeler,4,300,high,4,0.7,0.3,23.92,80.1,0.67,0.33,0.15,mixed,0.09,14240.55,8672.65,106378.33,13248.31,909947.46,1403025.22,209146.9,1.85,79.01,61.2,1152112.83,8296.25,5778.0,2276.595744680851,7.544680996884735,1.2852,6.259480996884736,7.588652482269504,19.26,2192071.51,1533036.43,659035.0799999998,46.972432897535505,16744.111666666668,0.051690031152647975,5.530833333333334,16592.5,46.1699208913153,7.800000000000001,0.9,577.7999999999998,4.975000000000001,4.45,61.572052401746724,5567.9,206497.24,3813.48,3275.7179
972,55,16500,diesel,17.3,95.92,0.185,7.36,0.595,2.68,91484.39,22466.4,69017.99,2556.07,1816.24,739.83,fleet/commercial,8,300,medium,3,0.39,0.61,42.19,75.5,0.34,0.66,0.46,fast-dominant,0.2,27483.73,18415.85,183192.17,27973.93,1897390.42,2930695.72,83680.66,10.16,35.23,41.4,601595.47,3699.15,3052.5,953.757225433526,5.5445084848484845,1.3616000000000001,4.182908484848484,3.1791907514450863,10.175,2492231.02,2923940.87,-431709.8500000001,-14.73062682877225,5751.499166666667,0.04483818181818182,2.4661,7398.3,20.586344778075517,8.68,0.9,305.24999999999994,3.0625,4.081081081081082,75.54585152838429,9067.880000000001,78085.87000000001,4029.3,1452.9920000000002
973,95,28500,diesel,18.0,90.01,0.122,7.7,0.626,2.68,142515.83,26772.9,115742.93,4243.33,2176.6,2066.73,4-wheeler,5,300,high,4,0.47,0.53,49.37,90.9,0.67,0.33,0.1,mixed,0.15,15549.92,9598.75,104772.14,12822.85,898393.88,1339264.41,124258.67,2.7,98.42,68.3,726065.49,10333.65,3477.0,1583.3333333333333,5.000555438596491,0.9394,4.061155438596491,5.277777777777778,11.59,1688722.63,1403527.67,285194.95999999996,21.294895755499095,9645.244166666665,0.07251684210526316,6.8891,20667.3,57.50836860250599,8.360000000000001,0.9,347.69999999999993,1.819999999999999,7.450819672131148,78.60262008733625,5951.17,121694.09999999999,2294.82,1850.11
974,50,15000,petrol,13.3,104.04,0.169,6.99,0.638,2.31,117338.35,17719.65,99618.7,2605.26,1617.33,987.93,2-wheeler,6,300,medium,4,0.51,0.49,3.56,80.8,0.77,0.23,0.0,home/slow-dominant,0.36,8648.73,5333.16,17750.15,4355.77,96518.52,181416.58,103805.42,0.65,47.04,54.3,536777.25,4939.65,2535.0,1127.8195488721803,7.822556666666667,1.18131,6.641246666666667,3.759398496240601,8.45,726453.92,274574.70999999996,451879.2100000001,249.08374416494902,8301.558333333332,0.06586199999999999,3.2931,9879.3,27.489920112193534,7.45,0.9,253.49999999999994,3.2000000000000006,4.781065088757396,58.07860262008734,3315.5699999999997,102934.26999999999,1166.1000000000001,1035.0912
975,29,8700,petrol,16.8,103.37,0.167,8.94,0.703,2.31,53530.89,12988.93,40541.96,1196.25,1021.39,174.86,2-wheeler,8,300,medium,3,0.08,0.92,2.9,80.2,0.78,0.22,0.03,home/slow-dominant,0.33,10559.71,6019.81,24878.12,4670.36,147135.93,233816.42,46015.93,1.34,8.33,21.2,254957.77,874.3,1452.9,517.8571428571429,6.152975862068965,1.492980459770115,4.659995402298851,1.7261904761904763,4.843,467588.93,299311.64,168277.28999999998,71.96983428281041,3378.4966666666664,0.020098850574712647,0.5828666666666668,1748.6000000000001,4.865615408802407,9.38,0.9,145.28999999999996,2.4749999999999996,4.802395209580839,73.36244541484717,4539.899999999999,45081.86,639.2760000000001,684.3312999999999
976,114,34200,petrol,17.3,100.36,0.141,8.79,0.569,2.31,198399.54,42387.14,156012.4,4566.59,2743.83,1822.76,4-wheeler,9,300,high,4,0.66,0.34,29.24,79.4,0.56,0.44,0.23,mixed,0.23,18989.14,10769.95,95819.32,12976.4,866011.85,1338551.84,166826.87,2.26,86.8,68.5,929953.67,9113.8,4822.2,1976.878612716763,5.801156140350877,1.239390058479532,4.561766081871346,6.589595375722543,16.073999999999998,1952955.25,1495541.57,457413.67999999993,34.172279797545976,13001.033333333333,0.053297076023391815,6.075866666666666,18227.6,50.71971372840372,9.669999999999998,0.9,482.21999999999986,2.2888888888888883,5.631205673758866,75.54585152838429,8219.189999999999,164231.59,4243.536,2112.7491
977,92,27600,petrol,12.2,100.77,0.139,6.04,0.759,2.31,227971.48,23171.86,204799.62,5225.9,2911.83,2314.07,4-wheeler,10,300,high,4,0.5,0.5,47.46,76.9,0.71,0.29,0.1,home/slow-dominant,0.41,19660.0,10890.75,102365.67,14427.94,890346.1,1397057.49,216454.46,1.87,110.19,77.8,1184637.97,11570.35,3836.4000000000005,2262.2950819672133,8.259836231884059,0.8395601449275363,7.420276086956522,7.540983606557377,12.788000000000002,2128503.5,1450576.9300000002,677926.5699999998,48.525316592375866,17066.635,0.08384311594202899,7.713566666666667,23140.7,64.39079634591893,6.619999999999999,0.9,383.64,2.3099999999999996,5.532374100719424,53.275109170305676,8769.25,213568.87,2225.112,1717.9797
978,32,9600,petrol,16.9,99.81,0.185,6.24,0.754,2.31,56696.8,11082.24,45614.56,1312.19,1339.1,-26.91,2-wheeler,9,300,medium,2,0.22,0.78,2.0,74.6,0.97,0.03,0.01,home/slow-dominant,0.15,11620.0,6913.94,11371.25,3684.62,125529.35,176761.38,51057.54,0.78,-1.28,7.6,266658.95,-134.55,1776.0,568.0473372781065,5.905916666666667,1.1543999999999999,4.751516666666667,1.893491124260355,5.92,467113.35,251686.41000000003,215426.93999999994,121.87443886215412,3801.213333333333,-0.002803125,-0.0897,-269.1,-0.7487916656232,6.300000000000001,0.9,177.59999999999997,2.822222222222223,4.032432432432432,73.79912663755458,4706.06,50320.619999999995,106.56,1138.235
979,42,12600,diesel,16.7,92.21,0.142,8.8,0.633,2.68,69571.62,15744.96,53826.66,2022.04,1132.56,889.48,4-wheeler,10,300,medium,3,0.54,0.46,52.62,76.0,0.59,0.41,0.07,mixed,0.17,19038.6,11685.82,97396.78,12646.6,904386.61,1394055.81,63708.76,6.16,42.36,46.0,415940.58,4447.4,1789.1999999999998,754.491017964072,5.521557142857143,1.2495999999999998,4.271957142857143,2.51497005988024,5.9639999999999995,1347437.71,1421166.3299999998,-73728.61999999988,-5.28878538944577,4485.555,0.07059365079365079,2.964933333333333,8894.8,24.75047234256871,9.620000000000001,0.9,178.91999999999993,2.4,5.352112676056339,72.92576419213974,7352.779999999999,61179.44,1467.1439999999998,940.0247999999999
980,37,11100,petrol,17.1,105.04,0.14,6.22,0.605,2.31,68183.86,9665.88,58517.98,1499.47,940.17,559.3,4-wheeler,9,300,medium,2,0.38,0.62,25.01,72.8,0.88,0.12,0.05,home/slow-dominant,0.35,17853.42,11200.94,100745.58,11431.29,894286.93,1353574.67,67456.72,5.32,26.63,39.6,438029.18,2796.5,1554.0000000000002,649.1228070175438,6.14269009009009,0.8707999999999999,5.27189009009009,2.1637426900584793,5.180000000000001,1324473.33,1345731.9,-21258.569999999832,-1.5705502231361814,4876.498333333334,0.050387387387387385,1.8643333333333332,5593.0,15.562957212302331,6.46,0.9,155.39999999999998,3.0222222222222226,5.199999999999999,74.67248908296943,6652.479999999998,65170.46,372.96000000000004,611.1105
981,12,3600,petrol,16.4,106.77,0.184,8.16,0.707,2.31,23437.32,5405.18,18032.14,507.07,468.32,38.75,2-wheeler,10,300,low,2,0.3,0.7,2.67,70.0,0.92,0.08,0.0,home/slow-dominant,0.5,12625.94,6363.09,12333.1,3073.65,105803.06,209515.22,24909.72,3.67,1.85,19.8,136881.7,193.75,662.4,219.51219512195124,6.510366666666666,1.501438888888889,5.008927777777777,0.7317073170731708,2.2079999999999997,286119.36,252949.82,33169.53999999998,15.831565840419604,1502.6783333333333,0.010763888888888889,0.12916666666666668,387.5,1.0782488681865106,8.32,0.9,66.23999999999998,3.0,3.8043478260869565,71.61572052401746,6262.85,24294.989999999998,105.984,234.16
982,80,24000,petrol,14.4,105.2,0.115,6.15,0.609,2.31,175333.33,16974.0,158359.33,3850.0,1680.84,2169.16,fleet/commercial,10,300,high,4,0.37,0.63,59.31,81.0,0.4,0.6,0.37,fast-dominant,0.09,30341.87,17750.35,189455.31,26935.75,1793267.66,2790853.88,176338.0,4.58,103.29,67.4,1071145.31,10845.8,2760.0,1666.6666666666665,7.3055554166666665,0.70725,6.598305416666666,5.555555555555555,9.2,2821643.6599999997,2748084.57,73559.08999999985,2.6357198607617485,13196.610833333332,0.09038166666666667,7.230533333333333,21691.6,60.35856296556004,7.35,0.9,275.99999999999994,1.9,7.043478260869565,62.882096069869,12591.52,170950.84999999998,3312.0,1529.5644
983,109,32700,petrol,13.8,100.71,0.153,7.54,0.557,2.31,238638.91,37723.37,200915.54,5473.7,2786.73,2686.97,4-wheeler,9,300,high,4,0.63,0.37,40.42,74.6,0.78,0.22,0.08,home/slow-dominant,0.42,18166.81,11178.19,109201.85,14685.15,871127.91,1378738.63,210841.19,1.89,127.95,80.9,1163407.8,13434.85,5003.099999999999,2369.565217391304,7.297825993883792,1.153619877675841,6.14420611620795,7.89855072463768,16.677,2155156.5100000002,1499359.43,655797.0800000003,47.565003672958696,16742.961666666666,0.0821703363914373,8.956566666666665,26869.699999999997,74.7670286800286,7.98,0.9,500.30999999999983,2.822222222222223,4.875816993464053,60.26200873362446,6988.620000000001,207904.16,2201.3639999999996,1616.3034000000002
984,106,31800,petrol,12.5,103.48,0.149,8.69,0.694,2.31,263253.12,41174.96,222078.16,5876.64,3288.31,2588.33,2-wheeler,7,300,high,4,0.68,0.32,3.24,80.7,0.94,0.06,0.01,home/slow-dominant,0.3,9527.02,5902.58,15041.64,2506.72,101142.03,145858.05,226203.94,0.13,123.25,77.0,1146061.34,12941.65,4738.2,2544.0,8.2784,1.2948100628930816,6.983589937106918,8.48,15.793999999999999,1465042.7300000002,363697.39,1101345.3400000003,755.0802578260168,18506.513333333332,0.08139402515723271,8.627766666666666,25883.3,72.0222940127275,8.809999999999999,0.9,473.8199999999999,2.7571428571428567,5.4161073825503365,54.58515283842795,3624.4400000000005,225702.6,568.584,2301.817
985,92,27600,petrol,18.0,105.18,0.185,6.71,0.698,2.31,161276.0,34261.26,127014.74,3542.0,3563.99,-21.99,4-wheeler,6,300,high,4,0.58,0.42,34.19,76.9,0.59,0.41,0.2,mixed,0.12,16496.57,10924.96,104596.22,12420.94,904459.96,1395913.83,135070.54,2.86,-1.05,6.8,779948.92,-109.95,5106.0,1533.3333333333333,5.843333333333334,1.2413500000000002,4.601983333333333,5.111111111111111,17.02,1793322.81,1504827.7700000003,288495.0399999998,20.667109516351722,10584.561666666666,-0.0007967391304347825,-0.07329999999999999,-219.89999999999998,-0.6118888415850675,7.529999999999999,0.9,510.5999999999999,3.849999999999999,4.1567567567567565,78.60262008733625,5571.610000000001,132586.35,4186.92,3136.3111999999996
986,28,8400,diesel,21.0,92.98,0.175,6.28,0.613,2.68,37192.0,9231.6,27960.4,1072.0,901.11,170.89,2-wheeler,3,300,medium,2,0.28,0.72,5.37,90.4,0.87,0.13,0.02,home/slow-dominant,0.45,6829.98,4164.8,18006.3,2115.84,87851.72,130224.97,31048.75,0.78,8.14,24.5,173250.05,854.45,1470.0,400.0,4.427619047619047,1.099,3.328619047619047,1.3333333333333333,4.9,307961.62,177084.83000000002,130876.78999999998,100.50053380699569,2330.0333333333333,0.020344047619047616,0.5696333333333333,1708.8999999999999,4.75514707314562,6.540000000000001,0.9,146.99999999999997,3.199999999999998,5.165714285714286,91.70305676855895,2665.1799999999994,30625.58,382.2,495.61050000000006
987,91,27300,petrol,18.2,103.66,0.188,7.79,0.715,2.31,155490.0,39981.4,115508.6,3465.0,3669.67,-204.67,4-wheeler,10,300,high,4,0.4,0.6,46.38,73.2,0.79,0.21,0.03,home/slow-dominant,0.12,19882.78,12512.0,107233.8,13762.89,909911.95,1367516.76,125631.96,2.79,-9.75,4.5,735393.6,-1023.35,5132.4,1500.0,5.695604395604396,1.4645201465201465,4.231084249084249,5.0,17.108,1786775.85,1508987.07,277788.78,20.31337297833191,9625.716666666667,-0.007497069597069596,-0.6822333333333332,-2046.6999999999998,-5.695101828431822,8.21,0.9,513.2399999999999,2.6799999999999997,3.8936170212765955,79.47598253275109,7370.779999999999,122879.38,2155.6079999999997,3229.3096
988,102,30600,petrol,12.6,104.63,0.154,7.38,0.674,2.31,254101.43,34777.51,219323.92,5610.0,3176.16,2433.84,4-wheeler,9,300,high,4,0.52,0.48,22.89,74.4,0.76,0.24,0.12,home/slow-dominant,0.29,17649.85,12082.36,104411.68,14840.75,880785.66,1358597.19,227859.56,1.64,115.9,75.2,1243709.48,12169.2,4712.4,2428.5714285714284,8.303968300653594,1.136519934640523,7.167448366013071,8.095238095238095,15.707999999999998,2239542.06,1473644.11,765897.95,56.374174452694106,18276.993333333336,0.07953725490196079,8.1128,24338.4,67.72348968637567,7.859999999999999,0.9,471.23999999999984,2.8444444444444437,4.831168831168832,55.02183406113538,5567.489999999998,224891.41,2261.9519999999998,2255.0735999999997
989,95,28500,petrol,13.3,101.45,0.162,7.82,0.767,2.31,217392.86,36104.94,181287.92,4950.0,3541.24,1408.76,4-wheeler,10,300,high,5,0.56,0.44,38.35,73.3,0.84,0.16,0.05,home/slow-dominant,0.11,20031.54,11878.56,95003.79,13563.81,901419.93,1409385.11,192153.66,2.15,67.08,57.6,1055772.09,7043.8,4617.0,2142.8571428571427,7.627819649122807,1.2668400000000002,6.360979649122807,7.142857142857142,15.39,2088541.9300000002,1540735.01,547806.9200000002,38.86850486166979,15107.326666666668,0.04943017543859649,4.695866666666666,14087.6,39.199841949585256,8.14,0.9,461.6999999999999,2.6700000000000004,4.5246913580246915,58.07860262008734,8152.980000000001,189440.90000000002,1477.44,3151.7036
990,46,13800,petrol,12.9,101.02,0.11,6.73,0.756,2.31,108067.91,10216.14,97851.77,2471.16,1147.61,1323.55,4-wheeler,11,300,medium,4,0.28,0.72,55.25,75.6,0.58,0.42,0.09,mixed,0.17,19198.73,11621.07,106447.62,13468.31,879771.35,1320737.86,108123.09,3.09,63.03,57.5,647063.07,6617.75,1518.0,1069.7674418604652,7.831007971014493,0.7403,7.090707971014494,3.565891472868217,5.06,1516104.5499999998,1310007.98,206096.56999999983,15.604653750139322,8154.314166666667,0.09590942028985507,4.411833333333333,13235.5,36.82880747066468,7.57,0.9,151.79999999999995,2.2181818181818187,6.872727272727272,56.33187772925765,7577.66,105429.43000000001,1275.12,952.5162999999999
991,46,13800,petrol,16.3,105.97,0.124,7.05,0.562,2.31,89716.93,12063.96,77652.97,1955.71,961.69,994.02,4-wheeler,8,300,medium,4,0.26,0.74,33.46,83.1,0.79,0.21,0.1,home/slow-dominant,0.34,17923.89,11121.87,106202.72,13213.96,900984.64,1381004.71,87097.78,4.29,47.33,54.2,541691.62,4970.1,1711.2,846.6257668711656,6.5012268115942025,0.8742,5.627026811594202,2.8220858895705523,5.704,1439188.74,1377517.18,61671.560000000056,4.465702365345304,6471.080833333333,0.07203043478260869,3.3134,9940.2,27.65937909560659,7.47,0.9,171.11999999999998,2.1125000000000007,6.701612903225806,71.17903930131006,6802.019999999999,84454.99,718.704,634.7153999999999
992,59,17700,petrol,14.4,106.53,0.115,6.14,0.58,2.31,130943.13,12497.97,118445.16,2839.38,1180.59,1658.79,4-wheeler,12,300,high,4,0.32,0.68,25.59,75.2,0.74,0.26,0.08,home/slow-dominant,0.3,21786.41,11981.94,102645.84,11353.82,904868.32,1389466.84,130520.39,2.93,78.99,67.4,755247.79,8293.95,2035.5,1229.1666666666667,7.397916949152543,0.7061,6.6918169491525425,4.097222222222222,6.785,1668516.02,1397866.73,270649.29000000004,19.4786433334386,9870.43,0.09371694915254238,5.5293,16587.9,46.15712103378328,6.66,0.9,203.54999999999995,2.0666666666666664,6.539130434782608,62.882096069869,9804.47,128249.63,1058.46,826.4129999999999
993,32,9600,diesel,20.7,97.93,0.141,6.09,0.595,2.68,45416.81,8243.42,37173.39,1242.9,805.39,437.51,4-wheeler,3,300,medium,3,0.53,0.47,50.82,92.5,0.68,0.32,0.15,mixed,0.22,14132.92,8052.53,108543.78,13918.02,887066.84,1333303.18,46037.38,7.34,20.83,30.5,338730.68,2187.55,1353.6,463.768115942029,4.730917708333333,0.8586895833333333,3.872228125,1.5458937198067633,4.512,1184815.49,1292321.13,-107505.6399999999,-8.063105347127419,3097.7825,0.04557395833333333,1.4583666666666666,4375.1,12.174055801813683,6.73,0.9,135.35999999999996,2.5,6.560283687943263,90.39301310043668,6080.39,43253.78,866.304,628.2042
994,59,17700,petrol,19.2,102.94,0.142,8.41,0.646,2.31,94897.81,21137.69,73760.12,2129.53,1623.66,505.87,4-wheeler,6,300,high,4,0.32,0.68,45.03,84.8,0.67,0.33,0.07,mixed,0.23,15657.82,9433.21,108626.69,13408.2,890886.37,1361306.02,82666.37,4.38,24.09,33.9,521958.54,2529.35,2513.3999999999996,921.875,5.361458192090395,1.1942197740112994,4.167238418079096,3.0729166666666665,8.377999999999998,1443664.52,1392125.6300000001,51538.8899999999,3.7859885464988903,6146.676666666666,0.028580225988700567,1.6862333333333333,5058.7,14.076225934180906,9.07,0.9,251.33999999999992,2.5333333333333337,5.971830985915493,83.84279475982534,6224.610000000001,79984.73,1658.8439999999998,1250.2182
995,100,30000,petrol,19.9,106.19,0.169,6.72,0.714,2.31,160085.43,34070.4,126015.03,3482.41,3619.98,-137.57,4-wheeler,4,300,high,4,0.41,0.59,43.67,91.2,0.77,0.23,0.02,home/slow-dominant,0.17,16164.08,8863.97,102858.68,13645.91,861351.93,1312030.95,136044.32,2.56,-6.55,6.6,783080.28,-687.85,5070.0,1507.5376884422112,5.336181,1.13568,4.200501,5.025125628140704,16.9,1742599.48,1410198.2100000002,332401.2699999998,25.33486500451836,10501.2525,-0.004585666666666667,-0.4585666666666666,-1375.6999999999998,-3.827992175391439,7.18,0.9,506.9999999999999,2.1999999999999993,5.396449704142012,86.8995633187773,7300.110000000001,133315.14,2332.2000000000003,3004.5834
996,26,7800,petrol,18.1,101.03,0.143,7.96,0.581,2.31,43537.79,8878.58,34659.21,995.47,648.05,347.42,2-wheeler,4,300,medium,2,0.19,0.81,2.19,86.4,0.95,0.05,0.0,home/slow-dominant,0.33,8434.29,3794.92,19119.82,5095.24,91014.29,132732.6,40317.63,0.56,16.54,30.2,220707.97,1737.1,1115.3999999999999,430.93922651933696,5.581767948717949,1.1382794871794872,4.443488461538461,1.43646408839779,3.7179999999999995,350874.69,171885.04,178989.65,134.84980328871728,2888.2675,0.04454102564102564,1.1580666666666668,3474.2000000000003,9.66723152994471,8.059999999999999,0.9,111.53999999999996,3.3999999999999986,6.041958041958043,79.03930131004367,4639.370000000001,39298.58,111.53999999999999,434.1934999999999
997,111,33300,diesel,21.3,92.09,0.173,7.3,0.564,2.68,143971.69,42054.57,101917.12,4189.86,3249.15,940.71,fleet/commercial,3,300,high,5,0.42,0.58,47.02,83.6,0.35,0.65,0.5,fast-dominant,0.22,24901.15,15316.65,189947.83,27135.84,1839154.02,2916467.7,116928.79,7.59,44.8,49.0,774591.78,4703.55,5760.9,1563.3802816901407,4.323474174174175,1.2629,3.0605741741741745,5.211267605633802,19.203,2683518.2199999997,2986240.1300000004,-302721.9100000006,-10.379744990832595,8493.093333333332,0.02824954954954955,3.1357,9407.1,26.175986910754386,8.600000000000001,0.9,576.0899999999998,5.466666666666669,4.832369942196532,93.01310043668123,9584.500000000002,111501.62,7489.17,2534.337
998,41,12300,petrol,13.6,100.12,0.166,7.84,0.661,2.31,90549.71,16007.71,74542.0,2089.19,1349.63,739.56,2-wheeler,9,300,medium,4,0.51,0.49,4.18,73.9,0.94,0.06,0.0,home/slow-dominant,0.53,11037.63,6380.08,14482.3,4623.66,107619.52,197812.16,80124.28,0.94,35.22,51.2,415103.7,3697.8,2041.8000000000002,904.4117647058824,7.361765040650407,1.301439837398374,6.060325203252033,3.0147058823529416,6.806000000000001,615556.2200000001,290645.15,324911.07000000007,164.2523240229519,6211.833333333333,0.06012682926829268,2.4652,7395.599999999999,20.57883181821976,7.959999999999999,0.9,204.17999999999998,2.8999999999999995,4.451807228915663,59.388646288209614,4657.549999999999,79199.55,245.01600000000002,634.3261
999,86,25800,petrol,19.7,101.19,0.179,7.73,0.602,2.31,132522.94,35698.69,96824.25,3025.28,2780.16,245.12,fleet/commercial,5,300,high,4,0.54,0.46,50.39,78.8,0.31,0.69,0.44,fast-dominant,0.06,24991.23,17408.25,179869.26,27708.74,1798653.34,2812784.09,109948.98,7.59,11.67,16.3,729614.16,1225.6,4618.2,1309.6446700507615,5.136548062015504,1.3836701550387598,3.752877906976744,4.365482233502538,15.394,2586224.1900000004,2870740.79,-284516.5999999996,-10.115124051345143,8068.6875,0.009500775193798449,0.8170666666666667,2451.2,6.820654517932323,9.11,0.9,461.8199999999999,4.24,4.402234636871508,86.02620087336244,7582.98,104407.23,6373.115999999999,2613.3504
1000,85,25500,diesel,18.0,89.74,0.149,8.2,0.707,2.68,127131.67,31155.9,95975.77,3796.67,2686.25,1110.42,4-wheeler,5,300,high,3,0.56,0.44,41.15,82.5,0.59,0.41,0.12,mixed,0.07,16809.39,9737.88,97741.61,14959.74,871141.84,1399158.06,106039.23,4.06,52.88,49.3,627937.76,5552.1,3799.5,1416.6666666666667,4.98555568627451,1.2218,3.76375568627451,4.722222222222222,12.665,1590847.1400000001,1490925.6099999999,99921.53000000026,7.1415469671811245,7997.980833333334,0.04354588235294118,3.7014,11104.2,30.89829956675265,9.02,0.9,379.94999999999993,3.5,5.5369127516778525,78.60262008733625,7071.51,103047.28,3115.5899999999997,2498.2124999999996
