id,distance_km_per_day,annual_distance_km,fuel_type,fuel_vehicle_mileage_kmpl,fuel_price_per_liter,ev_efficiency_kwh_per_km,electricity_price_per_kwh,grid_emission_factor,fuel_emission_factor,fuel_cost_rs_per_year,ev_cost_rs_per_year,cost_savings_rs_per_year,fuel_emissions_kg_per_year,ev_emissions_kg_per_year,carbon_reduction_kg_per_year,vehicle_type,vehicle_age_years,trip_days_per_year,city_traffic_level,ac_usage_level,highway_ratio,urban_ratio,battery_capacity_kwh,battery_health_percent,home_charging_ratio,public_charging_ratio,fast_charging_ratio,charging_type,renewable_energy_usage_ratio,annual_maintenance_cost_fuel_rs,annual_maintenance_cost_ev_rs,subsidy_amount_rs,road_tax_savings_rs,vehicle_purchase_cost_fuel_rs,vehicle_purchase_cost_ev_rs,total_savings_including_maintenance_rs_per_year,payback_period_years,trees_saved_equivalent,environmental_benefit_score,cost_savings_5yr_rs,carbon_reduction_5yr_kg
1,99,29700,petrol,18.9,107.63,0.14,8.1,0.572,2.31,169132.86,33679.8,135453.06,3630.0,2378.38,1251.62,4-wheeler,6,300,high,5,0.49,0.51,54.97,80.9,0.65,0.35,0.08,mixed,0.1,17540.46,10106.76,108175.03,14583.47,878596.2,1328395.55,145803.45,2.34,59.6,54.0,837192.28,6258.1
2,87,26100,petrol,12.2,102.89,0.14,8.56,0.676,2.31,220117.13,31278.24,188838.89,4941.89,2470.1,2471.79,fleet/commercial,7,300,high,4,0.63,0.37,61.61,82.9,0.26,0.74,0.28,mixed,0.04,27314.2,17868.77,177938.08,26977.95,1860756.43,2916152.68,203679.91,4.31,117.7,68.2,1196337.63,12358.95
3,65,19500,diesel,17.5,89.52,0.119,6.37,0.585,2.68,99750.86,14781.59,84969.27,2986.29,1357.49,1628.8,4-wheeler,7,300,high,4,0.67,0.33,58.73,84.0,0.85,0.15,0.08,home/slow-dominant,0.36,17340.81,9997.35,97504.61,11422.57,837079.4,1282199.27,94597.24,3.67,77.56,68.5,570490.81,8144.0
4,116,34800,petrol,16.5,105.95,0.158,7.52,0.682,2.31,223458.18,41347.97,182110.21,4872.0,3749.91,1122.09,4-wheeler,9,300,high,3,0.42,0.58,39.18,76.0,0.57,0.43,0.22,mixed,0.17,19423.72,11086.46,103633.66,14927.07,840036.83,1345830.05,193432.88,2.08,53.43,52.6,1070798.06,5610.45
5,16,4800,petrol,17.2,100.68,0.115,6.5,0.613,2.31,28096.74,3588.0,24508.74,644.65,338.38,306.27,2-wheeler,8,300,low,2,0.12,0.88,2.5,83.0,0.91,0.09,0.01,home/slow-dominant,0.11,10055.25,6426.86,16949.93,4423.85,117587.5,175788.31,29021.9,1.42,14.58,20.9,162059.43,1531.35
6,89,26700,petrol,12.9,106.7,0.157,8.8,0.706,2.31,220844.19,36888.72,183955.47,4781.16,2959.48,1821.68,4-wheeler,11,300,high,4,0.66,0.34,36.8,70.0,0.61,0.39,0.2,mixed,0.24,20206.58,12384.93,104902.59,14402.09,842921.28,1348822.9,194657.54,2.06,86.75,68.7,1078190.29,9108.4
7,89,26700,petrol,16.1,104.82,0.168,6.99,0.703,2.31,173831.93,31354.34,142477.59,3830.87,3153.38,677.49,2-wheeler,9,300,high,4,0.49,0.51,5.33,74.3,0.83,0.17,0.02,home/slow-dominant,0.26,12374.79,5860.11,21919.4,1692.6,104076.49,152955.65,149330.79,0.18,32.26,40.8,768573.35,3387.45
8,26,7800,petrol,19.6,106.03,0.114,7.77,0.635,2.31,42195.61,6909.08,35286.53,919.29,564.64,354.65,4-wheeler,6,300,medium,3,0.06,0.94,34.15,85.1,0.57,0.43,0.2,mixed,0.09,16913.16,9396.48,106269.61,13019.84,883923.94,1374234.92,45407.18,8.46,16.89,23.5,333305.51,1773.25
9,87,26100,petrol,12.6,107.94,0.163,6.89,0.757,2.31,223590.0,29312.13,194277.87,4785.0,3220.51,1564.49,4-wheeler,10,300,high,3,0.69,0.31,54.99,75.6,0.64,0.36,0.1,mixed,0.35,18668.99,11691.11,109133.92,13794.39,862180.8,1359914.67,204014.63,1.9,74.5,66.9,1129207.07,7822.45
10,56,16800,diesel,20.4,89.37,0.187,7.81,0.569,2.68,73598.82,24535.9,49062.92,2207.06,1787.57,419.49,4-wheeler,2,300,high,3,0.3,0.7,55.49,84.8,0.82,0.18,0.1,home/slow-dominant,0.49,12619.74,7727.95,100973.85,13171.79,855341.61,1366876.34,56589.07,7.26,19.98,37.7,383919.2,2097.45
11,21,6300,petrol,19.9,105.58,0.156,6.92,0.709,2.31,33424.82,6800.98,26623.84,731.31,696.81,34.5,2-wheeler,6,300,low,2,0.17,0.83,3.23,82.1,0.95,0.05,0.01,home/slow-dominant,0.49,8290.24,4935.05,13095.8,4166.59,97198.92,136494.31,30812.35,0.85,1.64,19.4,167157.55,172.5
12,85,25500,petrol,12.3,99.02,0.182,8.93,0.579,2.31,205285.37,41444.13,163841.24,4789.02,2687.14,2101.88,fleet/commercial,10,300,high,3,0.38,0.62,44.16,70.0,0.24,0.76,0.31,mixed,0.13,30140.11,18870.31,183263.69,27271.5,1914102.5,2952759.83,180565.34,4.74,100.09,68.2,1086090.39,10509.4
13,108,32400,diesel,22.1,96.97,0.137,8.15,0.665,2.68,142164.16,36176.22,105987.94,3929.05,2951.8,977.25,fleet/commercial,5,300,high,3,0.48,0.52,76.23,88.1,0.34,0.66,0.51,fast-dominant,0.07,25258.9,16791.94,176661.15,25497.35,1815135.43,2729547.04,119554.37,6.17,46.54,45.3,774433.0,4886.25
14,99,29700,diesel,18.1,92.06,0.186,6.26,0.558,2.68,151059.78,34581.49,116478.29,4397.57,3082.5,1315.07,4-wheeler,4,300,high,4,0.63,0.37,33.84,82.6,0.71,0.29,0.07,home/slow-dominant,0.17,13851.33,9037.91,99332.77,14394.67,897879.93,1407773.8,124170.64,3.31,62.62,57.4,720185.97,6575.35
15,118,35400,petrol,20.4,102.64,0.165,7.73,0.61,2.31,178110.59,45150.93,132959.66,4008.53,3563.01,445.52,4-wheeler,3,300,high,5,0.5,0.5,51.75,87.0,0.86,0.14,0.02,home/slow-dominant,0.18,15316.02,9472.08,98118.32,11651.66,859544.3,1358782.07,141133.93,2.84,21.22,29.5,803787.97,2227.6
16,112,33600,petrol,14.9,102.12,0.125,6.53,0.74,2.31,230284.03,27426.0,202858.03,5209.13,3108.0,2101.13,4-wheeler,10,300,high,4,0.7,0.3,38.82,79.1,0.82,0.18,0.09,home/slow-dominant,0.43,18707.31,11034.23,100948.46,12083.54,844312.01,1329946.3,212947.82,1.81,100.05,77.1,1165687.56,10505.65
17,16,4800,petrol,18.0,107.63,0.128,6.56,0.6,2.31,28701.33,4030.46,24670.87,616.0,368.64,247.36,2-wheeler,6,300,low,2,0.24,0.76,3.7,85.9,0.87,0.13,0.02,home/slow-dominant,0.54,7822.94,4950.58,11668.25,1673.38,81404.77,141648.94,27877.91,1.74,11.78,30.8,151057.8,1236.8
18,59,17700,petrol,14.0,103.12,0.115,6.08,0.676,2.31,130373.14,12375.84,117997.3,2920.5,1376.0,1544.5,4-wheeler,10,300,high,4,0.41,0.59,51.56,79.6,0.78,0.22,0.04,home/slow-dominant,0.39,18869.12,10863.52,95477.63,12457.71,840613.21,1323376.46,128494.44,3.01,73.55,68.0,737949.83,7722.5
19,75,22500,petrol,20.0,103.53,0.15,6.33,0.629,2.31,116471.25,21363.75,95107.5,2598.75,2122.88,475.87,4-wheeler,5,300,high,5,0.43,0.57,36.53,83.4,0.85,0.15,0.07,home/slow-dominant,0.5,15114.07,9954.18,104851.91,12519.64,866626.12,1346620.78,102771.32,3.65,22.66,40.7,618708.51,2379.35
20,67,20100,petrol,18.9,100.39,0.11,8.1,0.579,2.31,106763.97,17909.1,88854.87,2456.67,1280.17,1176.5,4-wheeler,6,300,high,4,0.47,0.53,38.84,85.2,0.55,0.45,0.17,mixed,0.25,16312.81,10631.61,104153.73,14221.08,838399.85,1310945.32,97380.29,3.78,56.02,56.2,591055.18,5882.5
21,35,10500,petrol,15.4,99.95,0.125,6.35,0.622,2.31,68147.73,8334.38,59813.35,1575.0,816.38,758.62,4-wheeler,10,300,medium,2,0.37,0.63,36.3,77.6,0.69,0.31,0.09,mixed,0.22,20508.94,12130.62,105625.38,13612.52,891736.29,1364938.58,70914.17,5.18,36.12,42.6,460196.23,3793.1
22,79,23700,petrol,17.2,105.23,0.126,6.13,0.612,2.31,144997.15,18305.41,126691.74,3182.97,1827.55,1355.42,4-wheeler,6,300,high,4,0.37,0.63,35.96,85.4,0.87,0.13,0.03,home/slow-dominant,0.29,17410.04,9919.13,104905.8,12746.89,888637.9,1361890.98,136732.03,2.69,64.54,61.9,788565.95,6777.1
23,44,13200,petrol,19.5,106.15,0.149,7.02,0.624,2.31,71855.38,13806.94,58048.44,1563.69,1227.28,336.41,4-wheeler,6,300,medium,2,0.49,0.51,41.99,84.6,0.81,0.19,0.09,home/slow-dominant,0.11,16396.55,9845.59,96714.42,13608.46,866742.96,1357493.25,67321.09,5.85,16.02,22.8,433319.87,1682.05
24,36,10800,petrol,16.3,104.76,0.133,8.01,0.619,2.31,69411.53,11505.56,57905.97,1530.55,889.13,641.42,4-wheeler,7,300,medium,3,0.47,0.53,52.73,82.9,0.74,0.26,0.11,home/slow-dominant,0.09,17036.16,10841.05,99366.18,11211.13,906301.15,1356098.59,66343.31,5.28,30.54,34.7,431082.73,3207.1
25,66,19800,petrol,14.8,107.67,0.17,7.46,0.676,2.31,144045.0,25110.36,118934.64,3090.41,2275.42,814.99,4-wheeler,8,300,high,4,0.6,0.4,35.75,76.8,0.74,0.26,0.09,home/slow-dominant,0.36,18132.02,11657.56,96942.9,11721.09,837468.53,1332184.68,127753.32,3.11,38.81,48.9,735709.5,4074.95
26,65,19500,petrol,16.7,104.18,0.127,8.79,0.697,2.31,121647.31,21768.43,99878.88,2697.31,1726.12,971.19,fleet/commercial,7,300,high,5,0.58,0.42,66.21,80.5,0.29,0.71,0.36,fast-dominant,0.1,26634.29,18207.73,187644.59,26507.79,1941601.02,3039442.88,113607.0,8.01,46.25,46.0,755679.59,4855.95
27,87,26100,diesel,20.7,94.82,0.174,7.91,0.57,2.68,119555.65,35922.47,83633.18,3379.13,2588.6,790.53,4-wheeler,5,300,high,4,0.6,0.4,47.49,86.3,0.73,0.27,0.04,home/slow-dominant,0.29,14675.24,9269.46,106203.55,13565.47,871312.32,1353439.66,91752.05,4.1,37.64,45.9,564963.8,3952.65
28,93,27900,diesel,16.1,97.87,0.159,8.19,0.669,2.68,169600.81,36331.66,133269.15,4644.22,2967.75,1676.47,4-wheeler,7,300,high,4,0.35,0.65,32.24,79.6,0.78,0.22,0.07,home/slow-dominant,0.32,18304.14,11255.47,98022.91,14096.54,883372.28,1373379.41,143137.13,2.74,79.83,68.3,813708.56,8382.35
29,72,21600,petrol,21.0,102.77,0.115,7.38,0.71,2.31,105706.29,18331.92,87374.37,2376.0,1763.64,612.36,4-wheeler,7,300,high,5,0.43,0.57,32.55,86.6,0.7,0.3,0.06,home/slow-dominant,0.18,16498.08,9569.48,100119.64,12612.0,882556.6,1401216.55,96825.37,4.32,29.16,36.1,584246.49,3061.8
30,24,7200,petrol,19.2,102.22,0.139,8.35,0.711,2.31,38332.5,8356.68,29975.82,866.25,711.57,154.68,2-wheeler,4,300,low,1,0.16,0.84,5.27,87.2,0.91,0.09,0.02,home/slow-dominant,0.33,6776.16,3645.68,24499.22,4390.22,135972.96,205691.93,33984.34,1.33,7.37,19.7,194420.92,773.4
31,49,14700,petrol,19.5,100.9,0.173,6.55,0.619,2.31,76063.08,16657.31,59405.77,1741.38,1574.18,167.2,4-wheeler,5,300,medium,3,0.45,0.55,49.49,83.3,0.85,0.15,0.06,home/slow-dominant,0.31,15683.9,8927.43,103912.39,13735.92,869639.83,1367203.99,68909.42,5.71,7.96,19.9,448459.49,836.0
32,116,34800,petrol,17.3,103.74,0.114,6.54,0.754,2.31,208679.31,25945.49,182733.82,4646.71,2991.27,1655.44,4-wheeler,6,300,high,4,0.35,0.65,43.93,84.9,0.6,0.4,0.2,mixed,0.19,16479.87,9489.78,107017.33,14853.57,869177.97,1350378.11,192694.62,1.94,78.83,63.9,1070490.43,8277.2
33,37,11100,diesel,15.3,95.19,0.161,7.52,0.714,2.68,69059.41,13438.99,55620.42,1944.31,1275.99,668.32,2-wheeler,11,300,medium,3,0.34,0.66,4.27,71.8,0.85,0.15,0.01,home/slow-dominant,0.47,11594.24,7688.7,13968.87,2360.52,81222.94,121888.72,59998.06,0.44,31.82,46.9,313959.17,3341.6
34,73,21900,petrol,15.5,103.78,0.189,8.5,0.574,2.31,146631.1,35182.35,111448.75,3263.81,2375.84,887.97,fleet/commercial,8,300,high,4,0.62,0.38,41.46,73.4,0.31,0.69,0.48,fast-dominant,0.11,27155.09,18694.68,178150.79,26206.72,1865604.75,2928361.98,125150.5,7.07,42.28,44.1,803903.29,4439.85
35,56,16800,diesel,15.2,96.5,0.135,8.27,0.609,2.68,106657.89,18756.36,87901.53,2962.11,1381.21,1580.9,fleet/commercial,10,300,high,5,0.4,0.6,70.91,76.3,0.42,0.58,0.42,fast-dominant,0.18,29207.57,19131.23,186758.75,26407.06,1830989.96,2830745.08,103259.28,7.87,75.28,62.2,703055.15,7904.5
36,98,29400,petrol,16.7,99.46,0.156,7.89,0.679,2.31,175097.25,36186.7,138910.55,4066.71,3114.17,952.54,fleet/commercial,5,300,high,4,0.37,0.63,65.48,86.1,0.25,0.75,0.43,fast-dominant,0.15,26190.95,16654.71,185288.09,27994.59,1841918.74,2753927.58,154045.71,4.72,45.36,47.2,955516.64,4762.7
37,23,6900,petrol,12.1,105.46,0.149,6.23,0.575,2.31,60138.35,6405.06,53733.29,1317.27,591.16,726.11,2-wheeler,10,300,low,2,0.15,0.85,3.91,72.1,0.9,0.1,0.0,home/slow-dominant,0.52,11348.2,6917.35,20214.67,2304.74,151872.39,253793.03,58625.09,1.39,34.58,50.2,313340.12,3630.55
38,67,20100,diesel,20.3,95.13,0.154,7.44,0.769,2.68,94192.76,23029.78,71162.98,2653.6,2380.36,273.24,2-wheeler,6,300,high,4,0.55,0.45,3.26,81.4,0.95,0.05,0.0,home/slow-dominant,0.56,8815.23,5363.93,18289.52,3592.87,85886.93,175667.79,75332.85,0.95,13.01,32.6,394953.77,1366.2
39,20,6000,petrol,14.4,107.3,0.117,7.67,0.624,2.31,44708.33,5384.34,39323.99,962.5,438.05,524.45,4-wheeler,9,300,low,3,0.06,0.94,25.1,81.5,0.7,0.3,0.1,home/slow-dominant,0.17,18887.63,10900.33,103453.68,12384.74,861068.49,1390604.98,49788.24,8.56,24.97,33.2,352394.88,2622.25
40,55,16500,petrol,13.8,106.7,0.143,6.18,0.696,2.31,127576.09,14581.71,112994.38,2761.96,1642.21,1119.75,4-wheeler,11,300,medium,4,0.53,0.47,29.35,77.2,0.87,0.13,0.06,home/slow-dominant,0.1,21182.62,12536.09,106035.46,13103.57,857679.89,1319166.35,124261.62,2.86,53.32,50.5,727343.56,5598.75
41,23,6900,petrol,20.4,104.53,0.13,8.32,0.559,2.31,35355.74,7463.04,27892.7,781.32,501.42,279.9,2-wheeler,4,300,low,3,0.07,0.93,5.33,89.7,0.98,0.02,0.0,home/slow-dominant,0.24,7082.57,4198.5,14050.04,2428.51,122591.79,222753.15,31262.47,2.75,13.33,23.4,170362.39,1399.5
42,48,14400,petrol,12.2,104.54,0.15,8.56,0.734,2.31,123391.48,18489.6,104901.88,2726.56,1585.44,1141.12,4-wheeler,12,300,medium,2,0.54,0.46,37.53,71.2,0.59,0.41,0.11,mixed,0.15,20120.54,12956.49,100291.53,11190.45,849438.92,1353285.16,114304.02,3.53,54.34,52.3,671811.63,5705.6
43,43,12900,petrol,14.5,104.47,0.173,7.88,0.624,2.31,92942.28,17585.8,75356.48,2055.1,1392.58,662.52,2-wheeler,13,300,medium,3,0.23,0.77,3.63,70.0,0.8,0.2,0.0,home/slow-dominant,0.48,14224.25,8107.5,23074.55,3790.26,84605.49,192309.62,82231.28,1.03,31.55,47.1,434230.95,3312.6
44,62,18600,diesel,22.5,95.35,0.143,6.99,0.636,2.68,78822.67,18592.0,60230.67,2215.47,1691.63,523.84,fleet/commercial,3,300,high,3,0.58,0.42,42.64,94.5,0.53,0.47,0.35,fast-dominant,0.24,24842.13,15941.37,179632.98,25343.42,1798377.36,2880365.95,74200.11,12.16,24.94,35.2,550633.53,2619.2
45,66,19800,diesel,17.9,96.5,0.149,6.05,0.737,2.68,106743.02,17848.71,88894.31,2964.47,2174.3,790.17,4-wheeler,6,300,high,4,0.57,0.43,23.43,79.8,0.89,0.11,0.06,home/slow-dominant,0.13,15563.66,9713.22,103194.64,11727.77,871810.54,1352138.74,97090.3,3.88,37.63,41.0,588646.14,3950.85
46,14,4200,petrol,20.1,100.61,0.179,6.23,0.568,2.31,21022.99,4683.71,16339.28,482.69,427.02,55.67,4-wheeler,8,300,low,1,0.13,0.87,49.25,75.5,0.58,0.42,0.21,mixed,0.1,17819.24,10834.84,105539.59,12295.74,907998.03,1437132.61,25782.83,16.43,2.65,8.5,234453.74,278.35
47,12,3600,petrol,17.7,101.26,0.165,7.51,0.671,2.31,20595.25,4460.94,16134.31,469.83,398.57,71.26,2-wheeler,9,300,low,2,0.07,0.93,3.88,71.5,0.75,0.25,0.05,home/slow-dominant,0.14,10092.68,7019.23,24998.87,1697.12,128763.36,165204.1,19547.18,0.59,3.39,10.2,122734.77,356.3
48,107,32100,petrol,20.8,101.18,0.139,7.17,0.58,2.31,156147.98,31991.82,124156.16,3564.95,2587.9,977.05,4-wheeler,4,300,high,4,0.42,0.58,41.33,83.9,0.61,0.39,0.07,mixed,0.27,13880.54,9193.4,101529.37,14801.77,872962.76,1360587.44,131803.65,2.93,46.53,51.2,760547.62,4885.25
49,86,25800,diesel,14.6,90.03,0.145,8.04,0.597,2.68,159094.11,30077.64,129016.47,4735.89,2233.38,2502.51,4-wheeler,8,300,high,3,0.66,0.34,31.24,80.0,0.9,0.1,0.03,home/slow-dominant,0.45,17959.09,11422.74,101421.39,13324.59,873583.48,1364837.75,138217.74,2.82,119.17,80.6,792510.09,12512.55
50,81,24300,petrol,17.0,102.87,0.151,6.07,0.711,2.31,147043.59,22272.65,124770.94,3301.94,2608.87,693.07,4-wheeler,7,300,high,4,0.61,0.39,50.3,81.2,0.61,0.39,0.09,mixed,0.35,16765.67,10144.24,107638.83,14259.07,836404.35,1340414.81,134244.18,2.95,33.0,44.2,778859.73,3465.35
51,57,17100,petrol,14.5,102.83,0.112,8.17,0.57,2.31,121268.48,15647.18,105621.3,2724.21,1091.66,1632.55,fleet/commercial,6,300,high,4,0.41,0.59,48.41,87.2,0.35,0.65,0.34,mixed,0.22,27328.26,16530.93,187082.55,25692.47,1902545.06,2816793.71,121557.12,5.98,77.74,64.4,794868.15,8162.75
52,17,5100,petrol,12.2,101.44,0.178,7.62,0.556,2.31,42405.25,6917.44,35487.81,965.66,504.74,460.92,4-wheeler,8,300,low,2,0.19,0.81,29.22,75.2,0.85,0.15,0.08,home/slow-dominant,0.18,18245.17,11661.98,105966.14,14613.26,877767.96,1368920.46,44993.65,8.56,21.95,30.4,330934.39,2304.6
53,14,4200,petrol,13.1,104.8,0.134,6.81,0.622,2.31,33600.0,3832.67,29767.33,740.61,350.06,390.55,4-wheeler,8,300,low,1,0.28,0.72,39.51,86.9,0.56,0.44,0.23,mixed,0.15,17889.44,10397.99,101948.44,12933.27,886183.78,1333869.57,39845.43,8.68,18.6,26.4,301175.59,1952.75
54,111,33300,petrol,18.7,103.88,0.143,7.08,0.653,2.31,184984.17,33714.25,151269.92,4113.53,3109.52,1004.01,fleet/commercial,5,300,high,4,0.58,0.42,54.31,85.7,0.39,0.61,0.3,mixed,0.09,25529.04,16490.8,179859.09,26295.78,1888373.05,2837330.96,165567.32,4.65,47.81,47.1,1007695.69,5020.05
55,73,21900,diesel,17.2,97.65,0.182,7.33,0.65,2.68,124333.43,29215.91,95117.52,3412.33,2590.77,821.56,4-wheeler,7,300,high,4,0.66,0.34,31.4,78.2,0.65,0.35,0.17,mixed,0.19,17243.39,10272.42,104130.96,12967.18,873025.22,1382624.34,104681.93,3.87,39.12,44.0,627540.61,4107.8
56,95,28500,petrol,17.4,101.4,0.15,7.22,0.773,2.31,166086.21,30865.5,135220.71,3783.62,3304.58,479.04,fleet/commercial,7,300,high,3,0.55,0.45,72.26,79.7,0.49,0.51,0.38,fast-dominant,0.3,26147.05,17107.67,188143.35,26933.11,1901431.58,2816401.21,149646.71,4.86,22.81,35.0,936376.9,2395.2
57,23,6900,petrol,19.2,104.56,0.151,7.31,0.677,2.31,37576.25,7616.29,29959.96,830.16,705.37,124.79,2-wheeler,8,300,low,1,0.07,0.93,4.28,79.3,0.82,0.18,0.01,home/slow-dominant,0.34,11442.7,6084.52,23256.66,3766.62,124338.86,236559.35,36071.46,2.47,5.94,18.2,203613.96,623.95
58,42,12600,petrol,19.0,104.95,0.177,8.34,0.747,2.31,69598.42,18599.87,50998.55,1531.89,1665.96,-134.07,2-wheeler,4,300,medium,3,0.49,0.51,4.89,83.9,0.91,0.09,0.01,home/slow-dominant,0.46,8695.93,3596.75,11627.48,2586.4,91757.71,193519.35,56615.01,1.59,-6.38,15.3,294702.53,-670.35
59,90,27000,petrol,18.9,100.52,0.125,7.05,0.693,2.31,143600.0,23793.75,119806.25,3300.0,2338.88,961.12,2-wheeler,8,300,high,5,0.52,0.48,3.46,81.0,0.91,0.09,0.02,home/slow-dominant,0.34,9735.57,6356.84,16425.25,2082.16,132691.11,227351.4,123601.41,0.63,45.77,53.2,634432.3,4805.6
60,76,22800,petrol,17.4,102.96,0.143,6.02,0.758,2.31,134913.1,19627.61,115285.49,3026.9,2471.38,555.52,4-wheeler,6,300,high,4,0.6,0.4,24.78,87.7,0.63,0.37,0.16,mixed,0.07,15588.92,10161.73,101970.83,13424.5,856146.87,1322056.88,123397.58,2.95,26.45,31.1,718958.73,2777.6
61,50,15000,petrol,14.7,105.52,0.111,8.96,0.751,2.31,107673.47,14918.4,92755.07,2357.14,1250.41,1106.73,4-wheeler,8,300,medium,3,0.48,0.52,32.4,85.8,0.56,0.44,0.09,mixed,0.08,17144.59,10015.2,109664.23,12956.72,902951.46,1375336.34,102475.8,3.54,52.7,49.5,622043.23,5533.65
62,101,30300,petrol,19.8,107.02,0.12,8.88,0.627,2.31,163773.03,32287.68,131485.35,3535.0,2279.77,1255.23,4-wheeler,6,300,high,4,0.42,0.58,59.24,87.1,0.69,0.31,0.08,mixed,0.27,16886.46,10055.43,105169.97,11383.9,839726.15,1333779.86,140593.16,2.77,59.77,59.2,808135.77,6276.15
63,39,11700,petrol,12.3,106.19,0.131,6.52,0.651,2.31,101010.0,9993.2,91016.8,2197.32,997.79,1199.53,4-wheeler,8,300,medium,3,0.49,0.51,44.66,76.5,0.65,0.35,0.09,mixed,0.32,18387.46,11139.21,101108.7,12582.47,844361.33,1356054.99,100781.54,4.07,57.12,59.2,605016.4,5997.65
64,15,4500,petrol,20.4,99.83,0.134,8.15,0.687,2.31,22021.32,4914.45,17106.87,509.56,414.26,95.3,2-wheeler,5,300,low,1,0.22,0.78,4.48,86.6,0.94,0.06,0.0,home/slow-dominant,0.21,9085.02,3915.26,10390.87,3559.11,128130.98,231856.37,22988.45,4.06,4.54,13.2,125333.12,476.5
65,91,27300,petrol,15.2,107.92,0.14,7.34,0.633,2.31,193830.0,28053.48,165776.52,4148.88,2419.33,1729.55,4-wheeler,8,300,high,4,0.43,0.57,22.28,85.4,0.83,0.17,0.05,home/slow-dominant,0.41,18604.38,10167.13,103480.78,14307.57,893862.79,1343953.02,177075.28,1.96,82.36,72.1,988857.18,8647.75
66,71,21300,petrol,17.3,105.81,0.122,7.46,0.616,2.31,130274.74,19385.56,110889.18,2844.1,1600.74,1243.36,4-wheeler,8,300,high,5,0.5,0.5,41.69,81.7,0.71,0.29,0.13,home/slow-dominant,0.39,17879.26,10569.38,96441.14,11304.4,863580.3,1373290.72,120459.94,3.43,59.21,62.2,698740.84,6216.8
67,60,18000,petrol,13.4,107.94,0.158,8.07,0.779,2.31,144994.03,22951.08,122042.95,3102.99,2215.48,887.51,2-wheeler,10,300,high,4,0.34,0.66,2.13,75.6,0.89,0.11,0.01,home/slow-dominant,0.29,12270.85,7038.79,22516.75,2893.98,111300.61,223813.5,127853.81,0.7,42.26,49.4,661785.8,4437.55
68,82,24600,diesel,22.7,92.13,0.177,8.09,0.554,2.68,99841.32,35225.48,64615.84,2904.32,2412.23,492.09,fleet/commercial,8,300,high,5,0.53,0.47,68.46,78.4,0.39,0.61,0.22,mixed,0.2,28451.88,18101.96,186287.78,27290.62,1906397.17,2799652.16,80423.88,8.79,23.43,32.5,588407.18,2460.45
69,33,9900,diesel,22.1,92.03,0.168,8.48,0.652,2.68,41226.11,14103.94,27122.17,1200.54,1084.41,116.13,2-wheeler,3,300,medium,3,0.39,0.61,5.22,88.1,0.94,0.06,0.01,home/slow-dominant,0.3,6780.57,3696.58,16907.64,4093.7,145998.93,180071.36,31024.9,0.55,5.53,16.6,172032.14,580.65
70,58,17400,petrol,15.0,101.67,0.123,6.6,0.677,2.31,117937.2,14125.32,103811.88,2679.6,1448.92,1230.68,fleet/commercial,7,300,high,3,0.41,0.59,88.42,82.6,0.32,0.68,0.39,fast-dominant,0.15,27191.56,17749.46,181438.16,25159.83,1808186.41,2852429.82,118285.95,7.29,58.6,54.6,772867.91,6153.4
71,52,15600,petrol,14.1,101.15,0.128,8.66,0.616,2.31,111910.64,17292.29,94618.35,2555.74,1230.03,1325.71,4-wheeler,8,300,medium,4,0.28,0.72,42.54,76.6,0.65,0.35,0.11,mixed,0.34,18348.23,11382.7,108460.08,14381.34,899872.64,1388144.11,104460.15,3.64,63.13,62.6,630760.83,6628.55
72,71,21300,diesel,20.3,90.12,0.113,6.87,0.625,2.68,94559.41,16535.4,78024.01,2812.02,1504.31,1307.71,4-wheeler,4,300,high,3,0.48,0.52,39.41,93.4,0.64,0.36,0.19,mixed,0.41,15137.94,8918.57,99326.88,12973.17,856678.73,1328297.13,86838.01,4.29,62.27,64.3,533516.93,6538.55
73,59,17700,petrol,17.3,99.35,0.156,8.74,0.563,2.31,101647.11,24132.89,77514.22,2363.41,1554.56,808.85,2-wheeler,6,300,high,4,0.4,0.6,5.31,80.9,0.87,0.13,0.01,home/slow-dominant,0.25,9345.46,5514.18,13735.3,3493.41,105716.7,160117.73,82044.18,0.5,38.52,45.4,423956.2,4044.25
74,116,34800,petrol,13.1,105.08,0.186,8.78,0.718,2.31,279143.82,56831.18,222312.64,6136.49,4647.47,1489.02,fleet/commercial,12,300,high,3,0.58,0.42,73.68,70.0,0.33,0.67,0.44,fast-dominant,0.11,31270.85,19434.82,189087.96,27906.35,1825080.1,2842942.19,239729.94,3.46,70.91,58.8,1387737.66,7445.1
75,113,33900,petrol,15.1,107.85,0.13,8.4,0.736,2.31,242126.82,37018.8,205108.02,5186.03,3243.55,1942.48,4-wheeler,11,300,high,3,0.63,0.37,24.47,72.1,0.7,0.3,0.15,home/slow-dominant,0.13,20776.07,12855.0,107138.69,14788.47,902530.4,1370167.82,215986.78,1.67,92.5,66.6,1187072.59,9712.4
76,110,33000,petrol,14.0,105.47,0.173,7.45,0.647,2.31,248607.86,42532.05,206075.81,5445.0,3693.72,1751.28,4-wheeler,8,300,high,4,0.45,0.55,39.7,75.5,0.58,0.42,0.2,mixed,0.12,18342.73,11208.86,107309.38,12434.13,849002.07,1364474.06,215696.51,1.89,83.39,63.7,1185791.93,8756.4
77,92,27600,petrol,19.8,102.18,0.14,8.83,0.65,2.31,142432.73,34119.12,108313.61,3220.0,2511.6,708.4,fleet/commercial,4,300,high,4,0.59,0.41,52.01,88.9,0.44,0.56,0.34,mixed,0.21,25047.38,16470.78,177927.91,24562.32,1907394.25,2992870.03,121802.67,7.45,33.73,40.4,786941.26,3542.0
78,113,33900,petrol,20.2,104.51,0.148,8.64,0.724,2.31,175390.54,43348.61,132041.93,3876.68,3632.45,244.23,2-wheeler,6,300,high,4,0.44,0.56,3.64,84.0,0.8,0.2,0.03,home/slow-dominant,0.48,9436.31,4974.05,12149.44,2802.67,92413.98,130396.6,137064.72,0.19,11.63,28.8,697473.04,1221.15
79,16,4800,petrol,13.9,102.45,0.126,7.37,0.775,2.31,35378.42,4457.38,30921.04,797.7,468.72,328.98,2-wheeler,8,300,low,2,0.18,0.82,3.59,79.5,0.8,0.2,0.01,home/slow-dominant,0.25,10378.76,5374.5,10390.44,1621.93,120607.2,200906.23,36249.69,1.93,15.67,26.3,191638.89,1644.9
80,116,34800,petrol,18.6,103.61,0.117,7.05,0.721,2.31,193850.97,28704.78,165146.19,4321.94,2935.62,1386.32,4-wheeler,7,300,high,3,0.57,0.43,44.12,87.4,0.69,0.31,0.15,mixed,0.14,16630.01,10147.86,98555.62,11083.07,871013.01,1364920.01,173844.95,2.27,66.02,58.2,967780.37,6931.6
81,40,12000,petrol,17.9,103.99,0.142,6.51,0.646,2.31,69713.97,11093.04,58620.93,1548.6,1100.78,447.82,4-wheeler,7,300,medium,2,0.23,0.77,35.56,80.8,0.63,0.37,0.18,mixed,0.16,16053.4,10203.78,106612.86,12582.09,848528.48,1331693.72,66986.97,5.62,21.32,29.1,441547.71,2239.1
82,16,4800,petrol,13.1,106.1,0.177,7.24,0.754,2.31,38876.34,6151.1,32725.24,846.41,640.6,205.81,4-wheeler,7,300,low,2,0.14,0.86,28.24,74.4,0.75,0.25,0.09,home/slow-dominant,0.26,17393.91,11046.0,98600.58,14764.08,884356.94,1363300.52,42025.97,9.05,9.8,20.5,308730.43,1029.05
83,81,24300,petrol,18.8,105.57,0.132,8.41,0.626,2.31,136454.84,26975.92,109478.92,2985.8,2007.96,977.84,4-wheeler,9,300,high,4,0.42,0.58,41.14,78.5,0.68,0.32,0.09,mixed,0.18,18967.57,11186.27,105936.55,14485.43,885958.55,1366565.77,120157.31,3.12,46.56,48.7,706723.1,4889.2
84,59,17700,petrol,18.6,106.81,0.156,8.18,0.672,2.31,101641.77,22586.62,79055.15,2198.23,1855.53,342.7,2-wheeler,9,300,high,4,0.26,0.74,4.91,75.9,0.85,0.15,0.02,home/slow-dominant,0.19,12382.92,6892.78,13778.62,3545.77,105019.97,157344.42,85254.44,0.45,16.32,25.5,440050.82,1713.5
85,22,6600,petrol,15.0,106.98,0.185,7.08,0.58,2.31,47071.2,8644.68,38426.52,1016.4,708.18,308.22,2-wheeler,7,300,low,2,0.15,0.85,4.32,77.1,0.87,0.13,0.02,home/slow-dominant,0.44,9417.55,5879.92,15929.39,3760.91,110817.65,137895.72,42716.33,0.26,14.68,30.8,229511.04,1541.1
86,69,20700,petrol,20.6,103.56,0.177,8.98,0.587,2.31,104062.72,32901.82,71160.9,2321.21,2150.71,170.5,4-wheeler,4,300,high,5,0.56,0.44,34.86,87.1,0.62,0.38,0.13,mixed,0.06,14745.92,9340.27,109747.43,11023.73,885139.39,1401198.89,78771.3,5.16,8.12,12.7,503603.93,852.5
87,65,19500,petrol,12.0,104.11,0.183,8.05,0.669,2.31,169178.75,28726.43,140452.32,3753.75,2387.33,1366.42,4-wheeler,10,300,high,4,0.44,0.56,57.55,70.0,0.6,0.4,0.12,mixed,0.24,18784.32,11547.45,98672.18,11862.0,861597.03,1305740.01,150061.59,2.3,65.07,60.6,848980.13,6832.1
88,37,11100,petrol,15.6,103.5,0.122,8.74,0.651,2.31,73644.23,11835.71,61808.52,1643.65,881.58,762.07,4-wheeler,9,300,medium,3,0.34,0.66,56.66,79.7,0.86,0.14,0.05,home/slow-dominant,0.46,17719.28,11939.8,100645.56,11099.1,909008.17,1372741.01,69807.82,5.2,36.29,50.1,449684.66,3810.35
89,32,9600,petrol,14.2,101.33,0.117,6.28,0.74,2.31,68504.79,7053.7,61451.09,1561.69,831.17,730.52,4-wheeler,10,300,medium,3,0.38,0.62,29.96,76.2,0.7,0.3,0.09,home/slow-dominant,0.17,20154.73,12236.68,99516.31,14018.16,844496.58,1317774.31,72172.77,5.18,34.79,39.9,460380.16,3652.6
90,95,28500,petrol,20.4,101.79,0.111,7.11,0.631,2.31,142206.62,22492.49,119714.13,3227.21,1996.17,1231.04,4-wheeler,8,300,high,4,0.62,0.38,23.5,85.1,0.69,0.31,0.04,mixed,0.3,17399.23,11007.41,96644.37,11582.58,890391.78,1356844.27,128422.47,2.88,58.62,59.3,738756.72,6155.2
91,10,3000,diesel,21.3,95.3,0.187,8.07,0.602,2.68,13422.54,4527.27,8895.27,377.46,337.72,39.74,2-wheeler,4,300,low,2,0.19,0.81,4.59,83.5,0.76,0.24,0.03,home/slow-dominant,0.36,7761.37,3953.34,17348.41,4976.19,123102.74,185503.14,13698.54,3.29,1.89,15.9,85841.11,198.7
92,94,28200,petrol,19.9,105.65,0.185,8.91,0.758,2.31,149715.08,46483.47,103231.61,3273.47,3954.49,-681.02,4-wheeler,4,300,high,4,0.42,0.58,53.45,82.6,0.72,0.28,0.08,home/slow-dominant,0.33,15450.66,9327.01,100680.36,13573.3,843832.3,1313558.13,112069.92,3.29,-32.43,10.0,661029.96,-3405.1
93,37,11100,petrol,15.1,104.46,0.188,6.59,0.611,2.31,76788.48,13752.01,63036.47,1698.08,1275.03,423.05,4-wheeler,6,300,medium,3,0.25,0.75,58.78,74.8,0.74,0.26,0.09,home/slow-dominant,0.26,16430.97,9779.37,105423.31,11917.67,889365.29,1384445.64,72071.6,5.41,20.15,31.0,465781.31,2115.25
94,45,13500,petrol,12.7,105.32,0.13,7.0,0.69,2.31,111954.33,12285.0,99669.33,2455.51,1210.95,1244.56,4-wheeler,8,300,medium,3,0.38,0.62,55.81,84.1,0.75,0.25,0.04,home/slow-dominant,0.22,18903.25,10656.56,107263.92,11630.88,843983.38,1298682.4,110242.2,3.15,59.26,57.2,658474.92,6222.8
95,114,34200,petrol,15.4,105.34,0.143,8.59,0.768,2.31,233936.88,42010.25,191926.63,5130.0,3755.98,1374.02,fleet/commercial,8,300,high,5,0.48,0.52,70.03,77.2,0.43,0.57,0.21,mixed,0.24,27865.11,17373.42,183163.75,26510.5,1890721.0,2951538.24,207720.42,4.23,65.43,60.9,1221765.85,6870.1
96,25,7500,petrol,17.8,99.94,0.147,6.95,0.764,2.31,42109.55,7662.38,34447.17,973.31,842.31,131.0,2-wheeler,10,300,low,3,0.18,0.82,3.86,73.6,0.79,0.21,0.03,home/slow-dominant,0.41,11483.78,6904.86,10482.95,5103.35,106210.59,184788.55,40046.76,1.7,6.24,20.6,210716.75,655.0
97,65,19500,petrol,19.5,104.33,0.17,8.0,0.731,2.31,104330.0,26520.0,77810.0,2310.0,2423.27,-113.27,4-wheeler,5,300,high,5,0.36,0.64,23.06,83.7,0.64,0.36,0.15,mixed,0.18,16700.44,9802.96,104283.84,13873.44,847798.27,1315822.14,87482.17,4.16,-5.39,7.0,541694.69,-566.35
98,113,33900,diesel,17.3,90.9,0.112,6.23,0.757,2.68,178121.97,23654.06,154467.91,5251.56,2874.18,2377.38,4-wheeler,7,300,high,4,0.44,0.56,31.37,83.2,0.83,0.17,0.02,home/slow-dominant,0.13,18117.75,10114.31,95830.86,12394.19,836520.27,1345665.1,164950.19,2.51,113.21,70.3,920581.81,11886.9
99,104,31200,petrol,12.4,99.14,0.169,8.18,0.731,2.31,249449.03,43131.5,206317.53,5812.26,3854.42,1957.84,2-wheeler,10,300,high,4,0.36,0.64,3.61,70.0,0.97,0.03,0.0,home/slow-dominant,0.14,11193.7,6997.67,19245.34,3849.53,110075.74,208527.04,211283.47,0.37,93.23,67.0,1075662.69,9789.2
100,97,29100,petrol,13.3,105.41,0.135,7.13,0.56,2.31,230633.91,28010.21,202623.7,5054.21,2199.96,2854.25,4-wheeler,11,300,high,4,0.66,0.34,45.88,70.0,0.6,0.4,0.08,mixed,0.09,19112.31,12951.05,105275.45,12243.05,888127.97,1402714.96,211233.57,1.94,135.92,71.4,1161443.3,14271.25
101,56,16800,petrol,14.0,106.51,0.162,8.86,0.613,2.31,127812.0,24113.38,103698.62,2772.0,1668.34,1103.66,2-wheeler,14,300,high,4,0.54,0.46,3.95,70.0,0.86,0.14,0.01,home/slow-dominant,0.36,14015.97,7773.7,12966.51,5496.6,101424.4,143084.19,111040.21,0.26,52.56,57.8,568167.56,5518.3
102,109,32700,diesel,18.2,89.1,0.148,6.03,0.594,2.68,160086.26,29182.79,130903.47,4815.16,2874.72,1940.44,4-wheeler,5,300,high,4,0.55,0.45,50.22,84.5,0.62,0.38,0.07,mixed,0.08,15237.71,9991.77,107290.19,13995.36,907892.93,1412452.43,138948.48,2.86,92.4,65.0,802032.59,9702.2
103,37,11100,petrol,19.7,101.84,0.157,7.51,0.554,2.31,57381.93,13087.68,44294.25,1301.57,965.46,336.11,4-wheeler,4,300,medium,3,0.23,0.77,32.63,92.6,0.57,0.43,0.05,mixed,0.16,16133.42,8243.21,108666.28,13457.53,897553.17,1338735.17,54875.97,6.06,16.01,24.3,383046.13,1680.55
104,74,22200,petrol,13.0,102.42,0.148,7.82,0.566,2.31,174901.85,25693.39,149208.46,3944.77,1859.65,2085.12,4-wheeler,11,300,high,4,0.58,0.42,43.47,70.5,0.66,0.34,0.15,mixed,0.34,20390.44,11583.73,107196.3,12693.04,861584.62,1368438.12,160553.78,2.49,99.29,74.2,909965.2,10425.6
105,114,34200,diesel,15.2,91.01,0.138,7.44,0.65,2.68,204772.5,35113.82,169658.68,6030.0,3067.74,2962.26,fleet/commercial,9,300,high,4,0.46,0.54,44.41,76.2,0.21,0.79,0.61,fast-dominant,0.05,28445.83,17836.92,179576.64,26472.61,1797867.17,2807008.55,185562.11,4.47,141.06,70.4,1107387.19,14811.3
106,102,30600,petrol,16.0,105.11,0.149,6.78,0.76,2.31,201022.88,30912.73,170110.15,4417.88,3465.14,952.74,4-wheeler,11,300,high,3,0.66,0.34,37.72,71.2,0.8,0.2,0.08,home/slow-dominant,0.42,21182.92,12714.07,103799.65,12366.46,867180.46,1308765.94,181052.29,1.87,45.37,55.4,1009061.1,4763.7
107,118,35400,petrol,15.4,104.76,0.134,7.53,0.743,2.31,240811.95,35719.31,205092.64,5310.0,3524.49,1785.51,4-wheeler,9,300,high,4,0.66,0.34,50.51,79.0,0.74,0.26,0.05,home/slow-dominant,0.38,18637.53,11048.2,108722.23,11115.46,852698.17,1318329.45,214905.06,1.66,85.02,72.0,1183247.53,8927.55
108,12,3600,diesel,19.2,92.77,0.175,7.77,0.573,2.68,17394.38,4895.1,12499.28,502.5,360.99,141.51,4-wheeler,5,300,low,1,0.2,0.8,48.35,81.5,0.6,0.4,0.09,mixed,0.14,15306.57,10271.03,99809.97,12580.35,843389.5,1340227.82,20050.89,19.8,6.74,13.0,200064.42,707.55
109,73,21900,petrol,20.8,102.11,0.154,6.64,0.667,2.31,107510.05,22394.06,85115.99,2432.16,2249.52,182.64,4-wheeler,6,300,high,5,0.67,0.33,59.64,83.9,0.55,0.45,0.14,mixed,0.28,17558.93,9944.53,107300.42,14721.92,853179.84,1318165.6,95674.77,3.74,8.7,20.0,585674.27,913.2
110,50,15000,diesel,21.9,95.13,0.175,8.13,0.756,2.68,65157.53,21341.25,43816.28,1835.62,1984.5,-148.88,2-wheeler,6,300,medium,3,0.49,0.51,2.97,78.2,0.94,0.06,0.0,home/slow-dominant,0.48,9838.84,4425.6,10142.13,4005.2,147367.89,214408.97,50030.56,1.14,-7.09,15.8,260294.93,-744.4
111,60,18000,petrol,13.5,107.67,0.165,8.29,0.707,2.31,143560.0,24621.3,118938.7,3080.0,2099.79,980.21,4-wheeler,11,300,high,3,0.3,0.7,40.93,70.0,0.61,0.39,0.08,mixed,0.19,21074.8,12696.74,95054.7,11335.82,864409.61,1369558.0,129583.92,3.16,46.68,49.1,742974.3,4901.05
112,12,3600,petrol,12.4,99.87,0.166,7.7,0.569,2.31,28994.52,4601.52,24393.0,670.65,340.03,330.62,2-wheeler,11,300,low,1,0.16,0.84,3.15,70.0,0.89,0.11,0.01,home/slow-dominant,0.19,12779.48,6726.37,21395.67,5039.97,148221.03,175474.31,31454.1,0.19,15.74,24.7,178666.17,1653.1
113,117,35100,petrol,14.5,100.85,0.151,8.52,0.593,2.31,244126.55,45156.85,198969.7,5591.79,3142.96,2448.83,fleet/commercial,11,300,high,4,0.44,0.56,62.03,70.0,0.28,0.72,0.43,fast-dominant,0.11,30944.65,19813.01,186421.71,25075.5,1858959.41,2877223.49,215116.44,3.87,116.61,70.0,1262003.91,12244.15
114,23,6900,diesel,21.5,96.8,0.153,7.71,0.772,2.68,31066.05,8139.45,22926.6,860.09,815.0,45.09,4-wheeler,6,300,low,2,0.27,0.73,54.56,81.8,0.75,0.25,0.06,home/slow-dominant,0.46,15730.45,9478.96,106834.66,11975.08,858892.23,1368408.93,31573.11,12.75,2.15,19.0,264700.21,225.45
115,53,15900,petrol,18.2,101.46,0.116,7.27,0.584,2.31,88638.13,13408.79,75229.34,2018.08,1077.13,940.95,4-wheeler,9,300,medium,3,0.24,0.76,48.0,80.1,0.66,0.34,0.1,mixed,0.3,18925.74,10897.71,108950.4,12188.36,907860.78,1432769.24,85695.04,4.85,44.81,51.4,537425.6,4704.75
116,112,33600,petrol,13.1,100.47,0.157,7.58,0.655,2.31,257694.05,39986.02,217708.03,5924.89,3455.26,2469.63,fleet/commercial,11,300,high,3,0.38,0.62,84.12,70.1,0.18,0.82,0.4,fast-dominant,0.04,31411.23,19763.03,176768.59,26308.81,1828887.12,2766418.16,234617.99,3.24,117.6,68.1,1349858.54,12348.15
117,40,12000,petrol,19.2,106.43,0.112,7.64,0.587,2.31,66518.75,10268.16,56250.59,1443.75,788.93,654.82,4-wheeler,5,300,medium,3,0.29,0.71,29.73,92.4,0.63,0.37,0.17,mixed,0.3,15248.3,9856.77,98479.77,13178.75,906811.79,1388088.35,64277.87,5.96,31.18,41.4,419869.12,3274.1
118,33,9900,petrol,14.7,103.92,0.127,7.25,0.607,2.31,69986.94,9115.42,60871.52,1555.71,763.18,792.53,2-wheeler,9,300,medium,3,0.33,0.67,5.06,81.8,0.79,0.21,0.03,home/slow-dominant,0.26,11956.45,5854.29,23555.87,3465.66,95622.33,184252.06,67666.81,0.96,37.74,45.0,361889.92,3962.65
119,44,13200,diesel,22.0,93.82,0.123,8.42,0.675,2.68,56292.0,13670.71,42621.29,1608.0,1095.93,512.07,4-wheeler,6,300,medium,3,0.55,0.45,24.27,85.8,0.7,0.3,0.13,home/slow-dominant,0.3,16477.15,10337.04,97658.54,13870.15,856331.52,1320383.75,51535.43,7.11,24.38,36.4,355335.69,2560.35
120,22,6600,petrol,21.0,102.1,0.147,7.78,0.642,2.31,32088.57,7548.16,24540.41,726.0,622.87,103.13,2-wheeler,3,300,low,2,0.27,0.73,5.11,86.6,0.9,0.1,0.01,home/slow-dominant,0.45,5645.53,3225.27,20233.44,2766.15,145943.68,185566.8,27513.9,0.7,4.91,20.7,157802.94,515.65
121,61,18300,diesel,20.3,97.37,0.134,6.32,0.739,2.68,87776.9,15497.9,72279.0,2415.96,1812.18,603.78,fleet/commercial,6,300,high,4,0.65,0.35,56.45,84.0,0.26,0.74,0.39,fast-dominant,0.1,27131.25,17391.49,182956.95,27128.26,1795624.84,2742153.99,87444.41,8.73,28.75,33.5,620179.0,3018.9
122,24,7200,petrol,16.1,107.79,0.18,7.36,0.685,2.31,48204.22,9538.56,38665.66,1033.04,887.76,145.28,4-wheeler,7,300,low,2,0.16,0.84,33.95,76.2,0.55,0.45,0.08,mixed,0.3,16454.57,10891.99,96247.91,11701.29,880520.91,1331598.81,46568.5,7.62,6.92,18.3,329090.41,726.4
123,79,23700,petrol,16.0,99.31,0.154,7.02,0.736,2.31,147102.94,25621.6,121481.34,3421.69,2686.25,735.44,4-wheeler,8,300,high,5,0.43,0.57,41.46,77.0,0.73,0.27,0.13,home/slow-dominant,0.36,18315.54,10458.39,99278.95,14130.48,870369.6,1366829.94,132164.59,3.01,35.02,45.9,760101.9,3677.2
124,46,13800,petrol,17.1,104.89,0.18,6.12,0.629,2.31,84648.07,15202.08,69445.99,1864.21,1562.44,301.77,2-wheeler,9,300,medium,3,0.39,0.61,5.29,71.6,0.89,0.11,0.01,home/slow-dominant,0.39,10255.59,6254.01,17805.58,4155.24,143655.27,189343.54,74278.62,0.38,14.37,29.1,389198.68,1508.85
125,84,25200,petrol,12.3,100.78,0.12,7.72,0.743,2.31,206476.1,23345.28,183130.82,4732.68,2246.83,2485.85,4-wheeler,10,300,high,4,0.49,0.51,23.82,76.7,0.89,0.11,0.06,home/slow-dominant,0.16,20572.48,11075.83,107785.25,13732.83,896300.97,1357442.54,195374.04,1.81,118.37,71.9,1084655.45,12429.25
126,114,34200,petrol,17.9,102.45,0.181,6.01,0.577,2.31,195742.46,37203.1,158539.36,4413.52,3571.75,841.77,4-wheeler,7,300,high,3,0.4,0.6,35.38,76.5,0.76,0.24,0.08,home/slow-dominant,0.43,16750.14,10437.75,105613.08,12926.21,885757.49,1364518.11,167436.99,2.23,40.08,52.1,942798.03,4208.85
127,108,32400,petrol,18.3,106.88,0.146,7.45,0.753,2.31,189230.16,35241.48,153988.68,4089.84,3561.99,527.85,fleet/commercial,4,300,high,4,0.36,0.64,82.83,86.8,0.34,0.66,0.39,fast-dominant,0.21,24343.52,15585.84,184328.25,26668.01,1803922.4,2843917.73,168079.96,5.09,25.14,34.4,1024728.05,2639.25
128,45,13500,petrol,17.3,99.66,0.135,8.68,0.705,2.31,77769.36,15819.3,61950.06,1802.6,1284.86,517.74,4-wheeler,8,300,medium,2,0.42,0.58,37.05,81.0,0.75,0.25,0.07,home/slow-dominant,0.13,17109.93,10980.4,102440.49,11319.19,851332.2,1307228.3,70343.43,5.02,24.65,31.6,454157.64,2588.7
129,45,13500,petrol,16.7,101.58,0.117,6.25,0.743,2.31,82115.57,9871.88,72243.69,1867.37,1173.57,693.8,2-wheeler,8,300,medium,3,0.34,0.66,2.7,83.5,0.96,0.04,0.0,home/slow-dominant,0.35,11570.41,6416.21,14480.26,4906.2,106874.22,190670.34,78379.13,0.88,33.04,44.2,406375.91,3469.0
130,54,16200,petrol,15.8,100.33,0.15,7.74,0.628,2.31,102870.0,18808.2,84061.8,2368.48,1526.04,842.44,4-wheeler,12,300,medium,4,0.37,0.63,38.14,70.0,0.84,0.16,0.05,home/slow-dominant,0.2,21508.57,11919.21,96788.67,11222.19,852549.74,1309079.27,95895.6,3.75,40.12,45.3,576266.67,4212.2
131,90,27000,petrol,17.5,101.41,0.137,8.19,0.758,2.31,156461.14,30294.81,126166.33,3564.0,2803.84,760.16,4-wheeler,6,300,high,4,0.46,0.54,36.65,87.3,0.66,0.34,0.06,mixed,0.34,17079.99,9800.47,101136.14,11594.97,835746.52,1318194.4,135764.84,2.81,36.2,46.3,779960.34,3800.8
132,64,19200,petrol,14.2,106.84,0.165,6.43,0.588,2.31,144459.72,20370.24,124089.48,3123.38,1862.78,1260.6,4-wheeler,9,300,high,3,0.58,0.42,56.79,72.8,0.63,0.37,0.2,mixed,0.31,18748.57,11627.87,95427.78,13307.16,867148.42,1328196.51,133871.61,2.73,60.03,60.6,764785.83,6303.0
133,72,21600,petrol,20.3,103.61,0.118,8.39,0.562,2.31,110245.12,21384.43,88860.69,2457.93,1432.43,1025.5,4-wheeler,5,300,high,3,0.43,0.57,50.95,86.0,0.64,0.36,0.05,mixed,0.11,15689.35,10112.73,98165.84,13957.65,839023.91,1317656.94,97228.84,3.91,48.83,48.8,584310.04,5127.5
134,94,28200,petrol,20.5,103.42,0.125,6.37,0.719,2.31,142265.56,22454.25,119811.31,3177.66,2534.47,643.19,4-wheeler,8,300,high,4,0.36,0.64,41.19,82.6,0.73,0.27,0.1,home/slow-dominant,0.43,17064.05,10679.61,101487.25,11305.01,894115.38,1398490.78,128456.75,3.14,30.63,45.0,743771.0,3215.95
135,42,12600,petrol,18.6,104.94,0.14,7.25,0.581,2.31,71088.39,12789.0,58299.39,1564.84,1024.88,539.96,fleet/commercial,6,300,medium,2,0.23,0.77,89.42,82.8,0.45,0.55,0.19,mixed,0.09,26643.62,17029.92,181279.08,27683.06,1927031.16,2819043.52,73449.7,9.68,25.71,31.3,548527.58,2699.8
136,41,12300,diesel,20.0,92.96,0.158,7.68,0.671,2.68,57170.4,14925.31,42245.09,1648.2,1304.02,344.18,4-wheeler,6,300,medium,2,0.53,0.47,39.68,82.9,0.73,0.27,0.09,home/slow-dominant,0.39,15892.6,9909.64,95664.43,14894.43,907481.45,1378208.55,51206.94,7.32,16.39,31.7,351699.13,1720.9
137,62,18600,petrol,17.5,103.35,0.116,7.51,0.673,2.31,109846.29,16203.58,93642.71,2455.2,1452.06,1003.14,4-wheeler,8,300,high,4,0.62,0.38,24.21,78.1,0.57,0.43,0.17,mixed,0.2,19145.15,10525.25,103835.9,13423.8,909279.83,1372015.59,104947.37,3.42,47.77,50.3,628572.75,5015.7
138,10,3000,petrol,12.2,101.77,0.188,6.69,0.674,2.31,25025.41,3773.16,21252.25,568.03,380.14,187.89,4-wheeler,10,300,low,2,0.15,0.85,31.97,72.6,0.8,0.2,0.03,home/slow-dominant,0.22,20211.79,11159.65,103245.26,12924.97,870365.23,1342218.72,32889.38,11.21,8.95,18.6,267692.16,939.45
139,45,13500,petrol,19.4,103.46,0.17,8.04,0.72,2.31,71995.36,18451.8,53543.56,1607.47,1652.4,-44.93,4-wheeler,5,300,medium,3,0.31,0.69,38.57,84.3,0.83,0.17,0.06,home/slow-dominant,0.16,15541.18,9388.85,96171.56,13965.58,861682.05,1377487.44,62489.01,6.72,-2.14,7.6,408616.61,-224.65
140,56,16800,diesel,22.5,91.83,0.147,7.43,0.562,2.68,68566.4,18349.13,50217.27,2001.07,1387.92,613.15,fleet/commercial,4,300,high,5,0.34,0.66,47.85,85.0,0.27,0.73,0.54,fast-dominant,0.05,24163.22,15434.15,189147.45,25313.43,1908159.13,3006510.93,64009.03,14.2,29.2,32.3,509192.6,3065.75
141,84,25200,petrol,18.9,104.63,0.158,6.92,0.632,2.31,139506.67,27552.67,111954.0,3080.0,2516.37,563.63,fleet/commercial,8,300,high,3,0.55,0.45,87.38,74.9,0.42,0.58,0.27,mixed,0.19,28684.8,18135.79,176490.74,25973.06,1886229.92,2873513.81,127697.62,6.35,26.84,34.9,814978.84,2818.15
142,10,3000,petrol,18.9,107.4,0.117,6.43,0.551,2.31,17047.62,2256.93,14790.69,366.67,193.4,173.27,2-wheeler,4,300,low,3,0.11,0.89,4.68,94.9,0.85,0.15,0.01,home/slow-dominant,0.34,6592.93,3346.67,22822.51,5164.6,86755.54,201446.07,19069.87,4.82,8.25,21.3,118171.86,866.35
143,95,28500,diesel,21.9,92.52,0.177,7.97,0.664,2.68,120402.74,40204.67,80198.07,3487.67,3349.55,138.12,4-wheeler,4,300,high,4,0.65,0.35,32.19,82.9,0.86,0.14,0.08,home/slow-dominant,0.14,14254.4,9308.76,95004.65,14822.62,876364.8,1379407.77,88108.23,4.63,6.58,12.8,535545.8,690.6
144,28,8400,petrol,18.9,100.26,0.133,7.09,0.602,2.31,44560.0,7920.95,36639.05,1026.67,672.55,354.12,2-wheeler,5,300,medium,4,0.23,0.77,4.07,85.8,0.94,0.06,0.0,home/slow-dominant,0.15,7557.65,3874.88,23234.22,5208.28,110505.68,184800.09,41363.48,1.23,16.86,25.2,230051.62,1770.6
145,59,17700,petrol,17.8,105.47,0.152,6.44,0.679,2.31,104877.47,17326.18,87551.29,2297.02,1826.78,470.24,4-wheeler,9,300,high,4,0.44,0.56,49.42,71.8,0.73,0.27,0.06,home/slow-dominant,0.1,18886.54,12252.21,95295.8,12049.79,905693.33,1360671.08,96595.58,3.72,22.39,28.5,578273.7,2351.2
146,93,27900,diesel,21.6,95.0,0.17,6.99,0.562,2.68,122708.33,33153.57,89554.76,3461.67,2665.57,796.1,2-wheeler,2,300,high,5,0.7,0.3,5.29,88.9,0.91,0.09,0.01,home/slow-dominant,0.46,6688.94,3886.23,21367.18,2429.88,101927.94,140613.32,92843.45,0.19,37.91,51.3,485584.43,3980.5
147,12,3600,petrol,12.9,103.09,0.136,8.84,0.769,2.31,28769.3,4328.06,24441.24,644.65,376.5,268.15,4-wheeler,9,300,low,3,0.22,0.78,55.5,77.8,0.86,0.14,0.01,home/slow-dominant,0.42,18304.36,10763.99,100425.36,12190.66,894416.19,1340000.27,34419.74,10.03,12.77,28.0,272524.06,1340.75
148,40,12000,petrol,20.2,105.3,0.149,6.93,0.691,2.31,62554.46,12390.84,50163.62,1372.28,1235.51,136.77,4-wheeler,6,300,medium,3,0.52,0.48,41.58,84.8,0.72,0.28,0.06,home/slow-dominant,0.1,15503.21,9609.51,106073.25,12765.24,841122.37,1307986.84,58610.37,6.16,6.51,11.5,399125.1,683.85
149,29,8700,petrol,19.1,107.38,0.147,7.86,0.589,2.31,48911.31,10052.15,38859.16,1052.2,753.27,298.93,2-wheeler,9,300,medium,4,0.2,0.8,4.71,74.2,0.82,0.18,0.0,home/slow-dominant,0.33,11164.89,6621.59,16026.18,2756.67,118564.11,180128.85,43953.79,1.04,14.23,27.1,235795.13,1494.65
150,84,25200,petrol,18.7,107.3,0.168,7.52,0.555,2.31,144596.79,31836.67,112760.12,3112.94,2349.65,763.29,4-wheeler,6,300,high,4,0.49,0.51,43.36,78.0,0.81,0.19,0.04,home/slow-dominant,0.12,17095.46,9553.1,96063.62,12496.85,838361.22,1364535.46,122801.85,3.5,36.35,40.1,710072.87,3816.45
151,73,21900,petrol,20.2,105.3,0.151,8.94,0.645,2.31,114161.88,29563.69,84598.19,2504.41,2132.95,371.46,fleet/commercial,4,300,high,4,0.43,0.57,67.64,88.4,0.24,0.76,0.51,fast-dominant,0.14,24331.99,15747.31,186512.6,26482.55,1942223.47,2890888.3,98479.38,7.74,17.69,25.6,678909.5,1857.3
152,111,33300,diesel,17.2,92.88,0.184,6.01,0.699,2.68,179820.0,36824.47,142995.53,5188.6,4282.91,905.69,4-wheeler,10,300,high,4,0.56,0.44,26.36,72.3,0.69,0.31,0.15,mixed,0.41,18827.82,11486.78,96068.79,14050.1,889864.42,1381936.21,153146.59,2.59,43.13,53.7,861801.74,4528.45
153,110,33000,petrol,19.7,99.39,0.169,8.27,0.632,2.31,166490.86,46121.79,120369.07,3869.54,3524.66,344.88,4-wheeler,3,300,high,4,0.67,0.33,26.79,84.4,0.85,0.15,0.06,home/slow-dominant,0.41,15323.34,9494.83,108831.81,13942.23,852810.75,1316406.19,128986.03,2.75,16.42,32.4,753761.96,1724.4
154,11,3300,petrol,15.7,105.51,0.168,7.98,0.592,2.31,22177.26,4424.11,17753.15,485.54,328.2,157.34,2-wheeler,4,300,low,1,0.26,0.74,3.85,87.6,0.92,0.08,0.01,home/slow-dominant,0.56,8589.97,4584.02,10764.61,4757.69,116836.49,179567.81,22710.64,2.29,7.49,26.9,124317.81,786.7
155,104,31200,petrol,17.1,101.3,0.141,7.9,0.588,2.31,184828.07,34753.68,150074.39,4214.74,2586.73,1628.01,fleet/commercial,8,300,high,4,0.47,0.53,53.44,80.0,0.31,0.69,0.5,fast-dominant,0.17,29177.12,17927.73,182189.88,24128.74,1833052.84,2892630.27,166149.53,5.28,77.52,62.7,1012937.53,8140.05
156,59,17700,petrol,17.3,105.98,0.114,8.65,0.59,2.31,108430.4,17453.97,90976.43,2363.41,1190.5,1172.91,2-wheeler,6,300,high,4,0.49,0.51,2.07,89.7,0.8,0.2,0.03,home/slow-dominant,0.44,9738.38,4647.55,20845.52,1690.94,116109.72,200046.04,96405.45,0.65,55.85,61.6,502872.77,5864.55
157,36,10800,petrol,19.3,100.86,0.189,6.25,0.555,2.31,56439.79,12757.5,43682.29,1292.64,1132.87,159.77,4-wheeler,4,300,medium,3,0.28,0.72,49.47,82.8,0.67,0.33,0.06,mixed,0.28,14251.64,9949.16,100898.7,14157.53,849195.51,1337211.2,50816.28,7.62,7.61,18.6,354980.1,798.85
158,53,15900,diesel,17.0,91.45,0.124,7.72,0.725,2.68,85532.65,15220.75,70311.9,2506.59,1429.41,1077.18,4-wheeler,8,300,medium,4,0.34,0.66,23.23,76.9,0.65,0.35,0.13,mixed,0.17,17308.76,11646.88,98258.5,13132.32,858848.2,1346225.43,78600.24,4.95,51.29,51.6,491259.7,5385.9
159,81,24300,petrol,14.5,102.01,0.153,7.73,0.704,2.31,170954.69,28739.37,142215.32,3871.24,2617.4,1253.84,4-wheeler,9,300,high,4,0.69,0.31,44.62,75.9,0.61,0.39,0.1,mixed,0.13,18366.54,12105.93,106386.36,13312.56,893561.94,1402764.13,151138.44,2.67,59.71,54.9,862078.56,6269.2
160,76,22800,petrol,18.0,101.83,0.169,7.73,0.569,2.31,128984.67,29785.24,99199.43,2926.0,2192.47,733.53,4-wheeler,5,300,high,4,0.58,0.42,42.49,85.2,0.81,0.19,0.09,home/slow-dominant,0.23,15313.52,8890.61,106764.42,11210.35,861566.55,1364051.49,107864.41,3.67,34.93,41.9,646086.47,3667.65
161,18,5400,petrol,12.8,104.07,0.168,6.62,0.776,2.31,43904.53,6005.66,37898.87,974.53,703.99,270.54,2-wheeler,7,300,low,2,0.14,0.86,5.39,77.1,0.81,0.19,0.01,home/slow-dominant,0.36,10845.67,5051.89,23840.42,2521.26,150596.75,231906.99,44196.9,1.3,12.88,26.3,244824.92,1352.7
162,78,23400,diesel,16.6,92.4,0.157,6.99,0.599,2.68,130250.6,25679.86,104570.74,3777.83,2200.61,1577.22,4-wheeler,9,300,high,3,0.6,0.4,40.4,75.0,0.71,0.29,0.11,home/slow-dominant,0.14,19443.78,11682.78,100642.48,13553.42,846130.76,1347304.54,115042.42,3.48,75.11,60.9,675854.58,7886.1
163,34,10200,petrol,14.8,102.32,0.153,8.92,0.631,2.31,70517.84,13920.55,56597.29,1592.03,984.74,607.29,4-wheeler,10,300,medium,2,0.32,0.68,24.42,73.7,0.69,0.31,0.08,mixed,0.17,20037.62,11881.3,102593.78,14436.73,842867.83,1361357.77,67640.96,6.15,28.92,35.7,440798.58,3036.45
164,48,14400,diesel,19.6,95.14,0.133,8.26,0.561,2.68,69898.78,15819.55,54079.23,1968.98,1074.43,894.55,4-wheeler,5,300,medium,3,0.46,0.54,42.96,81.6,0.89,0.11,0.02,home/slow-dominant,0.32,14996.31,8899.55,100446.93,14667.93,873749.54,1348412.2,63109.58,5.93,42.6,50.8,415994.83,4472.75
165,50,15000,petrol,19.7,99.33,0.161,8.55,0.595,2.31,75631.98,20648.25,54983.73,1758.88,1436.92,321.96,2-wheeler,9,300,medium,3,0.35,0.65,4.94,78.6,0.84,0.16,0.02,home/slow-dominant,0.19,12232.86,5519.16,13856.23,3501.68,84275.49,143546.03,62397.77,0.73,15.33,24.1,325845.08,1609.8
166,84,25200,diesel,19.0,93.53,0.156,7.37,0.68,2.68,124050.32,28972.94,95077.38,3554.53,2673.22,881.31,fleet/commercial,4,300,high,5,0.59,0.41,89.84,85.1,0.18,0.82,0.29,mixed,0.08,25786.89,16765.93,186265.49,26181.9,1934029.1,2828435.53,109334.72,6.48,41.97,42.8,732939.09,4406.55
167,98,29400,petrol,17.9,106.49,0.115,7.33,0.704,2.31,174905.36,24782.73,150122.63,3794.08,2380.22,1413.86,4-wheeler,4,300,high,4,0.59,0.41,38.35,92.8,0.58,0.42,0.08,mixed,0.35,14192.74,9350.19,100094.78,14332.2,870598.61,1394402.84,157831.62,2.68,67.33,64.9,889252.88,7069.3
168,98,29400,diesel,14.2,96.7,0.128,7.96,0.622,2.68,200209.86,29955.07,170254.79,5548.73,2340.71,3208.02,4-wheeler,8,300,high,4,0.48,0.52,34.17,81.3,0.76,0.24,0.05,home/slow-dominant,0.39,18890.81,10506.63,101422.24,13150.5,864613.07,1343148.89,181269.07,2.08,152.76,81.1,1007767.59,16040.1
169,113,33900,petrol,19.1,107.02,0.125,6.14,0.764,2.31,189946.49,26018.25,163928.24,4099.95,3237.45,862.5,2-wheeler,6,300,high,4,0.68,0.32,5.17,88.7,0.89,0.11,0.01,home/slow-dominant,0.42,8453.39,5290.68,16055.1,3567.43,123392.0,190056.36,167804.44,0.3,41.07,52.4,855077.3,4312.5
170,83,24900,petrol,12.9,100.25,0.137,8.92,0.775,2.31,193505.81,30428.8,163077.01,4458.84,2643.76,1815.08,4-wheeler,10,300,high,3,0.41,0.59,29.27,76.8,0.7,0.3,0.13,home/slow-dominant,0.29,18494.09,11809.88,105689.92,14620.34,847645.13,1289315.13,172685.29,1.95,86.43,70.1,969116.37,9075.4
171,25,7500,petrol,20.0,103.79,0.18,6.38,0.575,2.31,38921.25,8613.0,30308.25,866.25,776.25,90.0,4-wheeler,5,300,low,2,0.14,0.86,45.39,81.3,0.7,0.3,0.06,home/slow-dominant,0.26,16126.37,10174.45,108766.93,14159.73,880735.87,1403608.47,39092.12,10.59,4.29,14.5,304227.53,450.0
172,81,24300,petrol,20.3,107.09,0.123,8.26,0.604,2.31,128191.48,24688.31,103503.17,2765.17,1805.3,959.87,2-wheeler,6,300,high,4,0.59,0.41,3.42,84.7,0.76,0.24,0.05,home/slow-dominant,0.15,9369.13,4748.89,20001.34,5136.29,87977.31,131963.05,109150.67,0.22,45.71,47.4,565754.69,4799.35
173,74,22200,petrol,12.2,99.88,0.173,6.55,0.602,2.31,181748.85,25155.93,156592.92,4203.44,2312.04,1891.4,4-wheeler,8,300,high,4,0.59,0.41,23.56,77.6,0.73,0.27,0.08,home/slow-dominant,0.43,17027.84,10301.44,102073.74,11872.99,862767.21,1375554.01,165693.92,2.48,90.07,75.4,930543.34,9457.0
174,66,19800,diesel,17.5,93.47,0.16,8.51,0.761,2.68,105754.63,26959.68,78794.95,3032.23,2410.85,621.38,4-wheeler,9,300,high,4,0.58,0.42,35.2,71.7,0.73,0.27,0.1,home/slow-dominant,0.17,18315.24,11458.96,106688.08,13097.5,855194.52,1374579.42,88270.73,4.68,29.59,36.5,548041.73,3106.9
175,34,10200,petrol,15.8,101.71,0.111,6.65,0.653,2.31,65660.89,7529.13,58131.76,1491.27,739.33,751.94,4-wheeler,8,300,medium,4,0.34,0.66,32.08,84.8,0.6,0.4,0.2,mixed,0.09,19182.75,10491.68,104614.57,14369.89,839121.84,1363807.94,69696.81,6.03,35.81,38.4,453098.62,3759.7
176,41,12300,petrol,17.8,104.31,0.123,7.0,0.746,2.31,72079.38,10590.3,61489.08,1596.24,1128.62,467.62,2-wheeler,9,300,medium,4,0.38,0.62,4.4,77.6,0.77,0.23,0.0,home/slow-dominant,0.39,11678.22,6351.51,10909.16,1944.59,122056.03,206346.02,67204.71,1.09,22.27,37.0,346932.71,2338.1
177,106,31800,petrol,12.1,105.41,0.157,8.06,0.688,2.31,277027.93,40240.36,236787.57,6070.91,3434.91,2636.0,4-wheeler,11,300,high,4,0.57,0.43,58.05,73.9,0.59,0.41,0.12,mixed,0.12,20802.18,11523.93,96434.95,14178.65,862576.71,1372956.2,248901.55,1.66,125.52,71.8,1340942.7,13180.0
178,30,9000,petrol,17.7,102.73,0.164,6.68,0.707,2.31,52235.59,9859.68,42375.91,1174.58,1043.53,131.05,2-wheeler,7,300,medium,3,0.13,0.87,2.94,79.6,0.77,0.23,0.01,home/slow-dominant,0.23,9061.0,6256.24,10568.75,2231.89,92492.47,121894.53,45627.05,0.41,6.24,15.3,238704.0,655.25
179,62,18600,diesel,16.9,91.12,0.165,7.52,0.714,2.68,100285.92,23078.88,77207.04,2949.59,2191.27,758.32,fleet/commercial,8,300,high,4,0.41,0.59,80.57,78.3,0.39,0.61,0.31,mixed,0.05,26989.08,17475.62,181852.24,27232.48,1850260.3,2919536.4,92167.0,9.63,36.11,37.4,642687.24,3791.6
180,62,18600,petrol,20.9,103.96,0.162,8.43,0.746,2.31,92519.43,25401.28,67118.15,2055.79,2247.85,-192.06,4-wheeler,5,300,high,4,0.6,0.4,24.1,84.1,0.62,0.38,0.14,mixed,0.11,15214.56,9062.68,107387.8,13448.0,891619.51,1378163.55,75959.63,4.99,-9.15,4.4,487185.95,-960.3
181,85,25500,petrol,21.0,107.46,0.187,6.76,0.733,2.31,130487.14,32235.06,98252.08,2805.0,3495.31,-690.31,4-wheeler,6,300,high,4,0.51,0.49,42.45,75.3,0.64,0.36,0.13,mixed,0.12,15897.36,10377.88,99696.25,11772.94,877910.33,1329600.69,106126.15,3.32,-32.87,3.7,630327.0,-3451.55
182,48,14400,petrol,13.1,101.3,0.148,8.82,0.69,2.31,111352.67,18797.18,92555.49,2539.24,1470.53,1068.71,2-wheeler,12,300,medium,2,0.26,0.74,2.25,70.0,0.79,0.21,0.01,home/slow-dominant,0.1,12862.91,7759.53,15762.4,3393.42,143051.11,238877.48,98337.55,0.81,50.89,49.5,507450.15,5343.55
183,18,5400,petrol,17.5,106.45,0.123,7.9,0.557,2.31,32847.43,5247.18,27600.25,712.8,369.96,342.84,4-wheeler,7,300,low,2,0.26,0.74,57.49,85.6,0.89,0.11,0.02,home/slow-dominant,0.41,16512.61,10073.71,108642.16,13727.62,884235.28,1366192.47,36784.67,10.15,16.33,32.2,292565.51,1714.2
184,84,25200,petrol,13.3,106.26,0.189,8.45,0.727,2.31,201334.74,40245.66,161089.08,4376.84,3462.56,914.28,fleet/commercial,11,300,high,4,0.41,0.59,78.32,70.0,0.49,0.51,0.24,mixed,0.27,30429.41,19785.03,187553.55,26535.41,1944135.78,3018732.49,177040.54,5.01,43.54,50.0,1072756.25,4571.4
185,57,17100,diesel,21.0,96.75,0.133,8.09,0.636,2.68,78782.14,18399.09,60383.05,2182.29,1446.45,735.84,4-wheeler,4,300,high,4,0.52,0.48,47.0,92.0,0.63,0.37,0.07,mixed,0.19,14587.45,8826.65,104975.72,12708.99,883332.29,1356794.38,68685.65,5.36,35.04,40.8,448403.97,3679.2
186,82,24600,petrol,15.4,102.77,0.19,7.13,0.571,2.31,164165.06,33325.62,130839.44,3690.0,2668.85,1021.15,4-wheeler,11,300,high,5,0.62,0.38,53.31,70.0,0.66,0.34,0.15,mixed,0.38,21018.83,12525.51,99002.06,14597.47,881351.67,1373141.35,142252.25,2.76,48.63,56.8,810263.31,5105.75
187,61,18300,diesel,16.4,96.16,0.126,7.63,0.677,2.68,107300.49,17593.25,89707.24,2990.49,1561.03,1429.46,fleet/commercial,6,300,high,5,0.56,0.44,72.38,84.1,0.23,0.77,0.34,mixed,0.05,25741.47,17252.99,176755.62,26077.05,1850049.93,2804451.46,103411.13,7.52,68.07,56.1,693811.27,7147.3
188,28,8400,petrol,16.3,106.68,0.185,8.49,0.576,2.31,54976.2,13193.46,41782.74,1190.43,895.1,295.33,4-wheeler,11,300,medium,3,0.23,0.77,58.82,70.0,0.72,0.28,0.12,home/slow-dominant,0.2,20165.1,11590.04,95240.88,13023.47,865525.81,1357177.84,52962.49,7.48,14.06,23.1,360053.33,1476.65
189,80,24000,petrol,16.3,100.05,0.128,7.04,0.745,2.31,147312.88,21626.88,125686.0,3401.23,2288.64,1112.59,4-wheeler,7,300,high,4,0.64,0.36,49.13,83.8,0.56,0.44,0.05,mixed,0.1,16082.78,10373.03,96605.16,11249.0,867110.11,1330831.82,133645.55,2.75,52.98,50.2,764832.91,5562.95
190,68,20400,petrol,15.6,104.7,0.154,8.42,0.751,2.31,136915.38,26452.27,110463.11,3020.77,2359.34,661.43,4-wheeler,5,300,high,5,0.63,0.37,57.14,80.3,0.78,0.22,0.06,home/slow-dominant,0.34,15706.04,10349.71,99388.95,14688.48,892072.25,1379904.32,118757.14,3.27,31.5,42.8,693174.65,3307.15
191,59,17700,petrol,13.4,100.32,0.136,7.41,0.748,2.31,132512.24,17837.35,114674.89,3051.27,1800.59,1250.68,2-wheeler,9,300,high,3,0.35,0.65,3.81,81.6,0.87,0.13,0.01,home/slow-dominant,0.29,10184.01,5297.82,18276.85,2208.47,85075.64,143224.12,120002.77,0.33,59.56,59.6,618290.7,6253.4
192,58,17400,petrol,18.3,104.1,0.171,7.01,0.631,2.31,98980.33,20857.55,78122.78,2196.39,1877.48,318.91,4-wheeler,5,300,high,4,0.33,0.67,26.45,83.8,0.86,0.14,0.03,home/slow-dominant,0.38,16896.54,9408.29,95960.0,13113.38,901368.51,1409339.8,88233.71,4.67,15.19,29.6,537128.55,1594.55
193,106,31800,diesel,19.1,93.97,0.127,8.6,0.578,2.68,156452.67,34731.96,121720.71,4461.99,2334.31,2127.68,fleet/commercial,7,300,high,3,0.52,0.48,66.41,86.2,0.22,0.78,0.58,fast-dominant,0.11,27947.42,17821.96,177043.42,27214.27,1838335.72,2925354.18,137289.02,6.63,101.32,67.7,863488.52,10638.4
194,45,13500,diesel,15.8,92.81,0.128,6.14,0.747,2.68,79299.68,10609.92,68689.76,2289.87,1290.82,999.05,4-wheeler,7,300,medium,3,0.4,0.6,26.82,80.5,0.83,0.17,0.07,home/slow-dominant,0.33,17226.27,10190.05,97716.21,11861.81,840745.22,1367256.34,78098.34,5.49,47.57,54.0,488207.91,4995.25
195,73,21900,petrol,16.2,103.77,0.172,6.27,0.703,2.31,140281.67,23617.84,116663.83,3122.78,2648.06,474.72,4-wheeler,7,300,high,4,0.4,0.6,44.51,80.8,0.83,0.17,0.06,home/slow-dominant,0.37,16257.81,10343.97,104479.73,13109.49,853427.88,1294246.36,125199.57,2.69,22.61,36.7,730477.58,2373.6
196,47,14100,petrol,14.7,99.63,0.188,8.25,0.758,2.31,95563.47,21869.1,73694.37,2215.71,2009.31,206.4,4-wheeler,5,300,medium,4,0.37,0.63,40.33,85.3,0.59,0.41,0.11,mixed,0.36,15971.87,10255.47,104236.85,11962.74,867535.6,1339842.94,81803.32,4.5,9.83,23.5,513253.45,1032.0
197,114,34200,petrol,19.6,101.27,0.184,7.34,0.597,2.31,176705.82,46189.15,130516.67,4030.71,3756.8,273.91,4-wheeler,5,300,high,5,0.45,0.55,45.66,78.7,0.69,0.31,0.1,mixed,0.18,16371.03,9333.92,103261.49,14038.78,875431.68,1387141.23,140361.54,2.91,13.04,21.3,805069.19,1369.55
198,111,33300,diesel,18.7,96.54,0.111,6.09,0.632,2.68,171913.48,22510.47,149403.01,4772.41,2336.06,2436.35,fleet/commercial,2,300,high,3,0.67,0.33,40.5,98.2,0.22,0.78,0.34,mixed,0.07,22757.72,14094.41,178757.52,26257.36,1924001.08,2898259.38,163317.79,4.87,116.02,68.7,995346.47,12181.75
199,89,26700,petrol,15.0,106.09,0.132,8.28,0.693,2.31,188840.2,29182.03,159658.17,4111.8,2442.41,1669.39,fleet/commercial,5,300,high,4,0.55,0.45,49.74,87.6,0.25,0.75,0.52,fast-dominant,0.12,25913.7,16945.08,180566.8,27423.9,1855924.55,2777041.87,174111.57,4.25,79.49,62.1,1051124.65,8346.95
200,79,23700,petrol,13.5,101.75,0.184,8.76,0.599,2.31,178627.78,38200.61,140427.17,4055.33,2612.12,1443.21,fleet/commercial,11,300,high,5,0.56,0.44,64.57,70.0,0.26,0.74,0.37,fast-dominant,0.11,31004.11,19939.54,176450.35,27578.23,1792845.36,2817500.5,157007.39,5.4,68.72,58.1,961487.3,7216.05
201,82,24600,diesel,21.1,94.15,0.132,6.9,0.714,2.68,109767.3,22405.68,87361.62,3124.55,2318.5,806.05,4-wheeler,6,300,high,4,0.47,0.53,58.12,86.3,0.74,0.26,0.08,home/slow-dominant,0.15,17143.79,9740.32,98396.91,13594.93,839832.82,1345877.53,97484.08,4.18,38.38,42.4,585817.31,4030.25
202,112,33600,petrol,15.3,103.04,0.14,6.46,0.726,2.31,226283.92,30387.84,195896.08,5072.94,3415.1,1657.84,2-wheeler,9,300,high,5,0.37,0.63,3.34,79.5,0.84,0.16,0.01,home/slow-dominant,0.26,11977.18,6197.73,23465.58,4401.56,120431.76,163304.23,202555.84,0.1,78.94,66.1,1036244.78,8289.2
203,78,23400,diesel,16.7,92.47,0.111,7.24,0.751,2.68,129568.74,18805.18,110763.56,3755.21,1950.65,1804.56,4-wheeler,6,300,high,4,0.36,0.64,38.13,86.7,0.88,0.12,0.02,home/slow-dominant,0.31,17410.38,10302.29,109695.38,13196.88,875464.22,1331934.02,120511.03,2.88,85.93,70.5,712250.53,9022.8
204,85,25500,diesel,20.5,97.45,0.132,8.75,0.769,2.68,121218.29,29452.5,91765.79,3333.66,2588.45,745.21,fleet/commercial,5,300,high,4,0.5,0.5,75.73,89.9,0.2,0.8,0.45,fast-dominant,0.07,26800.44,16636.7,184714.89,25537.71,1857391.64,2915299.31,107037.07,8.16,35.49,37.7,719900.24,3726.05
205,52,15600,petrol,20.7,100.15,0.135,8.02,0.654,2.31,75475.36,16890.12,58585.24,1740.87,1377.32,363.55,4-wheeler,5,300,medium,3,0.29,0.71,44.94,83.9,0.89,0.11,0.03,home/slow-dominant,0.18,15523.25,9179.24,108752.35,13592.47,869643.95,1323026.89,67647.74,5.09,17.31,26.6,446991.05,1817.75
206,100,30000,petrol,14.1,105.23,0.113,6.01,0.566,2.31,223893.62,20373.9,203519.72,4914.89,1918.74,2996.15,2-wheeler,7,300,high,4,0.56,0.44,3.05,82.5,0.8,0.2,0.02,home/slow-dominant,0.49,9915.05,4552.03,19641.13,5133.15,134287.15,176096.31,209909.37,0.11,142.67,83.9,1069187.98,14980.75
207,110,33000,petrol,17.5,104.45,0.142,7.81,0.761,2.31,196962.86,36597.66,160365.2,4356.0,3566.05,789.95,4-wheeler,9,300,high,4,0.66,0.34,37.61,77.8,0.82,0.18,0.08,home/slow-dominant,0.43,19447.58,11227.52,95497.95,12666.72,890391.24,1373532.95,171118.6,2.27,37.62,49.9,951090.95,3949.75
208,82,24600,petrol,20.7,101.2,0.14,8.62,0.683,2.31,120266.67,29687.28,90579.39,2745.22,2352.25,392.97,4-wheeler,6,300,high,4,0.66,0.34,30.27,84.5,0.67,0.33,0.06,mixed,0.24,16973.14,10449.26,109951.44,12257.64,869030.63,1385659.79,99554.8,4.08,18.71,29.4,607725.44,1964.85
209,12,3600,diesel,19.7,93.89,0.127,8.49,0.717,2.68,17157.56,3881.63,13275.93,489.75,327.81,161.94,2-wheeler,5,300,low,2,0.17,0.83,5.38,86.7,0.78,0.22,0.01,home/slow-dominant,0.37,9439.25,5048.34,11484.28,3053.75,133145.26,161107.24,18277.59,0.9,7.71,21.5,102872.23,809.7
210,109,32700,diesel,17.6,97.21,0.138,7.86,0.705,2.68,180611.76,35469.04,145142.72,4979.32,3181.38,1797.94,4-wheeler,7,300,high,4,0.42,0.58,26.96,84.1,0.85,0.15,0.05,home/slow-dominant,0.5,16082.83,10974.96,105239.63,12741.59,857213.07,1375595.93,152798.91,2.7,85.62,76.0,869234.18,8989.7
211,117,35100,petrol,14.3,99.41,0.143,6.99,0.695,2.31,244006.36,35084.91,208921.45,5670.0,3488.41,2181.59,4-wheeler,9,300,high,4,0.65,0.35,36.13,78.5,0.66,0.34,0.17,mixed,0.12,18402.32,11832.3,98792.54,11294.24,836374.46,1325447.27,217750.32,1.79,103.89,68.5,1187544.14,10907.95
212,111,33300,diesel,20.3,95.23,0.162,6.08,0.661,2.68,156214.73,32799.17,123415.56,4396.26,3565.83,830.43,4-wheeler,1,300,high,5,0.66,0.34,22.98,94.5,0.78,0.22,0.09,home/slow-dominant,0.19,12224.47,7753.07,100879.72,12993.77,889586.93,1385553.97,130485.71,3.03,39.54,44.4,753308.27,4152.15
213,37,11100,diesel,20.9,95.68,0.135,7.97,0.757,2.68,50815.69,11943.05,38872.64,1423.35,1134.36,288.99,4-wheeler,4,300,medium,4,0.29,0.71,30.43,89.2,0.75,0.25,0.11,home/slow-dominant,0.3,14429.56,8851.37,104689.01,12977.26,892039.92,1397352.18,47046.28,8.52,13.76,25.7,339920.41,1444.95
214,54,16200,diesel,17.9,90.38,0.179,8.96,0.665,2.68,81796.42,25982.21,55814.21,2425.47,1928.37,497.1,2-wheeler,5,300,medium,3,0.35,0.65,4.73,83.1,0.86,0.14,0.02,home/slow-dominant,0.46,7584.07,5034.76,16547.31,3853.78,131902.3,230840.89,59134.28,1.39,23.67,40.5,312218.71,2485.5
215,39,11700,petrol,15.8,99.42,0.118,7.02,0.66,2.31,73621.14,9691.81,63929.33,1710.57,911.2,799.37,4-wheeler,6,300,medium,4,0.41,0.59,29.64,86.1,0.72,0.28,0.06,home/slow-dominant,0.09,17001.9,10178.71,98758.19,12451.28,883426.8,1359644.46,73242.78,5.15,38.07,40.3,464972.09,3996.85
216,88,26400,petrol,14.3,106.64,0.154,6.99,0.737,2.31,196873.85,28418.54,168455.31,4264.62,2996.35,1268.27,4-wheeler,8,300,high,4,0.63,0.37,25.04,82.4,0.81,0.19,0.02,home/slow-dominant,0.52,17003.42,10741.03,100016.69,13452.43,870393.18,1374898.41,177408.19,2.28,60.39,67.1,987057.64,6341.35
217,116,34800,petrol,16.6,99.91,0.155,7.91,0.678,2.31,209449.88,42666.54,166783.34,4842.65,3657.13,1185.52,4-wheeler,11,300,high,4,0.7,0.3,40.03,70.0,0.58,0.42,0.18,mixed,0.2,20829.86,11689.72,100123.22,14512.87,900722.95,1365222.64,178826.05,2.04,56.45,54.9,994253.47,5927.6
218,82,24600,diesel,15.6,97.02,0.153,6.08,0.63,2.68,152993.08,22883.9,130109.18,4226.15,2371.19,1854.96,4-wheeler,9,300,high,5,0.36,0.64,22.38,80.5,0.78,0.22,0.06,home/slow-dominant,0.23,19214.22,11806.73,109389.86,14821.88,860655.76,1384422.31,140481.05,2.95,88.33,68.9,811795.11,9274.8
219,93,27900,petrol,20.1,101.25,0.123,7.71,0.592,2.31,140541.04,26458.41,114082.63,3206.42,2031.57,1174.85,4-wheeler,4,300,high,4,0.66,0.34,25.22,90.9,0.86,0.14,0.06,home/slow-dominant,0.22,14401.93,8783.96,106979.2,13334.45,878388.38,1334494.95,122367.49,2.85,55.95,55.1,718816.65,5874.25
220,40,12000,petrol,15.9,106.44,0.147,7.48,0.759,2.31,80332.08,13194.72,67137.36,1743.4,1338.88,404.52,4-wheeler,9,300,medium,2,0.3,0.7,52.69,74.2,0.57,0.43,0.11,mixed,0.11,18156.8,11221.33,101878.23,11170.36,884777.14,1413945.73,76306.9,5.6,19.26,26.0,483412.73,2022.6
221,109,32700,diesel,17.0,95.68,0.175,7.44,0.683,2.68,184043.29,42575.4,141467.89,5155.06,3908.47,1246.59,4-wheeler,10,300,high,5,0.69,0.31,51.32,74.1,0.6,0.4,0.19,mixed,0.32,19809.27,12002.31,97997.31,14876.94,896759.02,1403875.72,152250.24,2.69,59.36,60.4,859248.51,6232.95
222,30,9000,petrol,14.4,100.73,0.121,6.99,0.564,2.31,62956.25,7612.11,55344.14,1443.75,614.2,829.55,4-wheeler,10,300,medium,3,0.13,0.87,56.78,78.1,0.8,0.2,0.03,home/slow-dominant,0.5,20129.21,11873.14,107165.24,13823.45,850603.5,1369456.08,66364.9,6.2,39.5,53.6,438989.74,4147.75
223,65,19500,diesel,17.1,90.61,0.188,8.86,0.599,2.68,103327.19,32480.76,70846.43,3056.14,2195.93,860.21,2-wheeler,7,300,high,5,0.65,0.35,4.99,78.1,0.85,0.15,0.01,home/slow-dominant,0.28,10653.57,5082.1,12357.74,2843.85,119434.16,224470.27,76986.67,1.2,40.96,48.2,397291.09,4301.05
224,62,18600,petrol,12.0,106.59,0.18,7.31,0.693,2.31,165214.5,24473.88,140740.62,3580.5,2320.16,1260.34,4-wheeler,9,300,high,5,0.37,0.63,47.96,75.4,0.69,0.31,0.08,mixed,0.43,19595.13,11919.1,98156.93,11588.63,859737.09,1305321.68,150734.38,2.3,60.02,64.1,851828.83,6301.7
225,102,30600,petrol,15.2,101.1,0.123,6.54,0.777,2.31,203530.26,24615.25,178915.01,4650.39,2924.47,1725.92,4-wheeler,9,300,high,3,0.47,0.53,23.99,80.5,0.6,0.4,0.11,mixed,0.33,19865.72,10788.9,100490.2,11573.67,870698.2,1334983.58,190306.56,1.91,82.19,69.5,1052023.0,8629.6
226,52,15600,diesel,15.4,92.48,0.124,7.48,0.637,2.68,93681.04,14469.31,79211.73,2714.81,1232.21,1482.6,2-wheeler,9,300,medium,4,0.37,0.63,4.74,78.5,0.87,0.13,0.01,home/slow-dominant,0.32,11445.32,5723.69,23205.22,2170.98,133642.2,244781.79,85367.56,1.03,70.6,65.0,450043.02,7413.0
227,85,25500,petrol,20.3,107.4,0.139,6.62,0.745,2.31,134911.33,23464.59,111446.74,2901.72,2640.65,261.07,fleet/commercial,6,300,high,4,0.69,0.31,82.28,86.5,0.2,0.8,0.43,fast-dominant,0.09,27480.77,16625.24,176976.8,24182.29,1899010.73,2975266.86,127138.73,7.07,12.43,18.0,812670.45,1305.35
228,71,21300,diesel,22.2,96.44,0.167,8.24,0.568,2.68,92530.27,29310.5,63219.77,2571.35,2020.43,550.92,4-wheeler,5,300,high,4,0.64,0.36,52.37,83.4,0.72,0.28,0.04,home/slow-dominant,0.24,16490.43,9948.9,96833.51,14608.62,868976.8,1378424.47,72683.02,5.68,26.23,36.0,460248.61,2754.6
229,83,24900,diesel,21.0,96.85,0.173,7.59,0.717,2.68,114836.43,32695.44,82140.99,3177.71,3088.62,89.09,fleet/commercial,6,300,high,4,0.65,0.35,65.42,81.8,0.46,0.54,0.38,fast-dominant,0.19,27447.2,17754.73,182409.62,26163.07,1924102.17,2963386.05,97066.07,8.83,4.24,12.4,667739.97,445.45
230,105,31500,diesel,19.8,94.16,0.157,6.89,0.567,2.68,149800.0,34074.49,115725.51,4263.64,2804.1,1459.54,4-wheeler,4,300,high,5,0.68,0.32,30.85,82.5,0.64,0.36,0.17,mixed,0.08,13827.9,9769.85,99146.16,13799.84,873083.3,1369411.25,122543.53,3.24,69.5,57.6,711863.81,7297.7
231,55,16500,petrol,17.7,105.53,0.164,6.94,0.569,2.31,98375.42,18779.64,79595.78,2153.39,1539.71,613.68,4-wheeler,9,300,medium,2,0.38,0.62,54.12,75.8,0.72,0.28,0.04,home/slow-dominant,0.35,19868.17,12064.56,103530.92,14312.43,887538.02,1350315.62,90261.88,3.98,29.22,41.4,554840.32,3068.4
232,87,26100,petrol,13.3,107.1,0.126,7.98,0.609,2.31,210173.68,26243.03,183930.65,4533.16,2002.76,2530.4,4-wheeler,10,300,high,4,0.48,0.52,49.63,76.0,0.9,0.1,0.05,home/slow-dominant,0.12,19436.47,11124.97,101774.55,14166.16,895718.44,1421247.65,195075.38,2.17,120.5,71.2,1077151.45,12652.0
233,72,21600,diesel,16.2,91.41,0.123,7.91,0.668,2.68,121880.0,21015.29,100864.71,3573.33,1774.74,1798.59,4-wheeler,11,300,high,4,0.37,0.63,59.27,78.7,0.79,0.21,0.11,home/slow-dominant,0.43,20965.64,11228.88,101524.39,14530.42,869892.95,1372989.0,113507.55,3.54,85.65,73.9,669062.14,8992.95
234,84,25200,diesel,18.2,89.79,0.137,6.81,0.563,2.68,124324.62,23510.84,100813.78,3710.77,1943.7,1767.07,4-wheeler,5,300,high,4,0.42,0.58,27.92,88.2,0.84,0.16,0.02,home/slow-dominant,0.47,14855.29,9432.33,96679.59,14869.02,890276.94,1389879.22,109210.54,3.69,84.15,74.5,642732.29,8835.35
235,118,35400,petrol,12.1,107.99,0.16,7.95,0.688,2.31,315937.69,45028.8,270908.89,6758.18,3896.83,2861.35,4-wheeler,13,300,high,4,0.43,0.57,30.58,70.0,0.7,0.3,0.07,home/slow-dominant,0.16,21500.26,12714.48,97115.75,12756.28,876033.63,1395381.95,282245.93,1.5,136.25,73.6,1508345.4,14306.75
236,36,10800,petrol,12.6,102.79,0.171,6.69,0.589,2.31,88105.71,12355.09,75750.62,1980.0,1087.77,892.23,4-wheeler,10,300,medium,2,0.4,0.6,30.05,72.9,0.82,0.18,0.05,home/slow-dominant,0.23,18951.51,12379.89,107316.18,14801.34,868669.5,1314168.77,85282.51,3.97,42.49,47.8,533728.73,4461.15
237,93,27900,petrol,15.2,107.15,0.188,8.78,0.765,2.31,196676.64,46052.86,150623.78,4240.07,4012.58,227.49,4-wheeler,7,300,high,4,0.44,0.56,52.12,74.4,0.56,0.44,0.2,mixed,0.2,16749.98,11005.18,108288.24,13893.16,898341.73,1399000.04,159147.21,2.47,10.83,19.6,904024.29,1137.45
238,43,12900,petrol,16.7,104.76,0.162,8.14,0.558,2.31,80922.4,17010.97,63911.43,1784.37,1166.11,618.26,2-wheeler,6,300,medium,3,0.41,0.59,2.65,85.0,0.78,0.22,0.0,home/slow-dominant,0.33,8095.81,5603.17,13520.25,1782.67,143694.4,181163.67,66760.6,0.36,29.44,41.1,347323.25,3091.3
239,103,30900,diesel,22.6,95.67,0.178,6.01,0.762,2.68,130805.44,33056.2,97749.24,3664.25,4191.15,-526.9,4-wheeler,3,300,high,5,0.41,0.59,24.53,90.4,0.62,0.38,0.15,mixed,0.16,14983.83,8137.67,96701.91,13727.13,837306.47,1361400.18,107340.83,3.98,-25.09,5.0,633406.06,-2634.5
240,54,16200,petrol,12.4,104.29,0.129,8.22,0.582,2.31,136249.84,17178.16,119071.68,3017.9,1216.26,1801.64,2-wheeler,11,300,medium,3,0.35,0.65,5.49,75.5,0.84,0.16,0.03,home/slow-dominant,0.36,11572.18,7052.25,10801.25,4246.87,91079.62,188948.33,124440.98,0.7,85.79,71.9,633006.15,9008.2
241,53,15900,diesel,14.5,95.82,0.172,6.86,0.703,2.68,105071.59,18760.73,86310.86,2938.76,1922.56,1016.2,fleet/commercial,10,300,medium,3,0.46,0.54,41.24,74.9,0.49,0.51,0.24,mixed,0.13,29050.01,18756.98,184124.46,27623.44,1920829.64,2959657.73,102128.58,8.37,48.39,48.9,694767.36,5081.0
242,10,3000,diesel,15.7,89.26,0.165,6.47,0.689,2.68,17056.05,3202.65,13853.4,512.1,341.05,171.05,fleet/commercial,7,300,low,3,0.07,0.93,81.76,78.1,0.29,0.71,0.5,fast-dominant,0.04,26468.59,17127.68,185730.3,25491.73,1806658.26,2836811.98,28292.66,20.0,8.15,12.3,327193.6,855.25
243,28,8400,petrol,17.0,105.24,0.152,7.24,0.565,2.31,52000.94,9244.03,42756.91,1141.41,721.39,420.02,4-wheeler,7,300,medium,2,0.16,0.84,35.88,79.2,0.78,0.22,0.09,home/slow-dominant,0.08,17463.69,10634.15,100592.15,13339.65,901681.49,1379979.34,52254.38,7.23,20.0,25.4,361864.05,2100.1
244,20,6000,petrol,13.5,100.49,0.18,6.98,0.68,2.31,44662.22,7538.4,37123.82,1026.67,734.4,292.27,2-wheeler,13,300,low,3,0.12,0.88,4.95,70.0,0.91,0.09,0.01,home/slow-dominant,0.14,13660.21,7959.26,20195.14,1548.75,111013.76,175871.01,43134.52,1.04,13.92,21.2,235867.74,1461.35
245,47,14100,petrol,19.0,99.71,0.164,6.43,0.772,2.31,73995.32,14868.73,59126.59,1714.26,1785.17,-70.91,2-wheeler,9,300,medium,3,0.29,0.71,3.94,75.8,0.88,0.12,0.01,home/slow-dominant,0.47,10671.6,6274.75,20694.38,2828.3,86170.39,191452.69,64089.1,1.32,-3.38,16.5,341139.88,-354.55
246,26,7800,petrol,18.1,101.82,0.177,6.9,0.769,2.31,43878.23,9526.14,34352.09,995.47,1061.68,-66.21,4-wheeler,7,300,medium,4,0.08,0.92,56.26,77.0,0.68,0.32,0.13,mixed,0.43,17222.01,10380.38,109030.13,11248.97,900188.71,1430000.55,43443.51,9.69,-3.15,15.4,326247.68,-331.05
247,48,14400,diesel,14.7,91.53,0.146,7.14,0.555,2.68,89662.04,15011.14,74650.9,2625.31,1166.83,1458.48,4-wheeler,9,300,medium,3,0.29,0.71,57.2,78.2,0.75,0.25,0.05,home/slow-dominant,0.25,19116.45,10467.09,95973.1,13087.49,878888.74,1386495.98,85917.76,4.79,69.45,62.6,525561.9,7292.4
248,101,30300,petrol,19.6,100.74,0.177,6.35,0.698,2.31,155735.82,34055.68,121680.14,3571.07,3743.44,-172.37,fleet/commercial,6,300,high,3,0.45,0.55,40.45,80.6,0.29,0.71,0.36,fast-dominant,0.11,25591.13,17105.35,177884.38,27269.79,1818440.86,2848621.92,135619.88,6.28,-8.21,4.6,855983.78,-861.85
249,75,22500,petrol,19.6,100.39,0.149,8.07,0.704,2.31,115243.62,27054.67,88188.95,2651.79,2360.16,291.63,fleet/commercial,6,300,high,4,0.43,0.57,43.77,81.3,0.18,0.82,0.52,fast-dominant,0.03,25721.23,16771.4,176027.89,24825.77,1892205.92,2971459.75,102103.93,8.85,13.89,17.8,686547.54,1458.15
250,117,35100,petrol,13.2,103.33,0.132,7.64,0.633,2.31,274763.86,35397.65,239366.21,6142.5,2932.82,3209.68,fleet/commercial,8,300,high,5,0.4,0.6,52.52,82.0,0.55,0.45,0.31,mixed,0.22,27393.22,16902.11,188019.91,26109.76,1922080.8,3009158.76,255079.27,3.52,152.84,76.1,1463416.26,16048.4
251,98,29400,diesel,19.1,94.4,0.113,7.36,0.632,2.68,145306.81,24451.39,120855.42,4125.24,2099.63,2025.61,4-wheeler,5,300,high,4,0.44,0.56,47.43,91.6,0.59,0.41,0.22,mixed,0.11,16887.0,8862.71,106888.81,11816.03,900162.51,1418344.96,131242.92,3.13,96.46,66.9,763103.41,10128.05
252,100,30000,petrol,13.3,100.59,0.187,7.1,0.563,2.31,226894.74,39831.0,187063.74,5210.53,3158.43,2052.1,4-wheeler,6,300,high,3,0.47,0.53,55.75,79.1,0.58,0.42,0.07,mixed,0.25,16253.17,9790.81,103619.63,11482.75,839779.25,1355915.83,195822.65,2.11,97.72,71.2,1082732.88,10260.5
253,37,11100,petrol,16.3,104.77,0.154,8.1,0.761,2.31,71346.44,13846.14,57500.3,1573.07,1300.85,272.22,4-wheeler,8,300,medium,3,0.23,0.77,39.48,80.6,0.86,0.14,0.06,home/slow-dominant,0.53,18237.58,10599.52,96254.95,13043.99,880560.88,1354800.88,67747.16,5.58,12.96,31.4,434990.75,1361.1
254,16,4800,diesel,16.4,90.7,0.17,7.45,0.695,2.68,26546.34,6079.2,20467.14,784.39,567.12,217.27,2-wheeler,9,300,low,2,0.17,0.83,4.12,71.8,0.82,0.18,0.01,home/slow-dominant,0.17,10629.7,5970.96,14099.69,1816.59,84238.6,170229.24,25489.2,2.82,10.35,18.4,141545.69,1086.35
255,14,4200,petrol,20.4,102.85,0.13,8.14,0.634,2.31,21175.0,4444.44,16730.56,475.59,346.16,129.43,2-wheeler,4,300,low,2,0.08,0.92,2.66,90.9,0.9,0.1,0.01,home/slow-dominant,0.47,7477.1,3867.29,14465.8,3849.42,104615.13,171715.0,21110.25,2.49,6.16,22.2,120017.05,647.15
256,108,32400,petrol,14.8,102.93,0.142,6.81,0.589,2.31,225333.24,31331.45,194001.79,5057.03,2709.87,2347.16,4-wheeler,11,300,high,4,0.63,0.37,52.59,70.8,0.67,0.33,0.17,mixed,0.08,19227.89,12617.9,103411.15,11125.35,886129.63,1408189.34,202836.85,2.06,111.77,68.4,1117595.4,11735.8
257,12,3600,petrol,14.4,105.88,0.174,7.6,0.697,2.31,26470.0,4760.64,21709.36,577.5,436.6,140.9,4-wheeler,7,300,low,3,0.27,0.73,58.76,75.9,0.69,0.31,0.15,mixed,0.21,16133.38,10863.3,98870.66,11426.86,896907.77,1377461.51,29264.81,13.04,6.71,15.0,245194.71,704.5
258,63,18900,diesel,16.9,94.29,0.144,8.99,0.578,2.68,105448.58,24467.18,80981.4,2997.16,1573.08,1424.08,4-wheeler,5,300,high,4,0.47,0.53,32.21,84.9,0.64,0.36,0.12,mixed,0.1,15674.96,9991.01,96094.4,13199.99,864083.74,1325663.91,89305.35,4.09,67.81,57.5,542621.15,7120.4
259,68,20400,petrol,17.5,102.85,0.14,6.96,0.708,2.31,119893.71,19877.76,100015.95,2692.8,2022.05,670.75,4-wheeler,7,300,high,3,0.65,0.35,40.8,80.3,0.67,0.33,0.07,mixed,0.2,17006.78,10358.21,105961.43,13365.63,862932.01,1312926.18,109337.65,3.15,31.94,38.9,652649.68,3353.75
260,41,12300,petrol,14.3,105.77,0.186,8.54,0.62,2.31,90976.99,19537.81,71439.18,1986.92,1418.44,568.48,2-wheeler,11,300,medium,3,0.48,0.52,2.3,70.0,0.84,0.16,0.03,home/slow-dominant,0.16,11878.51,7380.55,14486.2,1615.95,152832.91,229485.48,76260.33,0.82,27.07,34.1,395787.85,2842.4
261,109,32700,petrol,14.7,102.95,0.142,7.19,0.728,2.31,229011.22,33386.05,195625.17,5138.57,3380.4,1758.17,4-wheeler,12,300,high,3,0.38,0.62,43.25,70.5,0.8,0.2,0.05,home/slow-dominant,0.24,21450.24,13171.64,101785.61,13293.51,844585.44,1316337.98,206562.47,1.79,83.72,67.4,1134597.96,8790.85
262,16,4800,petrol,19.5,107.96,0.173,7.0,0.77,2.31,26574.77,5812.8,20761.97,568.62,639.41,-70.79,fleet/commercial,5,300,low,2,0.06,0.94,65.14,84.3,0.35,0.65,0.52,fast-dominant,0.12,26932.97,16419.32,176915.0,27354.01,1875261.46,2877167.44,36746.42,20.0,-3.37,6.0,360647.1,-353.95
263,67,20100,petrol,19.1,100.07,0.125,8.15,0.736,2.31,105309.27,20476.88,84832.39,2430.94,1849.2,581.74,4-wheeler,8,300,high,4,0.46,0.54,27.49,81.2,0.88,0.12,0.04,home/slow-dominant,0.23,17749.55,11062.56,107038.22,13889.26,837662.75,1363238.45,94297.23,4.44,27.7,36.6,578524.37,2908.7
264,98,29400,petrol,12.6,102.1,0.152,8.62,0.693,2.31,238233.33,38521.06,199712.27,5390.0,3096.88,2293.12,4-wheeler,10,300,high,3,0.55,0.45,38.8,71.0,0.56,0.44,0.24,mixed,0.26,19798.94,11845.36,103482.98,11524.74,855653.18,1297109.8,209970.8,1.61,109.2,73.0,1153336.98,11465.6
265,76,22800,petrol,17.9,105.66,0.184,8.75,0.653,2.31,134583.69,36708.0,97875.69,2942.35,2739.47,202.88,fleet/commercial,6,300,high,4,0.63,0.37,56.71,81.4,0.35,0.65,0.49,fast-dominant,0.21,27611.14,16898.38,188523.78,26369.9,1797613.26,2809454.19,113862.43,7.23,9.66,18.8,757835.93,1014.4
266,39,11700,diesel,21.7,93.51,0.135,6.39,0.572,2.68,50417.83,10093.0,40324.83,1444.98,903.47,541.51,4-wheeler,6,300,medium,2,0.21,0.79,41.83,83.3,0.75,0.25,0.13,home/slow-dominant,0.24,17295.68,10351.33,102432.07,13689.01,845333.91,1289089.15,50006.98,6.83,25.79,35.9,352466.97,2707.55
267,26,7800,petrol,17.3,106.58,0.117,6.52,0.761,2.31,48053.41,5950.15,42103.26,1041.5,694.49,347.01,4-wheeler,8,300,medium,4,0.29,0.71,44.25,82.6,0.87,0.13,0.05,home/slow-dominant,0.18,17912.53,10149.74,109121.39,11148.92,863471.98,1359520.49,52095.83,7.43,16.52,25.6,369600.54,1735.05
268,25,7500,petrol,16.6,103.96,0.164,6.77,0.7,2.31,46969.88,8327.1,38642.78,1043.67,861.0,182.67,4-wheeler,5,300,low,3,0.2,0.8,22.32,84.6,0.57,0.43,0.13,mixed,0.14,16319.97,9261.74,108378.02,14421.39,843387.99,1311587.49,48585.29,7.41,8.7,15.8,351304.47,913.35
269,85,25500,diesel,19.4,93.84,0.151,6.22,0.762,2.68,123346.39,23950.11,99396.28,3522.68,2934.08,588.6,4-wheeler,8,300,high,3,0.4,0.6,50.92,79.1,0.75,0.25,0.12,home/slow-dominant,0.43,17107.52,10403.68,103646.9,14625.07,866332.05,1320683.46,109025.13,3.22,28.03,42.9,648772.55,2943.0
270,77,23100,petrol,14.8,106.31,0.143,6.24,0.773,2.31,165929.8,20612.59,145317.21,3605.47,2553.45,1052.02,4-wheeler,11,300,high,5,0.57,0.43,49.09,75.2,0.85,0.15,0.05,home/slow-dominant,0.35,20279.05,11864.58,109008.4,14401.81,872955.54,1320624.81,156612.04,2.16,50.1,56.5,892068.6,5260.1
271,93,27900,petrol,18.8,106.53,0.174,6.24,0.65,2.31,158095.05,30292.7,127802.35,3428.14,3155.49,272.65,fleet/commercial,5,300,high,4,0.45,0.55,58.31,83.5,0.25,0.75,0.36,fast-dominant,0.09,25219.74,16143.6,179846.33,27298.53,1792675.55,2791840.98,142338.2,5.76,12.98,18.4,891537.33,1363.25
272,103,30900,petrol,19.5,99.99,0.125,8.91,0.572,2.31,158445.69,34414.88,124030.81,3660.46,2209.35,1451.11,fleet/commercial,6,300,high,4,0.52,0.48,42.65,84.5,0.5,0.5,0.33,mixed,0.09,25686.79,17002.05,180484.63,26979.86,1825903.0,2735931.5,138111.52,5.28,69.1,57.7,871042.23,7255.55
273,78,23400,petrol,16.9,106.06,0.153,6.34,0.715,2.31,146852.31,22698.47,124153.84,3198.46,2559.84,638.62,fleet/commercial,8,300,high,3,0.38,0.62,77.75,82.8,0.16,0.84,0.34,mixed,0.06,27823.07,18137.07,175682.17,26533.73,1854945.58,2937125.13,139146.59,6.51,30.41,33.6,871415.12,3193.1
274,15,4500,petrol,15.5,100.81,0.19,7.51,0.559,2.31,29267.42,6421.05,22846.37,670.65,477.95,192.7,4-wheeler,8,300,low,2,0.21,0.79,58.3,74.4,0.81,0.19,0.09,home/slow-dominant,0.21,17114.43,11538.58,103838.01,13714.51,889314.43,1402719.87,31165.12,13.14,9.18,18.4,259663.61,963.5
275,46,13800,diesel,15.9,97.15,0.113,7.24,0.637,2.68,84318.87,11290.06,73028.81,2326.04,993.34,1332.7,4-wheeler,7,300,medium,3,0.45,0.55,31.13,85.1,0.88,0.12,0.04,home/slow-dominant,0.54,17727.56,9978.2,105828.86,14225.58,900393.55,1427930.05,83623.29,5.04,63.46,68.8,523945.31,6663.5
276,51,15300,petrol,14.4,104.39,0.185,8.6,0.656,2.31,110914.38,24342.3,86572.08,2454.38,1856.81,597.57,4-wheeler,8,300,medium,3,0.3,0.7,34.29,76.5,0.78,0.22,0.11,home/slow-dominant,0.46,17894.98,11757.02,106602.79,13649.99,892243.49,1387000.21,95440.04,4.07,28.46,44.2,583802.99,2987.85
277,58,17400,diesel,18.2,95.96,0.137,6.91,0.694,2.68,91741.98,16472.06,75269.92,2562.2,1654.36,907.84,4-wheeler,6,300,high,3,0.51,0.49,28.98,85.3,0.7,0.3,0.16,home/slow-dominant,0.1,16574.75,9985.17,97247.24,12310.91,862406.94,1318754.83,84321.68,4.26,43.23,44.5,518855.64,4539.2
278,10,3000,diesel,22.8,89.76,0.135,6.49,0.629,2.68,11810.53,2628.45,9182.08,352.63,254.75,97.88,4-wheeler,6,300,low,1,0.12,0.88,43.92,85.8,0.57,0.43,0.05,mixed,0.22,15651.3,9649.04,101662.39,12503.84,886499.49,1416044.99,17685.11,20.0,4.66,13.5,190087.94,489.4
279,98,29400,petrol,15.8,104.33,0.184,7.96,0.699,2.31,194133.04,43060.42,151072.62,4298.35,3781.31,517.04,4-wheeler,9,300,high,4,0.51,0.49,27.88,77.5,0.87,0.13,0.04,home/slow-dominant,0.19,17885.45,11811.86,97652.95,14588.23,870051.9,1375183.04,160063.86,2.55,24.62,33.2,897972.25,2585.2
280,42,12600,petrol,18.7,106.89,0.124,8.47,0.675,2.31,72022.14,13233.53,58788.61,1556.47,1054.62,501.85,4-wheeler,5,300,medium,3,0.51,0.49,35.54,88.0,0.71,0.29,0.08,home/slow-dominant,0.23,15950.2,9717.8,104931.91,11068.49,872131.93,1351005.94,67234.71,5.56,23.9,33.7,441105.46,2509.25
281,86,25800,petrol,16.9,104.87,0.169,7.7,0.608,2.31,160097.4,33573.54,126523.86,3526.51,2651.0,875.51,fleet/commercial,9,300,high,4,0.55,0.45,74.85,73.7,0.16,0.84,0.32,mixed,0.09,29914.02,18863.84,177369.2,26795.28,1852700.43,2848671.61,142933.1,5.73,41.69,43.0,892034.7,4377.55
282,110,33000,petrol,17.9,99.54,0.121,7.93,0.71,2.31,183509.5,31664.49,151845.01,4258.66,2835.03,1423.63,4-wheeler,1,300,high,4,0.58,0.42,43.28,97.9,0.79,0.21,0.1,home/slow-dominant,0.31,11781.0,6968.82,108562.46,14819.11,862517.17,1369906.77,159621.01,2.5,67.79,63.8,906667.51,7118.15
283,36,10800,diesel,18.3,93.09,0.185,8.44,0.647,2.68,54938.36,16863.12,38075.24,1581.64,1292.71,288.93,4-wheeler,8,300,medium,4,0.25,0.75,36.69,76.7,0.72,0.28,0.06,home/slow-dominant,0.2,17485.76,10914.32,98459.52,13824.91,900570.4,1420030.08,47411.66,8.88,13.76,22.5,335517.82,1444.65
284,53,15900,petrol,15.1,103.26,0.148,8.6,0.649,2.31,108730.73,20237.52,88493.21,2432.38,1527.23,905.15,2-wheeler,5,300,medium,4,0.5,0.5,3.47,82.6,0.78,0.22,0.01,home/slow-dominant,0.17,9136.7,5198.93,14371.03,5475.65,97077.4,202709.23,93526.11,0.98,43.1,46.5,482001.58,4525.75
285,16,4800,petrol,16.1,103.55,0.156,8.14,0.572,2.31,30872.05,6095.23,24776.82,688.7,428.31,260.39,4-wheeler,7,300,low,2,0.29,0.71,43.36,76.3,0.62,0.38,0.16,mixed,0.33,16223.45,10641.46,107763.59,13750.18,860616.34,1328454.03,33108.85,10.88,12.4,25.1,273307.84,1301.95
286,40,12000,petrol,18.1,105.52,0.165,6.5,0.59,2.31,69958.01,12870.0,57088.01,1531.49,1168.2,363.29,2-wheeler,4,300,medium,4,0.44,0.56,2.02,84.6,0.76,0.24,0.02,home/slow-dominant,0.34,8402.13,4463.52,16877.01,1637.45,134506.7,186929.37,61354.11,0.58,17.3,31.3,323647.56,1816.45
287,117,35100,diesel,14.6,92.04,0.159,7.45,0.667,2.68,221274.25,41577.71,179696.54,6443.01,3722.46,2720.55,4-wheeler,6,300,high,4,0.64,0.36,24.98,78.9,0.75,0.25,0.12,home/slow-dominant,0.27,16558.29,10295.69,95359.94,14308.04,838972.48,1312598.08,188820.75,2.0,129.55,76.6,1039463.69,13602.75
288,31,9300,petrol,16.9,102.59,0.156,6.96,0.749,2.31,56454.85,10097.57,46357.28,1271.18,1086.65,184.53,4-wheeler,9,300,medium,3,0.47,0.53,55.49,75.0,0.77,0.23,0.09,home/slow-dominant,0.17,18529.84,11947.77,102418.79,12138.52,889109.92,1358536.18,55367.05,6.63,8.79,16.9,379254.04,922.65
289,34,10200,petrol,19.6,104.23,0.127,6.23,0.75,2.31,54242.14,8070.34,46171.8,1202.14,971.55,230.59,4-wheeler,5,300,medium,3,0.47,0.53,24.96,89.2,0.73,0.27,0.14,home/slow-dominant,0.21,15293.23,8945.3,96268.15,12784.23,882216.93,1381627.68,55076.58,7.32,10.98,20.1,371651.05,1152.95
290,54,16200,petrol,17.6,100.98,0.178,8.89,0.684,2.31,92947.5,25635.2,67312.3,2126.25,1972.38,153.87,4-wheeler,7,300,medium,3,0.31,0.69,48.86,75.9,0.84,0.16,0.04,home/slow-dominant,0.53,16763.08,10775.76,109780.17,12248.37,890030.2,1410771.94,75749.29,5.43,7.33,25.6,488526.62,769.35
291,55,16500,diesel,16.3,94.41,0.168,6.05,0.679,2.68,95568.4,16770.6,78797.8,2712.88,1882.19,830.69,2-wheeler,7,300,medium,4,0.34,0.66,5.22,76.0,0.95,0.05,0.01,home/slow-dominant,0.37,9283.93,5047.18,18821.67,2574.22,112442.34,152421.22,83549.39,0.25,39.56,49.9,436568.62,4153.45
292,98,29400,petrol,12.5,107.58,0.179,7.74,0.719,2.31,253028.16,40732.52,212295.64,5433.12,3783.81,1649.31,2-wheeler,11,300,high,4,0.52,0.48,2.95,70.0,0.89,0.11,0.02,home/slow-dominant,0.29,13673.53,7654.34,13847.99,3225.62,103919.43,167814.48,218959.95,0.23,78.54,66.7,1108647.74,8246.55
293,45,13500,petrol,17.7,102.97,0.186,7.28,0.725,2.31,78536.44,18280.08,60256.36,1761.86,1820.47,-58.61,4-wheeler,7,300,medium,3,0.54,0.46,36.08,78.4,0.55,0.45,0.06,mixed,0.21,17787.11,10901.15,103455.77,12515.01,888541.86,1329722.85,69645.32,4.85,-2.79,9.0,451682.37,-293.05
294,84,25200,diesel,17.7,94.73,0.17,6.95,0.589,2.68,134869.83,29773.8,105096.03,3815.59,2523.28,1292.31,4-wheeler,4,300,high,4,0.52,0.48,43.62,81.8,0.79,0.21,0.11,home/slow-dominant,0.42,15407.34,8578.54,96153.01,13533.35,858683.9,1368869.74,114631.5,3.61,61.54,64.3,669310.51,6461.55
295,34,10200,petrol,17.7,105.46,0.151,6.74,0.762,2.31,60773.56,10380.95,50392.61,1331.19,1173.63,157.56,2-wheeler,8,300,medium,2,0.53,0.47,5.09,80.3,0.85,0.15,0.0,home/slow-dominant,0.24,11217.0,6066.27,21998.37,4752.6,130314.33,221170.93,56493.86,1.22,7.5,17.3,304467.67,787.8
296,13,3900,petrol,18.7,105.51,0.175,6.23,0.766,2.31,22004.76,4251.98,17752.78,481.76,522.79,-41.03,2-wheeler,5,300,low,3,0.14,0.86,5.3,84.0,0.88,0.12,0.0,home/slow-dominant,0.17,7667.08,4413.5,23879.92,2688.35,140885.81,236377.02,21544.03,3.32,-1.95,8.0,131600.07,-205.15
297,38,11400,diesel,15.3,90.91,0.163,8.24,0.622,2.68,67736.86,15311.57,52425.29,1996.86,1155.8,841.06,4-wheeler,5,300,medium,3,0.47,0.53,50.1,85.7,0.78,0.22,0.07,home/slow-dominant,0.33,16033.3,8863.56,108116.67,11854.88,886163.74,1365733.28,61966.01,5.99,40.05,49.0,417946.72,4205.3
298,65,19500,diesel,16.9,94.84,0.171,7.24,0.697,2.68,109430.77,24141.78,85288.99,3092.31,2324.15,768.16,4-wheeler,6,300,high,4,0.65,0.35,25.29,83.1,0.67,0.33,0.09,mixed,0.31,16404.16,9816.85,100126.36,13667.58,908769.87,1399986.46,94609.82,4.13,36.58,46.2,573175.46,3840.8
299,49,14700,petrol,18.4,106.42,0.152,6.56,0.744,2.31,85020.33,14657.66,70362.67,1845.49,1662.39,183.1,4-wheeler,9,300,medium,3,0.44,0.56,47.43,80.8,0.87,0.13,0.02,home/slow-dominant,0.43,19427.86,10620.77,99886.52,13681.28,850207.69,1316560.85,81906.02,4.47,8.72,24.6,509416.62,915.5
300,96,28800,petrol,15.2,106.85,0.167,6.67,0.693,2.31,202452.63,32080.03,170372.6,4376.84,3333.05,1043.79,2-wheeler,10,300,high,4,0.46,0.54,3.44,71.6,0.78,0.22,0.02,home/slow-dominant,0.46,11542.21,6784.9,10526.31,5104.52,132017.18,240243.75,176150.81,0.55,49.7,59.6,891280.36,5218.95
301,104,31200,petrol,20.5,100.39,0.121,6.03,0.661,2.31,152788.68,22764.46,130024.22,3515.71,2495.41,1020.3,2-wheeler,4,300,high,3,0.51,0.49,3.65,91.3,0.9,0.1,0.01,home/slow-dominant,0.27,7843.63,3649.94,19771.01,1563.78,93404.01,125815.19,134530.67,0.09,48.59,53.4,692424.36,5101.5
302,108,32400,petrol,12.7,102.71,0.128,7.24,0.594,2.31,262031.81,30025.73,232006.08,5893.23,2463.44,3429.79,4-wheeler,9,300,high,4,0.62,0.38,23.87,78.4,0.55,0.45,0.1,mixed,0.08,19667.31,11611.43,103023.57,14412.16,901114.83,1423489.85,242944.39,1.73,163.32,72.3,1317745.52,17148.95
303,90,27000,petrol,14.3,99.07,0.114,7.46,0.648,2.31,187055.24,22961.88,164093.36,4361.54,1994.54,2367.0,4-wheeler,8,300,high,4,0.39,0.61,29.26,83.1,0.87,0.13,0.07,home/slow-dominant,0.55,17765.16,11083.74,101890.2,13084.01,855728.45,1329684.17,173391.58,2.15,112.71,82.7,968848.1,11835.0
304,31,9300,diesel,17.5,92.96,0.16,7.21,0.731,2.68,49401.6,10728.48,38673.12,1424.23,1087.73,336.5,4-wheeler,10,300,medium,3,0.46,0.54,52.04,76.3,0.59,0.41,0.1,mixed,0.2,18459.89,11856.25,108614.46,13485.21,884514.1,1354207.8,47973.8,7.53,16.02,25.6,348483.46,1682.5
305,79,23700,diesel,22.5,94.33,0.172,8.71,0.632,2.68,99360.93,35505.44,63855.49,2822.93,2576.28,246.65,4-wheeler,5,300,high,5,0.68,0.32,39.25,80.1,0.58,0.42,0.13,mixed,0.26,15788.52,8981.3,97518.18,11365.49,900786.9,1350468.99,72935.81,4.83,11.75,22.4,462197.23,1233.25
306,75,22500,diesel,19.3,94.08,0.13,6.99,0.659,2.68,109678.76,20445.75,89233.01,3124.35,1927.58,1196.77,fleet/commercial,6,300,high,5,0.41,0.59,55.08,83.9,0.28,0.72,0.37,fast-dominant,0.13,26130.33,17594.64,175144.99,25730.46,1791267.07,2725049.17,102914.79,7.37,56.99,53.4,689718.94,5983.85
307,98,29400,petrol,12.4,104.69,0.13,6.91,0.624,2.31,248216.61,26410.02,221806.59,5476.94,2384.93,3092.01,4-wheeler,12,300,high,4,0.55,0.45,36.59,75.2,0.68,0.32,0.05,mixed,0.27,21413.34,12737.97,96099.75,11909.21,856456.58,1306619.98,232863.8,1.52,147.24,77.5,1260418.75,15460.05
308,61,18300,diesel,21.8,93.21,0.135,8.32,0.615,2.68,78245.09,20554.56,57690.53,2249.72,1519.36,730.36,4-wheeler,5,300,high,4,0.55,0.45,54.47,89.2,0.63,0.37,0.19,mixed,0.13,16832.48,8544.71,98350.57,12016.9,839926.78,1347931.48,68381.68,5.99,34.78,38.6,440258.97,3651.8
309,82,24600,petrol,19.3,101.4,0.12,8.17,0.555,2.31,129245.6,24117.84,105127.76,2944.35,1638.36,1305.99,fleet/commercial,5,300,high,3,0.52,0.48,77.45,88.3,0.38,0.62,0.33,mixed,0.2,25715.46,16845.13,175499.28,26016.38,1812105.63,2894029.3,119201.37,7.6,62.19,57.9,771506.13,6529.95
310,93,27900,diesel,18.7,95.09,0.126,6.9,0.758,2.68,141872.25,24256.26,117615.99,3998.5,2664.67,1333.83,4-wheeler,6,300,high,4,0.58,0.42,32.35,87.8,0.71,0.29,0.04,home/slow-dominant,0.38,16418.86,9230.43,102542.66,14249.82,862599.97,1362954.5,127654.38,3.12,63.52,64.1,740814.56,6669.15
311,15,4500,diesel,19.7,89.51,0.154,6.78,0.572,2.68,20446.45,4698.54,15747.91,612.18,396.4,215.78,2-wheeler,5,300,low,2,0.14,0.86,2.41,85.6,0.76,0.24,0.01,home/slow-dominant,0.31,8621.0,4596.75,14711.36,4475.12,96905.16,143534.21,20667.18,1.54,10.28,22.5,118047.26,1078.9
312,95,28500,petrol,12.6,104.78,0.127,8.24,0.733,2.31,237002.38,29824.68,207177.7,5225.0,2653.09,2571.91,2-wheeler,10,300,high,4,0.54,0.46,2.88,80.2,0.82,0.18,0.0,home/slow-dominant,0.3,11048.39,6436.61,12707.25,3864.0,123103.19,198561.05,212562.28,0.3,122.47,76.8,1075518.65,12859.55
313,35,10500,diesel,17.9,91.46,0.156,8.05,0.683,2.68,53649.72,13185.9,40463.82,1572.07,1118.75,453.32,2-wheeler,8,300,medium,3,0.34,0.66,5.22,78.2,0.94,0.06,0.01,home/slow-dominant,0.15,9908.41,5761.74,21251.26,3657.67,137654.69,230857.89,45342.02,1.59,21.59,29.0,247961.36,2266.6
314,110,33000,diesel,21.4,92.87,0.18,6.43,0.758,2.68,143210.75,38194.2,105016.55,4132.71,4502.52,-369.81,fleet/commercial,4,300,high,3,0.58,0.42,69.08,86.1,0.43,0.57,0.37,fast-dominant,0.06,26005.55,16718.54,178066.77,25709.22,1895663.48,2879980.9,119445.4,6.75,-17.61,2.1,775293.77,-1849.05
315,31,9300,petrol,16.6,101.55,0.165,8.13,0.758,2.31,56892.47,12475.49,44416.98,1294.16,1163.15,131.01,4-wheeler,9,300,medium,3,0.27,0.73,42.27,80.1,0.8,0.2,0.02,home/slow-dominant,0.23,19157.86,11044.78,105314.08,14890.84,901798.03,1397830.09,55508.23,7.04,6.24,15.2,382855.23,655.05
316,110,33000,petrol,12.6,103.41,0.173,8.42,0.766,2.31,270835.71,48069.78,222765.93,6050.0,4373.09,1676.91,4-wheeler,9,300,high,3,0.55,0.45,44.66,75.0,0.79,0.21,0.05,home/slow-dominant,0.21,17582.27,10720.55,100238.97,13240.77,909264.89,1423008.17,232275.8,1.78,79.85,65.2,1261617.97,8384.55
317,111,33300,petrol,20.8,106.4,0.153,6.66,0.661,2.31,170342.31,33932.03,136410.28,3698.22,3367.73,330.49,4-wheeler,5,300,high,4,0.41,0.59,35.91,85.1,0.66,0.34,0.16,mixed,0.41,15041.1,10209.62,102677.42,12015.87,838323.24,1307176.69,143644.93,2.55,15.74,31.2,820902.07,1652.45
318,116,34800,petrol,19.3,103.58,0.113,6.79,0.632,2.31,186766.01,26701.0,160065.01,4165.18,2485.28,1679.9,4-wheeler,2,300,high,4,0.45,0.55,52.67,97.9,0.58,0.42,0.06,mixed,0.31,13938.81,8477.86,109008.01,11920.36,877890.68,1382822.94,167910.03,2.36,80.0,68.2,948558.16,8399.5
319,53,15900,petrol,20.8,101.0,0.154,7.34,0.65,2.31,77206.73,17972.72,59234.01,1765.82,1591.59,174.23,2-wheeler,6,300,medium,2,0.46,0.54,3.83,82.0,0.81,0.19,0.03,home/slow-dominant,0.37,9634.56,5295.09,10560.27,3945.41,121275.24,217026.98,64362.56,1.32,8.3,22.3,332373.07,871.15
320,116,34800,diesel,15.6,92.41,0.169,6.45,0.738,2.68,206145.38,37933.74,168211.64,5978.46,4340.33,1638.13,4-wheeler,9,300,high,4,0.41,0.59,26.44,79.1,0.84,0.16,0.02,home/slow-dominant,0.32,19565.66,11143.63,102503.97,13091.31,856199.17,1312751.26,179251.93,1.98,78.01,67.4,998763.62,8190.65
321,18,5400,petrol,14.3,106.1,0.135,7.65,0.601,2.31,40065.73,5576.85,34488.88,872.31,438.13,434.18,2-wheeler,11,300,low,1,0.27,0.73,2.45,74.4,0.98,0.02,0.0,home/slow-dominant,0.19,12251.22,6478.58,22816.34,1530.79,84043.75,160641.99,40567.68,1.33,20.68,29.4,225654.74,2170.9
322,44,13200,petrol,15.2,102.85,0.14,8.9,0.556,2.31,89317.11,16447.2,72869.91,2006.05,1027.49,978.56,4-wheeler,3,300,medium,3,0.26,0.74,42.4,90.5,0.72,0.28,0.07,home/slow-dominant,0.46,15284.47,8990.2,103819.61,14320.26,886644.96,1355998.44,82028.23,4.46,46.6,57.1,513960.76,4892.8
323,99,29700,petrol,12.5,102.34,0.174,6.1,0.769,2.31,243159.84,31523.58,211636.26,5488.56,3974.04,1514.52,4-wheeler,13,300,high,4,0.67,0.33,57.59,70.0,0.55,0.45,0.17,mixed,0.17,21877.07,12370.76,99153.06,13816.49,881018.81,1325712.96,223905.87,1.54,72.12,61.1,1218682.41,7572.6
324,52,15600,diesel,17.0,90.48,0.16,6.47,0.658,2.68,83028.71,16149.12,66879.59,2459.29,1642.37,816.92,4-wheeler,7,300,medium,2,0.33,0.67,33.72,82.0,0.6,0.4,0.07,mixed,0.1,17721.69,9659.76,100965.22,13647.32,842447.0,1345604.93,77670.98,5.18,38.9,41.2,489320.12,4084.6
325,38,11400,petrol,13.9,102.76,0.157,7.86,0.575,2.31,84277.99,14067.83,70210.16,1894.53,1029.13,865.4,fleet/commercial,11,300,medium,4,0.32,0.68,83.48,73.1,0.28,0.72,0.48,fast-dominant,0.1,30482.17,19254.81,185203.98,24275.12,1845731.5,2876711.65,86292.54,9.8,41.21,42.9,616666.68,4327.0
326,42,12600,diesel,15.6,96.98,0.118,8.14,0.684,2.68,78330.0,12102.55,66227.45,2164.62,1016.97,1147.65,4-wheeler,6,300,medium,2,0.22,0.78,51.04,86.0,0.75,0.25,0.05,home/slow-dominant,0.44,15594.58,9256.21,108362.18,12448.22,897379.08,1414115.1,75055.46,5.44,54.65,61.1,483639.48,5738.25
327,88,26400,petrol,20.4,102.31,0.126,6.18,0.617,2.31,132401.18,20557.15,111844.03,2989.41,2052.39,937.02,4-wheeler,6,300,high,4,0.48,0.52,31.42,87.2,0.58,0.42,0.07,mixed,0.34,17611.48,8952.37,95616.0,14741.53,847912.57,1331678.27,123451.45,3.14,44.62,52.3,712873.25,4685.1
328,22,6600,petrol,14.5,99.44,0.125,8.36,0.647,2.31,45262.34,6897.0,38365.34,1051.45,533.77,517.68,4-wheeler,7,300,low,2,0.11,0.89,23.38,81.0,0.88,0.12,0.03,home/slow-dominant,0.09,16344.9,10276.98,96073.08,14450.36,890044.5,1399702.76,47323.33,8.74,24.65,30.3,332689.73,2588.4
329,61,18300,petrol,18.3,106.67,0.135,6.19,0.554,2.31,106670.0,15292.4,91377.6,2310.0,1368.66,941.34,4-wheeler,5,300,high,4,0.48,0.52,25.87,87.6,0.68,0.32,0.11,mixed,0.4,15161.72,8789.55,99875.77,12142.17,893850.7,1354385.76,100178.2,3.6,44.83,54.5,600766.77,4706.7
330,40,12000,diesel,14.8,97.57,0.162,6.42,0.766,2.68,79110.81,12480.48,66630.33,2172.97,1489.1,683.87,2-wheeler,12,300,medium,2,0.31,0.69,4.55,70.0,0.96,0.04,0.01,home/slow-dominant,0.24,14252.71,7156.82,13491.7,2128.24,94440.11,172541.23,74151.87,0.87,32.57,40.4,384251.05,3419.35
331,116,34800,petrol,17.5,103.44,0.111,7.9,0.666,2.31,205697.83,30516.12,175181.71,4593.6,2572.62,2020.98,4-wheeler,6,300,high,4,0.54,0.46,29.59,91.3,0.82,0.18,0.08,home/slow-dominant,0.1,16784.63,8858.06,98973.96,12796.35,890581.43,1359303.99,185667.55,1.99,96.24,66.5,1027311.71,10104.9
332,113,33900,diesel,19.9,91.4,0.155,7.57,0.628,2.68,155701.51,39776.57,115924.94,4565.43,3299.83,1265.6,fleet/commercial,6,300,high,4,0.65,0.35,58.56,81.1,0.45,0.55,0.33,mixed,0.25,27311.56,16573.15,178319.05,25423.32,1802276.35,2842793.09,131748.01,6.54,60.27,58.9,837059.1,6328.0
333,54,16200,petrol,16.0,104.62,0.148,8.36,0.719,2.31,105927.75,20043.94,85883.81,2338.88,1723.87,615.01,2-wheeler,9,300,medium,4,0.31,0.69,3.76,74.3,0.89,0.11,0.02,home/slow-dominant,0.51,11287.77,6779.77,12937.38,4228.91,102477.34,142449.98,91237.59,0.3,29.29,46.2,469125.33,3075.05
334,57,17100,diesel,14.6,93.01,0.117,6.47,0.768,2.68,108936.37,12944.53,95991.84,3138.9,1536.54,1602.36,2-wheeler,10,300,high,4,0.5,0.5,4.54,76.6,0.89,0.11,0.02,home/slow-dominant,0.38,11704.78,7164.28,11959.36,5365.74,91079.26,144421.12,101605.49,0.41,76.3,68.4,519986.81,8011.8
335,15,4500,petrol,17.8,105.88,0.142,7.74,0.653,2.31,26767.42,4945.86,21821.56,583.99,417.27,166.72,2-wheeler,7,300,low,2,0.08,0.92,2.4,79.3,0.9,0.1,0.02,home/slow-dominant,0.37,10762.43,5409.05,24009.31,2952.01,124450.85,181707.06,27765.34,1.2,7.94,21.6,162836.01,833.6
336,57,17100,petrol,12.6,100.58,0.17,7.65,0.662,2.31,136501.43,22238.55,114262.88,3135.0,1924.43,1210.57,2-wheeler,10,300,high,5,0.47,0.53,3.42,74.7,0.89,0.11,0.01,home/slow-dominant,0.49,10887.01,6775.49,12162.84,1748.9,81549.64,115271.4,118724.18,0.18,57.65,64.5,605783.74,6052.85
337,35,10500,petrol,18.0,106.55,0.128,6.97,0.768,2.31,62154.17,9367.68,52786.49,1347.5,1032.19,315.31,4-wheeler,11,300,medium,3,0.25,0.75,40.43,77.9,0.74,0.26,0.12,home/slow-dominant,0.39,21104.71,11207.25,98066.06,14590.46,856787.74,1356161.15,65602.04,6.12,15.01,29.7,426076.26,1576.55
338,113,33900,petrol,14.0,100.5,0.187,7.66,0.603,2.31,243353.57,48559.04,194794.53,5593.5,3822.6,1770.9,4-wheeler,9,300,high,5,0.66,0.34,42.55,72.8,0.9,0.1,0.02,home/slow-dominant,0.53,18103.96,10820.91,98693.99,11151.8,842388.63,1332847.75,204307.94,1.92,84.33,76.4,1120233.69,8854.5
339,90,27000,petrol,20.0,106.06,0.177,8.05,0.704,2.31,143181.0,38470.95,104710.05,3118.5,3364.42,-245.92,4-wheeler,5,300,high,4,0.44,0.56,53.1,84.6,0.81,0.19,0.02,home/slow-dominant,0.33,16586.97,9132.11,108995.22,14811.06,843991.44,1303036.82,115127.12,3.04,-11.71,10.6,684630.82,-1229.6
340,22,6600,diesel,20.2,94.35,0.185,7.37,0.712,2.68,30827.23,8998.77,21828.46,875.64,869.35,6.29,2-wheeler,7,300,low,3,0.26,0.74,2.6,77.1,0.93,0.07,0.01,home/slow-dominant,0.59,8884.07,5665.24,21335.71,4158.32,92914.14,123964.72,25878.95,0.38,0.3,21.6,150730.46,31.45
341,107,32100,petrol,17.3,102.07,0.14,6.79,0.766,2.31,189390.0,30514.26,158875.74,4286.18,3442.4,843.78,4-wheeler,9,300,high,3,0.35,0.65,52.7,77.6,0.86,0.14,0.03,home/slow-dominant,0.56,18942.53,11653.28,106845.49,14766.76,885349.74,1367056.06,169118.34,2.22,40.18,56.1,952437.19,4218.9
342,46,13800,petrol,20.6,99.12,0.175,7.25,0.763,2.31,66400.78,17508.75,48892.03,1547.48,1842.64,-295.16,4-wheeler,7,300,medium,3,0.38,0.62,48.33,77.3,0.63,0.37,0.19,mixed,0.1,18181.46,10753.0,96571.37,11798.64,897329.01,1346229.18,58680.22,6.0,-14.06,3.4,389972.47,-1475.8
343,18,5400,diesel,20.3,91.91,0.149,8.1,0.627,2.68,24448.97,6517.26,17931.71,712.91,504.48,208.43,2-wheeler,6,300,low,2,0.19,0.81,3.95,82.7,0.77,0.23,0.04,home/slow-dominant,0.44,8936.5,4792.4,22544.65,1662.8,90854.97,143436.17,22408.37,1.34,9.93,26.1,134586.5,1042.15
344,103,30900,petrol,13.2,104.51,0.134,8.61,0.641,2.31,244648.41,35650.57,208997.84,5407.5,2654.12,2753.38,4-wheeler,7,300,high,4,0.57,0.43,48.58,79.8,0.72,0.28,0.04,home/slow-dominant,0.27,17841.76,9849.32,101122.9,12952.84,892439.95,1359958.24,219580.85,1.67,131.11,76.8,1199027.15,13766.9
345,117,35100,petrol,12.7,101.96,0.15,7.79,0.644,2.31,281794.96,41014.35,240780.61,6384.33,3390.66,2993.67,4-wheeler,13,300,high,4,0.61,0.39,37.66,70.0,0.73,0.27,0.04,home/slow-dominant,0.23,22481.21,13499.24,98942.35,12802.49,865631.4,1332775.72,252323.08,1.46,142.56,76.0,1360557.75,14968.35
346,53,15900,petrol,13.5,99.72,0.156,6.18,0.7,2.31,117448.0,15328.87,102119.13,2720.67,1736.28,984.39,4-wheeler,7,300,medium,3,0.31,0.69,27.26,80.2,0.84,0.16,0.05,home/slow-dominant,0.37,17817.59,10222.06,103636.25,12325.97,841016.82,1365565.85,112179.85,3.75,46.88,54.6,664535.5,4921.95
347,82,24600,petrol,17.4,105.42,0.134,7.78,0.761,2.31,149042.07,25645.99,123396.08,3265.86,2508.56,757.3,4-wheeler,7,300,high,3,0.51,0.49,47.3,84.4,0.71,0.29,0.11,home/slow-dominant,0.09,18270.79,10607.69,107332.74,14830.63,876140.42,1387045.41,134025.31,3.01,36.06,38.5,777459.29,3786.5
348,49,14700,petrol,14.6,104.18,0.144,6.99,0.74,2.31,104893.56,14796.43,90097.13,2325.82,1566.43,759.39,2-wheeler,7,300,medium,2,0.5,0.5,3.84,81.9,0.88,0.12,0.02,home/slow-dominant,0.33,9622.4,5375.77,21679.78,4790.33,129376.78,200659.67,95301.83,0.52,36.16,46.0,498188.93,3796.95
349,41,12300,petrol,16.3,100.0,0.134,7.11,0.638,2.31,75460.12,11718.7,63741.42,1743.13,1051.55,691.58,4-wheeler,7,300,medium,3,0.25,0.75,46.3,82.6,0.73,0.27,0.11,home/slow-dominant,0.42,16465.5,10701.86,108349.96,13646.33,841725.87,1339571.89,72234.33,5.39,32.93,46.1,469521.61,3457.9
350,57,17100,petrol,13.6,104.17,0.136,7.02,0.724,2.31,130978.46,16325.71,114652.75,2904.49,1683.73,1220.76,4-wheeler,10,300,high,4,0.53,0.47,34.84,74.3,0.56,0.44,0.16,mixed,0.12,18414.75,12436.66,108921.98,11651.43,846652.78,1323947.26,122961.13,3.0,58.13,53.6,723727.63,6103.8
351,74,22200,diesel,14.1,95.12,0.16,7.16,0.736,2.68,149763.4,25432.32,124331.08,4219.57,2614.27,1605.3,4-wheeler,10,300,high,5,0.67,0.33,56.46,73.3,0.77,0.23,0.06,home/slow-dominant,0.26,18891.5,12508.65,98571.83,13937.29,882183.49,1392584.1,133501.39,3.08,76.44,65.0,766078.78,8026.5
352,103,30900,petrol,20.9,99.78,0.123,8.89,0.635,2.31,147521.63,33788.22,113733.41,3415.26,2413.44,1001.82,fleet/commercial,5,300,high,4,0.36,0.64,69.37,90.1,0.48,0.52,0.33,mixed,0.3,24893.67,16301.17,181357.87,26908.05,1898032.45,2929054.5,127707.52,6.65,47.71,53.2,819895.47,5009.1
353,99,29700,diesel,17.3,94.0,0.141,7.85,0.711,2.68,161375.72,32873.44,128502.28,4600.92,2977.45,1623.47,4-wheeler,10,300,high,5,0.45,0.55,25.25,73.2,0.61,0.39,0.17,mixed,0.2,19639.08,11858.41,95219.43,12700.27,846178.17,1317329.73,138823.0,2.71,77.31,63.5,789334.43,8117.35
354,99,29700,diesel,17.1,94.55,0.183,7.28,0.669,2.68,164218.42,39567.53,124650.89,4654.74,3636.08,1018.66,4-wheeler,8,300,high,4,0.42,0.58,39.09,75.0,0.76,0.24,0.05,home/slow-dominant,0.23,17243.87,10675.09,108189.82,14699.14,838218.42,1342971.34,134159.5,2.96,48.51,52.1,778987.32,5093.3
355,41,12300,diesel,19.9,93.96,0.136,6.42,0.67,2.68,58075.78,10739.38,47336.4,1656.48,1120.78,535.7,2-wheeler,5,300,medium,3,0.53,0.47,4.65,87.5,0.89,0.11,0.0,home/slow-dominant,0.3,7143.44,5072.28,12318.58,2167.91,151443.95,200213.88,49841.14,0.73,25.51,37.5,261524.28,2678.5
356,102,30600,petrol,17.9,104.68,0.129,7.28,0.685,2.31,178950.17,28737.07,150213.1,3948.94,2703.97,1244.97,4-wheeler,8,300,high,3,0.67,0.33,52.18,79.9,0.61,0.39,0.11,mixed,0.24,16886.38,10737.67,107922.12,12069.35,841577.25,1324378.56,158775.68,2.36,59.28,57.9,901800.52,6224.85
357,84,25200,diesel,19.5,95.57,0.127,8.75,0.757,2.68,123505.85,28003.5,95502.35,3463.38,2422.7,1040.68,2-wheeler,8,300,high,4,0.51,0.49,3.73,80.4,0.78,0.22,0.02,home/slow-dominant,0.35,11295.77,5184.15,14940.81,1752.9,144252.37,218930.04,101964.55,0.59,49.56,56.1,524763.56,5203.4
358,60,18000,diesel,22.8,91.51,0.14,8.63,0.755,2.68,72244.74,21747.6,50497.14,2115.79,1902.6,213.19,4-wheeler,2,300,high,4,0.25,0.75,56.0,93.7,0.89,0.11,0.05,home/slow-dominant,0.48,13719.48,7907.33,100522.0,14181.8,838508.29,1366192.79,59145.65,7.22,10.15,27.6,396250.25,1065.95
359,97,29100,petrol,16.4,104.01,0.163,6.75,0.751,2.31,184554.33,32017.28,152537.05,4098.84,3562.22,536.62,fleet/commercial,9,300,high,3,0.62,0.38,53.38,72.8,0.31,0.69,0.5,fast-dominant,0.11,28409.4,17913.29,175586.98,26487.04,1921727.24,2839361.99,168330.57,4.41,25.55,31.9,1017239.83,2683.1
360,112,33600,petrol,12.3,103.68,0.129,8.95,0.709,2.31,283223.41,38792.88,244430.53,6310.24,3073.09,3237.15,4-wheeler,11,300,high,4,0.4,0.6,37.6,75.4,0.63,0.37,0.1,mixed,0.35,21196.15,12084.05,99903.18,12259.76,904134.83,1384696.78,255994.58,1.49,154.15,80.1,1379876.08,16185.75
361,95,28500,diesel,17.6,97.39,0.178,8.08,0.615,2.68,157705.4,40989.84,116715.56,4339.77,3119.89,1219.88,4-wheeler,6,300,high,5,0.52,0.48,56.15,78.0,0.61,0.39,0.08,mixed,0.24,15468.47,10298.04,108325.46,11655.25,862892.35,1344387.15,124217.04,3.0,58.09,57.2,729410.66,6099.4
362,49,14700,diesel,14.6,94.14,0.144,6.34,0.654,2.68,94784.79,13420.51,81364.28,2698.36,1384.39,1313.97,4-wheeler,11,300,medium,3,0.29,0.71,56.06,75.0,0.78,0.22,0.1,home/slow-dominant,0.22,21402.77,11840.41,95383.21,11160.59,897592.9,1396946.07,93158.76,4.34,62.57,58.7,561177.01,6569.85
363,115,34500,diesel,14.7,93.18,0.171,7.54,0.767,2.68,218687.76,44482.23,174205.53,6289.8,4524.92,1764.88,4-wheeler,8,300,high,4,0.56,0.44,48.06,81.0,0.76,0.24,0.07,home/slow-dominant,0.35,18279.1,10064.64,101094.91,11666.98,839443.63,1365628.03,184753.39,2.3,84.04,70.8,1024861.86,8824.4
364,65,19500,petrol,13.3,103.25,0.167,7.99,0.658,2.31,151381.58,26019.44,125362.14,3386.84,2142.78,1244.06,4-wheeler,10,300,high,4,0.7,0.3,54.64,70.6,0.78,0.22,0.04,home/slow-dominant,0.39,18740.31,12679.61,95470.99,12813.14,846083.81,1353184.93,133985.47,3.07,59.24,62.2,765398.34,6220.3
365,78,23400,petrol,16.3,104.24,0.125,8.15,0.731,2.31,149645.15,23838.75,125806.4,3316.2,2138.17,1178.03,fleet/commercial,7,300,high,4,0.62,0.38,44.44,85.1,0.19,0.81,0.46,fast-dominant,0.08,27679.77,17632.36,180563.85,24988.71,1889962.53,2819343.42,140851.55,5.32,56.1,51.2,884821.6,5890.15
366,55,16500,diesel,21.3,96.31,0.138,6.11,0.576,2.68,74606.34,13912.47,60693.87,2076.06,1311.55,764.51,4-wheeler,4,300,medium,3,0.45,0.55,54.87,87.6,0.86,0.14,0.03,home/slow-dominant,0.11,15632.12,9562.21,97589.61,12035.93,847804.91,1366134.39,69170.97,6.08,36.41,40.0,443444.46,3822.55
367,64,19200,diesel,19.2,97.59,0.114,6.78,0.642,2.68,97590.0,14840.06,82749.94,2680.0,1405.21,1274.79,fleet/commercial,4,300,high,4,0.64,0.36,56.03,94.0,0.31,0.69,0.51,fast-dominant,0.06,24830.42,15486.99,178783.28,27502.31,1854249.66,2881710.73,97593.83,8.7,60.7,53.5,666752.43,6373.95
368,104,31200,petrol,20.4,103.22,0.12,8.33,0.645,2.31,157865.88,31187.52,126678.36,3532.94,2414.88,1118.06,fleet/commercial,2,300,high,3,0.41,0.59,48.92,93.1,0.28,0.72,0.49,fast-dominant,0.07,24367.92,15462.33,188163.98,26060.55,1868171.72,2910915.95,140796.06,6.07,53.24,49.5,892144.28,5590.3
369,44,13200,petrol,18.6,107.13,0.134,7.2,0.711,2.31,76027.74,12735.36,63292.38,1639.35,1257.62,381.73,2-wheeler,9,300,medium,3,0.33,0.67,2.84,79.5,0.86,0.14,0.0,home/slow-dominant,0.22,10411.76,6151.6,16540.74,4417.01,115943.18,166807.37,68435.94,0.5,18.18,28.2,358720.44,1908.65
370,83,24900,petrol,18.9,103.51,0.164,8.15,0.607,2.31,136370.32,33281.34,103088.98,3043.33,2478.75,564.58,2-wheeler,4,300,high,4,0.42,0.58,3.46,84.2,0.84,0.16,0.0,home/slow-dominant,0.4,6969.21,3711.73,14106.97,1642.84,107253.75,209570.75,106675.03,0.83,26.88,41.3,547482.12,2822.9
371,77,23100,petrol,14.8,100.66,0.178,8.33,0.684,2.31,157111.22,34251.29,122859.93,3605.47,2812.47,793.0,4-wheeler,7,300,high,5,0.47,0.53,31.55,77.2,0.85,0.15,0.04,home/slow-dominant,0.09,16274.38,9989.08,103840.08,12460.65,870102.6,1329313.04,131637.36,2.7,37.76,40.1,762026.88,3965.0
372,24,7200,petrol,16.9,107.05,0.183,8.99,0.74,2.31,45607.1,11845.22,33761.88,984.14,975.02,9.12,2-wheeler,3,300,low,3,0.26,0.74,3.12,83.8,0.96,0.04,0.01,home/slow-dominant,0.49,6056.11,3612.08,12131.6,3416.68,150095.4,246789.45,36889.25,2.29,0.43,18.7,196577.85,45.6
373,25,7500,petrol,12.1,105.9,0.139,6.0,0.673,2.31,65640.5,6255.0,59385.5,1431.82,701.6,730.22,2-wheeler,9,300,low,2,0.29,0.71,2.47,79.6,0.82,0.18,0.03,home/slow-dominant,0.2,10622.95,5590.08,13890.87,2245.67,84174.96,199079.83,64867.5,1.56,34.77,40.6,338228.37,3651.1
374,37,11100,petrol,12.1,103.16,0.16,7.32,0.624,2.31,94634.38,13000.32,81634.06,2119.09,1108.22,1010.87,4-wheeler,8,300,medium,3,0.45,0.55,33.25,75.9,0.85,0.15,0.06,home/slow-dominant,0.23,19002.32,11802.23,103193.72,11480.77,887119.5,1341543.5,91130.3,3.85,48.14,51.7,558845.22,5054.35
375,44,13200,petrol,13.6,99.29,0.177,7.78,0.692,2.31,96369.71,18177.19,78192.52,2242.06,1616.79,625.27,2-wheeler,12,300,medium,3,0.38,0.62,4.0,70.0,0.93,0.07,0.0,home/slow-dominant,0.36,12487.46,6978.7,13562.85,4981.22,97787.58,185107.67,84697.52,0.87,29.77,42.4,437050.45,3126.35
376,60,18000,petrol,16.7,105.42,0.187,7.93,0.564,2.31,113626.35,26692.38,86933.97,2489.82,1898.42,591.4,4-wheeler,9,300,high,5,0.41,0.59,38.79,71.5,0.88,0.12,0.06,home/slow-dominant,0.19,18575.8,11480.83,105186.92,14757.73,893482.08,1354995.31,96980.49,3.67,28.16,35.8,590089.37,2957.0
377,44,13200,petrol,17.0,99.84,0.169,8.82,0.676,2.31,77522.82,19675.66,57847.16,1793.65,1508.02,285.63,4-wheeler,6,300,medium,3,0.36,0.64,35.18,80.7,0.64,0.36,0.07,mixed,0.38,16577.76,9988.35,102372.37,11315.23,854272.66,1321913.53,66699.62,5.48,13.6,27.8,435870.47,1428.15
378,22,6600,petrol,14.0,105.49,0.132,7.93,0.665,2.31,49731.0,6908.62,42822.38,1089.0,579.35,509.65,2-wheeler,13,300,low,2,0.19,0.81,4.61,70.3,0.88,0.12,0.02,home/slow-dominant,0.13,15206.86,7716.01,21579.84,2896.07,124851.38,165314.83,50892.44,0.37,24.27,31.1,276042.04,2548.25
379,76,22800,petrol,20.7,105.18,0.183,7.73,0.613,2.31,115850.43,32252.65,83597.78,2544.35,2557.68,-13.33,fleet/commercial,6,300,high,4,0.54,0.46,84.68,77.7,0.26,0.74,0.43,fast-dominant,0.09,27694.47,17329.16,189223.67,27833.14,1802200.13,2834761.59,99529.72,8.47,-0.63,6.1,686872.27,-66.65
380,25,7500,petrol,18.4,99.08,0.183,6.81,0.619,2.31,40385.87,9346.73,31039.14,941.58,849.58,92.0,2-wheeler,6,300,low,2,0.25,0.75,4.65,79.7,0.94,0.06,0.0,home/slow-dominant,0.53,9608.13,4554.96,11737.07,1832.65,138432.35,208515.99,36458.84,1.6,4.38,22.7,194031.27,460.0
381,89,26700,petrol,12.6,107.38,0.13,8.07,0.555,2.31,227543.33,28010.97,199532.36,4895.0,1926.41,2968.59,4-wheeler,5,300,high,3,0.64,0.36,34.62,90.9,0.55,0.45,0.09,mixed,0.24,16879.9,9659.26,100019.98,13574.57,862287.45,1341171.3,209467.91,1.81,141.36,76.2,1147359.53,14842.95
382,101,30300,petrol,20.8,105.96,0.135,7.14,0.742,2.31,154355.19,29206.17,125149.02,3365.05,3035.15,329.9,4-wheeler,9,300,high,4,0.41,0.59,50.29,76.8,0.75,0.25,0.03,home/slow-dominant,0.2,19439.04,11041.92,99793.24,14888.89,864130.59,1390529.23,136523.92,3.12,15.71,24.8,782412.84,1649.5
383,118,35400,petrol,16.3,104.65,0.184,6.18,0.78,2.31,227276.69,40254.05,187022.64,5016.81,5080.61,-63.8,4-wheeler,5,300,high,4,0.36,0.64,27.78,83.7,0.67,0.33,0.16,mixed,0.22,16861.69,9711.15,97267.74,14912.89,892606.74,1351334.59,197155.76,1.83,-3.04,9.2,1083046.54,-319.0
384,49,14700,petrol,19.3,102.34,0.163,7.1,0.63,2.31,77948.08,17012.31,60935.77,1759.43,1509.54,249.89,4-wheeler,3,300,medium,3,0.44,0.56,26.95,91.2,0.66,0.34,0.17,mixed,0.32,14747.45,8835.02,107154.55,12884.89,863814.19,1352775.29,69425.18,5.5,11.9,24.4,454280.45,1249.45
385,20,6000,petrol,15.3,104.04,0.138,6.21,0.67,2.31,40800.0,5141.88,35658.12,905.88,554.76,351.12,4-wheeler,10,300,low,2,0.26,0.74,35.13,74.2,0.78,0.22,0.06,home/slow-dominant,0.5,18491.43,12412.47,106398.18,11651.0,880973.94,1363110.49,44067.28,8.53,16.72,35.6,326734.58,1755.6
386,32,9600,diesel,14.8,92.94,0.147,6.06,0.628,2.68,60285.41,8551.87,51733.54,1738.38,886.23,852.15,4-wheeler,13,300,medium,3,0.51,0.49,52.69,70.0,0.85,0.15,0.06,home/slow-dominant,0.5,21514.61,13587.26,102266.38,11808.34,895759.5,1404844.04,62022.56,6.56,40.58,54.7,412379.18,4260.75
387,67,20100,petrol,16.3,103.95,0.164,6.84,0.773,2.31,128183.74,22547.38,105636.36,2848.53,2548.12,300.41,4-wheeler,10,300,high,4,0.6,0.4,31.36,73.3,0.76,0.24,0.08,home/slow-dominant,0.22,19851.83,12008.29,103066.56,14558.41,872886.84,1389785.49,116391.58,3.56,14.31,23.9,685024.46,1502.05
388,64,19200,petrol,12.5,105.49,0.14,6.14,0.618,2.31,162032.64,16504.32,145528.32,3548.16,1661.18,1886.98,4-wheeler,11,300,high,3,0.39,0.61,24.4,72.3,0.85,0.15,0.07,home/slow-dominant,0.55,19891.72,12056.43,95893.16,14646.73,891331.71,1401404.08,156292.96,2.65,89.86,78.9,877357.96,9434.9
389,72,21600,petrol,15.1,104.05,0.137,6.27,0.552,2.31,148839.74,18554.18,130285.56,3304.37,1633.48,1670.89,fleet/commercial,9,300,high,5,0.56,0.44,46.59,81.9,0.26,0.74,0.45,fast-dominant,0.03,28206.12,18060.13,183332.61,26431.52,1942806.13,2888764.19,145717.85,5.23,79.57,59.6,911921.86,8354.45
390,27,8100,petrol,18.6,107.04,0.143,8.82,0.686,2.31,46614.19,10216.21,36397.98,1005.97,794.59,211.38,4-wheeler,8,300,medium,3,0.06,0.94,54.63,79.7,0.73,0.27,0.09,home/slow-dominant,0.08,18185.76,11244.98,106870.12,14064.71,855073.61,1375079.32,46151.7,8.95,10.07,15.4,337628.62,1056.9
391,29,8700,petrol,13.6,105.73,0.121,6.81,0.716,2.31,67636.1,7168.89,60467.21,1477.72,753.73,723.99,fleet/commercial,11,300,medium,3,0.19,0.81,71.69,74.1,0.33,0.67,0.38,fast-dominant,0.18,31290.4,19749.07,183607.41,26959.73,1912417.35,2996991.92,77400.49,11.64,34.48,39.9,570609.86,3619.95
392,27,8100,petrol,17.7,105.92,0.147,8.43,0.745,2.31,48471.86,10037.6,38434.26,1057.12,887.07,170.05,2-wheeler,7,300,medium,2,0.09,0.91,2.89,79.1,0.75,0.25,0.01,home/slow-dominant,0.16,8633.96,4861.05,13979.6,4147.29,84734.76,166232.9,43036.63,1.57,8.1,15.6,229162.75,850.25
393,70,21000,petrol,14.2,107.23,0.156,8.58,0.678,2.31,158579.58,28108.08,130471.5,3416.2,2221.13,1195.07,4-wheeler,9,300,high,3,0.63,0.37,43.1,78.1,0.74,0.26,0.13,home/slow-dominant,0.1,19396.15,11060.77,105013.22,14309.11,845847.13,1331197.87,141668.7,2.68,56.91,52.3,813356.72,5975.35
394,39,11700,petrol,17.9,102.97,0.181,6.5,0.761,2.31,67304.41,13765.05,53539.36,1509.89,1611.57,-101.68,4-wheeler,6,300,medium,3,0.42,0.58,42.05,78.3,0.78,0.22,0.04,home/slow-dominant,0.18,17034.55,10626.79,100422.33,13741.63,846681.02,1298208.09,62695.45,5.6,-4.84,7.2,413899.58,-508.4
395,98,29400,diesel,17.5,97.14,0.145,8.3,0.726,2.68,163195.2,35382.9,127812.3,4502.4,3094.94,1407.46,4-wheeler,5,300,high,4,0.61,0.39,46.91,86.1,0.76,0.24,0.04,home/slow-dominant,0.25,16863.49,9335.64,103173.1,13136.01,835912.63,1332634.12,137967.35,2.85,67.02,61.7,793009.85,7037.3
396,44,13200,petrol,18.7,101.29,0.154,8.48,0.763,2.31,71498.82,17238.14,54260.68,1630.59,1551.03,79.56,fleet/commercial,5,300,medium,4,0.29,0.71,51.66,86.8,0.44,0.56,0.22,mixed,0.22,26783.71,16141.56,182313.48,24947.83,1844238.73,2756328.27,69892.4,10.44,3.79,13.0,531775.48,397.8
397,77,23100,diesel,18.4,93.05,0.135,6.66,0.702,2.68,116818.21,20769.21,96049.0,3364.57,2189.19,1175.38,fleet/commercial,3,300,high,3,0.62,0.38,83.22,90.6,0.38,0.62,0.43,fast-dominant,0.17,24879.36,15378.12,180717.63,26975.55,1838268.23,2763746.49,110945.35,6.71,55.97,53.8,735444.38,5876.9
398,94,28200,petrol,15.7,101.07,0.154,8.75,0.745,2.31,181539.75,37999.5,143540.25,4149.17,3235.39,913.78,4-wheeler,8,300,high,4,0.43,0.57,33.76,78.2,0.57,0.43,0.08,mixed,0.13,18048.98,11054.55,105783.17,12893.75,905627.11,1374427.55,153113.43,2.37,43.51,45.7,871350.32,4568.9
399,26,7800,petrol,14.7,101.23,0.147,8.67,0.605,2.31,53713.88,9941.02,43772.86,1225.71,693.69,532.02,4-wheeler,7,300,medium,3,0.09,0.91,48.38,81.3,0.59,0.41,0.11,mixed,0.22,16540.24,11184.69,108258.14,12179.17,860046.51,1375633.73,51564.24,7.9,25.33,35.0,366079.34,2660.1
400,35,10500,petrol,18.9,107.35,0.142,8.89,0.729,2.31,59638.89,13254.99,46383.9,1283.33,1086.94,196.39,4-wheeler,4,300,medium,2,0.34,0.66,22.61,89.9,0.76,0.24,0.13,home/slow-dominant,0.46,15108.57,8893.79,95078.19,14207.79,883581.68,1387497.13,55440.24,7.37,9.35,26.1,372279.39,981.95
401,44,13200,petrol,18.9,100.61,0.169,6.83,0.673,2.31,70267.3,15236.36,55030.94,1613.33,1501.33,112.0,2-wheeler,6,300,medium,2,0.25,0.75,3.3,82.1,0.81,0.19,0.01,home/slow-dominant,0.44,9636.84,4528.59,24004.25,4286.85,127700.14,237857.8,60996.56,1.41,5.33,20.5,328987.05,560.0
402,84,25200,diesel,21.8,95.98,0.169,7.6,0.574,2.68,110949.36,32366.88,78582.48,3097.98,2444.55,653.43,fleet/commercial,7,300,high,4,0.49,0.51,57.59,78.3,0.18,0.82,0.31,mixed,0.05,28199.61,16995.55,182672.73,27749.36,1819155.14,2916853.38,95336.41,9.6,31.12,33.8,659354.78,3267.15
403,74,22200,petrol,13.3,103.55,0.138,8.5,0.672,2.31,172842.86,26040.6,146802.26,3855.79,2058.74,1797.05,4-wheeler,11,300,high,4,0.37,0.63,42.65,73.8,0.7,0.3,0.13,home/slow-dominant,0.45,20945.31,11427.76,105510.98,11661.77,897321.71,1390329.25,158652.16,2.44,85.57,74.4,898771.78,8985.25
404,91,27300,diesel,16.7,93.43,0.13,8.59,0.571,2.68,152732.87,30485.91,122246.96,4381.08,2026.48,2354.6,fleet/commercial,4,300,high,4,0.36,0.64,43.64,89.3,0.37,0.63,0.27,mixed,0.18,24268.64,16029.11,187834.37,26596.76,1894291.32,2920544.75,135805.84,6.17,112.12,71.5,866863.57,11773.0
405,45,13500,petrol,12.4,100.9,0.165,8.46,0.677,2.31,109850.81,18844.65,91006.16,2514.92,1508.02,1006.9,4-wheeler,8,300,medium,3,0.33,0.67,52.02,74.0,0.67,0.33,0.17,mixed,0.09,18239.25,11171.32,102006.56,11976.96,839379.72,1299001.2,100469.48,3.56,47.95,47.2,604353.96,5034.5
406,42,12600,petrol,20.2,106.12,0.117,8.05,0.584,2.31,66193.66,11867.31,54326.35,1440.89,860.93,579.96,4-wheeler,7,300,medium,3,0.33,0.67,30.28,85.5,0.8,0.2,0.09,home/slow-dominant,0.1,16847.22,9703.37,107524.61,14614.33,907110.32,1395203.11,64393.07,5.91,27.62,32.5,429489.96,2899.8
407,27,8100,petrol,20.2,100.14,0.145,7.93,0.705,2.31,40155.15,9313.78,30841.37,926.29,828.02,98.27,2-wheeler,3,300,medium,2,0.22,0.78,4.37,94.2,0.9,0.1,0.01,home/slow-dominant,0.17,5572.09,3652.53,12664.3,1898.0,108376.52,201959.98,33140.53,2.44,4.68,12.1,178366.95,491.35
408,18,5400,petrol,20.3,105.65,0.111,6.62,0.643,2.31,28103.94,3968.03,24135.91,614.48,385.41,229.07,2-wheeler,4,300,low,2,0.2,0.8,4.81,90.5,0.83,0.17,0.01,home/slow-dominant,0.42,6780.53,4260.77,12387.51,4124.65,119338.92,145523.57,27480.6,0.5,10.91,26.3,149790.51,1145.35
409,60,18000,petrol,20.7,99.22,0.143,7.92,0.758,2.31,86278.26,20386.08,65892.18,2008.7,1951.09,57.61,fleet/commercial,6,300,high,5,0.35,0.65,68.09,82.5,0.45,0.55,0.28,mixed,0.09,25571.73,16589.56,184862.07,27164.34,1906479.2,2950244.89,80307.22,10.7,2.74,8.2,586398.17,288.05
410,21,6300,petrol,17.0,101.28,0.153,7.87,0.585,2.31,37533.18,7585.89,29947.29,856.06,563.88,292.18,2-wheeler,5,300,low,2,0.13,0.87,4.59,83.3,0.9,0.1,0.0,home/slow-dominant,0.34,9072.53,4335.56,23052.15,2919.67,92386.15,203485.56,35268.19,2.5,13.91,27.1,199393.1,1460.9
411,98,29400,diesel,20.3,89.3,0.158,7.81,0.59,2.68,129331.03,36279.01,93052.02,3881.38,2740.67,1140.71,4-wheeler,5,300,high,4,0.69,0.31,47.15,85.9,0.77,0.23,0.11,home/slow-dominant,0.12,15170.42,10239.75,108386.39,14816.55,851793.11,1332990.55,100946.0,3.69,54.32,51.3,613116.39,5703.55
412,62,18600,diesel,22.0,90.31,0.126,7.38,0.615,2.68,76353.0,17295.77,59057.23,2265.82,1441.31,824.51,fleet/commercial,2,300,high,4,0.58,0.42,57.78,95.8,0.37,0.63,0.48,fast-dominant,0.22,22983.28,14708.82,184656.11,27402.92,1803931.43,2820620.72,72812.27,11.43,39.26,45.0,548717.46,4122.55
413,93,27900,petrol,16.0,101.64,0.185,7.35,0.609,2.31,177234.75,37937.03,139297.72,4028.06,3143.35,884.71,fleet/commercial,7,300,high,4,0.68,0.32,80.44,76.5,0.15,0.85,0.63,fast-dominant,0.04,28353.85,18042.28,182882.34,25178.47,1846949.43,2811115.86,154644.98,5.05,42.13,41.8,956107.24,4423.55
414,105,31500,diesel,20.9,92.32,0.151,8.59,0.671,2.68,139142.58,40858.33,98284.25,4039.23,3191.61,847.62,4-wheeler,5,300,high,4,0.44,0.56,33.2,83.4,0.79,0.21,0.04,home/slow-dominant,0.47,15459.81,9504.36,99970.9,11030.16,897023.27,1337883.82,106445.73,3.2,40.36,53.6,632199.55,4238.1
415,84,25200,petrol,18.3,101.53,0.162,8.41,0.702,2.31,139811.8,34332.98,105478.82,3180.98,2865.84,315.14,4-wheeler,3,300,high,4,0.56,0.44,43.71,88.5,0.68,0.32,0.04,mixed,0.42,13073.01,9094.35,109700.01,12186.63,894846.01,1386276.38,111894.81,3.41,15.01,30.5,669174.06,1575.7
416,68,20400,diesel,19.0,92.94,0.183,7.7,0.623,2.68,99788.21,28745.64,71042.57,2877.47,2325.78,551.69,4-wheeler,7,300,high,5,0.59,0.41,50.33,73.9,0.88,0.12,0.01,home/slow-dominant,0.09,16731.23,11185.44,99795.44,12125.24,908957.39,1402007.28,79013.41,4.98,26.27,31.6,494862.49,2758.45
417,85,25500,petrol,20.1,102.31,0.112,6.94,0.612,2.31,129796.27,19820.64,109975.63,2930.6,1747.87,1182.73,4-wheeler,5,300,high,3,0.46,0.54,36.4,90.2,0.84,0.16,0.08,home/slow-dominant,0.3,14836.32,9508.41,106162.79,14559.86,839153.44,1283711.51,118215.51,2.86,56.32,57.9,697240.34,5913.65
418,20,6000,diesel,20.6,91.68,0.13,6.94,0.567,2.68,26702.91,5413.2,21289.71,780.58,442.26,338.32,2-wheeler,6,300,low,1,0.11,0.89,3.06,87.3,0.89,0.11,0.02,home/slow-dominant,0.1,8046.74,5302.65,17979.73,5368.48,146236.47,246945.75,25107.5,3.3,16.11,22.7,143517.23,1691.6
419,116,34800,petrol,20.7,101.13,0.125,7.13,0.636,2.31,170015.65,31015.5,139000.15,3883.48,2766.6,1116.88,4-wheeler,5,300,high,4,0.68,0.32,39.46,85.9,0.64,0.36,0.14,mixed,0.38,14735.97,10157.75,104127.69,11281.76,860941.76,1356564.68,145834.72,2.68,53.18,58.7,833301.29,5584.4
420,78,23400,diesel,22.6,92.31,0.189,6.79,0.709,2.68,95577.61,30029.45,65548.16,2774.87,3135.62,-360.75,fleet/commercial,7,300,high,5,0.66,0.34,80.9,73.3,0.23,0.77,0.38,fast-dominant,0.09,27473.82,17912.97,180902.21,25885.18,1865782.57,2958887.03,80286.05,11.36,-17.18,3.0,582332.46,-1803.75
421,15,4500,petrol,14.7,104.12,0.142,7.12,0.755,2.31,31873.47,4549.68,27323.79,707.14,482.44,224.7,4-wheeler,9,300,low,1,0.27,0.73,57.34,80.7,0.67,0.33,0.16,mixed,0.09,18004.43,10694.95,109472.35,13193.33,906247.07,1434792.58,37271.94,11.24,10.7,16.2,295832.05,1123.5
422,78,23400,petrol,19.3,100.54,0.163,7.03,0.661,2.31,121898.24,26813.83,95084.41,2800.73,2521.19,279.54,fleet/commercial,5,300,high,4,0.45,0.55,67.25,82.6,0.34,0.66,0.47,fast-dominant,0.05,25416.98,16457.81,183575.23,24371.65,1927964.05,3008969.88,108917.91,8.24,13.31,17.7,728164.78,1397.7
423,88,26400,petrol,14.3,104.08,0.173,8.03,0.553,2.31,192147.69,36674.62,155473.07,4264.62,2525.66,1738.96,2-wheeler,9,300,high,3,0.45,0.55,4.32,76.1,0.82,0.18,0.04,home/slow-dominant,0.25,12118.84,6758.29,24066.81,3009.99,96295.91,196086.52,161435.62,0.47,82.81,67.4,831244.91,8694.8
424,86,25800,diesel,15.4,94.32,0.156,7.64,0.625,2.68,158016.62,30749.47,127267.15,4489.87,2515.5,1974.37,4-wheeler,9,300,high,4,0.69,0.31,56.32,75.6,0.73,0.27,0.07,home/slow-dominant,0.45,18568.41,11611.41,95113.87,12268.33,888164.28,1414815.07,136677.82,3.16,94.02,76.6,778502.97,9871.85
425,29,8700,petrol,16.3,102.11,0.176,8.4,0.677,2.31,54500.43,12862.08,41638.35,1232.94,1036.62,196.32,2-wheeler,8,300,medium,3,0.09,0.91,2.34,75.4,0.79,0.21,0.04,home/slow-dominant,0.38,11497.66,5514.48,18590.06,3644.23,122844.64,155509.68,48350.38,0.29,9.35,23.6,260341.96,981.6
426,12,3600,petrol,18.1,104.93,0.159,7.18,0.71,2.31,20870.06,4109.83,16760.23,459.45,406.4,53.05,2-wheeler,6,300,low,2,0.29,0.71,2.81,83.0,0.97,0.03,0.0,home/slow-dominant,0.56,8995.05,4231.98,20757.8,4144.76,124804.92,211597.2,22352.25,2.95,2.53,22.1,132519.05,265.25
427,94,28200,petrol,12.3,100.77,0.127,7.18,0.56,2.31,231033.66,25714.45,205319.21,5296.1,2005.58,3290.52,4-wheeler,9,300,high,4,0.6,0.4,48.94,77.6,0.59,0.41,0.09,mixed,0.18,18507.21,11562.74,106176.2,13813.94,851524.08,1326994.28,215026.47,1.72,156.69,75.1,1181308.55,16452.6
428,27,8100,petrol,20.8,107.12,0.185,6.08,0.758,2.31,41715.0,9110.88,32604.12,899.57,1135.86,-236.29,4-wheeler,3,300,medium,3,0.29,0.71,53.3,85.9,0.88,0.12,0.04,home/slow-dominant,0.11,14850.93,8356.73,108574.65,11547.02,879887.76,1353557.27,41407.72,8.82,-11.25,4.1,315613.25,-1181.45
429,104,31200,petrol,17.9,102.83,0.144,8.92,0.709,2.31,179234.41,40075.78,139158.63,4026.37,3185.4,840.97,4-wheeler,4,300,high,3,0.7,0.3,54.57,87.6,0.87,0.13,0.04,home/slow-dominant,0.55,13975.62,9019.47,95066.02,14251.79,863121.08,1315098.88,146965.14,2.43,40.05,55.5,829891.72,4204.85
430,33,9900,diesel,22.4,91.99,0.112,7.45,0.711,2.68,40656.29,8260.56,32395.73,1184.46,788.36,396.1,2-wheeler,7,300,medium,3,0.31,0.69,3.45,82.9,0.87,0.13,0.0,home/slow-dominant,0.1,8764.75,5699.79,10004.95,4214.17,150556.0,243100.5,36303.52,2.27,18.86,25.3,191522.55,1980.5
431,13,3900,petrol,14.8,104.37,0.133,6.94,0.559,2.31,27502.91,3599.78,23903.13,608.72,289.95,318.77,2-wheeler,6,300,low,2,0.1,0.9,2.31,85.9,0.92,0.08,0.0,home/slow-dominant,0.57,9364.74,4905.27,17083.95,5056.3,80093.26,173998.45,29373.86,2.62,15.18,35.2,163953.25,1593.85
432,24,7200,petrol,16.7,102.32,0.124,6.36,0.706,2.31,44114.01,5678.21,38435.8,995.93,630.32,365.61,4-wheeler,6,300,low,3,0.13,0.87,38.64,85.8,0.7,0.3,0.07,home/slow-dominant,0.21,16468.66,9143.28,95439.41,12797.34,890484.62,1331360.41,48320.65,7.15,17.41,27.6,337042.66,1828.05
433,102,30600,petrol,18.6,107.22,0.17,6.48,0.625,2.31,176394.19,33708.96,142685.23,3800.32,3251.25,549.07,4-wheeler,5,300,high,5,0.5,0.5,30.77,82.7,0.77,0.23,0.03,home/slow-dominant,0.08,16447.0,9111.93,109617.99,14575.56,862720.32,1357327.61,152935.41,2.52,26.15,31.2,874295.04,2745.35
434,95,28500,diesel,15.5,90.34,0.145,6.3,0.698,2.68,166109.03,26034.75,140074.28,4927.74,2884.48,2043.26,4-wheeler,10,300,high,3,0.44,0.56,33.07,72.6,0.67,0.33,0.17,mixed,0.32,20499.05,11420.93,98330.98,14463.1,868956.3,1378975.05,152045.02,2.71,97.3,73.2,858556.08,10216.3
435,94,28200,petrol,16.3,103.38,0.148,8.53,0.704,2.31,178853.74,35600.81,143252.93,3996.44,2938.21,1058.23,2-wheeler,7,300,high,5,0.47,0.53,4.7,84.4,0.82,0.18,0.02,home/slow-dominant,0.52,9482.08,4842.58,17089.97,3253.64,111909.37,150757.04,148543.16,0.15,50.39,61.9,759805.77,5291.15
436,91,27300,petrol,14.4,104.27,0.176,6.24,0.705,2.31,197678.54,29981.95,167696.59,4379.38,3387.38,992.0,4-wheeler,11,300,high,4,0.64,0.36,24.87,70.8,0.75,0.25,0.12,home/slow-dominant,0.47,20481.38,12414.65,95917.06,12524.57,908231.17,1370014.77,178268.23,2.05,47.24,57.8,987258.21,4960.0
437,80,24000,petrol,20.5,105.06,0.155,7.95,0.75,2.31,122997.07,29574.0,93423.07,2704.39,2790.0,-85.61,2-wheeler,3,300,high,4,0.68,0.32,4.9,91.1,0.86,0.14,0.01,home/slow-dominant,0.16,6751.67,3501.35,17830.73,5231.25,133826.92,171710.99,97719.64,0.21,-4.08,7.0,506428.93,-428.05
438,20,6000,petrol,18.4,103.61,0.188,8.09,0.768,2.31,33785.87,9125.52,24660.35,753.26,866.3,-113.04,4-wheeler,7,300,low,2,0.09,0.91,38.25,75.8,0.75,0.25,0.07,home/slow-dominant,0.15,18405.87,10185.06,100699.34,13860.66,859675.95,1339458.43,35653.29,10.63,-5.38,6.2,278965.79,-565.2
439,70,21000,petrol,13.4,102.44,0.121,7.66,0.634,2.31,160540.3,19464.06,141076.24,3620.15,1610.99,2009.16,4-wheeler,8,300,high,4,0.48,0.52,44.65,78.8,0.65,0.35,0.12,mixed,0.27,18794.6,10168.09,95669.9,14712.98,849417.4,1329913.76,152645.35,2.52,95.67,71.4,858896.65,10045.8
440,85,25500,petrol,12.7,105.64,0.158,6.77,0.662,2.31,212111.81,27276.33,184835.48,4638.19,2667.2,1970.99,2-wheeler,13,300,high,4,0.68,0.32,2.31,70.7,0.83,0.17,0.01,home/slow-dominant,0.37,15238.17,7489.29,15026.86,4687.9,91787.21,167097.8,193521.94,0.31,93.86,74.1,982636.56,9854.95
441,105,31500,diesel,22.1,97.15,0.167,6.53,0.694,2.68,138471.72,34351.07,104120.65,3819.91,3650.79,169.12,2-wheeler,2,300,high,3,0.37,0.63,3.18,89.8,0.77,0.23,0.04,home/slow-dominant,0.39,5410.42,3985.01,15871.54,3937.19,129778.49,160397.58,106333.5,0.14,8.05,22.4,547539.04,845.6
442,52,15600,petrol,14.1,101.56,0.162,6.68,0.776,2.31,112364.26,16881.7,95482.56,2555.74,1961.11,594.63,fleet/commercial,10,300,medium,3,0.5,0.5,44.49,71.5,0.17,0.83,0.41,fast-dominant,0.03,30154.06,18874.68,189848.82,24463.41,1928736.8,2857616.39,111654.62,6.62,28.32,31.2,748121.92,2973.15
443,65,19500,petrol,19.0,99.56,0.147,8.52,0.672,2.31,102180.0,24422.58,77757.42,2370.79,1926.29,444.5,4-wheeler,7,300,high,4,0.41,0.59,58.54,82.2,0.64,0.36,0.18,mixed,0.4,16687.14,10927.75,98118.29,12165.92,851902.18,1351423.67,85949.99,4.67,21.17,36.0,527868.24,2222.5
444,113,33900,diesel,14.3,89.59,0.168,8.65,0.576,2.68,212384.69,49263.48,163121.21,6353.29,3280.44,3072.85,4-wheeler,10,300,high,4,0.56,0.44,52.68,74.6,0.58,0.42,0.22,mixed,0.26,18800.98,12328.0,103171.69,14875.37,870156.33,1355101.93,172569.26,2.21,146.33,77.0,966017.99,15364.25
445,111,33300,petrol,15.3,107.24,0.118,6.69,0.627,2.31,233404.71,26287.69,207117.02,5027.65,2463.73,2563.92,fleet/commercial,8,300,high,4,0.4,0.6,62.98,82.6,0.19,0.81,0.29,mixed,0.11,29066.24,17688.43,189809.73,25277.69,1806145.57,2865350.1,223550.37,3.89,122.09,71.1,1307561.58,12819.6
446,36,10800,petrol,19.6,101.98,0.151,7.3,0.737,2.31,56193.06,11904.84,44288.22,1272.86,1201.9,70.96,fleet/commercial,5,300,medium,3,0.22,0.78,51.18,87.8,0.48,0.52,0.24,mixed,0.19,24596.33,16690.7,186880.29,24373.02,1886813.95,2805244.18,57068.45,12.82,3.38,11.6,472222.54,354.8
447,119,35700,diesel,16.2,94.88,0.183,6.7,0.669,2.68,209087.41,43771.77,165315.64,5905.93,4370.64,1535.29,fleet/commercial,8,300,high,3,0.51,0.49,86.67,77.0,0.17,0.83,0.33,mixed,0.06,29116.93,17458.4,189900.51,26830.21,1846709.9,2906895.98,182340.21,4.77,73.11,58.0,1101601.56,7676.45
448,13,3900,petrol,19.3,103.28,0.175,7.86,0.605,2.31,20870.05,5364.45,15505.6,466.79,412.91,53.88,4-wheeler,5,300,low,3,0.18,0.82,35.09,80.2,0.78,0.22,0.12,home/slow-dominant,0.5,14908.23,10041.43,109524.47,13936.02,877626.63,1327405.02,23159.6,14.69,2.57,20.4,225322.47,269.4
449,23,6900,petrol,15.6,104.29,0.123,7.83,0.579,2.31,46128.27,6645.32,39482.95,1021.73,491.4,530.33,2-wheeler,10,300,low,3,0.22,0.78,2.56,76.3,0.81,0.19,0.02,home/slow-dominant,0.34,12766.65,6320.82,17343.09,2641.83,107958.28,154800.77,46457.15,0.63,25.25,38.5,249628.84,2651.65
450,41,12300,petrol,16.8,106.03,0.122,8.41,0.652,2.31,77629.11,12620.05,65009.06,1691.25,978.39,712.86,2-wheeler,11,300,medium,3,0.24,0.76,3.97,77.5,0.95,0.05,0.01,home/slow-dominant,0.55,12212.21,7506.3,20445.64,2690.69,118809.92,219712.42,70253.11,1.15,33.95,50.7,371711.19,3564.3
451,101,30300,diesel,17.5,90.59,0.151,8.33,0.565,2.68,156850.11,38112.25,118737.86,4640.23,2585.04,2055.19,fleet/commercial,6,300,high,5,0.58,0.42,87.19,77.7,0.34,0.66,0.5,fast-dominant,0.21,26141.69,16548.96,176656.65,25875.57,1856984.08,2837985.9,133505.7,6.02,97.87,70.1,844185.15,10275.95
452,101,30300,petrol,16.2,107.28,0.118,6.6,0.629,2.31,200653.33,23597.64,177055.69,4320.56,2248.93,2071.63,4-wheeler,5,300,high,4,0.61,0.39,22.15,88.9,0.66,0.34,0.11,mixed,0.31,15070.22,9742.02,101617.23,11087.16,902901.32,1394758.0,184601.32,2.11,98.65,73.3,1024623.83,10358.15
453,78,23400,petrol,14.2,103.72,0.148,6.54,0.733,2.31,170918.87,22649.33,148269.54,3806.62,2538.53,1268.09,4-wheeler,9,300,high,5,0.61,0.39,31.05,74.0,0.73,0.27,0.08,home/slow-dominant,0.29,18955.23,10809.9,107135.28,14157.29,877464.33,1341036.22,159246.33,2.24,60.39,60.1,903366.93,6340.45
454,10,3000,petrol,12.5,106.29,0.188,8.1,0.766,2.31,25509.6,4568.4,20941.2,554.4,432.02,122.38,4-wheeler,14,300,low,1,0.16,0.84,57.66,70.0,0.68,0.32,0.11,mixed,0.07,22135.43,14009.9,102580.03,12268.36,880579.21,1372411.15,31520.4,12.35,5.83,9.9,260182.03,611.9
455,58,17400,diesel,21.6,89.74,0.16,8.26,0.764,2.68,72290.56,22995.84,49294.72,2158.89,2126.98,31.91,2-wheeler,3,300,high,4,0.45,0.55,2.6,88.0,0.88,0.12,0.02,home/slow-dominant,0.11,7127.74,3336.73,20540.49,4915.05,109763.86,223926.46,54068.74,1.73,1.52,7.9,290884.19,159.55
456,76,22800,petrol,18.6,99.99,0.175,8.25,0.705,2.31,122568.39,32917.5,89650.89,2831.61,2812.95,18.66,4-wheeler,9,300,high,4,0.64,0.36,26.3,72.9,0.59,0.41,0.13,mixed,0.12,17587.55,11752.03,106186.27,14210.52,901141.82,1408604.59,98328.51,4.08,0.89,7.8,597828.82,93.3
457,20,6000,diesel,18.0,92.49,0.166,7.37,0.618,2.68,30830.0,7340.52,23489.48,893.33,615.53,277.8,2-wheeler,9,300,low,1,0.26,0.74,4.0,73.6,0.98,0.02,0.0,home/slow-dominant,0.2,10204.5,6450.0,13802.04,4145.61,120300.92,186886.3,28073.1,1.88,13.23,22.1,154167.54,1389.0
458,53,15900,petrol,12.4,102.02,0.131,6.08,0.765,2.31,130815.97,12664.03,118151.94,2962.02,1593.42,1368.6,4-wheeler,9,300,medium,2,0.55,0.45,54.75,76.7,0.7,0.3,0.03,home/slow-dominant,0.17,17789.19,11101.09,108135.49,12299.5,848867.3,1316383.68,127299.94,2.82,65.17,58.6,744635.19,6843.0
459,99,29700,petrol,19.7,103.62,0.135,8.53,0.746,2.31,156218.98,34201.04,122017.94,3482.59,2991.09,491.5,2-wheeler,6,300,high,4,0.35,0.65,3.67,89.6,0.83,0.17,0.02,home/slow-dominant,0.22,8805.58,4852.71,16897.34,3565.27,138047.06,203884.47,126683.86,0.39,23.4,33.1,650316.64,2457.5
460,10,3000,diesel,15.4,97.52,0.171,8.01,0.674,2.68,18997.4,4109.13,14888.27,522.08,345.76,176.32,2-wheeler,11,300,low,2,0.22,0.78,5.48,73.4,0.91,0.09,0.01,home/slow-dominant,0.27,13505.51,7896.04,13152.78,3279.32,146170.21,184482.22,21153.6,1.19,8.4,19.5,118920.78,881.6
461,100,30000,diesel,19.6,94.45,0.18,8.25,0.698,2.68,144566.33,44550.0,100016.33,4102.04,3769.2,332.84,4-wheeler,5,300,high,4,0.58,0.42,47.81,79.5,0.68,0.32,0.09,mixed,0.23,16681.63,9041.03,107981.24,12355.53,873126.03,1371352.94,110128.04,3.54,15.85,26.0,658621.44,1664.2
462,39,11700,diesel,14.2,97.47,0.159,7.6,0.597,2.68,80309.79,14138.28,66171.51,2208.17,1110.6,1097.57,4-wheeler,9,300,medium,2,0.21,0.79,24.81,78.7,0.84,0.16,0.07,home/slow-dominant,0.13,18137.55,11885.16,101267.28,14392.55,873763.63,1393794.05,75302.41,5.56,52.27,50.8,477779.33,5487.85
463,77,23100,petrol,17.8,100.82,0.168,8.93,0.698,2.31,130839.44,34655.54,96183.9,2997.81,2708.8,289.01,4-wheeler,6,300,high,5,0.49,0.51,59.73,80.2,0.71,0.29,0.13,home/slow-dominant,0.09,16678.49,10264.53,106254.69,12934.03,909217.25,1359642.37,105184.67,3.27,13.76,19.4,632178.04,1445.05
464,50,15000,petrol,17.5,101.73,0.186,7.0,0.741,2.31,87197.14,19530.0,67667.14,1980.0,2067.39,-87.39,4-wheeler,5,300,medium,3,0.48,0.52,37.5,81.3,0.8,0.2,0.11,home/slow-dominant,0.38,16394.08,10176.7,103220.5,14330.89,844746.62,1296475.79,76750.7,4.54,-4.16,13.4,486974.0,-436.95
465,85,25500,petrol,15.7,105.4,0.119,6.67,0.619,2.31,171191.08,20240.12,150950.96,3751.91,1878.36,1873.55,fleet/commercial,7,300,high,4,0.66,0.34,54.37,84.6,0.19,0.81,0.61,fast-dominant,0.08,26743.19,17034.2,180728.08,24420.87,1897394.22,2865656.2,165544.12,4.76,89.22,64.6,1008448.68,9367.75
466,113,33900,petrol,18.7,104.13,0.155,8.48,0.608,2.31,188770.43,44558.16,144212.27,4187.65,3194.74,992.91,4-wheeler,4,300,high,4,0.67,0.33,43.2,85.7,0.85,0.15,0.03,home/slow-dominant,0.29,14781.62,9069.95,107148.15,11564.1,889998.6,1366491.03,152236.76,2.43,47.28,52.5,868331.95,4964.55
467,61,18300,diesel,14.9,92.8,0.152,7.88,0.755,2.68,113975.84,21919.01,92056.83,3291.54,2100.11,1191.43,4-wheeler,8,300,high,4,0.46,0.54,33.56,80.5,0.81,0.19,0.1,home/slow-dominant,0.36,18057.54,11365.16,103767.05,14909.28,882070.5,1391357.72,101731.07,3.99,56.73,59.9,612422.4,5957.15
468,92,27600,petrol,15.6,99.22,0.185,6.27,0.587,2.31,175543.08,32014.62,143528.46,4086.92,2997.22,1089.7,fleet/commercial,7,300,high,4,0.59,0.41,44.32,77.1,0.23,0.77,0.3,mixed,0.13,26373.7,17458.76,180858.43,26351.07,1875455.63,2878751.38,157713.61,5.21,51.89,50.6,969426.48,5448.5
469,44,13200,petrol,15.7,100.91,0.183,8.67,0.745,2.31,84841.53,20943.25,63898.28,1942.17,1799.62,142.55,2-wheeler,8,300,medium,4,0.5,0.5,2.0,73.9,0.78,0.22,0.03,home/slow-dominant,0.26,9362.36,6160.46,11643.97,3539.08,86617.57,148587.93,67808.0,0.74,6.79,16.8,350683.97,712.75
470,43,12900,petrol,18.2,99.14,0.119,6.99,0.618,2.31,70269.56,10730.35,59539.21,1637.31,948.69,688.62,fleet/commercial,3,300,medium,3,0.5,0.5,62.48,90.9,0.28,0.72,0.3,mixed,0.13,23416.73,14737.31,188431.68,26092.62,1875053.23,2862069.2,73437.15,10.87,32.79,37.3,555617.43,3443.1
471,58,17400,petrol,20.0,106.09,0.119,8.48,0.672,2.31,92298.3,17558.69,74739.61,2009.7,1391.44,618.26,2-wheeler,6,300,high,4,0.2,0.8,4.93,85.1,0.97,0.03,0.01,home/slow-dominant,0.61,9304.45,4298.76,10532.04,2361.08,147558.65,254146.41,80217.52,1.2,29.44,49.5,411619.64,3091.3
472,66,19800,petrol,13.4,102.53,0.169,6.56,0.662,2.31,151499.55,21951.07,129548.48,3413.28,2215.18,1198.1,fleet/commercial,11,300,high,5,0.47,0.53,68.62,70.0,0.25,0.75,0.45,fast-dominant,0.14,29226.68,19576.7,187947.81,26874.82,1920616.37,2889428.96,144573.42,5.4,57.05,53.8,910814.91,5990.5
473,28,8400,diesel,17.7,93.76,0.129,7.84,0.697,2.68,44496.27,8495.42,36000.85,1271.86,755.27,516.59,2-wheeler,3,300,medium,3,0.16,0.84,5.5,92.3,0.85,0.15,0.02,home/slow-dominant,0.28,6005.27,3782.16,15399.42,1839.12,133797.44,194373.4,38591.78,1.17,24.6,35.8,208358.32,2582.95
474,75,22500,petrol,12.4,104.54,0.151,6.24,0.689,2.31,189689.52,21200.4,168489.12,4191.53,2340.88,1850.65,fleet/commercial,10,300,high,3,0.64,0.36,54.34,71.9,0.16,0.84,0.53,fast-dominant,0.07,29110.85,19037.16,184590.08,26293.29,1823377.94,2785387.5,183821.47,4.23,88.13,64.0,1103697.43,9253.25
475,25,7500,petrol,15.9,105.47,0.158,8.92,0.624,2.31,49750.0,10570.2,39179.8,1089.62,739.44,350.18,2-wheeler,10,300,low,1,0.24,0.76,2.98,72.9,0.84,0.16,0.01,home/slow-dominant,0.17,10986.89,6284.3,23833.0,3783.08,85322.35,140182.32,44639.01,0.7,16.68,25.6,247028.05,1750.9
476,20,6000,petrol,20.2,99.04,0.181,7.63,0.665,2.31,29417.82,8286.18,21131.64,686.14,722.19,-36.05,fleet/commercial,3,300,low,1,0.28,0.72,47.99,88.8,0.38,0.62,0.22,mixed,0.16,23510.08,15522.65,177275.6,27656.75,1861022.47,2951673.45,34650.42,20.0,-1.72,7.9,350527.7,-180.25
477,29,8700,diesel,21.1,95.43,0.188,8.86,0.609,2.68,39347.91,14491.42,24856.49,1105.02,996.08,108.94,2-wheeler,7,300,medium,3,0.29,0.71,2.57,78.8,0.97,0.03,0.0,home/slow-dominant,0.62,10737.05,5278.15,18504.26,3604.73,103505.79,209726.61,31036.34,2.83,5.19,25.9,173685.96,544.7
478,102,30600,petrol,15.1,104.2,0.167,8.94,0.689,2.31,211160.26,45685.19,165475.07,4681.19,3520.93,1160.26,4-wheeler,9,300,high,4,0.45,0.55,32.84,74.5,0.73,0.27,0.05,home/slow-dominant,0.28,17596.32,11418.06,106466.49,11548.25,852164.37,1309351.57,173962.98,2.02,55.25,56.5,976281.39,5801.3
479,99,29700,diesel,16.0,89.64,0.117,7.03,0.744,2.68,166394.25,24428.55,141965.7,4974.75,2585.33,2389.42,fleet/commercial,6,300,high,3,0.52,0.48,79.64,87.0,0.48,0.52,0.37,fast-dominant,0.29,26868.24,17342.53,186363.76,26291.01,1870634.25,2901861.64,156749.61,5.39,113.78,75.1,970111.81,11947.1
480,71,21300,petrol,12.1,102.92,0.132,6.57,0.756,2.31,181173.22,18472.21,162701.01,4066.36,2125.57,1940.79,4-wheeler,10,300,high,5,0.45,0.55,56.42,80.3,0.74,0.26,0.04,home/slow-dominant,0.24,19222.58,11926.38,102884.48,11365.31,838324.92,1298220.85,172270.27,2.07,92.42,69.8,964235.83,9703.95
481,90,27000,diesel,21.1,89.6,0.138,8.84,0.667,2.68,114654.03,32937.84,81716.19,3429.38,2485.24,944.14,4-wheeler,5,300,high,4,0.56,0.44,59.05,87.9,0.56,0.44,0.17,mixed,0.36,16164.36,8689.38,104371.09,11815.18,869176.27,1338966.67,91554.21,3.99,44.96,53.4,562142.14,4720.7
482,78,23400,petrol,18.7,107.75,0.185,8.89,0.672,2.31,134831.55,38484.81,96346.74,2890.59,2909.09,-18.5,4-wheeler,6,300,high,4,0.5,0.5,30.83,78.3,0.66,0.34,0.16,mixed,0.28,16712.86,10809.49,106362.9,11124.43,888446.58,1374451.03,104475.0,3.63,-0.88,11.7,628737.9,-92.5
483,41,12300,diesel,20.6,94.31,0.134,6.81,0.768,2.68,56311.31,11224.24,45087.07,1600.19,1265.82,334.37,4-wheeler,6,300,medium,3,0.45,0.55,55.49,82.3,0.75,0.25,0.14,home/slow-dominant,0.09,15836.4,9939.83,107615.41,13053.17,847026.93,1367528.82,53594.27,7.7,15.92,21.9,375586.76,1671.85
484,11,3300,diesel,18.3,92.02,0.152,7.59,0.582,2.68,16593.77,3807.14,12786.63,483.28,291.93,191.35,4-wheeler,4,300,low,2,0.28,0.72,34.47,88.1,0.88,0.12,0.03,home/slow-dominant,0.37,15833.3,9385.18,106427.2,11338.13,856967.93,1362769.73,21502.38,18.57,9.11,23.1,213939.1,956.75
485,74,22200,petrol,19.3,100.51,0.133,7.55,0.602,2.31,115612.54,22292.13,93320.41,2657.1,1777.47,879.63,4-wheeler,6,300,high,3,0.54,0.46,26.29,86.9,0.85,0.15,0.06,home/slow-dominant,0.21,16480.66,9179.06,100310.07,12877.58,893493.68,1420177.88,103197.53,4.13,41.89,46.6,616297.72,4398.15
486,77,23100,petrol,13.5,103.55,0.134,6.96,0.688,2.31,177185.56,21543.98,155641.58,3952.67,2129.64,1823.03,fleet/commercial,7,300,high,4,0.67,0.33,83.5,81.7,0.24,0.76,0.53,fast-dominant,0.03,28024.09,17638.15,189950.9,27731.78,1867253.73,2886579.19,171573.88,4.83,86.81,62.6,1047820.3,9115.15
487,73,21900,petrol,13.7,106.31,0.146,7.71,0.685,2.31,169940.8,24651.95,145288.85,3692.63,2190.22,1502.41,2-wheeler,9,300,high,5,0.47,0.53,4.23,77.7,0.8,0.2,0.0,home/slow-dominant,0.44,11024.43,5843.12,16517.54,4379.05,105115.72,191151.86,151345.97,0.46,71.54,69.0,773247.39,7512.05
488,55,16500,petrol,12.5,99.48,0.119,8.54,0.712,2.31,131313.6,16768.29,114545.31,3049.2,1398.01,1651.19,4-wheeler,8,300,medium,3,0.49,0.51,28.26,81.8,0.62,0.38,0.16,mixed,0.16,19163.25,10611.41,95366.97,11309.65,869753.76,1349142.47,125359.08,3.06,78.63,63.0,722162.37,8255.95
489,43,12900,diesel,15.0,90.53,0.123,8.2,0.672,2.68,77855.8,13010.94,64844.86,2304.8,1066.26,1238.54,fleet/commercial,7,300,medium,3,0.32,0.68,61.49,83.9,0.52,0.48,0.22,mixed,0.28,27899.17,16481.98,180439.25,24896.84,1926152.14,2826687.6,81241.42,8.86,58.98,58.7,586646.35,6192.7
490,26,7800,petrol,14.4,99.07,0.116,8.4,0.727,2.31,53662.92,7600.32,46062.6,1251.25,657.79,593.46,4-wheeler,11,300,medium,3,0.14,0.86,32.92,71.3,0.85,0.15,0.02,home/slow-dominant,0.22,21368.28,11727.58,96916.74,13694.65,901147.18,1417833.47,58442.23,7.18,28.26,36.8,389127.89,2967.3
491,106,31800,diesel,18.0,95.35,0.142,8.36,0.71,2.68,168451.67,37750.42,130701.25,4734.67,3206.08,1528.59,4-wheeler,8,300,high,3,0.64,0.36,50.0,79.3,0.82,0.18,0.09,home/slow-dominant,0.17,18034.38,10182.33,96821.64,14578.81,872977.47,1357095.73,141469.06,2.74,72.79,61.2,804166.94,7642.95
492,21,6300,petrol,14.9,102.38,0.173,6.79,0.61,2.31,43288.19,7400.42,35887.77,976.71,664.84,311.87,4-wheeler,9,300,low,1,0.09,0.91,39.23,75.8,0.69,0.31,0.14,mixed,0.44,18686.86,10943.59,99223.03,11131.67,862135.55,1391611.19,45857.37,9.38,14.85,31.0,328509.88,1559.35
493,40,12000,petrol,20.4,103.32,0.158,7.42,0.747,2.31,60776.47,14068.32,46708.15,1358.82,1416.31,-57.49,4-wheeler,3,300,medium,3,0.28,0.72,59.59,87.6,0.73,0.27,0.03,home/slow-dominant,0.22,14863.09,8030.03,95800.63,14249.8,843337.7,1336457.07,56391.17,7.05,-2.74,9.3,377756.48,-287.45
494,73,21900,petrol,20.9,107.23,0.11,7.92,0.664,2.31,112360.62,19079.28,93281.34,2420.53,1599.58,820.95,4-wheeler,4,300,high,4,0.66,0.34,24.08,92.5,0.71,0.29,0.04,home/slow-dominant,0.31,15912.7,9082.06,105327.68,13247.26,886126.12,1410215.82,102761.43,4.08,39.09,47.5,619134.83,4104.75
495,69,20700,petrol,18.9,103.14,0.175,7.06,0.629,2.31,112962.86,25574.85,87388.01,2530.0,2278.55,251.45,4-wheeler,8,300,high,3,0.49,0.51,35.49,74.3,0.64,0.36,0.04,mixed,0.28,19113.95,10331.46,96109.83,13184.37,893515.26,1391461.51,98807.37,4.07,11.97,23.3,590146.68,1257.25
496,93,27900,petrol,18.2,103.86,0.122,8.89,0.689,2.31,159213.96,30259.78,128954.18,3541.15,2345.22,1195.93,4-wheeler,6,300,high,5,0.46,0.54,40.31,87.3,0.73,0.27,0.07,home/slow-dominant,0.3,16078.92,9923.38,98049.34,14831.25,843760.92,1317396.94,138075.97,2.72,56.95,58.4,788429.19,5979.65
497,16,4800,petrol,14.8,102.64,0.138,8.56,0.743,2.31,33288.65,5670.14,27618.51,749.19,492.16,257.03,4-wheeler,13,300,low,3,0.2,0.8,41.12,70.0,0.56,0.44,0.14,mixed,0.34,22466.89,12475.13,96393.5,13990.58,845413.12,1364722.27,40408.39,10.47,12.24,25.3,298435.45,1285.15
498,61,18300,petrol,19.9,100.97,0.182,7.11,0.587,2.31,92851.81,23680.57,69171.24,2124.27,1955.06,169.21,2-wheeler,6,300,high,4,0.64,0.36,3.11,77.5,0.78,0.22,0.01,home/slow-dominant,0.37,8305.55,5937.26,10947.52,4900.48,136221.59,229399.9,72519.63,1.13,8.06,21.9,373545.67,846.05
499,106,31800,petrol,14.0,99.57,0.148,6.62,0.76,2.31,226166.14,31156.37,195009.77,5247.0,3576.86,1670.14,fleet/commercial,9,300,high,5,0.63,0.37,76.46,79.5,0.5,0.5,0.39,fast-dominant,0.16,28859.38,18867.95,179016.27,25415.98,1892622.33,2889101.47,210084.4,3.89,79.53,63.4,1229438.27,8350.7
500,112,33600,petrol,14.7,104.08,0.141,8.0,0.767,2.31,237897.14,37900.8,199996.34,5280.0,3633.74,1646.26,fleet/commercial,8,300,high,4,0.39,0.61,83.74,81.7,0.45,0.55,0.39,fast-dominant,0.26,27231.64,17275.8,183578.48,26217.46,1809745.22,2768981.15,215195.67,3.6,78.39,65.8,1259556.83,8231.3
501,118,35400,petrol,15.7,101.39,0.172,8.6,0.677,2.31,228611.85,52363.68,176248.17,5208.54,4122.12,1086.42,4-wheeler,8,300,high,5,0.55,0.45,57.67,75.0,0.7,0.3,0.08,home/slow-dominant,0.14,17633.75,11233.07,109470.28,13461.62,845268.68,1350510.87,185341.17,2.14,51.73,50.8,1036176.13,5432.1
502,42,12600,petrol,12.7,100.95,0.154,8.07,0.712,2.31,100155.12,15659.03,84496.09,2291.81,1381.56,910.25,4-wheeler,9,300,medium,2,0.52,0.48,52.59,77.1,0.73,0.27,0.03,home/slow-dominant,0.29,19785.26,10539.81,108133.35,12286.34,847017.16,1350207.38,96198.81,4.11,43.35,50.3,589127.4,4551.25
503,119,35700,petrol,20.2,104.36,0.167,8.13,0.698,2.31,184438.22,48470.25,135967.97,4082.52,4161.41,-78.89,4-wheeler,6,300,high,5,0.39,0.61,54.32,82.2,0.68,0.32,0.08,mixed,0.42,15650.62,10680.86,108139.01,13280.99,886919.15,1368256.56,143593.93,2.6,-3.76,14.8,826108.66,-394.45
504,75,22500,petrol,14.3,100.47,0.184,6.72,0.729,2.31,158082.17,27820.8,130261.37,3634.62,3018.06,616.56,fleet/commercial,11,300,high,5,0.69,0.31,67.53,70.0,0.45,0.55,0.26,mixed,0.2,30567.76,19386.78,177641.01,24946.62,1807312.73,2763420.9,146431.67,5.32,29.36,37.0,909799.36,3082.8
505,67,20100,diesel,21.4,94.75,0.124,8.72,0.758,2.68,88994.16,21733.73,67260.43,2517.2,1889.24,627.96,4-wheeler,3,300,high,4,0.43,0.57,53.38,89.5,0.82,0.18,0.05,home/slow-dominant,0.45,14473.09,7844.16,98973.61,11573.5,859006.98,1362041.65,76204.06,5.3,29.9,45.1,479993.91,3139.8
506,98,29400,petrol,19.5,102.86,0.156,6.09,0.652,2.31,155081.23,27931.18,127150.05,3482.77,2990.33,492.44,4-wheeler,3,300,high,5,0.37,0.63,33.53,91.1,0.82,0.18,0.04,home/slow-dominant,0.38,13339.77,8243.0,96145.9,12495.88,843530.73,1358146.9,134746.0,3.11,23.45,38.0,769875.9,2462.2
507,31,9300,petrol,20.4,100.31,0.164,8.55,0.716,2.31,45729.56,13040.46,32689.1,1053.09,1092.04,-38.95,fleet/commercial,1,300,medium,3,0.22,0.78,59.92,91.4,0.44,0.56,0.21,mixed,0.25,22332.35,14102.96,186677.03,26957.16,1910566.2,2839690.66,46309.92,16.03,-1.85,10.5,418226.63,-194.75
508,23,6900,diesel,18.8,94.18,0.168,7.73,0.713,2.68,34566.06,8960.62,25605.44,983.62,826.51,157.11,4-wheeler,7,300,low,2,0.28,0.72,34.04,78.1,0.62,0.38,0.18,mixed,0.38,17401.16,10373.71,96047.24,14664.75,888937.33,1389103.51,35565.84,11.36,7.48,21.4,273876.44,785.55
509,113,33900,petrol,17.8,101.03,0.188,8.88,0.689,2.31,192411.07,56594.02,135817.05,4399.38,4391.13,8.25,fleet/commercial,5,300,high,4,0.36,0.64,63.37,86.1,0.29,0.71,0.44,fast-dominant,0.07,24999.23,16716.88,183350.44,25830.86,1908439.93,2838114.93,149265.57,5.0,0.39,6.0,929678.29,41.25
510,30,9000,petrol,12.3,103.24,0.166,8.45,0.775,2.31,75541.46,12624.3,62917.16,1690.24,1157.85,532.39,4-wheeler,6,300,medium,3,0.25,0.75,32.85,81.9,0.71,0.29,0.07,home/slow-dominant,0.14,17221.5,9956.82,98718.13,13571.29,846819.27,1308102.83,72896.1,4.97,25.35,32.6,463198.63,2661.95
511,91,27300,diesel,17.4,93.36,0.174,7.12,0.623,2.68,146478.62,33821.42,112657.2,4204.83,2959.37,1245.46,4-wheeler,8,300,high,3,0.54,0.46,58.54,75.1,0.67,0.33,0.09,mixed,0.25,19133.18,10858.96,98651.68,11412.15,862440.38,1373870.23,123213.85,3.35,59.31,58.2,714720.93,6227.3
512,93,27900,petrol,16.9,104.32,0.12,6.8,0.613,2.31,172220.59,22766.4,149454.19,3813.55,2052.32,1761.23,4-wheeler,12,300,high,4,0.39,0.61,33.89,70.0,0.81,0.19,0.07,home/slow-dominant,0.39,20315.42,12090.65,109860.88,14617.86,890344.3,1413634.94,160602.53,2.57,83.87,72.0,912873.53,8806.15
513,63,18900,petrol,16.8,103.62,0.163,8.16,0.773,2.31,116572.5,25138.51,91433.99,2598.75,2381.38,217.37,fleet/commercial,7,300,high,5,0.41,0.59,44.9,82.2,0.28,0.72,0.26,mixed,0.06,26498.59,16931.9,186351.7,26274.42,1794673.88,2687100.7,106255.56,6.65,10.35,15.2,717629.5,1086.85
514,74,22200,petrol,19.6,101.5,0.172,8.12,0.711,2.31,114964.29,31005.41,83958.88,2616.43,2714.88,-98.45,fleet/commercial,7,300,high,3,0.55,0.45,66.34,75.7,0.21,0.79,0.49,fast-dominant,0.02,27141.84,17025.23,187554.09,27121.35,1900357.91,2849008.28,99499.76,7.65,-4.69,2.5,685052.89,-492.25
515,60,18000,petrol,12.0,103.95,0.178,8.38,0.716,2.31,155925.0,26849.52,129075.48,3465.0,2294.06,1170.94,2-wheeler,10,300,high,4,0.24,0.76,2.2,70.0,0.84,0.16,0.02,home/slow-dominant,0.24,12594.64,7492.0,18579.74,4677.76,105055.92,179268.1,135113.67,0.41,55.76,55.5,694148.09,5854.7
516,66,19800,petrol,16.3,102.62,0.175,8.97,0.608,2.31,124654.97,31081.05,93573.92,2806.01,2106.72,699.29,2-wheeler,7,300,high,5,0.68,0.32,2.39,77.3,0.98,0.02,0.0,home/slow-dominant,0.62,9225.84,5001.38,23065.21,2525.92,87680.98,170523.48,98303.56,0.61,33.3,52.5,514583.01,3496.45
517,93,27900,petrol,17.8,100.29,0.141,8.81,0.571,2.31,157196.12,34657.66,122538.46,3620.73,2246.26,1374.47,4-wheeler,8,300,high,5,0.64,0.36,30.34,82.7,0.63,0.37,0.11,mixed,0.3,16847.71,10817.6,104682.36,13116.7,859386.06,1356330.42,131191.91,2.99,65.45,62.8,760641.91,6872.35
518,28,8400,diesel,17.6,90.09,0.131,8.11,0.727,2.68,42997.5,8924.24,34073.26,1279.09,799.99,479.1,4-wheeler,6,300,medium,4,0.25,0.75,39.65,87.0,0.76,0.24,0.09,home/slow-dominant,0.24,16598.93,9498.38,109192.61,14841.92,897550.52,1352950.54,44142.19,7.84,22.81,33.3,329903.56,2395.5
519,19,5700,petrol,13.2,99.73,0.133,6.3,0.727,2.31,43065.23,4776.03,38289.2,997.5,551.14,446.36,fleet/commercial,10,300,low,2,0.14,0.86,61.66,76.1,0.32,0.68,0.31,mixed,0.07,30595.84,18256.57,179220.08,24358.54,1938594.06,2940038.57,55500.18,14.81,21.26,26.3,456720.98,2231.8
520,32,9600,petrol,15.0,102.91,0.187,8.16,0.634,2.31,65862.4,14648.83,51213.57,1478.4,1138.16,340.24,2-wheeler,9,300,medium,4,0.39,0.61,4.8,72.8,0.77,0.23,0.01,home/slow-dominant,0.23,10989.06,6733.15,18929.79,4232.2,149219.58,192915.29,56315.92,0.44,16.2,26.6,300509.39,1701.2
521,103,30900,diesel,18.0,96.15,0.177,7.91,0.753,2.68,165057.5,43262.16,121795.34,4600.67,4118.38,482.29,4-wheeler,5,300,high,4,0.5,0.5,50.1,81.0,0.72,0.28,0.03,home/slow-dominant,0.14,15558.32,9631.2,105351.97,14849.06,880342.2,1356692.04,130692.27,2.84,22.97,30.4,758813.32,2411.45
522,19,5700,diesel,16.3,90.48,0.184,7.82,0.555,2.68,31640.25,8201.62,23438.63,937.18,582.08,355.1,2-wheeler,9,300,low,1,0.3,0.7,3.49,72.8,0.91,0.09,0.02,home/slow-dominant,0.14,12375.36,6350.23,15894.06,2702.31,138066.66,217598.47,30004.22,2.12,16.91,25.1,165915.16,1775.5
523,81,24300,petrol,12.3,103.46,0.13,6.48,0.646,2.31,204396.59,20470.32,183926.27,4563.66,2040.71,2522.95,fleet/commercial,10,300,high,4,0.37,0.63,56.69,76.9,0.36,0.64,0.46,fast-dominant,0.22,29967.06,18803.56,188195.62,27445.79,1866595.05,2948321.99,200578.93,4.45,120.14,74.1,1191090.27,12614.75
524,94,28200,petrol,16.9,104.66,0.144,8.43,0.701,2.31,174639.76,34232.54,140407.22,3854.56,2846.62,1007.94,fleet/commercial,6,300,high,4,0.37,0.63,55.82,85.9,0.5,0.5,0.26,mixed,0.32,27026.01,16791.03,189697.05,27734.63,1847224.32,2783420.16,156189.13,4.78,48.0,54.2,970642.7,5039.7
525,32,9600,petrol,20.0,103.06,0.164,6.57,0.773,2.31,49468.8,10343.81,39124.99,1108.8,1217.01,-108.21,4-wheeler,6,300,medium,3,0.26,0.74,51.41,83.5,0.65,0.35,0.15,mixed,0.12,16650.48,9610.57,102406.54,13988.34,880607.59,1376770.15,48962.57,8.04,-5.15,5.4,347219.39,-541.05
526,56,16800,petrol,20.6,104.32,0.186,7.33,0.66,2.31,85076.5,22904.78,62171.72,1883.88,2062.37,-178.49,4-wheeler,3,300,high,4,0.5,0.5,23.98,86.5,0.58,0.42,0.2,mixed,0.08,15389.06,8819.5,100859.61,11925.31,867932.1,1351727.0,71126.34,5.38,-8.5,3.6,456491.31,-892.45
527,88,26400,petrol,15.2,104.45,0.16,7.25,0.592,2.31,181413.16,30624.0,150789.16,4012.11,2500.61,1511.5,4-wheeler,8,300,high,4,0.43,0.57,22.49,76.9,0.88,0.12,0.05,home/slow-dominant,0.25,18453.28,11226.2,102079.07,12336.0,906966.51,1412908.22,160483.44,2.52,71.98,63.4,904496.27,7557.5
528,69,20700,petrol,18.9,103.91,0.167,8.12,0.653,2.31,113806.19,28070.03,85736.16,2530.0,2257.36,272.64,4-wheeler,6,300,high,3,0.56,0.44,52.23,82.6,0.68,0.32,0.17,mixed,0.24,17448.08,9212.71,107791.05,11143.24,843295.13,1302386.84,96200.18,3.65,12.98,22.8,588791.95,1363.2
529,14,4200,petrol,14.9,104.97,0.112,8.62,0.671,2.31,29588.86,4054.85,25534.01,651.14,315.64,335.5,2-wheeler,10,300,low,2,0.07,0.93,3.67,78.8,0.88,0.12,0.01,home/slow-dominant,0.19,12478.51,6505.39,19682.03,4825.81,153168.25,243550.15,32472.29,2.18,15.98,25.1,182043.48,1677.5
530,96,28800,petrol,12.7,100.23,0.179,7.57,0.654,2.31,227293.23,39024.86,188268.37,5238.43,3371.5,1866.93,fleet/commercial,10,300,high,4,0.55,0.45,46.54,70.0,0.47,0.53,0.33,mixed,0.12,30064.28,18292.29,175671.59,27398.44,1935982.45,2889793.35,205520.05,3.79,88.9,65.7,1203271.84,9334.65
531,39,11700,petrol,13.9,100.5,0.136,7.29,0.6,2.31,84593.53,11599.85,72993.68,1944.39,954.72,989.67,4-wheeler,9,300,medium,3,0.52,0.48,30.95,77.5,0.66,0.34,0.15,mixed,0.14,18246.99,10773.25,103132.55,13530.84,890640.01,1394900.26,83173.59,4.82,47.13,47.8,519000.5,4948.35
532,58,17400,petrol,13.0,101.8,0.121,7.33,0.749,2.31,136255.38,15432.58,120822.8,3091.85,1576.94,1514.91,fleet/commercial,11,300,high,3,0.49,0.51,86.63,75.8,0.44,0.56,0.28,mixed,0.23,29778.35,19156.81,175259.5,25410.11,1833623.85,2839295.28,136526.36,6.08,72.14,63.0,857891.3,7574.55
533,71,21300,petrol,16.0,101.86,0.112,7.65,0.63,2.31,135601.12,18249.84,117351.28,3075.19,1502.93,1572.26,fleet/commercial,10,300,high,3,0.64,0.36,82.98,80.8,0.2,0.8,0.53,fast-dominant,0.1,30179.16,19045.9,186678.03,24307.24,1888523.49,2879561.17,133345.99,6.03,74.87,59.6,853407.98,7861.3
534,23,6900,petrol,12.2,105.02,0.117,7.8,0.761,2.31,59396.56,6296.94,53099.62,1306.48,614.36,692.12,4-wheeler,11,300,low,2,0.17,0.83,48.97,75.8,0.65,0.35,0.05,mixed,0.29,19762.1,12672.49,99924.68,14012.23,897038.4,1411996.62,62991.68,6.59,32.96,42.2,414883.08,3460.6
535,72,21600,petrol,19.6,107.66,0.176,6.15,0.71,2.31,118645.71,23379.84,95265.87,2545.71,2699.14,-153.43,fleet/commercial,5,300,high,5,0.47,0.53,64.11,79.9,0.21,0.79,0.37,fast-dominant,0.07,25900.65,16066.91,182080.11,26906.1,1925349.09,2984068.04,110480.83,7.93,-7.31,3.4,734484.26,-767.15
536,41,12300,diesel,18.1,89.72,0.116,6.23,0.639,2.68,60969.94,8888.96,52080.98,1821.22,911.73,909.49,fleet/commercial,4,300,medium,3,0.3,0.7,66.02,91.8,0.47,0.53,0.31,mixed,0.28,24398.45,15680.57,186980.17,27650.41,1865533.77,2835635.82,66328.94,11.81,43.31,50.0,518624.87,4547.45
537,119,35700,petrol,15.9,105.94,0.182,7.57,0.733,2.31,237865.28,49185.32,188679.96,5186.6,4762.59,424.01,fleet/commercial,6,300,high,4,0.63,0.37,88.76,79.6,0.24,0.76,0.38,fast-dominant,0.15,27260.76,17252.81,175696.73,26922.13,1922177.09,2915119.39,204072.34,4.0,20.19,27.8,1196058.43,2120.05
538,115,34500,petrol,17.8,105.15,0.181,8.99,0.661,2.31,203801.97,56138.06,147663.91,4477.25,4127.61,349.64,4-wheeler,6,300,high,4,0.46,0.54,58.7,79.9,0.8,0.2,0.08,home/slow-dominant,0.16,15565.2,9540.31,97378.12,14314.78,853477.85,1339138.77,156551.76,2.48,16.65,25.2,880136.92,1748.2
539,63,18900,petrol,19.6,102.18,0.183,6.56,0.557,2.31,98530.71,22689.07,75841.64,2227.5,1926.5,301.0,4-wheeler,4,300,high,4,0.42,0.58,30.18,85.5,0.88,0.12,0.05,home/slow-dominant,0.2,15790.67,9549.69,100969.41,13983.82,845638.74,1347885.39,84879.38,4.73,14.33,23.4,525366.31,1505.0
540,99,29700,petrol,19.9,103.32,0.189,7.21,0.587,2.31,154201.21,40471.89,113729.32,3447.59,3295.01,152.58,4-wheeler,5,300,high,5,0.38,0.62,52.82,82.8,0.73,0.27,0.05,home/slow-dominant,0.28,15996.55,10000.78,98448.88,13522.75,860194.1,1323653.39,122429.64,2.98,7.27,18.0,710597.08,762.9
541,13,3900,petrol,15.1,103.55,0.167,8.3,0.631,2.31,26744.7,5405.79,21338.91,596.62,410.97,185.65,fleet/commercial,8,300,low,2,0.21,0.79,49.86,75.6,0.37,0.63,0.42,fast-dominant,0.06,27248.58,18665.35,180068.52,25707.87,1942823.94,2995968.95,35063.71,20.0,8.84,13.6,355387.07,928.25
542,117,35100,petrol,12.6,99.23,0.179,8.04,0.653,2.31,276426.43,50514.52,225911.91,6435.0,4102.73,2332.27,4-wheeler,11,300,high,3,0.52,0.48,30.11,70.0,0.71,0.29,0.09,home/slow-dominant,0.24,20350.88,11563.58,109972.62,14608.47,894030.21,1390165.19,237620.9,1.63,111.06,72.9,1298077.12,11661.35
543,15,4500,diesel,14.9,91.18,0.153,6.07,0.613,2.68,27537.58,4179.2,23358.38,809.4,422.05,387.35,2-wheeler,8,300,low,2,0.14,0.86,4.37,76.4,0.82,0.18,0.04,home/slow-dominant,0.34,9978.0,5526.69,22381.22,4103.87,142937.96,236262.58,28630.46,2.48,18.45,32.0,165533.52,1936.75
544,18,5400,petrol,17.9,105.08,0.157,7.49,0.655,2.31,31700.11,6350.02,25350.09,696.87,555.31,141.56,4-wheeler,7,300,low,1,0.18,0.82,37.39,81.6,0.72,0.28,0.14,home/slow-dominant,0.28,16826.32,10893.5,108258.53,12593.42,879908.03,1406409.22,33801.59,12.37,6.74,17.3,277266.48,707.8
545,82,24600,petrol,19.5,107.01,0.181,8.19,0.707,2.31,134997.23,36466.79,98530.44,2914.15,3147.99,-233.84,4-wheeler,6,300,high,4,0.48,0.52,57.4,82.4,0.76,0.24,0.12,home/slow-dominant,0.21,16143.67,10252.93,109055.82,11333.88,849369.62,1374273.8,106687.96,3.9,-11.14,7.1,642495.62,-1169.2
546,13,3900,petrol,18.0,106.12,0.167,6.26,0.582,2.31,22992.67,4077.14,18915.53,500.5,379.06,121.44,2-wheeler,3,300,low,2,0.17,0.83,2.31,87.1,0.98,0.02,0.0,home/slow-dominant,0.39,5701.97,4326.02,15114.04,2662.82,110107.86,182663.77,20824.04,2.76,5.78,19.5,119234.24,607.2
547,115,34500,petrol,15.9,100.19,0.158,7.0,0.644,2.31,217393.4,38157.0,179236.4,5012.26,3510.44,1501.82,4-wheeler,6,300,high,3,0.64,0.36,41.44,81.8,0.88,0.12,0.05,home/slow-dominant,0.55,17666.31,9301.49,99456.15,13174.91,844205.45,1332815.12,190236.2,2.05,71.52,72.2,1050637.15,7509.1
548,91,27300,petrol,14.8,105.75,0.188,6.47,0.649,2.31,195065.88,33206.63,161859.25,4261.01,3330.93,930.08,4-wheeler,8,300,high,4,0.48,0.52,56.9,77.2,0.85,0.15,0.04,home/slow-dominant,0.18,16875.68,11095.14,98510.94,12102.54,880840.51,1410633.65,170060.3,2.54,44.29,47.3,948812.44,4650.4
549,28,8400,petrol,14.4,101.34,0.122,8.5,0.576,2.31,59115.0,8710.8,50404.2,1347.5,590.28,757.22,2-wheeler,7,300,medium,3,0.25,0.75,5.16,85.4,0.95,0.05,0.0,home/slow-dominant,0.44,10139.99,5290.47,22451.75,2384.94,153139.43,265115.19,55730.71,1.61,36.06,49.0,301105.3,3786.1
550,14,4200,petrol,20.5,101.76,0.149,6.44,0.599,2.31,20848.39,4030.15,16818.24,473.27,374.85,98.42,4-wheeler,6,300,low,3,0.2,0.8,27.95,84.2,0.71,0.29,0.06,home/slow-dominant,0.09,16190.95,9147.08,105193.28,13109.57,861129.1,1390343.09,26484.02,16.01,4.69,9.8,237613.38,492.1
551,43,12900,diesel,21.3,92.46,0.165,7.34,0.56,2.68,55996.9,15623.19,40373.71,1623.1,1191.96,431.14,4-wheeler,7,300,medium,4,0.33,0.67,35.93,76.8,0.78,0.22,0.06,home/slow-dominant,0.11,17600.42,10631.64,98542.58,11679.28,869160.86,1385826.12,49678.35,8.42,20.53,26.9,346934.33,2155.7
552,18,5400,petrol,20.8,106.69,0.168,6.97,0.757,2.31,27698.37,6323.18,21375.19,599.71,686.75,-87.04,4-wheeler,7,300,low,1,0.15,0.85,45.53,80.2,0.86,0.14,0.05,home/slow-dominant,0.35,16905.0,10615.23,100654.91,14201.64,851224.0,1336748.98,30505.29,12.62,-4.14,12.6,253181.36,-435.2
553,36,10800,diesel,20.3,96.59,0.155,7.92,0.579,2.68,51387.78,13258.08,38129.7,1425.81,969.25,456.56,4-wheeler,4,300,medium,3,0.21,0.79,28.06,85.1,0.69,0.31,0.03,mixed,0.11,15417.0,8651.07,102600.68,12937.47,907450.91,1432683.73,47483.12,8.9,21.74,27.9,340016.28,2282.8
554,83,24900,diesel,19.1,94.71,0.114,7.28,0.613,2.68,123470.1,20665.01,102805.09,3493.82,1740.06,1753.76,4-wheeler,8,300,high,4,0.59,0.41,58.78,80.9,0.89,0.11,0.05,home/slow-dominant,0.1,18550.17,10392.33,102922.1,13295.45,886280.12,1398083.4,113622.02,3.6,83.51,63.1,671032.2,8768.8
555,92,27600,petrol,18.4,99.61,0.135,7.91,0.655,2.31,149415.0,29472.66,119942.34,3465.0,2440.53,1024.47,fleet/commercial,6,300,high,4,0.54,0.46,85.74,84.3,0.32,0.68,0.39,fast-dominant,0.06,26957.33,17109.56,188330.92,24589.53,1814110.4,2855658.7,134708.02,6.33,48.78,47.2,861871.02,5122.35
556,89,26700,petrol,18.8,102.45,0.135,6.51,0.727,2.31,145500.8,23465.3,122035.5,3280.69,2620.47,660.22,4-wheeler,5,300,high,4,0.36,0.64,28.34,86.0,0.76,0.24,0.07,home/slow-dominant,0.31,14823.51,9399.28,100708.49,12298.31,881353.81,1329593.47,129919.39,2.67,31.44,41.8,750305.44,3301.1
557,23,6900,diesel,19.3,89.5,0.138,7.71,0.555,2.68,31997.41,7341.46,24655.95,958.13,528.47,429.66,2-wheeler,4,300,low,3,0.07,0.93,2.42,88.6,0.91,0.09,0.01,home/slow-dominant,0.44,7876.54,4542.82,23627.86,3140.36,88486.93,123246.85,28617.74,0.39,20.46,36.7,166716.56,2148.3
558,89,26700,petrol,19.9,104.91,0.171,8.9,0.642,2.31,140758.64,40634.73,100123.91,3099.35,2931.18,168.17,2-wheeler,5,300,high,5,0.49,0.51,2.3,80.0,0.97,0.03,0.0,home/slow-dominant,0.21,7721.97,4497.81,16620.51,4732.85,134326.77,172081.14,104294.64,0.2,8.01,16.9,538093.71,840.85
559,79,23700,diesel,17.6,94.61,0.189,6.19,0.576,2.68,127400.97,27726.87,99674.1,3608.86,2580.08,1028.78,fleet/commercial,6,300,high,4,0.41,0.59,85.47,80.4,0.25,0.75,0.6,fast-dominant,0.12,25369.12,16706.66,186195.59,27080.64,1862175.82,2827142.0,113752.69,6.85,48.99,49.2,754959.04,5143.9
560,108,32400,petrol,13.8,101.73,0.178,6.61,0.659,2.31,238844.35,38121.19,200723.16,5423.48,3800.58,1622.9,4-wheeler,9,300,high,4,0.58,0.42,29.36,75.5,0.81,0.19,0.04,home/slow-dominant,0.16,18545.59,12150.79,108953.81,11891.91,876287.81,1379870.69,209496.34,1.88,77.28,62.3,1156435.51,8114.5
561,104,31200,petrol,14.8,105.12,0.138,6.52,0.697,2.31,221604.32,28072.51,193531.81,4869.73,3001.0,1868.73,4-wheeler,9,300,high,4,0.69,0.31,37.82,74.1,0.73,0.27,0.07,home/slow-dominant,0.32,18590.5,12102.82,108613.64,13464.72,886354.19,1372750.98,202712.43,1.86,88.99,71.8,1122175.79,9343.65
562,34,10200,petrol,16.6,102.99,0.172,8.77,0.632,2.31,63283.01,15386.09,47896.92,1419.4,1108.78,310.62,2-wheeler,7,300,medium,3,0.25,0.75,3.57,80.3,0.81,0.19,0.0,home/slow-dominant,0.26,9671.22,4681.39,10854.29,2473.83,114825.12,175628.52,53381.52,0.94,14.79,25.5,277761.89,1553.1
563,19,5700,petrol,16.2,103.49,0.174,8.93,0.664,2.31,36413.15,8856.77,27556.38,812.78,658.56,154.22,2-wheeler,8,300,low,2,0.13,0.87,4.1,74.3,0.93,0.07,0.0,home/slow-dominant,0.43,10991.58,6518.17,13085.56,5452.99,144643.25,199419.91,33120.39,1.26,7.34,22.6,178687.51,771.1
564,13,3900,petrol,17.9,104.64,0.122,8.36,0.581,2.31,22798.66,3977.69,18820.97,503.3,276.44,226.86,2-wheeler,9,300,low,2,0.18,0.82,2.25,81.7,0.88,0.12,0.01,home/slow-dominant,0.57,10791.23,5441.54,17153.58,5308.5,99452.44,191350.83,25232.36,2.96,10.8,30.7,143315.38,1134.3
565,76,22800,petrol,18.8,104.1,0.153,6.97,0.665,2.31,126248.94,24314.15,101934.79,2801.49,2319.79,481.7,4-wheeler,8,300,high,4,0.5,0.5,30.62,78.3,0.78,0.22,0.05,home/slow-dominant,0.48,17556.67,10128.98,101473.31,13253.06,861982.26,1378212.13,112013.09,3.7,22.94,40.6,661538.76,2408.5
566,51,15300,petrol,15.3,102.72,0.13,6.16,0.753,2.31,102720.0,12252.24,90467.76,2310.0,1497.72,812.28,4-wheeler,5,300,medium,3,0.33,0.67,57.4,87.9,0.66,0.34,0.17,mixed,0.07,14695.33,8992.91,104613.37,13795.61,859591.65,1362766.69,98929.3,4.03,38.68,40.1,599259.87,4061.4
567,119,35700,petrol,17.5,103.54,0.138,7.28,0.587,2.31,211221.6,35865.65,175355.95,4712.4,2891.91,1820.49,4-wheeler,2,300,high,3,0.56,0.44,56.52,93.1,0.72,0.28,0.11,home/slow-dominant,0.42,13948.37,7675.95,109170.64,14205.72,838383.18,1313083.83,184469.51,1.98,86.69,74.1,1031518.19,9102.45
568,73,21900,diesel,18.3,96.23,0.112,7.06,0.624,2.68,115160.49,17316.77,97843.72,3207.21,1530.55,1676.66,4-wheeler,8,300,high,5,0.68,0.32,51.69,85.8,0.77,0.23,0.13,home/slow-dominant,0.11,18162.78,11020.91,96686.07,13883.99,860742.26,1374243.35,107762.39,3.87,79.84,62.1,635498.02,8383.3
569,115,34500,petrol,18.4,100.7,0.135,8.43,0.766,2.31,188812.5,39262.72,149549.78,4331.25,3567.64,763.61,fleet/commercial,4,300,high,3,0.58,0.42,40.97,86.9,0.31,0.69,0.25,mixed,0.19,24638.62,16392.07,181777.88,26799.31,1944564.14,2931349.21,163156.19,4.93,36.36,42.2,997558.83,3818.05
570,38,11400,diesel,15.6,94.45,0.11,7.98,0.757,2.68,69021.15,10006.92,59014.23,1958.46,949.28,1009.18,4-wheeler,8,300,medium,3,0.27,0.73,34.43,84.8,0.62,0.38,0.2,mixed,0.16,18492.45,11330.58,97886.17,14834.22,896862.72,1399835.24,69142.94,5.86,48.06,49.5,443600.87,5045.9
571,25,7500,petrol,13.0,104.92,0.188,7.59,0.668,2.31,60530.77,10701.9,49828.87,1332.69,941.88,390.81,2-wheeler,7,300,low,2,0.09,0.91,4.2,78.6,0.97,0.03,0.0,home/slow-dominant,0.3,9839.66,5858.42,23411.61,3885.82,152553.95,250553.72,54587.27,1.37,18.61,31.0,296347.96,1954.05
572,33,9900,diesel,21.7,97.71,0.152,7.15,0.552,2.68,44577.37,10759.32,33818.05,1222.67,830.65,392.02,4-wheeler,1,300,medium,2,0.53,0.47,32.46,95.4,0.73,0.27,0.12,home/slow-dominant,0.11,12676.19,7449.21,109468.7,13545.21,840810.85,1345006.21,41754.07,9.45,18.67,25.4,318239.05,1960.1
573,24,7200,diesel,14.3,91.3,0.167,6.18,0.556,2.68,45969.23,7430.83,38538.4,1349.37,668.53,680.84,2-wheeler,10,300,low,1,0.05,0.95,5.18,77.0,0.92,0.08,0.01,home/slow-dominant,0.15,12027.18,6968.28,17180.53,4897.08,120162.48,146641.72,44576.72,0.21,32.42,37.6,240064.13,3404.2
574,30,9000,petrol,14.6,103.53,0.17,8.87,0.655,2.31,63819.86,13571.1,50248.76,1423.97,1002.15,421.82,4-wheeler,10,300,medium,2,0.2,0.8,46.09,70.9,0.69,0.31,0.12,mixed,0.34,19827.24,12754.13,96560.15,13679.56,853848.47,1376806.44,60057.78,7.1,20.09,33.4,396849.05,2109.1
575,35,10500,petrol,16.0,105.65,0.128,7.41,0.698,2.31,69332.81,9959.04,59373.77,1515.94,938.11,577.83,4-wheeler,7,300,medium,4,0.42,0.58,24.73,85.6,0.67,0.33,0.1,mixed,0.41,17634.01,10506.23,106779.42,13931.73,904454.6,1416351.14,69287.9,5.85,27.52,41.8,453218.92,2889.15
576,83,24900,diesel,17.0,97.83,0.122,7.02,0.727,2.68,143292.18,21325.36,121966.82,3925.41,2208.48,1716.93,fleet/commercial,2,300,high,4,0.56,0.44,85.45,95.1,0.31,0.69,0.4,fast-dominant,0.14,22993.5,15363.69,185457.12,24936.67,1946993.63,3006368.13,134583.96,6.49,81.76,63.8,858376.92,8584.65
577,89,26700,petrol,19.8,102.29,0.156,6.09,0.738,2.31,137936.52,25366.07,112570.45,3115.0,3073.92,41.08,4-wheeler,4,300,high,5,0.48,0.52,58.4,89.3,0.69,0.31,0.15,mixed,0.34,14137.78,9636.38,100320.06,12485.07,835765.31,1301670.4,119568.86,3.06,1.96,15.4,698164.36,205.4
578,44,13200,petrol,17.2,105.54,0.145,6.2,0.717,2.31,80995.81,11866.8,69129.01,1772.79,1372.34,400.45,fleet/commercial,8,300,medium,3,0.32,0.68,43.89,79.4,0.37,0.63,0.33,mixed,0.19,27175.92,17211.84,188311.11,24589.21,1790052.99,2699815.66,84010.93,8.59,19.07,28.2,608365.76,2002.25
579,46,13800,petrol,20.4,100.01,0.147,7.67,0.761,2.31,67653.82,15559.36,52094.46,1562.65,1543.76,18.89,4-wheeler,2,300,medium,3,0.31,0.69,42.23,91.6,0.74,0.26,0.03,home/slow-dominant,0.18,13834.54,8447.65,109637.48,13023.06,851413.06,1336733.33,60085.96,6.25,0.9,9.7,410067.28,94.45
580,100,30000,diesel,21.2,94.85,0.187,6.1,0.629,2.68,134221.7,34221.0,100000.7,3792.45,3528.69,263.76,4-wheeler,5,300,high,4,0.47,0.53,33.53,83.6,0.72,0.28,0.1,home/slow-dominant,0.09,16644.9,10131.29,103367.81,12822.91,898564.9,1416141.91,109078.89,3.8,12.56,18.0,648762.26,1318.8
581,95,28500,diesel,14.4,97.35,0.141,7.26,0.676,2.68,192671.87,29174.31,163497.56,5304.17,2716.51,2587.66,4-wheeler,9,300,high,4,0.49,0.51,36.93,76.7,0.6,0.4,0.11,mixed,0.06,18532.79,12042.01,103485.92,14988.65,881215.14,1404750.97,172986.07,2.43,123.22,69.8,968416.27,12938.3
582,33,9900,petrol,20.8,102.94,0.111,6.1,0.566,2.31,48995.48,6703.29,42292.19,1099.47,621.98,477.49,fleet/commercial,6,300,medium,3,0.25,0.75,48.98,85.1,0.35,0.65,0.24,mixed,0.1,25706.85,16382.55,179462.7,26444.83,1867510.28,2944207.85,56905.46,15.77,22.74,28.9,463990.0,2387.45
583,110,33000,petrol,14.0,103.45,0.137,8.41,0.769,2.31,243846.43,38021.61,205824.82,5445.0,3476.65,1968.35,4-wheeler,9,300,high,4,0.58,0.42,43.97,77.1,0.61,0.39,0.19,mixed,0.14,19365.85,11301.29,103767.59,14145.78,869054.89,1334005.14,216718.54,1.67,93.73,67.1,1187360.29,9841.75
584,29,8700,diesel,20.4,93.32,0.167,6.83,0.737,2.68,39798.24,9923.31,29874.93,1142.94,1070.79,72.15,2-wheeler,3,300,medium,3,0.2,0.8,5.35,89.0,0.78,0.22,0.01,home/slow-dominant,0.1,7547.97,3888.89,16594.63,2836.06,148730.97,208645.13,34101.22,1.27,3.44,9.2,187100.73,360.75
585,89,26700,petrol,14.0,99.31,0.131,6.77,0.668,2.31,189398.36,23679.43,165718.93,4405.5,2336.46,2069.04,4-wheeler,11,300,high,5,0.49,0.51,41.12,77.3,0.88,0.12,0.06,home/slow-dominant,0.17,21163.4,11580.95,99532.87,14326.18,872755.31,1342352.77,178166.62,2.08,98.53,69.0,990365.97,10345.2
586,82,24600,petrol,12.8,104.12,0.187,7.17,0.562,2.31,200105.62,32983.43,167122.19,4439.53,2585.31,1854.22,4-wheeler,9,300,high,5,0.41,0.59,25.15,72.4,0.76,0.24,0.04,home/slow-dominant,0.13,19006.4,11690.76,96007.78,13460.34,884712.82,1414265.63,177129.9,2.45,88.3,65.9,981657.28,9271.1
587,79,23700,petrol,17.9,101.38,0.154,8.46,0.62,2.31,134229.39,30877.31,103352.08,3058.49,2262.88,795.61,2-wheeler,6,300,high,5,0.4,0.6,4.17,85.4,0.9,0.1,0.01,home/slow-dominant,0.54,9865.75,4442.13,13790.62,4287.97,81913.52,187899.84,109633.29,0.84,37.89,53.6,561957.07,3978.05
588,70,21000,diesel,16.3,90.28,0.179,6.53,0.584,2.68,116311.66,24546.27,91765.39,3452.76,2195.26,1257.5,4-wheeler,6,300,high,4,0.64,0.36,34.93,77.0,0.69,0.31,0.12,mixed,0.12,15337.0,9983.53,97967.82,12177.72,835294.45,1308074.96,99554.4,3.76,59.88,54.8,595739.82,6287.5
589,54,16200,petrol,13.1,99.16,0.152,6.03,0.69,2.31,122625.34,14848.27,107777.07,2856.64,1699.06,1157.58,2-wheeler,9,300,medium,3,0.3,0.7,5.0,75.5,0.96,0.04,0.0,home/slow-dominant,0.38,10307.37,6281.43,18130.63,3694.55,92645.51,185806.27,112541.92,0.67,55.12,59.4,580840.23,5787.9
590,42,12600,petrol,14.7,100.92,0.135,8.6,0.645,2.31,86502.86,14628.6,71874.26,1980.0,1097.14,882.86,2-wheeler,7,300,medium,3,0.42,0.58,3.52,82.2,0.9,0.1,0.01,home/slow-dominant,0.38,8772.18,5386.7,19025.05,4036.15,83795.81,158609.46,76066.97,0.73,42.04,51.9,399359.9,4414.3
591,56,16800,petrol,16.8,106.08,0.132,7.23,0.718,2.31,106080.0,16033.25,90046.75,2310.0,1592.24,717.76,2-wheeler,7,300,high,4,0.41,0.59,2.67,82.9,0.93,0.07,0.01,home/slow-dominant,0.37,10260.25,5223.99,19128.58,3856.38,102119.46,139149.78,95854.29,0.19,34.18,45.4,498400.03,3588.8
592,95,28500,petrol,12.7,102.36,0.153,7.36,0.655,2.31,229705.51,32093.28,197612.23,5183.86,2856.13,2327.73,4-wheeler,13,300,high,4,0.66,0.34,29.26,70.0,0.68,0.32,0.14,mixed,0.11,20717.0,13039.11,100822.72,14660.77,892886.37,1352453.88,208222.27,1.72,110.84,69.0,1141934.07,11638.65
593,85,25500,petrol,17.0,107.39,0.122,8.82,0.573,2.31,161085.0,27439.02,133645.98,3465.0,1782.6,1682.4,4-wheeler,5,300,high,4,0.54,0.46,51.21,90.1,0.89,0.11,0.03,home/slow-dominant,0.25,15741.27,8922.74,101318.45,14593.09,851775.64,1316532.55,143383.13,2.53,80.11,66.5,818234.1,8412.0
594,11,3300,diesel,19.1,92.29,0.173,6.47,0.71,2.68,15945.39,3693.72,12251.67,463.04,405.34,57.7,2-wheeler,3,300,low,1,0.17,0.83,2.93,86.2,0.94,0.06,0.01,home/slow-dominant,0.12,6684.5,3194.34,22513.58,5383.94,124007.51,208377.44,16818.62,3.68,2.75,9.2,106606.68,288.5
595,104,31200,diesel,20.4,97.06,0.119,6.73,0.698,2.68,148444.71,24987.14,123457.57,4098.82,2591.53,1507.29,fleet/commercial,7,300,high,4,0.53,0.47,78.36,85.0,0.49,0.51,0.27,mixed,0.16,26795.69,16475.76,182143.49,26669.71,1787904.42,2728697.04,139111.44,5.45,71.78,60.7,877700.69,7536.45
596,26,7800,petrol,15.7,106.68,0.143,6.14,0.74,2.31,53000.25,6848.56,46151.69,1147.64,825.4,322.24,2-wheeler,7,300,medium,4,0.21,0.79,2.72,81.7,0.79,0.21,0.03,home/slow-dominant,0.16,10638.97,4878.57,24816.6,5387.66,112322.81,167200.74,52989.62,0.57,15.34,23.4,289764.7,1611.2
597,109,32700,petrol,18.2,100.75,0.134,6.01,0.553,2.31,181017.86,26334.62,154683.24,4150.38,2423.14,1727.24,4-wheeler,5,300,high,4,0.69,0.31,34.22,85.5,0.64,0.36,0.11,mixed,0.26,14959.04,9606.11,101594.26,14329.91,901312.8,1412206.59,162902.15,2.51,82.25,67.5,916105.01,8636.2
598,63,18900,petrol,20.3,103.35,0.184,6.53,0.594,2.31,96222.41,22708.73,73513.68,2150.69,2065.69,85.0,4-wheeler,7,300,high,3,0.43,0.57,39.69,76.7,0.65,0.35,0.05,mixed,0.31,16895.91,11072.78,104743.71,12083.33,881941.77,1352365.58,81753.48,4.47,4.05,15.8,513511.11,425.0
599,54,16200,diesel,21.9,90.66,0.146,8.74,0.736,2.68,67063.56,20671.85,46391.71,1982.47,1740.79,241.68,2-wheeler,3,300,medium,2,0.24,0.76,5.3,90.0,0.81,0.19,0.01,home/slow-dominant,0.32,7408.01,3020.8,10755.44,3209.74,132550.43,233477.85,51420.87,1.75,11.51,23.7,267859.79,1208.4
600,102,30600,petrol,13.5,107.09,0.119,7.39,0.693,2.31,242737.33,26909.95,215827.38,5236.0,2523.49,2712.51,2-wheeler,13,300,high,5,0.68,0.32,5.26,71.2,0.95,0.05,0.01,home/slow-dominant,0.32,13123.01,7363.69,19800.1,2453.57,124612.28,220213.81,222077.41,0.34,129.17,78.0,1130187.15,13562.55
601,43,12900,petrol,17.7,103.55,0.147,8.84,0.642,2.31,75468.64,16763.29,58705.35,1683.56,1217.42,466.14,2-wheeler,8,300,medium,3,0.32,0.68,2.72,79.2,0.76,0.24,0.0,home/slow-dominant,0.24,10915.08,6238.86,22771.4,1516.79,136182.87,212639.23,63684.93,0.84,22.2,32.3,341196.05,2330.7
602,112,33600,diesel,20.1,95.62,0.174,7.44,0.709,2.68,159842.39,43497.22,116345.17,4480.0,4145.1,334.9,4-wheeler,4,300,high,4,0.57,0.43,35.61,84.9,0.58,0.42,0.17,mixed,0.33,15759.35,8843.25,109136.87,11752.2,858413.74,1365534.14,125611.71,3.17,15.95,29.2,737195.42,1674.5
603,101,30300,diesel,15.9,90.13,0.173,7.64,0.712,2.68,171757.17,40048.12,131709.05,5107.17,3732.23,1374.94,4-wheeler,12,300,high,5,0.57,0.43,27.68,70.0,0.65,0.35,0.18,mixed,0.14,22037.44,13422.4,109959.81,11016.24,850509.73,1360663.68,142527.34,2.81,65.47,58.1,822596.51,6874.7
604,26,7800,diesel,15.6,89.58,0.161,8.41,0.697,2.68,44790.0,10561.28,34228.72,1340.0,875.29,464.71,2-wheeler,7,300,medium,4,0.16,0.84,3.78,82.2,0.8,0.2,0.03,home/slow-dominant,0.4,10653.11,5682.91,14232.68,4379.35,140341.0,239334.04,40074.79,2.12,22.13,37.1,214606.63,2323.55
605,11,3300,diesel,19.4,91.57,0.147,7.2,0.616,2.68,15576.34,3492.72,12083.62,455.88,298.82,157.06,2-wheeler,7,300,low,2,0.23,0.77,3.61,79.0,0.8,0.2,0.0,home/slow-dominant,0.41,9316.52,5222.81,18630.55,3202.14,115468.7,157791.97,16817.76,1.41,7.48,22.2,102719.35,785.3
606,12,3600,petrol,14.3,107.29,0.118,7.21,0.652,2.31,27010.07,3062.81,23947.26,581.54,276.97,304.57,2-wheeler,9,300,low,2,0.2,0.8,5.15,79.0,0.93,0.07,0.01,home/slow-dominant,0.31,11457.27,5863.27,16760.77,2750.3,87479.27,179381.78,30091.32,2.5,14.5,26.8,167217.37,1522.85
607,62,18600,petrol,17.8,100.07,0.151,7.96,0.696,2.31,104567.53,22356.46,82211.07,2413.82,1954.79,459.03,4-wheeler,9,300,high,4,0.59,0.41,57.34,82.0,0.75,0.25,0.1,home/slow-dominant,0.2,17735.5,11087.92,103457.26,14046.88,901469.6,1400045.06,91668.03,4.31,21.86,30.8,561797.41,2295.15
608,35,10500,petrol,15.5,102.89,0.183,8.16,0.645,2.31,69699.68,15679.44,54020.24,1564.84,1239.37,325.47,4-wheeler,11,300,medium,3,0.28,0.72,36.58,70.0,0.55,0.45,0.05,mixed,0.2,19668.89,11676.63,97361.79,14329.95,845812.0,1369952.68,64878.49,6.58,15.5,24.6,421754.24,1627.35
609,39,11700,petrol,18.7,103.16,0.18,6.95,0.644,2.31,64543.96,14636.7,49907.26,1445.29,1356.26,89.03,4-wheeler,6,300,medium,2,0.34,0.66,40.69,76.9,0.7,0.3,0.13,home/slow-dominant,0.11,15526.13,9643.28,107842.24,14901.2,909182.65,1388186.73,58770.35,6.32,4.24,9.9,401693.99,445.15
610,20,6000,petrol,19.8,107.57,0.176,7.8,0.662,2.31,32596.97,8236.8,24360.17,700.0,699.07,0.93,4-wheeler,4,300,low,3,0.11,0.89,56.06,85.9,0.69,0.31,0.16,mixed,0.09,14556.45,8586.37,108643.53,13568.05,879611.9,1389562.46,33043.86,12.14,0.04,6.5,273862.83,4.65
611,75,22500,diesel,14.7,97.16,0.151,7.04,0.58,2.68,148714.29,23918.4,124795.89,4102.04,1970.55,2131.49,2-wheeler,9,300,high,4,0.4,0.6,4.82,72.3,0.78,0.22,0.02,home/slow-dominant,0.13,12150.45,6974.56,16744.92,3346.12,135229.23,247330.08,130641.0,0.73,101.5,68.4,669949.92,10657.45
612,35,10500,petrol,14.8,99.75,0.134,6.09,0.564,2.31,70768.58,8568.63,62199.95,1638.85,793.55,845.3,4-wheeler,7,300,medium,3,0.3,0.7,22.14,82.4,0.79,0.21,0.08,home/slow-dominant,0.16,16883.2,10352.17,99206.45,12221.06,843616.23,1335881.47,71175.19,5.52,40.25,44.2,455082.4,4226.5
613,95,28500,petrol,12.4,107.84,0.175,8.63,0.601,2.31,247858.06,43042.13,204815.93,5309.27,2997.49,2311.78,4-wheeler,13,300,high,4,0.54,0.46,34.16,70.0,0.8,0.2,0.08,home/slow-dominant,0.3,21898.56,12266.91,97112.5,11889.27,886894.86,1407003.71,216825.43,1.95,110.08,74.4,1181239.65,11558.9
614,92,27600,petrol,13.6,104.1,0.139,7.58,0.754,2.31,211261.76,29079.91,182181.85,4687.94,2892.65,1795.29,2-wheeler,9,300,high,3,0.65,0.35,3.48,74.8,0.92,0.08,0.01,home/slow-dominant,0.52,11090.11,6687.63,20256.47,2351.7,145558.22,258578.2,187054.67,0.5,85.49,76.4,955529.82,8976.45
615,94,28200,petrol,19.2,103.65,0.153,6.39,0.633,2.31,152235.94,27570.29,124665.65,3392.81,2731.14,661.67,fleet/commercial,5,300,high,3,0.5,0.5,51.49,81.1,0.44,0.56,0.41,fast-dominant,0.1,25651.4,16572.9,179683.48,25636.76,1869492.94,2933952.73,138871.5,6.37,31.51,35.6,874040.98,3308.35
616,18,5400,diesel,14.3,90.68,0.125,8.3,0.578,2.68,34242.8,5602.5,28640.3,1012.03,390.15,621.88,4-wheeler,9,300,low,2,0.19,0.81,29.58,76.6,0.55,0.45,0.18,mixed,0.34,19876.97,11337.36,108643.08,14967.15,867046.13,1345054.38,40173.34,9.19,29.61,41.7,309509.78,3109.4
617,25,7500,petrol,15.0,104.79,0.125,7.99,0.572,2.31,52395.0,7490.62,44904.38,1155.0,536.25,618.75,2-wheeler,6,300,low,1,0.08,0.92,2.13,88.0,0.97,0.03,0.0,home/slow-dominant,0.61,8510.77,4242.59,20065.19,1503.41,99001.13,197642.48,49473.24,1.59,29.46,49.6,267431.39,3093.75
618,75,22500,diesel,18.8,90.66,0.143,7.66,0.721,2.68,108502.66,24646.05,83856.61,3207.45,2319.82,887.63,4-wheeler,4,300,high,4,0.44,0.56,46.45,90.7,0.83,0.17,0.07,home/slow-dominant,0.52,15305.58,8947.85,104685.28,11788.82,908936.13,1372006.89,92572.1,3.87,42.27,56.3,567545.78,4438.15
619,112,33600,petrol,15.3,107.08,0.111,8.44,0.754,2.31,235156.08,31477.82,203678.26,5072.94,2812.12,2260.82,fleet/commercial,10,300,high,4,0.65,0.35,53.13,78.1,0.51,0.49,0.31,mixed,0.29,29308.15,19361.65,183391.03,24753.57,1794261.71,2855525.62,218575.47,4.02,107.66,73.7,1276268.38,11304.1
620,115,34500,petrol,18.9,101.06,0.14,8.97,0.714,2.31,184474.6,43325.1,141149.5,4216.67,3448.62,768.05,4-wheeler,5,300,high,3,0.52,0.48,23.99,88.0,0.56,0.44,0.07,mixed,0.17,14696.75,8667.51,95686.65,13868.48,881517.25,1407890.15,149952.44,2.87,36.57,41.9,845448.85,3840.25
621,35,10500,petrol,13.4,105.75,0.162,8.38,0.594,2.31,82863.81,14254.38,68609.43,1810.07,1010.39,799.68,2-wheeler,7,300,medium,4,0.54,0.46,2.81,82.3,0.96,0.04,0.01,home/slow-dominant,0.13,9724.39,4989.27,23978.84,2909.94,98917.94,130310.43,73926.54,0.1,38.08,41.6,393611.54,3998.4
622,117,35100,petrol,15.1,99.05,0.143,7.57,0.741,2.31,230242.05,37996.1,192245.95,5369.6,3719.3,1650.3,4-wheeler,9,300,high,4,0.46,0.54,52.47,81.0,0.83,0.17,0.06,home/slow-dominant,0.34,19502.02,10688.8,104419.06,12829.04,871933.17,1319625.11,203624.98,1.69,78.59,68.3,1122543.96,8251.5
623,12,3600,diesel,22.0,96.57,0.153,6.88,0.576,2.68,15802.36,3789.5,12012.86,438.55,317.26,121.29,2-wheeler,6,300,low,2,0.11,0.89,4.98,82.3,0.94,0.06,0.0,home/slow-dominant,0.38,8037.01,4582.68,24910.93,2094.5,99634.25,135972.26,15886.09,0.72,5.78,19.1,104341.38,606.45
624,97,29100,petrol,17.8,104.4,0.189,8.9,0.552,2.31,170676.4,48949.11,121727.29,3776.46,3035.94,740.52,4-wheeler,8,300,high,4,0.46,0.54,40.36,70.0,0.58,0.42,0.09,mixed,0.33,16967.02,11105.93,103060.35,12619.99,851809.91,1301362.93,130112.38,2.66,35.26,45.4,753622.25,3702.6
625,17,5100,petrol,13.4,101.1,0.131,8.77,0.675,2.31,38478.36,5859.24,32619.12,879.18,450.97,428.21,4-wheeler,11,300,low,2,0.15,0.85,37.81,72.8,0.81,0.19,0.09,home/slow-dominant,0.52,19418.72,12718.98,105651.66,11412.8,906542.95,1371613.59,41601.42,8.64,20.39,39.1,313658.76,2141.05
626,21,6300,petrol,12.6,100.48,0.145,8.57,0.566,2.31,50240.0,7828.69,42411.31,1155.0,517.04,637.96,2-wheeler,8,300,low,1,0.28,0.72,5.42,78.5,0.97,0.03,0.0,home/slow-dominant,0.37,11134.56,6535.57,10843.14,3632.17,113292.32,219167.38,47736.73,1.99,30.38,42.9,249526.79,3189.8
627,20,6000,petrol,17.3,99.5,0.162,6.45,0.664,2.31,34508.67,6269.4,28239.27,801.16,645.41,155.75,2-wheeler,4,300,low,2,0.23,0.77,2.7,85.6,0.91,0.09,0.01,home/slow-dominant,0.26,8037.59,3643.54,19476.04,1891.75,130799.12,211422.49,33011.67,1.85,7.42,17.7,184534.39,778.75
628,91,27300,petrol,19.3,106.6,0.157,6.52,0.685,2.31,150786.53,27945.37,122841.16,3267.51,2935.98,331.53,4-wheeler,8,300,high,5,0.69,0.31,30.18,77.6,0.75,0.25,0.13,home/slow-dominant,0.15,18156.04,10988.72,106469.74,14162.03,887917.24,1402511.24,132840.89,3.07,15.79,23.5,770674.19,1657.65
629,29,8700,petrol,12.5,103.27,0.138,8.73,0.648,2.31,71875.92,10481.24,61394.68,1607.76,777.99,829.77,2-wheeler,9,300,medium,3,0.18,0.82,3.02,80.3,0.97,0.03,0.0,home/slow-dominant,0.1,11173.74,6354.04,21677.71,3766.41,145825.2,228662.77,66967.66,0.91,39.51,41.6,356516.01,4148.85
630,15,4500,petrol,18.5,106.96,0.175,6.28,0.68,2.31,26017.3,4945.5,21071.8,561.89,535.5,26.39,2-wheeler,6,300,low,2,0.07,0.93,2.6,82.7,0.85,0.15,0.02,home/slow-dominant,0.32,9931.98,4999.92,21551.67,4395.87,146750.55,219936.32,26883.03,1.92,1.26,14.1,155966.82,131.95
631,21,6300,diesel,18.2,91.22,0.145,6.98,0.595,2.68,31576.15,6376.23,25199.92,927.69,543.53,384.16,4-wheeler,9,300,low,2,0.3,0.7,36.42,76.9,0.76,0.24,0.09,home/slow-dominant,0.31,19390.07,11199.52,98394.24,12674.07,855796.81,1375003.72,35925.28,11.71,18.29,31.0,278020.64,1920.8
632,54,16200,petrol,12.4,99.66,0.111,6.09,0.705,2.31,130200.97,10951.04,119249.93,3017.9,1267.73,1750.17,4-wheeler,11,300,medium,4,0.33,0.67,56.61,79.1,0.72,0.28,0.12,home/slow-dominant,0.4,20998.66,11402.16,109630.98,12525.97,875610.46,1397162.84,131351.62,3.14,83.34,72.0,766389.08,8750.85
633,99,29700,petrol,14.8,107.54,0.176,7.58,0.664,2.31,215806.62,39622.18,176184.44,4635.61,3470.86,1164.75,4-wheeler,9,300,high,4,0.58,0.42,45.38,74.2,0.88,0.12,0.06,home/slow-dominant,0.33,19501.83,11421.15,109927.73,11392.84,838012.59,1313789.0,186543.69,1.96,55.46,58.1,1042646.18,5823.75
634,86,25800,diesel,20.0,97.72,0.14,8.29,0.762,2.68,126058.8,29943.48,96115.32,3457.2,2752.34,704.86,4-wheeler,9,300,high,4,0.63,0.37,37.65,77.9,0.58,0.42,0.22,mixed,0.35,19092.52,11096.94,96133.94,13095.42,906085.38,1368553.88,106729.98,3.43,33.56,44.4,629783.84,3524.3
635,13,3900,petrol,13.5,101.04,0.115,6.6,0.65,2.31,29189.33,2960.1,26229.23,667.33,291.53,375.8,2-wheeler,8,300,low,2,0.08,0.92,5.27,84.8,0.87,0.13,0.02,home/slow-dominant,0.39,10399.24,6032.9,24046.7,3558.01,150615.22,261466.44,31307.17,2.77,17.9,33.2,180582.55,1879.0
636,40,12000,petrol,19.4,101.39,0.184,8.44,0.767,2.31,62715.46,18635.52,44079.94,1428.87,1693.54,-264.67,4-wheeler,7,300,medium,3,0.46,0.54,23.84,77.1,0.79,0.21,0.04,home/slow-dominant,0.44,18125.23,11016.77,99341.74,12872.41,901160.67,1391890.8,53762.88,7.28,-12.6,13.7,368156.14,-1323.35
637,94,28200,diesel,15.2,90.94,0.149,7.37,0.596,2.68,168717.63,30967.27,137750.36,4972.11,2504.27,2467.84,4-wheeler,8,300,high,5,0.62,0.38,29.99,83.0,0.83,0.17,0.02,home/slow-dominant,0.15,19022.42,10064.4,105339.26,13962.07,883520.46,1401785.99,149500.79,2.76,117.52,71.4,852843.21,12339.2
638,83,24900,petrol,14.1,106.31,0.127,6.85,0.751,2.31,187738.94,21661.76,166077.18,4079.36,2374.89,1704.47,4-wheeler,9,300,high,3,0.44,0.56,43.5,76.5,0.75,0.25,0.07,home/slow-dominant,0.43,17607.13,10666.63,100071.66,14330.02,893192.28,1389900.73,175883.68,2.26,81.17,72.3,979490.06,8522.35
639,42,12600,petrol,20.0,104.49,0.138,8.66,0.599,2.31,65828.7,15058.01,50770.69,1455.3,1041.54,413.76,4-wheeler,8,300,medium,3,0.22,0.78,45.39,79.2,0.87,0.13,0.02,home/slow-dominant,0.41,16923.73,11493.05,109516.31,14003.16,908669.46,1410380.35,59002.0,6.65,19.7,35.0,404526.31,2068.8
640,15,4500,petrol,18.9,103.47,0.117,7.94,0.658,2.31,24635.71,4180.41,20455.3,550.0,346.44,203.56,2-wheeler,7,300,low,3,0.23,0.77,2.14,84.7,0.97,0.03,0.0,home/slow-dominant,0.19,10850.98,5271.81,11522.56,2075.46,153161.15,183326.11,26449.56,0.7,9.69,18.2,143770.36,1017.8
641,71,21300,petrol,17.0,101.94,0.174,7.06,0.712,2.31,127724.82,26165.77,101559.05,2894.29,2638.81,255.48,2-wheeler,8,300,high,5,0.56,0.44,3.41,76.8,0.76,0.24,0.05,home/slow-dominant,0.16,9965.19,6532.48,17466.2,3988.24,90422.03,156053.32,105789.41,0.46,12.17,19.8,546413.25,1277.4
642,99,29700,petrol,14.1,99.54,0.134,8.7,0.593,2.31,209669.36,34624.26,175045.1,4865.74,2360.02,2505.72,4-wheeler,11,300,high,5,0.58,0.42,46.67,76.7,0.69,0.31,0.04,mixed,0.42,21146.09,11308.04,101420.72,11321.29,863865.96,1374312.1,187147.41,2.19,119.32,79.9,1037157.77,12528.6
643,49,14700,petrol,16.6,102.83,0.121,7.8,0.744,2.31,91060.3,13873.86,77186.44,2045.6,1323.35,722.25,2-wheeler,7,300,medium,3,0.46,0.54,4.44,84.4,0.76,0.24,0.03,home/slow-dominant,0.09,9483.11,5272.42,14890.35,4278.49,92046.05,204894.62,82252.83,1.19,34.39,37.1,426154.5,3611.25
644,21,6300,petrol,18.7,107.96,0.161,6.75,0.708,2.31,36371.55,6846.53,29525.02,778.24,718.12,60.12,2-wheeler,4,300,low,2,0.27,0.73,4.23,83.4,0.83,0.17,0.02,home/slow-dominant,0.29,6585.84,4293.08,19683.01,3027.36,103629.94,167233.07,32423.25,1.35,2.86,14.4,181799.26,300.6
645,19,5700,petrol,17.9,101.27,0.177,7.93,0.564,2.31,32247.99,8000.58,24247.41,735.59,569.02,166.57,2-wheeler,5,300,low,2,0.07,0.93,3.12,83.8,0.87,0.13,0.01,home/slow-dominant,0.24,7243.06,5137.12,11965.84,2030.0,100605.88,177748.6,26759.35,2.44,7.93,17.6,145762.59,832.85
646,72,21600,petrol,17.9,99.56,0.15,8.21,0.716,2.31,120139.44,26600.4,93539.04,2787.49,2319.84,467.65,fleet/commercial,3,300,high,4,0.41,0.59,44.68,91.3,0.51,0.49,0.24,mixed,0.24,23425.62,14841.18,185749.94,27448.2,1794673.74,2716106.01,107613.12,6.84,22.27,32.5,723815.54,2338.25
647,114,34200,petrol,12.5,103.33,0.155,8.35,0.555,2.31,282710.88,44263.35,238447.53,6320.16,2942.06,3378.1,4-wheeler,13,300,high,3,0.57,0.43,38.23,70.0,0.85,0.15,0.04,home/slow-dominant,0.48,21149.74,12634.71,109708.88,13456.03,890934.83,1347719.88,249653.77,1.39,160.86,84.3,1357977.73,16890.5
648,84,25200,petrol,15.0,104.95,0.174,6.68,0.552,2.31,176316.0,29290.46,147025.54,3880.8,2420.41,1460.39,4-wheeler,6,300,high,4,0.43,0.57,26.89,80.3,0.59,0.41,0.12,mixed,0.18,16472.44,9935.46,107068.38,12418.9,852663.58,1364031.99,156046.3,2.59,69.54,60.6,887299.88,7301.95
649,21,6300,petrol,15.9,106.6,0.135,7.97,0.605,2.31,42237.74,6778.48,35459.26,915.28,514.55,400.73,4-wheeler,7,300,low,2,0.15,0.85,58.01,79.6,0.58,0.42,0.05,mixed,0.19,17733.59,11055.35,107900.25,11122.91,841997.59,1321370.23,44362.08,8.37,19.08,28.3,329710.65,2003.65
650,106,31800,diesel,19.9,90.15,0.134,7.64,0.629,2.68,144058.79,32555.57,111503.22,4282.61,2680.29,1602.32,4-wheeler,5,300,high,3,0.54,0.46,40.06,86.0,0.76,0.24,0.07,home/slow-dominant,0.49,16917.36,10152.21,100394.55,13149.24,836729.75,1307942.42,120898.22,3.07,76.3,71.7,704885.65,8011.6
651,90,27000,petrol,16.8,103.64,0.122,8.56,0.584,2.31,166564.29,28196.64,138367.65,3712.5,1923.7,1788.8,2-wheeler,8,300,high,4,0.5,0.5,3.11,80.4,0.87,0.13,0.01,home/slow-dominant,0.46,10359.62,6568.36,14873.3,5192.9,132423.61,165532.9,143197.49,0.13,85.18,74.6,730860.75,8944.0
652,39,11700,petrol,19.6,102.54,0.187,8.59,0.751,2.31,61210.1,18794.06,42416.04,1378.93,1643.11,-264.18,4-wheeler,7,300,medium,3,0.4,0.6,51.12,78.2,0.64,0.36,0.18,mixed,0.38,17293.64,11274.71,102755.73,13385.52,901625.1,1423480.01,51112.07,8.2,-12.58,12.0,358316.08,-1320.9
653,103,30900,diesel,16.5,97.79,0.18,6.62,0.633,2.68,183134.0,36820.44,146313.56,5018.91,3520.75,1498.16,4-wheeler,9,300,high,5,0.41,0.59,40.92,73.2,0.86,0.14,0.04,home/slow-dominant,0.29,18802.36,10699.51,95685.9,14886.6,842874.28,1372040.2,157393.73,2.75,71.34,64.4,882654.55,7490.8
654,82,24600,petrol,12.6,100.63,0.164,6.39,0.552,2.31,196468.1,25779.82,170688.28,4510.0,2226.99,2283.01,4-wheeler,9,300,high,3,0.5,0.5,33.78,72.3,0.87,0.13,0.04,home/slow-dominant,0.2,18844.64,10811.33,109180.37,11545.8,857314.72,1304883.87,181030.75,1.87,108.71,71.2,1014334.12,11415.05
655,84,25200,petrol,13.1,107.43,0.152,7.79,0.608,2.31,206659.24,29838.82,176820.42,4443.66,2328.88,2114.78,4-wheeler,9,300,high,4,0.62,0.38,52.85,78.1,0.69,0.31,0.13,mixed,0.23,18792.58,10681.17,97156.78,13273.22,835380.03,1312147.09,187586.47,2.02,100.7,71.2,1035089.13,10573.9
656,22,6600,diesel,21.9,92.56,0.118,7.0,0.619,2.68,27894.79,5451.6,22443.19,807.67,482.08,325.59,2-wheeler,5,300,low,2,0.11,0.89,5.04,86.4,0.95,0.05,0.0,home/slow-dominant,0.47,7071.06,4188.18,23545.2,4692.5,127235.75,182131.88,26264.57,1.19,15.5,32.8,154868.05,1627.95
657,36,10800,petrol,16.7,100.23,0.15,7.38,0.727,2.31,64819.4,11955.6,52863.8,1493.89,1177.74,316.15,4-wheeler,7,300,medium,3,0.5,0.5,47.57,81.7,0.68,0.32,0.07,mixed,0.11,16054.14,10892.87,96253.73,13102.16,897753.8,1402248.37,60645.5,6.73,15.05,21.4,399481.23,1580.75
658,89,26700,diesel,21.5,93.14,0.17,8.16,0.565,2.68,115666.88,37038.24,78628.64,3328.19,2564.53,763.66,4-wheeler,7,300,high,4,0.49,0.51,23.78,77.0,0.81,0.19,0.06,home/slow-dominant,0.2,16284.4,11228.25,107339.37,11364.27,861262.11,1367349.98,85957.64,4.64,36.36,42.6,537127.57,3818.3
659,99,29700,diesel,15.8,96.73,0.135,6.91,0.682,2.68,181827.91,27705.65,154122.26,5037.72,2734.48,2303.24,4-wheeler,9,300,high,4,0.39,0.61,43.52,77.7,0.72,0.28,0.13,home/slow-dominant,0.09,17793.74,10763.94,97279.44,13331.54,905536.58,1353915.22,163818.37,2.14,109.68,68.0,916371.29,11516.2
660,40,12000,diesel,15.2,96.1,0.167,8.03,0.553,2.68,75868.42,16092.12,59776.3,2115.79,1108.21,1007.58,4-wheeler,10,300,medium,2,0.53,0.47,51.01,73.4,0.59,0.41,0.15,mixed,0.2,19991.75,12021.46,95571.97,13446.95,857957.8,1339657.13,70435.98,5.48,47.98,50.5,447751.87,5037.9
661,91,27300,petrol,13.7,102.43,0.146,6.41,0.766,2.31,204112.34,25548.98,178563.36,4603.14,3053.12,1550.02,4-wheeler,10,300,high,4,0.58,0.42,27.19,75.9,0.87,0.13,0.02,home/slow-dominant,0.48,18791.8,12372.78,105792.34,13914.84,872349.26,1361146.87,187765.35,2.04,73.81,70.8,1044619.09,7750.1
662,104,31200,petrol,14.2,99.78,0.119,7.1,0.563,2.31,219234.93,26360.88,192874.05,5075.49,2090.31,2985.18,fleet/commercial,11,300,high,4,0.56,0.44,51.43,78.6,0.33,0.67,0.38,fast-dominant,0.04,31197.31,18861.97,179203.98,27044.85,1834603.44,2864727.97,210618.36,4.04,142.15,70.2,1232295.78,14925.9
663,120,36000,diesel,15.3,91.48,0.174,8.33,0.569,2.68,215247.06,52179.12,163067.94,6305.88,3564.22,2741.66,4-wheeler,8,300,high,4,0.41,0.59,55.53,75.8,0.81,0.19,0.03,home/slow-dominant,0.38,19028.66,10375.67,105717.44,14083.09,883381.34,1375385.27,174537.55,2.21,130.56,79.9,978405.19,13708.3
664,33,9900,diesel,18.8,96.52,0.177,6.25,0.719,2.68,50827.02,10951.88,39875.14,1411.28,1259.9,151.38,2-wheeler,4,300,medium,4,0.5,0.5,2.07,85.0,0.83,0.17,0.03,home/slow-dominant,0.51,8642.14,4082.5,18326.28,4153.78,88532.13,156459.24,45265.54,1.1,7.21,24.8,244653.98,756.9
665,41,12300,diesel,22.7,94.55,0.111,7.44,0.696,2.68,51231.94,10157.83,41074.11,1452.16,950.25,501.91,2-wheeler,5,300,medium,4,0.34,0.66,4.63,89.2,0.75,0.25,0.04,home/slow-dominant,0.17,9303.8,4091.27,11632.11,2363.24,106717.02,175910.48,46759.29,1.23,23.9,32.0,245428.56,2509.55
666,118,35400,petrol,15.5,99.24,0.163,7.93,0.596,2.31,226651.35,45757.69,180893.66,5275.74,3439.04,1836.7,4-wheeler,7,300,high,4,0.64,0.36,40.0,79.8,0.59,0.41,0.2,mixed,0.28,16702.53,10584.25,108981.95,12616.94,904139.98,1387387.8,189535.33,1.97,87.46,70.2,1056658.6,9183.5
667,31,9300,petrol,20.5,102.17,0.168,6.84,0.699,2.31,46350.29,10686.82,35663.47,1047.95,1092.12,-44.17,2-wheeler,4,300,medium,3,0.34,0.66,3.56,86.3,0.86,0.14,0.01,home/slow-dominant,0.55,7523.46,3986.85,16784.71,4604.52,81048.56,145543.87,40120.98,1.19,-2.1,19.4,217389.61,-220.85
668,34,10200,petrol,17.6,107.96,0.126,7.73,0.769,2.31,62567.73,9934.6,52633.13,1338.75,988.32,350.43,2-wheeler,8,300,medium,3,0.44,0.56,2.02,81.5,0.91,0.09,0.02,home/slow-dominant,0.57,9721.09,4952.75,21016.71,5313.71,141548.61,236754.1,58464.21,1.27,16.69,37.7,313337.76,1752.15
669,28,8400,petrol,19.5,102.01,0.156,6.57,0.669,2.31,43942.77,8609.33,35333.44,995.08,876.66,118.42,2-wheeler,8,300,medium,4,0.06,0.94,4.87,74.5,0.83,0.17,0.0,home/slow-dominant,0.19,11234.9,6865.4,17515.31,1815.79,118504.26,165983.47,40066.1,0.75,5.64,13.3,217845.81,592.1
670,35,10500,petrol,17.4,105.49,0.138,8.42,0.674,2.31,63657.76,12200.58,51457.18,1393.97,976.63,417.34,4-wheeler,7,300,medium,3,0.46,0.54,35.67,83.1,0.79,0.21,0.1,home/slow-dominant,0.12,18182.24,10364.66,104065.42,13142.15,869881.65,1360614.85,61903.19,6.25,19.87,26.5,413581.37,2086.7
671,60,18000,petrol,16.9,99.13,0.143,6.23,0.693,2.31,105582.25,16036.02,89546.23,2460.36,1783.78,676.58,2-wheeler,8,300,high,4,0.32,0.68,3.89,80.4,0.91,0.09,0.02,home/slow-dominant,0.17,11343.09,5737.81,14541.6,2750.09,154990.36,237966.39,95701.53,0.72,32.22,38.1,493049.25,3382.9
672,80,24000,petrol,12.9,100.02,0.129,6.26,0.634,2.31,186083.72,19380.96,166702.76,4297.67,1962.86,2334.81,fleet/commercial,13,300,high,5,0.5,0.5,73.87,70.0,0.43,0.57,0.28,mixed,0.21,31590.08,20777.39,178005.4,24901.58,1899553.71,2892759.08,182495.77,4.47,111.18,72.1,1090484.25,11674.05
673,116,34800,petrol,17.3,106.74,0.143,7.15,0.773,2.31,214713.99,35581.26,179132.73,4646.71,3846.76,799.95,2-wheeler,7,300,high,4,0.37,0.63,4.46,79.3,0.86,0.14,0.0,home/slow-dominant,0.43,10370.82,4934.38,18138.55,3523.24,106586.72,204752.48,185273.82,0.43,38.09,50.6,944507.65,3999.75
674,20,6000,petrol,13.8,99.67,0.184,8.68,0.648,2.31,43334.78,9582.72,33752.06,1004.35,715.39,288.96,2-wheeler,14,300,low,3,0.25,0.75,5.35,70.0,0.96,0.04,0.0,home/slow-dominant,0.45,14034.19,7902.78,16603.28,3924.36,117119.92,231642.04,40668.34,2.41,13.76,30.1,219944.98,1444.8
675,48,14400,petrol,16.0,107.02,0.184,8.91,0.777,2.31,96318.0,23607.94,72710.06,2079.0,2058.74,20.26,4-wheeler,9,300,medium,2,0.39,0.61,42.19,73.5,0.72,0.28,0.09,home/slow-dominant,0.21,17646.59,11967.82,100851.7,11039.09,869284.04,1315404.07,80596.65,4.28,0.96,10.7,503834.95,101.3
676,104,31200,diesel,22.2,94.75,0.115,7.76,0.642,2.68,133162.16,27842.88,105319.28,3766.49,2303.5,1462.99,fleet/commercial,1,300,high,4,0.49,0.51,59.99,97.9,0.33,0.67,0.47,fast-dominant,0.06,23357.77,14072.33,185088.51,27120.83,1897625.39,2797420.1,120028.89,5.95,69.67,57.1,785232.96,7314.95
677,33,9900,petrol,20.4,105.75,0.137,7.42,0.726,2.31,51319.85,10063.75,41256.1,1121.03,984.67,136.36,2-wheeler,6,300,medium,3,0.3,0.7,5.34,82.5,0.8,0.2,0.01,home/slow-dominant,0.34,8820.85,5453.76,20357.6,4779.53,98787.62,155624.06,45579.1,0.8,6.49,18.7,248253.1,681.8
678,28,8400,petrol,16.2,106.24,0.186,7.11,0.771,2.31,55087.41,11108.66,43978.75,1197.78,1204.61,-6.83,2-wheeler,8,300,medium,4,0.24,0.76,4.25,72.8,0.82,0.18,0.03,home/slow-dominant,0.3,11689.32,5794.45,10688.8,5362.04,135461.27,204942.5,50946.03,1.15,-0.33,12.6,265418.95,-34.15
679,65,19500,diesel,15.4,89.09,0.15,7.51,0.699,2.68,112808.77,21966.75,90842.02,3393.51,2044.57,1348.94,fleet/commercial,10,300,high,5,0.35,0.65,54.91,77.0,0.17,0.83,0.55,fast-dominant,0.09,28533.41,17903.1,180081.17,24722.57,1789726.58,2809265.05,106416.84,7.89,64.24,55.6,712165.37,6744.7
680,60,18000,petrol,18.2,99.39,0.116,8.6,0.728,2.31,98297.8,17956.8,80341.0,2284.62,1520.06,764.56,4-wheeler,7,300,high,4,0.28,0.72,26.81,85.4,0.77,0.23,0.1,home/slow-dominant,0.26,18103.51,10207.22,101176.47,13378.21,865857.72,1388822.82,90912.93,4.64,36.41,44.6,555741.12,3822.8
681,78,23400,petrol,20.9,103.14,0.146,6.86,0.686,2.31,115477.32,23436.5,92040.82,2586.32,2343.65,242.67,fleet/commercial,4,300,high,4,0.46,0.54,82.13,87.0,0.25,0.75,0.28,mixed,0.07,24951.96,15564.7,176453.38,25706.5,1867427.78,2906312.56,106569.38,8.09,11.56,16.4,709300.28,1213.35
682,72,21600,diesel,17.4,89.28,0.172,6.25,0.758,2.68,110830.34,23220.0,87610.34,3326.9,2816.12,510.78,4-wheeler,5,300,high,4,0.36,0.64,35.76,83.8,0.66,0.34,0.17,mixed,0.17,16535.16,9972.55,98538.51,12339.31,851415.14,1359902.76,96640.81,4.24,24.32,32.4,581742.56,2553.9
683,96,28800,diesel,19.0,92.33,0.126,8.75,0.741,2.68,139952.84,31752.0,108200.84,4062.32,2688.94,1373.38,4-wheeler,5,300,high,5,0.56,0.44,47.1,86.7,0.82,0.18,0.04,home/slow-dominant,0.18,16511.11,9640.92,95774.63,13262.53,889071.65,1410439.0,117723.54,3.62,65.4,59.0,684392.33,6866.9
684,65,19500,diesel,18.3,90.04,0.187,8.8,0.677,2.68,95944.26,32089.2,63855.06,2855.74,2468.68,387.06,4-wheeler,5,300,high,4,0.49,0.51,39.89,84.0,0.66,0.34,0.18,mixed,0.16,16748.38,10227.76,109943.63,14129.53,837536.62,1317811.69,73201.59,5.06,18.43,26.6,475951.58,1935.3
685,62,18600,petrol,14.9,102.06,0.163,7.2,0.739,2.31,127403.76,21828.96,105574.8,2883.62,2240.5,643.12,fleet/commercial,7,300,high,4,0.69,0.31,49.95,82.1,0.25,0.75,0.46,fast-dominant,0.04,26764.84,17797.78,186048.36,24092.21,1897060.64,2807045.06,119360.3,6.07,30.62,33.3,782849.86,3215.6
686,74,22200,diesel,21.6,96.54,0.17,6.3,0.722,2.68,99221.67,23776.2,75445.47,2754.44,2724.83,29.61,4-wheeler,5,300,high,3,0.54,0.46,44.86,82.1,0.61,0.39,0.11,mixed,0.18,16829.52,9134.24,96311.75,14877.6,865795.31,1390588.5,86116.27,4.98,1.41,10.0,526893.1,148.05
687,62,18600,petrol,16.3,105.98,0.165,7.95,0.701,2.31,120934.23,24398.55,96535.68,2635.95,2151.37,484.58,4-wheeler,11,300,high,4,0.45,0.55,24.31,70.0,0.82,0.18,0.09,home/slow-dominant,0.1,19414.0,12830.25,95303.74,14239.53,867695.09,1396381.52,105967.34,4.09,23.08,29.3,625140.44,2422.9
688,47,14100,diesel,15.2,91.04,0.138,8.35,0.769,2.68,84451.58,16247.43,68204.15,2486.05,1496.32,989.73,4-wheeler,9,300,medium,3,0.45,0.55,37.71,72.8,0.6,0.4,0.09,mixed,0.12,17746.73,11736.78,105789.32,14004.61,839262.93,1343867.61,77015.02,5.18,47.13,47.3,490864.42,4948.65
689,40,12000,petrol,19.9,100.97,0.117,6.68,0.666,2.31,60886.43,9378.72,51507.71,1392.96,935.06,457.9,4-wheeler,3,300,medium,3,0.29,0.71,42.77,90.8,0.71,0.29,0.06,home/slow-dominant,0.36,14085.88,8780.32,101587.88,14041.55,878576.22,1363624.79,59621.58,6.43,21.8,35.4,399695.78,2289.5
690,45,13500,petrol,16.3,104.56,0.144,8.15,0.604,2.31,86598.77,15843.6,70755.17,1913.19,1174.18,739.01,2-wheeler,8,300,medium,2,0.36,0.64,3.53,76.8,0.87,0.13,0.01,home/slow-dominant,0.24,11287.98,6491.62,21801.95,3056.24,152813.56,189482.09,76162.78,0.2,35.19,42.5,402615.85,3695.05
691,10,3000,diesel,20.7,92.46,0.131,6.69,0.613,2.68,13400.0,2629.17,10770.83,388.41,240.91,147.5,2-wheeler,7,300,low,3,0.06,0.94,4.62,83.6,0.91,0.09,0.01,home/slow-dominant,0.43,9686.21,5388.12,23852.14,4506.48,147199.92,234411.56,15970.22,3.97,7.02,22.3,103703.24,737.5
692,62,18600,petrol,14.9,106.57,0.118,8.89,0.577,2.31,133033.69,19511.77,113521.92,2883.62,1266.4,1617.22,4-wheeler,7,300,high,3,0.54,0.46,53.46,84.2,0.77,0.23,0.07,home/slow-dominant,0.38,18040.29,10185.61,103989.51,12547.08,854424.71,1375574.93,123886.02,3.37,77.01,68.8,723419.61,8086.1
693,68,20400,petrol,19.5,106.32,0.159,7.53,0.614,2.31,111227.08,24424.31,86802.77,2416.62,1991.57,425.05,4-wheeler,5,300,high,4,0.37,0.63,51.31,81.6,0.83,0.17,0.07,home/slow-dominant,0.35,16301.25,9888.63,97806.63,14594.83,867197.12,1380477.58,96134.36,4.32,20.24,33.9,578478.43,2125.25
694,104,31200,diesel,19.1,97.35,0.151,8.37,0.668,2.68,159021.99,39432.74,119589.25,4377.8,3147.08,1230.72,4-wheeler,6,300,high,5,0.5,0.5,23.47,82.5,0.57,0.43,0.22,mixed,0.36,15802.63,9651.73,106732.91,11708.89,864162.74,1380746.51,128081.93,3.2,58.61,61.0,747142.56,6153.6
695,88,26400,petrol,17.7,107.35,0.123,8.56,0.566,2.31,160115.25,27796.03,132319.22,3445.42,1837.92,1607.5,4-wheeler,5,300,high,4,0.64,0.36,29.38,89.7,0.65,0.35,0.14,mixed,0.07,16827.32,8757.16,109337.18,12169.39,882747.18,1335441.38,142823.26,2.4,76.55,59.4,823453.48,8037.5
696,70,21000,diesel,16.9,93.19,0.129,8.6,0.64,2.68,115798.22,23297.4,92500.82,3330.18,1733.76,1596.42,4-wheeler,8,300,high,4,0.63,0.37,42.39,82.4,0.65,0.35,0.07,mixed,0.33,16945.87,10866.54,103703.47,13205.35,883724.74,1340945.77,101221.22,3.49,76.02,66.8,609809.57,7982.1
697,78,23400,petrol,19.0,106.33,0.146,6.01,0.717,2.31,130953.79,20532.56,110421.23,2844.95,2449.56,395.39,4-wheeler,6,300,high,4,0.43,0.57,57.52,79.9,0.6,0.4,0.21,mixed,0.38,17455.87,9679.16,105229.96,12276.84,865894.2,1321220.8,120653.31,2.9,18.83,33.7,708496.51,1976.95
698,46,13800,petrol,16.6,107.48,0.175,6.6,0.762,2.31,89350.84,15939.0,73411.84,1920.36,1840.23,80.13,4-wheeler,8,300,medium,4,0.49,0.51,53.73,75.5,0.65,0.35,0.08,mixed,0.37,17530.66,10352.86,100062.12,12696.95,836651.21,1295721.0,83129.03,4.32,3.82,17.5,515707.27,400.65
699,112,33600,diesel,22.3,90.38,0.173,8.53,0.605,2.68,136177.94,49583.18,86594.76,4038.03,3516.74,521.29,4-wheeler,3,300,high,4,0.64,0.36,54.02,84.3,0.66,0.34,0.06,mixed,0.13,14250.36,8035.89,100722.92,12969.69,875227.9,1358568.39,95403.17,4.01,24.82,31.8,577738.77,2606.45
700,27,8100,petrol,13.5,104.03,0.139,8.52,0.623,2.31,62418.0,9592.67,52825.33,1386.0,701.44,684.56,2-wheeler,8,300,medium,4,0.05,0.95,3.06,81.9,0.87,0.13,0.0,home/slow-dominant,0.24,10313.64,5878.31,21019.82,4925.41,117612.28,164904.1,58245.74,0.45,32.6,40.4,312248.52,3422.8
701,80,24000,diesel,15.5,89.8,0.171,8.82,0.61,2.68,139045.16,36197.28,102847.88,4149.68,2503.44,1646.24,4-wheeler,9,300,high,3,0.38,0.62,38.32,75.6,0.78,0.22,0.08,home/slow-dominant,0.15,17962.4,11149.44,108916.57,13092.77,886387.09,1389770.79,112279.39,3.51,78.39,62.4,670313.52,8231.2
702,11,3300,petrol,19.9,101.31,0.126,6.91,0.751,2.31,16800.15,2873.18,13926.97,383.07,312.27,70.8,2-wheeler,4,300,low,2,0.28,0.72,3.65,88.7,0.84,0.16,0.02,home/slow-dominant,0.36,7159.55,4368.7,19434.83,2949.84,106847.59,211152.89,17307.79,4.9,3.37,16.7,105973.78,354.0
703,20,6000,petrol,16.9,106.79,0.124,8.96,0.679,2.31,37913.61,6666.24,31247.37,820.12,505.18,314.94,2-wheeler,10,300,low,2,0.22,0.78,2.55,76.0,0.92,0.08,0.01,home/slow-dominant,0.45,11263.04,6500.28,21847.72,2490.94,128301.74,217475.28,36508.32,1.84,15.0,31.4,204389.32,1574.7
704,57,17100,diesel,16.3,89.64,0.178,7.23,0.577,2.68,94039.51,22006.67,72032.84,2811.53,1756.27,1055.26,2-wheeler,7,300,high,5,0.47,0.53,2.11,76.7,0.83,0.17,0.01,home/slow-dominant,0.23,9039.33,5592.61,12574.53,3134.7,100800.49,125855.54,76106.5,0.16,50.25,53.0,393107.03,5276.3
705,43,12900,petrol,13.9,103.6,0.161,7.3,0.574,2.31,96146.76,15161.37,80985.39,2143.81,1192.14,951.67,2-wheeler,9,300,medium,2,0.54,0.46,5.31,70.8,0.82,0.18,0.03,home/slow-dominant,0.33,10498.94,6461.34,13179.39,3562.94,144903.17,243921.37,85735.58,1.0,45.32,52.5,441857.29,4758.35
706,77,23100,diesel,19.9,93.94,0.114,6.53,0.585,2.68,109045.93,17196.1,91849.83,3110.95,1540.54,1570.41,fleet/commercial,7,300,high,5,0.42,0.58,52.04,86.0,0.37,0.63,0.46,fast-dominant,0.18,27223.64,17390.92,182980.52,26984.46,1805326.66,2773888.74,107079.44,7.34,74.78,61.9,718377.72,7852.05
707,114,34200,petrol,19.3,99.17,0.186,8.75,0.616,2.31,175731.3,55660.5,120070.8,4093.37,3918.5,174.87,4-wheeler,3,300,high,4,0.61,0.39,31.12,84.9,0.56,0.44,0.21,mixed,0.19,14965.04,8574.82,97648.31,11484.2,884600.45,1383290.43,128757.86,3.11,8.33,17.0,741437.61,874.35
708,43,12900,diesel,17.2,97.91,0.143,8.78,0.717,2.68,73432.5,16196.47,57236.03,2010.0,1322.65,687.35,4-wheeler,4,300,medium,3,0.43,0.57,25.17,90.4,0.58,0.42,0.19,mixed,0.33,15165.53,9622.03,104524.93,11886.44,899526.28,1352150.41,65156.82,5.34,32.73,43.2,430309.03,3436.75
709,110,33000,petrol,16.3,103.86,0.185,8.38,0.58,2.31,210268.71,51159.9,159108.81,4676.69,3540.9,1135.79,4-wheeler,5,300,high,3,0.52,0.48,57.28,79.0,0.7,0.3,0.07,home/slow-dominant,0.37,16693.7,10497.84,99374.8,12518.62,867245.48,1315995.68,167808.39,2.08,54.09,58.8,938416.75,5678.95
710,71,21300,petrol,18.7,99.39,0.165,8.24,0.708,2.31,113208.93,28959.48,84249.45,2631.18,2488.27,142.91,4-wheeler,8,300,high,5,0.5,0.5,44.03,75.8,0.88,0.12,0.03,home/slow-dominant,0.12,18327.71,11566.84,106872.99,12441.59,864219.64,1305579.31,93498.64,3.58,6.81,12.8,574366.19,714.55
711,61,18300,petrol,14.0,105.54,0.153,6.14,0.687,2.31,137955.86,17191.39,120764.47,3019.5,1923.53,1095.97,fleet/commercial,8,300,high,3,0.47,0.53,73.35,75.4,0.44,0.56,0.43,fast-dominant,0.19,28454.42,18702.48,187121.66,25566.99,1933215.06,2933894.3,135629.81,6.0,52.19,52.5,865270.71,5479.85
712,74,22200,petrol,13.2,106.83,0.173,6.94,0.657,2.31,179668.64,26653.76,153014.88,3885.0,2523.27,1361.73,4-wheeler,14,300,high,4,0.49,0.51,56.64,70.0,0.58,0.42,0.04,mixed,0.13,22902.26,13318.62,101956.81,14174.09,898735.17,1344126.59,165433.34,2.08,64.84,57.2,929123.51,6808.65
713,97,29100,petrol,21.0,107.25,0.162,8.94,0.653,2.31,148617.86,42144.95,106472.91,3201.0,3078.37,122.63,4-wheeler,3,300,high,4,0.54,0.46,35.13,86.0,0.85,0.15,0.07,home/slow-dominant,0.35,14128.7,8808.29,97712.16,12296.62,852059.36,1315403.56,114252.64,3.2,5.84,18.4,668975.36,613.15
714,61,18300,petrol,20.1,102.51,0.16,7.6,0.583,2.31,93330.0,22252.8,71077.2,2103.13,1707.02,396.11,4-wheeler,5,300,high,5,0.41,0.59,45.62,86.2,0.81,0.19,0.04,home/slow-dominant,0.51,16204.41,9827.35,104701.62,13007.59,864001.86,1376259.84,80055.78,5.09,18.86,37.7,504980.52,1980.55
715,51,15300,petrol,13.2,100.83,0.123,6.99,0.656,2.31,116871.14,13154.48,103716.66,2677.5,1234.53,1442.97,4-wheeler,12,300,medium,3,0.34,0.66,23.47,71.8,0.76,0.24,0.13,home/slow-dominant,0.44,19967.3,12923.83,109891.81,13495.63,863991.84,1322410.66,113459.26,3.07,68.71,67.9,677188.11,7214.85
716,89,26700,petrol,13.4,107.58,0.176,7.7,0.672,2.31,214357.16,36183.84,178173.32,4602.76,3157.86,1444.9,fleet/commercial,13,300,high,4,0.63,0.37,49.34,70.0,0.48,0.52,0.21,mixed,0.15,32613.64,20675.09,184338.86,24928.71,1795723.39,2702416.66,195097.61,3.7,68.8,59.4,1159826.91,7224.5
717,101,30300,diesel,15.0,90.65,0.146,7.42,0.641,2.68,183113.0,32824.6,150288.4,5413.6,2835.66,2577.94,fleet/commercial,12,300,high,4,0.62,0.38,81.56,70.0,0.31,0.69,0.43,fast-dominant,0.08,31666.75,20046.13,175536.62,26874.78,1910407.79,2893816.42,167283.98,4.83,122.76,70.3,1011956.52,12889.7
718,111,33300,petrol,17.8,99.64,0.134,8.08,0.674,2.31,186405.17,36054.58,150350.59,4321.52,3007.52,1314.0,fleet/commercial,9,300,high,4,0.4,0.6,78.34,76.0,0.24,0.76,0.32,mixed,0.05,28138.55,19146.62,175259.41,26188.45,1904819.89,2938100.18,164580.21,5.21,62.57,53.6,998160.46,6570.0
719,88,26400,diesel,22.7,97.99,0.163,8.5,0.746,2.68,113961.94,36577.2,77384.74,3116.83,3210.19,-93.36,4-wheeler,6,300,high,4,0.4,0.6,35.32,81.3,0.73,0.27,0.1,home/slow-dominant,0.29,17143.28,9792.61,99805.43,12787.12,845152.18,1298012.1,87292.83,4.04,-4.45,10.7,536269.58,-466.8
720,74,22200,petrol,20.1,107.08,0.113,7.98,0.556,2.31,118267.46,20018.63,98248.83,2551.34,1394.78,1156.56,4-wheeler,6,300,high,5,0.44,0.56,36.32,88.8,0.74,0.26,0.06,home/slow-dominant,0.12,15330.34,10192.8,97936.76,14239.14,891650.65,1396564.8,106234.2,3.83,55.07,51.6,629107.76,5782.8
721,62,18600,petrol,17.8,105.48,0.152,6.51,0.705,2.31,110220.67,18405.07,91815.6,2413.82,1993.18,420.64,fleet/commercial,8,300,high,5,0.48,0.52,66.68,76.1,0.37,0.63,0.31,mixed,0.15,27321.39,18311.22,187195.77,24973.98,1847375.08,2753633.75,105820.57,6.8,20.03,27.6,716298.62,2103.2
722,62,18600,diesel,20.1,97.03,0.161,7.04,0.614,2.68,89788.96,21081.98,68706.98,2480.0,1838.68,641.32,4-wheeler,4,300,high,3,0.49,0.51,22.01,87.9,0.75,0.25,0.11,home/slow-dominant,0.08,13956.33,9311.22,107672.09,14532.7,835907.35,1301841.48,76258.63,4.7,30.54,34.3,488965.24,3206.6
723,42,12600,petrol,19.1,102.75,0.124,6.07,0.721,2.31,67782.72,9483.77,58298.95,1523.87,1126.49,397.38,2-wheeler,4,300,medium,3,0.26,0.74,2.84,89.0,0.97,0.03,0.0,home/slow-dominant,0.27,8172.54,3671.34,13879.28,3744.19,80691.67,126398.21,63548.99,0.5,18.92,30.6,331624.23,1986.9
724,88,26400,petrol,19.8,106.51,0.127,8.16,0.58,2.31,142013.33,27358.85,114654.48,3080.0,1944.62,1135.38,4-wheeler,5,300,high,3,0.37,0.63,29.91,87.2,0.87,0.13,0.01,home/slow-dominant,0.19,16364.1,9846.96,99884.67,13436.7,866462.56,1317389.97,123858.96,2.83,54.07,53.3,719179.47,5676.9
725,14,4200,petrol,18.6,105.09,0.169,8.9,0.63,2.31,23730.0,6317.22,17412.78,521.61,447.17,74.44,4-wheeler,6,300,low,2,0.25,0.75,31.52,82.0,0.86,0.14,0.04,home/slow-dominant,0.55,17252.73,10640.6,98543.7,14500.24,842820.83,1363500.2,26924.96,15.68,3.54,22.7,233168.5,372.2
726,32,9600,petrol,19.6,100.25,0.158,7.53,0.72,2.31,49102.04,11421.5,37680.54,1131.43,1092.1,39.33,4-wheeler,5,300,medium,3,0.45,0.55,52.62,83.1,0.83,0.17,0.03,home/slow-dominant,0.41,14560.76,9144.68,108625.74,14270.33,878910.25,1403011.26,45950.69,9.04,1.87,17.3,338379.19,196.65
727,56,16800,petrol,14.2,99.51,0.165,8.94,0.776,2.31,117730.14,24781.68,92948.46,2732.96,2151.07,581.89,2-wheeler,10,300,high,4,0.39,0.61,2.98,72.7,0.97,0.03,0.0,home/slow-dominant,0.28,12002.96,7065.79,17539.74,3906.25,105936.96,191880.01,98666.88,0.69,27.71,38.2,510874.14,2909.45
728,45,13500,diesel,16.7,95.42,0.113,7.38,0.65,2.68,77135.93,11258.19,65877.74,2166.47,991.58,1174.89,4-wheeler,9,300,medium,3,0.42,0.58,29.28,80.4,0.58,0.42,0.08,mixed,0.09,19241.61,10957.42,104842.06,14012.75,850351.88,1346002.5,76964.48,5.08,55.95,51.3,489664.46,5874.45
729,71,21300,petrol,14.8,105.03,0.176,7.05,0.636,2.31,151158.04,26429.04,124729.0,3324.53,2384.24,940.29,4-wheeler,9,300,high,4,0.57,0.43,41.16,73.7,0.64,0.36,0.11,mixed,0.25,17922.96,12248.28,101232.23,12733.28,844718.93,1284906.19,132950.34,2.55,44.78,49.8,765983.93,4701.45
730,78,23400,petrol,14.4,100.25,0.186,7.24,0.753,2.31,162906.25,31511.38,131394.87,3753.75,3277.36,476.39,4-wheeler,11,300,high,4,0.44,0.56,54.89,70.0,0.72,0.28,0.05,home/slow-dominant,0.16,20609.5,12316.13,104465.21,13189.51,904864.89,1394805.38,142326.14,2.71,22.69,30.6,816095.91,2381.95
731,41,12300,diesel,16.2,97.92,0.147,7.03,0.631,2.68,74346.67,12710.94,61635.73,2034.81,1140.91,893.9,2-wheeler,6,300,medium,3,0.21,0.79,2.84,79.9,0.94,0.06,0.0,home/slow-dominant,0.37,8001.86,4670.31,15787.83,1748.28,149520.55,204565.39,65316.94,0.6,42.57,52.2,342372.53,4469.5
732,90,27000,petrol,17.1,106.88,0.119,7.27,0.729,2.31,168757.89,23358.51,145399.38,3647.37,2342.28,1305.09,fleet/commercial,7,300,high,4,0.66,0.34,43.93,86.0,0.35,0.65,0.52,fast-dominant,0.2,26485.18,16960.97,180095.18,24359.43,1839084.7,2813222.25,159795.48,4.97,62.15,57.9,979072.58,6525.45
733,35,10500,diesel,22.3,90.41,0.171,8.51,0.745,2.68,42569.73,15279.71,27290.02,1261.88,1337.65,-75.77,4-wheeler,3,300,medium,2,0.4,0.6,35.54,89.4,0.81,0.19,0.02,home/slow-dominant,0.36,14191.91,8826.14,104517.2,14317.7,887953.07,1378875.85,35519.33,10.88,-3.61,13.1,282113.85,-378.85
734,95,28500,petrol,19.2,107.85,0.118,6.19,0.722,2.31,160089.84,20816.97,139272.87,3428.91,2428.09,1000.82,4-wheeler,2,300,high,4,0.43,0.57,50.41,94.0,0.6,0.4,0.05,mixed,0.27,13868.56,7321.74,103865.93,11238.69,904401.62,1346691.3,148067.43,2.29,47.66,52.3,844203.08,5004.1
735,36,10800,petrol,12.2,106.88,0.134,6.2,0.675,2.31,94615.08,8972.64,85642.44,2044.92,976.86,1068.06,4-wheeler,10,300,medium,3,0.43,0.57,42.93,75.8,0.64,0.36,0.19,mixed,0.25,18650.09,11875.76,99402.92,11677.6,888114.7,1357844.19,94752.29,3.91,50.86,53.9,573164.37,5340.3
736,79,23700,petrol,17.1,107.1,0.145,6.75,0.628,2.31,148436.84,23196.37,125240.47,3201.58,2158.12,1043.46,fleet/commercial,7,300,high,4,0.43,0.57,80.84,82.2,0.44,0.56,0.26,mixed,0.27,26494.54,18029.96,177240.23,27183.33,1814738.55,2811921.63,139141.72,5.89,49.69,53.9,872948.83,5217.3
737,99,29700,diesel,16.4,91.19,0.171,7.65,0.688,2.68,165142.87,38852.06,126290.81,4853.41,3494.15,1359.26,4-wheeler,10,300,high,4,0.59,0.41,58.46,73.3,0.61,0.39,0.16,mixed,0.37,18790.67,12395.58,100528.65,11004.58,872879.78,1325210.78,134886.82,2.61,64.73,64.4,774962.75,6796.3
738,34,10200,petrol,18.6,106.07,0.183,8.83,0.569,2.31,58167.42,16482.08,41685.34,1266.77,1062.1,204.67,4-wheeler,7,300,medium,3,0.45,0.55,52.12,73.0,0.67,0.33,0.04,mixed,0.26,16622.88,10108.28,101227.96,12129.62,850142.2,1326877.02,50625.86,7.42,9.75,20.4,354357.26,1023.35
739,48,14400,diesel,15.7,97.62,0.166,8.83,0.611,2.68,89536.82,21107.23,68429.59,2458.09,1460.53,997.56,4-wheeler,6,300,medium,2,0.53,0.47,44.94,79.5,0.64,0.36,0.05,mixed,0.17,15843.73,10914.42,104430.27,13336.15,865660.86,1334241.09,76026.13,4.79,47.5,49.1,484560.92,4987.8
740,74,22200,petrol,13.3,105.05,0.149,6.13,0.756,2.31,175346.62,20276.81,155069.81,3855.79,2500.7,1355.09,4-wheeler,13,300,high,4,0.64,0.36,40.75,70.0,0.67,0.33,0.11,mixed,0.24,21498.36,13367.96,108717.93,13381.8,846140.89,1286534.52,165876.57,2.0,64.53,60.3,938100.78,6775.45
741,100,30000,petrol,20.8,100.06,0.166,6.07,0.707,2.31,144317.31,30228.6,114088.71,3331.73,3520.86,-189.13,4-wheeler,7,300,high,5,0.49,0.51,23.52,80.5,0.8,0.2,0.06,home/slow-dominant,0.16,17619.1,9884.65,95542.77,14108.61,907767.63,1432682.56,124644.88,3.44,-9.01,5.9,718767.17,-945.65
742,110,33000,petrol,18.0,105.22,0.139,6.09,0.702,2.31,192903.33,27934.83,164968.5,4235.0,3220.07,1014.93,4-wheeler,7,300,high,4,0.4,0.6,59.4,87.3,0.68,0.32,0.17,mixed,0.31,17101.28,9304.87,98654.92,13023.71,871273.78,1400828.44,175369.65,2.46,48.33,54.2,975503.17,5074.65
743,66,19800,diesel,22.6,97.21,0.143,7.24,0.618,2.68,85166.28,20499.34,64666.94,2347.96,1749.81,598.15,4-wheeler,4,300,high,4,0.61,0.39,36.57,88.0,0.74,0.26,0.14,home/slow-dominant,0.28,15662.34,8474.05,97905.74,13037.61,885524.07,1331721.25,74462.75,4.68,28.48,38.8,470219.49,2990.75
744,109,32700,diesel,14.6,93.23,0.116,6.16,0.635,2.68,208809.66,23366.11,185443.55,6002.47,2408.68,3593.79,4-wheeler,7,300,high,4,0.48,0.52,27.78,82.3,0.58,0.42,0.19,mixed,0.09,17776.24,10876.08,102534.42,13901.24,843828.86,1366278.84,195123.96,2.15,171.13,72.7,1078154.22,17968.95
745,95,28500,petrol,15.2,104.72,0.11,6.96,0.629,2.31,196350.0,21819.6,174530.4,4331.25,1971.91,2359.34,4-wheeler,8,300,high,3,0.58,0.42,47.33,84.4,0.83,0.17,0.06,home/slow-dominant,0.17,17103.66,9814.62,101445.51,12994.5,882253.92,1398140.44,184418.34,2.25,112.35,71.2,1023537.21,11796.7
746,111,33300,petrol,15.7,107.31,0.179,7.07,0.699,2.31,227606.56,42142.15,185464.41,4899.55,4166.53,733.02,fleet/commercial,10,300,high,4,0.44,0.56,54.21,73.6,0.3,0.7,0.32,mixed,0.11,28417.22,18393.04,185935.56,26433.96,1933214.49,2917282.31,200775.38,3.98,34.91,38.2,1189812.46,3665.1
747,92,27600,diesel,20.0,90.96,0.163,8.93,0.619,2.68,125524.8,40174.28,85350.52,3698.4,2784.76,913.64,4-wheeler,8,300,high,4,0.38,0.62,44.26,77.5,0.78,0.22,0.06,home/slow-dominant,0.46,18907.06,11336.69,98636.24,14591.1,838639.45,1295584.68,95839.11,3.74,43.51,55.5,577831.79,4568.2
748,65,19500,petrol,18.6,104.3,0.131,7.87,0.617,2.31,109346.77,20103.92,89242.85,2421.77,1576.13,845.64,4-wheeler,9,300,high,3,0.7,0.3,44.3,77.1,0.8,0.2,0.11,home/slow-dominant,0.33,17741.59,11432.78,103917.48,12605.8,839992.9,1296979.48,98072.82,3.6,40.27,49.4,594281.58,4228.2
749,21,6300,petrol,14.6,105.62,0.128,8.13,0.594,2.31,45575.75,6556.03,39019.72,996.78,479.0,517.78,4-wheeler,8,300,low,2,0.21,0.79,38.94,83.4,0.62,0.38,0.14,mixed,0.29,17156.01,11082.38,108257.86,12540.5,865789.97,1316427.68,47601.45,7.19,24.66,36.4,346265.11,2588.9
750,87,26100,petrol,20.4,104.04,0.15,6.01,0.605,2.31,133110.0,23529.15,109580.85,2955.44,2368.57,586.87,4-wheeler,3,300,high,4,0.7,0.3,53.77,91.1,0.86,0.14,0.05,home/slow-dominant,0.25,13103.12,8888.84,108660.17,11014.2,847504.99,1327628.95,115997.97,3.2,27.95,37.4,688650.02,2934.35
751,81,24300,petrol,14.8,99.55,0.157,8.01,0.624,2.31,163450.34,30558.95,132891.39,3792.77,2380.62,1412.15,4-wheeler,9,300,high,4,0.69,0.31,32.07,73.7,0.77,0.23,0.05,home/slow-dominant,0.32,19058.01,10745.96,109381.77,13453.71,860512.82,1342602.05,143894.18,2.59,67.25,63.9,828852.67,7060.75
752,13,3900,petrol,12.3,100.36,0.121,7.98,0.577,2.31,31821.46,3765.76,28055.7,732.44,272.29,460.15,4-wheeler,7,300,low,3,0.27,0.73,39.05,85.2,0.7,0.3,0.04,home/slow-dominant,0.24,17447.69,10818.02,106598.92,11119.09,867187.9,1365190.92,36909.19,10.6,21.91,32.1,291144.87,2300.75
753,62,18600,petrol,13.0,107.59,0.169,8.92,0.656,2.31,153936.46,28039.13,125897.33,3305.08,2062.07,1243.01,4-wheeler,10,300,high,3,0.58,0.42,42.43,74.1,0.61,0.39,0.2,mixed,0.28,20668.57,11358.25,108589.82,13016.59,905289.22,1354997.01,137810.97,2.48,59.19,58.8,797644.67,6215.05
754,12,3600,petrol,16.7,107.69,0.187,7.97,0.568,2.31,23214.61,5365.4,17849.21,497.96,382.38,115.58,2-wheeler,7,300,low,2,0.27,0.73,4.32,78.9,0.97,0.03,0.0,home/slow-dominant,0.12,10678.64,5590.43,13517.96,4716.94,87444.51,189197.06,23880.81,3.69,5.5,11.1,132922.01,577.9
755,50,15000,diesel,19.6,93.63,0.147,7.47,0.728,2.68,71655.61,16471.35,55184.26,2051.02,1605.24,445.78,2-wheeler,5,300,medium,2,0.47,0.53,4.74,85.6,0.92,0.08,0.01,home/slow-dominant,0.34,8036.02,4700.86,12963.71,3699.68,117979.75,211956.2,59259.36,1.37,21.23,34.4,309260.51,2228.9
756,114,34200,petrol,19.9,107.14,0.169,7.48,0.567,2.31,184130.05,43232.9,140897.15,3969.95,3277.15,692.8,fleet/commercial,2,300,high,5,0.45,0.55,59.74,89.0,0.23,0.77,0.35,fast-dominant,0.06,23191.81,14719.81,175097.32,25078.54,1820544.61,2884605.75,154384.86,5.76,32.99,35.4,947021.62,3464.0
757,118,35400,petrol,14.7,103.5,0.148,6.53,0.556,2.31,249244.9,34211.98,215032.92,5562.86,2913.0,2649.86,4-wheeler,9,300,high,3,0.51,0.49,46.55,79.3,0.67,0.33,0.16,mixed,0.19,18262.44,11946.97,105602.67,14144.67,904288.5,1401481.97,224177.32,1.75,126.18,74.0,1226489.27,13249.3
758,120,36000,diesel,20.6,97.36,0.168,6.99,0.564,2.68,170143.69,42275.52,127868.17,4683.5,3411.07,1272.43,4-wheeler,4,300,high,4,0.57,0.43,27.72,83.0,0.83,0.17,0.02,home/slow-dominant,0.52,14165.78,9231.05,109062.01,12078.87,842940.93,1363517.46,135218.67,3.04,60.59,67.2,785155.36,6362.15
759,82,24600,petrol,12.2,101.12,0.119,8.12,0.653,2.31,203897.7,23770.49,180127.21,4657.87,1911.59,2746.28,fleet/commercial,8,300,high,4,0.49,0.51,86.63,83.4,0.43,0.57,0.38,fast-dominant,0.09,27131.4,16922.23,177804.03,26932.13,1915760.48,2963444.81,195722.81,4.44,130.78,71.3,1156418.08,13731.4
760,20,6000,petrol,14.2,99.04,0.143,8.45,0.655,2.31,41847.89,7250.1,34597.79,976.06,561.99,414.07,4-wheeler,4,300,low,2,0.24,0.76,36.56,85.7,0.82,0.18,0.03,home/slow-dominant,0.22,14117.48,9814.62,104554.15,13441.03,837754.61,1349661.24,41588.86,9.79,19.72,29.4,312498.45,2070.35
761,110,33000,petrol,14.6,105.85,0.125,6.47,0.698,2.31,239250.0,26688.75,212561.25,5221.23,2879.25,2341.98,4-wheeler,9,300,high,4,0.47,0.53,49.72,81.7,0.7,0.3,0.15,home/slow-dominant,0.27,17823.88,11203.03,106196.9,11679.99,845346.33,1305361.08,221518.1,1.6,111.52,74.0,1213787.4,11709.9
762,62,18600,petrol,17.4,106.39,0.176,6.17,0.666,2.31,113727.24,20198.11,93529.13,2469.31,2180.22,289.09,4-wheeler,10,300,high,4,0.55,0.45,22.77,70.8,0.8,0.2,0.09,home/slow-dominant,0.46,18877.23,12278.71,108914.21,14620.54,878285.11,1342133.38,103051.76,3.44,13.77,30.6,624173.01,1445.45
763,28,8400,diesel,14.6,95.4,0.151,7.56,0.753,2.68,54887.67,9589.1,45298.57,1541.92,955.11,586.81,2-wheeler,12,300,medium,3,0.25,0.75,2.72,72.4,0.84,0.16,0.01,home/slow-dominant,0.28,13036.0,7620.28,19702.9,2302.57,129601.12,209327.46,51174.8,1.17,27.94,38.2,275576.9,2934.05
764,71,21300,petrol,20.5,105.76,0.171,6.48,0.602,2.31,109887.22,23602.1,86285.12,2400.15,2192.66,207.49,4-wheeler,4,300,high,4,0.42,0.58,40.51,86.1,0.62,0.38,0.13,mixed,0.32,16107.79,9630.58,109554.41,14958.35,843111.22,1342152.53,95754.0,4.07,9.88,22.4,588324.41,1037.45
765,91,27300,petrol,18.9,105.96,0.146,8.09,0.612,2.31,153053.33,32245.12,120808.21,3336.67,2439.31,897.36,2-wheeler,5,300,high,4,0.68,0.32,5.07,83.4,0.9,0.1,0.0,home/slow-dominant,0.51,8438.34,3833.01,15170.1,1529.24,149296.62,188796.51,125719.39,0.19,42.73,56.6,643767.05,4486.8
766,112,33600,diesel,17.3,90.32,0.171,8.63,0.729,2.68,175419.19,49584.53,125834.66,5205.09,4188.54,1016.55,4-wheeler,8,300,high,4,0.59,0.41,42.04,79.1,0.89,0.11,0.02,home/slow-dominant,0.24,19170.23,10474.41,100248.93,12053.93,879779.65,1350547.54,136941.27,2.71,48.41,52.3,784955.28,5082.75
767,24,7200,diesel,21.7,95.59,0.157,6.51,0.629,2.68,31716.5,7358.9,24357.6,889.22,711.02,178.2,4-wheeler,2,300,low,2,0.18,0.82,57.34,94.3,0.66,0.34,0.17,mixed,0.21,13193.92,7936.44,103145.19,11799.44,869470.88,1335300.89,31974.97,11.34,8.49,17.8,263020.04,891.0
768,45,13500,petrol,15.5,103.79,0.163,7.32,0.554,2.31,90397.74,16107.66,74290.08,2011.94,1219.08,792.86,4-wheeler,9,300,medium,3,0.23,0.77,40.38,76.8,0.71,0.29,0.08,home/slow-dominant,0.21,18648.3,10632.57,100752.53,11055.97,861559.8,1304161.86,84517.0,4.04,37.76,43.6,523337.53,3964.3
769,41,12300,petrol,14.0,100.05,0.15,7.77,0.629,2.31,87901.07,14335.65,73565.42,2029.5,1160.51,868.99,4-wheeler,10,300,medium,3,0.35,0.65,40.64,72.9,0.79,0.21,0.06,home/slow-dominant,0.44,19078.99,12184.45,95021.39,13929.47,908616.38,1404848.37,83245.85,4.82,41.38,53.4,511250.64,4344.95
770,114,34200,petrol,20.5,107.73,0.118,7.77,0.693,2.31,179725.17,31356.61,148368.56,3853.76,2796.67,1057.09,fleet/commercial,7,300,high,5,0.36,0.64,45.99,84.2,0.37,0.63,0.38,fast-dominant,0.05,26488.93,17069.86,185976.58,26773.7,1867616.42,2838196.65,163142.37,4.81,50.34,47.7,1001688.43,5285.45
771,70,21000,petrol,19.8,99.23,0.186,8.3,0.589,2.31,105243.94,32419.8,72824.14,2450.0,2300.63,149.37,4-wheeler,5,300,high,4,0.64,0.36,52.5,81.4,0.85,0.15,0.04,home/slow-dominant,0.23,14893.6,9316.27,106275.76,14169.4,875453.09,1349662.63,81235.35,4.53,7.11,16.4,512452.51,746.85
772,76,22800,petrol,17.1,101.52,0.133,8.53,0.765,2.31,135360.0,25866.37,109493.63,3080.0,2319.79,760.21,fleet/commercial,7,300,high,3,0.36,0.64,52.35,81.6,0.45,0.55,0.37,fast-dominant,0.21,28318.19,16575.41,186204.62,25026.79,1844384.81,2831813.58,126241.77,6.35,36.2,42.5,817413.47,3801.05
773,79,23700,petrol,19.4,103.61,0.13,6.81,0.678,2.31,126575.1,20981.61,105593.49,2822.01,2088.92,733.09,4-wheeler,4,300,high,3,0.66,0.34,56.19,93.4,0.57,0.43,0.11,mixed,0.23,16168.35,9081.73,100175.31,12777.34,855698.73,1311903.22,115235.58,3.09,34.91,41.8,676353.21,3665.45
774,45,13500,diesel,22.0,93.15,0.115,7.9,0.732,2.68,57160.23,12264.75,44895.48,1644.55,1136.43,508.12,4-wheeler,3,300,medium,4,0.32,0.68,56.61,94.3,0.9,0.1,0.05,home/slow-dominant,0.31,13157.78,8869.09,102834.34,13636.45,876745.44,1392594.33,51911.46,7.96,24.2,36.5,362391.64,2540.6
775,60,18000,petrol,17.4,102.62,0.183,8.4,0.702,2.31,106158.62,27669.6,78489.02,2389.66,2312.39,77.27,4-wheeler,6,300,high,4,0.53,0.47,57.85,73.8,0.81,0.19,0.1,home/slow-dominant,0.32,15660.83,10242.06,100399.6,12759.07,846462.11,1289408.2,86459.6,3.96,3.68,15.9,532697.6,386.35
776,48,14400,petrol,12.3,102.62,0.167,7.83,0.777,2.31,120140.49,18829.58,101310.91,2704.39,1868.53,835.86,2-wheeler,10,300,medium,2,0.52,0.48,3.82,73.0,0.95,0.05,0.01,home/slow-dominant,0.2,11816.46,6952.75,10240.55,4289.3,98510.88,211685.74,107032.48,0.96,39.8,44.9,545402.95,4179.3
777,13,3900,diesel,16.2,90.06,0.143,7.21,0.665,2.68,21681.11,4021.02,17660.09,645.19,370.87,274.32,2-wheeler,9,300,low,2,0.17,0.83,4.37,76.7,0.9,0.1,0.0,home/slow-dominant,0.3,10497.2,5879.3,18436.73,4035.89,142156.86,220784.8,23085.17,2.61,13.06,25.0,133862.58,1371.6
778,87,26100,petrol,16.4,104.05,0.135,7.81,0.705,2.31,165591.77,27518.54,138073.23,3676.28,2484.07,1192.21,4-wheeler,6,300,high,4,0.44,0.56,51.58,84.9,0.85,0.15,0.07,home/slow-dominant,0.32,16173.31,10050.52,96856.41,11458.59,904693.67,1384768.79,146487.74,2.62,56.77,58.8,829295.11,5961.05
779,73,21900,diesel,18.0,94.57,0.145,6.67,0.653,2.68,115060.17,21180.58,93879.59,3260.67,2073.6,1187.07,4-wheeler,9,300,high,4,0.65,0.35,26.98,76.5,0.59,0.41,0.11,mixed,0.35,17859.83,10544.42,96200.62,14124.17,908746.05,1375413.23,104019.83,3.56,56.53,59.5,616299.77,5935.35
780,55,16500,petrol,20.9,104.49,0.171,8.52,0.621,2.31,82492.11,24039.18,58452.93,1823.68,1752.15,71.53,4-wheeler,4,300,medium,3,0.21,0.79,44.84,86.7,0.67,0.33,0.03,mixed,0.16,14895.63,9046.83,106332.49,13882.71,853022.93,1350447.27,67078.27,5.83,3.41,10.9,441723.84,357.65
781,86,25800,petrol,19.4,100.57,0.15,7.65,0.594,2.31,133747.73,29605.5,104142.23,3072.06,2298.78,773.28,4-wheeler,5,300,high,3,0.39,0.61,23.3,87.6,0.86,0.14,0.03,home/slow-dominant,0.5,15202.07,9600.73,95142.59,13623.34,863361.55,1359734.45,112468.24,3.57,36.82,52.0,657483.79,3866.4
782,36,10800,petrol,20.7,103.96,0.127,6.83,0.774,2.31,54240.0,9368.03,44871.97,1205.22,1061.62,143.6,4-wheeler,3,300,medium,4,0.32,0.68,40.91,93.1,0.62,0.38,0.14,mixed,0.28,13894.57,9064.11,109385.13,11620.37,857874.66,1353487.31,52026.5,7.42,6.84,17.6,369517.63,718.0
783,120,36000,petrol,19.7,104.89,0.117,6.53,0.659,2.31,191677.16,27504.36,164172.8,4221.32,2775.71,1445.61,4-wheeler,1,300,high,4,0.59,0.41,27.88,97.5,0.58,0.42,0.19,mixed,0.06,11776.35,7285.14,102728.83,12071.99,855680.97,1300268.46,171078.41,2.0,68.84,56.8,958120.88,7228.05
784,65,19500,petrol,20.6,100.83,0.16,8.79,0.668,2.31,95445.87,27424.8,68021.07,2186.65,2084.16,102.49,4-wheeler,6,300,high,4,0.65,0.35,28.95,81.9,0.83,0.17,0.03,home/slow-dominant,0.41,16327.51,10429.3,109745.25,12572.71,903410.19,1422898.66,76433.82,5.36,4.88,19.4,491914.35,512.45
785,56,16800,petrol,18.2,100.59,0.131,6.75,0.563,2.31,92852.31,14855.4,77996.91,2132.31,1239.05,893.26,2-wheeler,8,300,high,4,0.39,0.61,3.28,81.1,0.94,0.06,0.01,home/slow-dominant,0.11,11659.82,5901.3,10869.96,2619.72,152809.86,242297.31,84279.37,0.93,42.54,44.3,432266.81,4466.3
786,118,35400,petrol,15.1,102.4,0.137,8.76,0.6,2.31,240063.58,42484.25,197579.33,5415.5,2909.88,2505.62,fleet/commercial,8,300,high,4,0.59,0.41,61.62,78.8,0.22,0.78,0.41,fast-dominant,0.14,27589.2,18543.22,183752.94,24911.24,1897648.99,2905039.64,211607.56,3.89,119.32,71.4,1241790.74,12528.1
787,70,21000,diesel,15.9,93.66,0.173,8.42,0.736,2.68,123701.89,30589.86,93112.03,3539.62,2673.89,865.73,4-wheeler,8,300,high,4,0.56,0.44,45.68,77.2,0.85,0.15,0.07,home/slow-dominant,0.49,18903.43,10777.4,100239.91,14221.43,844445.68,1301476.86,104082.35,3.43,41.23,54.7,620651.66,4328.65
788,26,7800,diesel,16.6,94.52,0.158,7.52,0.667,2.68,44413.01,9267.65,35145.36,1259.28,822.01,437.27,2-wheeler,8,300,medium,3,0.17,0.83,2.26,78.8,0.91,0.09,0.01,home/slow-dominant,0.24,11323.68,5570.55,22652.24,4052.93,101710.23,206824.3,41709.08,1.98,20.82,31.0,231197.64,2186.35
789,106,31800,petrol,14.4,99.49,0.186,6.03,0.691,2.31,219707.08,35666.24,184040.84,5101.25,4087.13,1014.12,4-wheeler,6,300,high,4,0.59,0.41,41.14,82.0,0.73,0.27,0.12,home/slow-dominant,0.18,17584.94,10619.43,100418.34,13261.89,847972.71,1371031.3,193658.73,2.18,48.29,50.3,1068711.99,5070.6
790,69,20700,petrol,13.3,103.01,0.176,7.84,0.576,2.31,160323.83,28562.69,131761.14,3595.26,2098.48,1496.78,fleet/commercial,8,300,high,5,0.55,0.45,49.13,78.2,0.48,0.52,0.39,fast-dominant,0.15,28696.26,17168.79,178907.31,24903.81,1871259.65,2911529.27,148269.37,5.81,71.28,60.1,920254.16,7483.9
791,53,15900,petrol,13.6,107.23,0.126,8.17,0.663,2.31,125364.49,16367.78,108996.71,2700.66,1328.25,1372.41,2-wheeler,11,300,medium,4,0.41,0.59,4.01,73.7,0.85,0.15,0.02,home/slow-dominant,0.25,13133.03,6583.22,22863.3,5172.31,88268.34,137481.36,116580.98,0.23,65.35,61.0,605768.2,6862.05
792,59,17700,petrol,15.9,102.46,0.159,8.31,0.65,2.31,114059.25,23386.83,90672.42,2571.51,1829.3,742.21,4-wheeler,6,300,high,3,0.28,0.72,46.22,83.8,0.62,0.38,0.1,mixed,0.19,17355.8,9241.85,100619.8,11764.73,906888.9,1370842.39,101139.32,3.59,35.34,41.3,606316.4,3711.05
793,79,23700,petrol,20.5,103.82,0.183,8.68,0.618,2.31,120026.05,37646.03,82380.02,2670.59,2680.33,-9.74,4-wheeler,5,300,high,3,0.62,0.38,43.15,79.5,0.65,0.35,0.07,mixed,0.18,14731.55,10323.98,95252.5,14179.8,857239.13,1315022.89,89623.55,4.05,-0.46,8.9,543370.25,-48.7
794,68,20400,petrol,16.5,105.64,0.129,7.76,0.78,2.31,130609.45,20421.22,110188.23,2856.0,2052.65,803.35,4-wheeler,5,300,high,5,0.43,0.57,50.06,89.3,0.73,0.27,0.12,home/slow-dominant,0.32,15660.79,8501.97,100854.34,14866.69,844680.52,1305673.71,120320.39,2.99,38.25,47.4,702456.29,4016.75
795,115,34500,petrol,17.0,102.92,0.121,7.76,0.613,2.31,208867.06,32394.12,176472.94,4687.94,2558.97,2128.97,2-wheeler,8,300,high,4,0.59,0.41,3.17,81.2,0.87,0.13,0.02,home/slow-dominant,0.17,11674.21,6318.65,19817.83,4408.37,128174.52,194157.61,182710.17,0.25,101.38,69.6,933368.68,10644.85
796,44,13200,petrol,20.8,101.11,0.112,7.41,0.765,2.31,64165.96,10954.94,53211.02,1465.96,1130.98,334.98,4-wheeler,4,300,medium,4,0.24,0.76,51.07,90.1,0.83,0.17,0.09,home/slow-dominant,0.47,15647.04,8817.03,98815.39,14971.44,876531.69,1327544.52,63035.32,5.59,15.95,33.4,413991.99,1674.9
797,59,17700,petrol,21.0,99.55,0.153,7.17,0.6,2.31,83906.43,19417.08,64489.35,1947.0,1624.86,322.14,fleet/commercial,1,300,high,4,0.49,0.51,61.64,94.4,0.47,0.53,0.33,mixed,0.26,23858.98,13836.44,181479.81,26604.2,1917349.21,2972009.1,79832.73,10.94,15.34,26.3,580643.46,1610.7
798,119,35700,diesel,15.7,95.43,0.148,7.67,0.571,2.68,216996.88,40525.21,176471.67,6094.01,3016.94,3077.07,4-wheeler,10,300,high,4,0.61,0.39,40.4,70.0,0.75,0.25,0.13,home/slow-dominant,0.27,20171.12,11842.63,95850.73,11869.84,836619.24,1311135.6,187174.13,2.02,146.53,77.4,1031721.38,15385.35
799,97,29100,petrol,12.4,105.46,0.166,8.31,0.653,2.31,247490.81,40142.29,207348.52,5421.05,3154.38,2266.67,4-wheeler,8,300,high,4,0.43,0.57,46.63,73.4,0.82,0.18,0.09,home/slow-dominant,0.47,18899.72,10628.88,103821.39,11815.28,840157.8,1351447.32,217982.42,1.87,107.94,79.2,1193733.49,11333.35
800,51,15300,diesel,19.9,94.29,0.147,8.7,0.607,2.68,72494.32,19567.17,52927.15,2060.5,1365.2,695.3,fleet/commercial,4,300,medium,3,0.38,0.62,40.92,87.6,0.23,0.77,0.58,fast-dominant,0.05,25495.67,16219.04,186344.42,25298.26,1906649.5,2986067.0,67263.43,13.28,33.11,35.3,522661.57,3476.5
801,62,18600,petrol,18.8,103.66,0.151,7.43,0.738,2.31,102557.23,20867.9,81689.33,2285.43,2072.75,212.68,4-wheeler,6,300,high,4,0.4,0.6,46.85,83.2,0.57,0.43,0.2,mixed,0.06,17125.2,10226.97,101199.69,11028.52,852730.3,1333796.93,90793.26,4.18,10.13,14.9,555165.99,1063.4
802,17,5100,petrol,20.8,101.23,0.161,8.99,0.697,2.31,24820.82,7381.69,17439.13,566.39,572.31,-5.92,2-wheeler,7,300,low,1,0.1,0.9,4.17,78.9,0.95,0.05,0.0,home/slow-dominant,0.42,9805.63,5485.04,16303.49,4226.79,93836.59,152247.73,22605.08,1.86,-0.28,16.3,129328.89,-29.6
803,73,21900,petrol,16.0,99.02,0.161,8.67,0.658,2.31,135533.62,30569.55,104964.07,3161.81,2320.04,841.77,4-wheeler,6,300,high,4,0.65,0.35,33.77,78.7,0.58,0.42,0.22,mixed,0.2,17518.17,9429.83,96324.24,12074.67,874168.24,1318968.01,115467.34,3.02,40.08,45.2,673660.94,4208.85
804,22,6600,petrol,18.0,104.69,0.122,8.77,0.751,2.31,38386.33,7061.6,31324.73,847.0,604.71,242.29,4-wheeler,6,300,low,2,0.06,0.94,25.26,84.9,0.64,0.36,0.11,mixed,0.26,17280.09,10104.81,98029.11,14260.73,888615.28,1377511.68,41352.16,9.45,11.54,22.0,304789.91,1211.45
805,115,34500,diesel,18.3,89.91,0.113,7.87,0.701,2.68,169502.46,30681.19,138821.27,5052.46,2732.85,2319.61,4-wheeler,7,300,high,4,0.61,0.39,25.46,86.2,0.79,0.21,0.09,home/slow-dominant,0.47,18075.32,10687.26,97320.13,12436.69,897171.93,1361632.17,148696.67,2.47,110.46,79.7,840803.48,11598.05
806,104,31200,petrol,14.6,104.35,0.187,7.55,0.685,2.31,222994.52,44049.72,178944.8,4936.44,3996.56,939.88,4-wheeler,10,300,high,5,0.47,0.53,57.08,71.1,0.69,0.31,0.1,mixed,0.44,19915.22,12297.52,102225.32,12919.83,902749.08,1432631.57,189146.47,2.26,44.76,55.3,1047957.67,4699.4
807,91,27300,diesel,14.5,96.45,0.167,8.87,0.67,2.68,181592.07,40439.22,141152.85,5045.79,3054.6,1991.19,fleet/commercial,9,300,high,4,0.52,0.48,74.46,74.5,0.5,0.5,0.36,fast-dominant,0.22,28280.99,18952.93,182938.83,27862.76,1936684.24,2990041.66,156053.46,5.58,94.82,69.9,963206.13,9955.95
808,111,33300,petrol,17.2,100.32,0.159,6.36,0.58,2.31,194224.19,33674.29,160549.9,4472.27,3070.93,1401.34,fleet/commercial,6,300,high,5,0.68,0.32,46.36,84.4,0.27,0.73,0.51,fast-dominant,0.14,25385.51,16400.82,189234.1,24968.69,1919040.85,2929527.14,174528.33,4.71,66.73,58.3,1061875.75,7006.7
809,46,13800,diesel,20.2,96.68,0.158,7.26,0.568,2.68,66048.71,15829.7,50219.01,1830.89,1238.47,592.42,4-wheeler,3,300,medium,2,0.22,0.78,35.56,89.6,0.55,0.45,0.13,mixed,0.08,15295.57,9192.22,96098.47,13885.02,849261.54,1350195.2,59099.36,6.85,28.21,32.6,391595.27,2962.1
810,71,21300,petrol,19.0,107.25,0.17,7.96,0.556,2.31,120232.89,28823.16,91409.73,2589.63,2013.28,576.35,4-wheeler,6,300,high,4,0.51,0.49,44.51,79.3,0.66,0.34,0.15,mixed,0.12,16706.69,9850.51,103998.02,14020.47,888456.48,1417141.14,101070.0,4.2,27.45,33.0,609348.02,2881.75
811,69,20700,diesel,20.3,92.23,0.14,8.06,0.719,2.68,94047.34,23357.88,70689.46,2732.81,2083.66,649.15,fleet/commercial,3,300,high,5,0.35,0.65,81.78,90.4,0.38,0.62,0.29,mixed,0.19,23765.54,14751.45,182897.48,24883.99,1874314.72,2821302.21,84680.35,9.02,30.91,38.0,606299.23,3245.75
812,77,23100,diesel,14.4,97.82,0.175,6.74,0.743,2.68,156919.58,27246.45,129673.13,4299.17,3003.58,1295.59,fleet/commercial,4,300,high,3,0.38,0.62,42.18,81.8,0.3,0.7,0.52,fast-dominant,0.1,24157.92,16859.43,182743.5,26003.99,1897805.97,2993474.89,142172.42,6.42,61.69,54.8,893605.6,6477.95
813,63,18900,petrol,18.2,104.75,0.177,7.81,0.647,2.31,108778.85,26126.79,82652.06,2398.85,2164.41,234.44,4-wheeler,7,300,high,3,0.44,0.56,30.99,77.5,0.74,0.26,0.06,home/slow-dominant,0.26,18040.86,11281.91,108097.39,12400.81,848291.04,1317630.86,91891.17,3.93,11.16,21.7,567553.24,1172.2
814,50,15000,petrol,20.3,103.97,0.147,8.54,0.649,2.31,76825.12,18830.7,57994.42,1706.9,1431.05,275.85,fleet/commercial,7,300,medium,3,0.21,0.79,84.49,83.6,0.5,0.5,0.22,mixed,0.13,28057.65,17518.89,178083.08,27087.62,1874410.36,2800155.43,73950.7,10.11,13.14,19.9,547836.58,1379.25
815,15,4500,petrol,13.1,107.85,0.136,6.72,0.691,2.31,37047.71,4112.64,32935.07,793.51,422.89,370.62,4-wheeler,5,300,low,1,0.14,0.86,22.35,88.5,0.87,0.13,0.02,home/slow-dominant,0.38,16504.82,8895.3,95611.6,13489.93,836666.55,1306995.03,43242.58,8.67,17.65,32.8,311824.5,1853.1
816,117,35100,petrol,18.1,103.14,0.114,6.72,0.666,2.31,200011.82,26889.41,173122.41,4479.61,2664.93,1814.68,4-wheeler,4,300,high,4,0.5,0.5,29.65,94.7,0.64,0.36,0.17,mixed,0.13,15348.2,8267.79,105084.07,12903.93,899902.81,1343814.97,182783.61,1.85,86.41,65.2,1019002.12,9073.4
817,78,23400,petrol,18.7,103.44,0.117,6.01,0.693,2.31,129438.29,16454.18,112984.11,2890.59,1897.3,993.29,4-wheeler,7,300,high,5,0.54,0.46,58.44,84.4,0.71,0.29,0.16,home/slow-dominant,0.32,16928.44,10176.55,100177.36,14117.45,867169.68,1375767.75,122559.49,3.33,47.3,53.5,712974.81,4966.45
818,47,14100,petrol,14.4,104.25,0.131,8.75,0.706,2.31,102078.12,16162.13,85915.99,2261.88,1304.05,957.83,4-wheeler,12,300,medium,3,0.32,0.68,45.31,75.0,0.74,0.26,0.07,home/slow-dominant,0.14,20529.77,13086.53,95263.85,11940.62,906488.69,1435181.48,95747.35,4.53,45.61,47.0,574000.6,4789.15
819,48,14400,petrol,12.7,99.6,0.153,8.82,0.58,2.31,112932.28,19432.22,93500.06,2619.21,1277.86,1341.35,2-wheeler,10,300,medium,3,0.31,0.69,2.92,73.7,0.97,0.03,0.0,home/slow-dominant,0.13,10820.53,6254.36,13770.61,4514.49,111647.7,222182.29,98969.13,0.98,63.87,56.8,508616.26,6706.75
820,13,3900,petrol,20.2,101.97,0.157,8.96,0.629,2.31,19687.28,5486.21,14201.07,445.99,385.14,60.85,2-wheeler,4,300,low,2,0.09,0.91,2.23,89.7,0.98,0.02,0.0,home/slow-dominant,0.28,8300.66,4436.56,14639.9,4961.5,82656.42,174788.95,19057.47,4.07,2.9,14.1,109927.25,304.25
821,119,35700,petrol,13.6,104.63,0.17,6.25,0.706,2.31,274653.75,37931.25,236722.5,6063.75,4284.71,1779.04,fleet/commercial,9,300,high,4,0.69,0.31,41.41,74.2,0.24,0.76,0.49,fast-dominant,0.05,27759.84,18106.08,184252.58,27514.49,1891053.1,2833452.69,251879.16,3.01,84.72,62.0,1443648.38,8895.2
822,24,7200,petrol,16.4,106.47,0.125,7.12,0.596,2.31,46742.93,6408.0,40334.93,1014.15,536.4,477.75,2-wheeler,10,300,low,1,0.07,0.93,2.86,78.8,0.92,0.08,0.01,home/slow-dominant,0.54,12313.81,7053.74,12588.79,4634.69,118048.89,154708.72,46521.94,0.52,22.75,42.2,245198.49,2388.75
823,120,36000,diesel,18.1,92.88,0.137,9.0,0.585,2.68,184733.7,44388.0,140345.7,5330.39,2885.22,2445.17,4-wheeler,5,300,high,4,0.66,0.34,55.5,89.9,0.68,0.32,0.15,mixed,0.09,15759.78,9927.43,101195.82,12632.06,900369.79,1372580.61,148704.46,2.49,116.44,69.3,844718.12,12225.85
824,63,18900,petrol,15.7,105.53,0.167,8.26,0.64,2.31,127039.3,26071.04,100968.26,2780.83,2020.03,760.8,4-wheeler,6,300,high,4,0.55,0.45,37.8,80.8,0.55,0.45,0.1,mixed,0.11,16564.05,9943.99,102237.13,14927.23,881953.34,1336243.2,110573.77,3.18,36.23,39.6,655105.98,3804.0
825,54,16200,petrol,16.7,106.73,0.111,8.64,0.665,2.31,103534.49,15536.45,87998.04,2240.84,1195.8,1045.04,4-wheeler,6,300,medium,3,0.54,0.46,49.37,88.3,0.55,0.45,0.2,mixed,0.22,17524.11,9469.08,101888.56,12518.37,850462.36,1379738.44,98556.74,4.34,49.76,52.5,594672.26,5225.2
826,111,33300,petrol,18.7,101.41,0.149,7.91,0.588,2.31,180585.72,39247.05,141338.67,4113.53,2917.48,1196.05,fleet/commercial,4,300,high,4,0.53,0.47,85.91,90.3,0.33,0.67,0.43,fast-dominant,0.12,23875.88,16368.55,189609.11,26554.5,1909259.26,3001273.35,154156.9,5.85,56.95,53.0,960393.61,5980.25
827,77,23100,petrol,19.2,99.71,0.127,6.09,0.652,2.31,119963.59,17866.23,102097.36,2779.22,1912.77,866.45,4-wheeler,6,300,high,4,0.37,0.63,37.51,85.7,0.72,0.28,0.07,home/slow-dominant,0.09,17156.14,9862.17,95682.56,11644.3,857188.84,1311999.5,111720.19,3.21,41.26,42.8,654283.51,4332.25
828,115,34500,petrol,14.7,101.02,0.157,6.17,0.751,2.31,237087.76,33419.81,203667.95,5421.43,4067.79,1353.64,4-wheeler,11,300,high,3,0.38,0.62,29.27,70.0,0.56,0.44,0.15,mixed,0.06,19174.93,12645.12,109264.52,14921.8,872730.13,1357250.28,213182.12,1.76,64.46,54.9,1175175.12,6768.2
829,113,33900,petrol,20.8,99.55,0.161,8.81,0.637,2.31,162247.36,48084.1,114163.26,3764.86,3476.68,288.18,4-wheeler,5,300,high,3,0.56,0.44,41.65,88.4,0.79,0.21,0.03,home/slow-dominant,0.51,14641.57,9526.53,103729.06,13815.94,848120.99,1354110.75,122041.49,3.3,13.72,31.8,713936.51,1440.9
830,68,20400,petrol,14.4,106.06,0.167,7.85,0.619,2.31,150251.67,26743.38,123508.29,3272.5,2108.81,1163.69,4-wheeler,8,300,high,5,0.47,0.53,56.51,75.8,0.65,0.35,0.11,mixed,0.3,17831.56,10454.62,106935.92,14013.51,862133.32,1318906.19,133687.93,2.62,55.41,57.2,775375.57,5818.45
831,27,8100,petrol,19.6,100.69,0.143,8.15,0.608,2.31,41611.68,9440.15,32171.53,954.64,704.25,250.39,2-wheeler,5,300,medium,3,0.21,0.79,4.82,86.6,0.88,0.12,0.01,home/slow-dominant,0.26,7201.38,4971.66,16455.89,1763.11,104898.75,180628.04,34753.87,1.71,11.92,22.6,190225.24,1251.95
832,85,25500,diesel,18.6,95.57,0.175,8.08,0.762,2.68,131023.39,36057.0,94966.39,3674.19,3400.43,273.76,4-wheeler,3,300,high,3,0.49,0.51,24.5,89.1,0.66,0.34,0.1,mixed,0.24,14943.95,8108.24,101807.57,14053.67,889485.32,1372855.5,104612.83,3.65,13.04,23.0,624871.72,1368.8
833,94,28200,petrol,12.6,99.02,0.146,8.55,0.617,2.31,221616.19,35202.06,186414.13,5170.0,2540.31,2629.69,4-wheeler,11,300,high,4,0.4,0.6,48.32,71.5,0.61,0.39,0.19,mixed,0.15,20320.95,12966.65,108189.9,14098.89,874419.62,1326924.76,196588.21,1.75,125.22,72.6,1091130.95,13148.45
834,71,21300,petrol,16.3,104.05,0.153,6.67,0.764,2.31,135967.18,21736.86,114230.32,3018.59,2489.8,528.79,4-wheeler,7,300,high,4,0.6,0.4,43.73,78.6,0.69,0.31,0.11,mixed,0.2,16119.69,10120.91,108439.02,13687.09,903601.82,1427187.0,122966.52,3.38,25.18,34.2,723271.62,2643.95
835,20,6000,petrol,15.2,103.95,0.117,8.01,0.584,2.31,41032.89,5623.02,35409.87,911.84,409.97,501.87,2-wheeler,8,300,low,2,0.06,0.94,5.18,83.3,0.8,0.2,0.0,home/slow-dominant,0.37,9397.2,6009.21,13580.33,2667.64,131256.99,157843.82,39331.39,0.33,23.9,38.0,210237.28,2509.35
836,55,16500,petrol,20.6,104.24,0.12,6.09,0.752,2.31,83493.2,12058.2,71435.0,1850.24,1488.96,361.28,4-wheeler,10,300,medium,3,0.52,0.48,26.65,74.4,0.74,0.26,0.09,home/slow-dominant,0.43,19770.4,11435.45,97988.63,12958.76,875280.57,1371910.27,82361.7,4.84,17.2,33.9,509797.13,1806.4
837,61,18300,petrol,12.0,103.64,0.132,8.64,0.751,2.31,158051.0,20870.78,137180.22,3522.75,1814.12,1708.63,fleet/commercial,11,300,high,3,0.59,0.41,66.7,73.8,0.23,0.77,0.48,fast-dominant,0.05,30984.67,18868.46,182443.53,24441.74,1949117.95,3048292.01,154184.78,5.95,81.36,61.0,953367.43,8543.15
838,75,22500,petrol,12.6,104.94,0.146,8.57,0.641,2.31,187392.86,28152.45,159240.41,4125.0,2105.68,2019.32,4-wheeler,8,300,high,4,0.67,0.33,55.42,79.8,0.73,0.27,0.08,home/slow-dominant,0.41,17850.72,10506.0,108504.16,12886.35,899320.84,1345065.63,169162.4,1.99,96.16,75.7,954316.16,10096.6
839,15,4500,diesel,16.8,90.65,0.141,7.01,0.589,2.68,24281.25,4447.84,19833.41,717.86,373.72,344.14,4-wheeler,6,300,low,2,0.25,0.75,37.58,83.7,0.61,0.39,0.06,mixed,0.1,16630.99,10311.63,99835.33,11975.3,906495.73,1401635.24,28547.83,13.85,16.39,23.0,242574.48,1720.7
840,28,8400,petrol,15.8,103.15,0.181,7.88,0.653,2.31,54839.24,11980.75,42858.49,1228.1,992.82,235.28,4-wheeler,10,300,medium,3,0.25,0.75,40.32,70.0,0.78,0.22,0.06,home/slow-dominant,0.17,20219.59,12090.9,104780.22,12396.39,895066.51,1371713.86,53466.46,6.96,11.2,19.1,372112.52,1176.4
841,112,33600,petrol,14.8,107.69,0.158,6.99,0.692,2.31,244485.41,37108.51,207376.9,5244.32,3673.69,1570.63,2-wheeler,9,300,high,4,0.59,0.41,2.25,78.8,0.92,0.08,0.0,home/slow-dominant,0.11,11515.21,6822.72,20622.28,2150.4,103975.21,170667.18,212499.47,0.22,74.79,59.9,1083119.63,7853.15
842,44,13200,petrol,17.8,101.4,0.145,7.8,0.727,2.31,75195.51,14929.2,60266.31,1713.03,1391.48,321.55,4-wheeler,4,300,medium,2,0.29,0.71,32.57,88.4,0.59,0.41,0.06,mixed,0.1,14339.42,8671.8,106680.12,11920.22,846015.59,1318151.54,68317.97,5.35,15.31,21.3,448269.97,1607.75
843,61,18300,diesel,16.2,93.61,0.181,6.48,0.583,2.68,105744.63,21463.7,84280.93,3027.41,1931.07,1096.34,4-wheeler,9,300,high,5,0.45,0.55,34.33,75.7,0.71,0.29,0.08,home/slow-dominant,0.43,19021.32,11672.19,103458.87,11306.27,899321.31,1342736.86,93891.31,3.62,52.21,59.7,572915.42,5481.7
844,62,18600,petrol,12.3,107.47,0.118,8.26,0.61,2.31,162515.61,18129.05,144386.56,3493.17,1338.83,2154.34,fleet/commercial,9,300,high,5,0.35,0.65,87.26,79.9,0.18,0.82,0.59,fast-dominant,0.06,29057.87,18559.72,181036.83,27679.61,1809894.88,2726169.27,160420.63,4.58,102.59,66.5,983139.98,10771.7
845,48,14400,petrol,20.4,100.47,0.143,7.44,0.714,2.31,70920.0,15320.45,55599.55,1630.59,1470.27,160.32,2-wheeler,8,300,medium,4,0.4,0.6,2.99,77.9,0.89,0.11,0.0,home/slow-dominant,0.13,11061.86,5347.37,24505.24,3621.64,110230.67,224959.49,62038.37,1.45,7.63,14.2,334697.09,801.6
846,16,4800,petrol,17.7,101.09,0.18,7.08,0.708,2.31,27414.24,6117.12,21297.12,626.44,611.71,14.73,2-wheeler,9,300,low,3,0.24,0.76,3.61,73.5,0.81,0.19,0.02,home/slow-dominant,0.51,11540.1,6315.94,19169.96,3086.97,93001.84,131095.28,27138.67,0.7,0.7,19.4,154863.31,73.65
847,14,4200,petrol,20.9,105.61,0.181,7.97,0.559,2.31,21223.06,6058.79,15164.27,464.21,424.95,39.26,2-wheeler,4,300,low,3,0.18,0.82,4.35,83.4,0.87,0.13,0.02,home/slow-dominant,0.51,8626.18,4202.51,20928.48,3640.12,148629.18,253013.73,20315.96,4.11,1.87,20.3,122508.28,196.3
848,86,25800,diesel,16.9,93.38,0.125,6.31,0.593,2.68,142556.45,20349.75,122206.7,4091.36,1912.42,2178.94,fleet/commercial,9,300,high,4,0.57,0.43,48.11,77.2,0.36,0.64,0.39,fast-dominant,0.19,28023.49,18059.1,180174.74,26513.17,1790319.66,2838177.91,137473.72,6.31,103.76,70.5,867543.34,10894.7
849,117,35100,diesel,22.4,91.67,0.151,7.02,0.615,2.68,143643.62,37206.7,106436.92,4199.46,3259.56,939.9,4-wheeler,4,300,high,4,0.56,0.44,40.48,90.4,0.87,0.13,0.05,home/slow-dominant,0.53,16082.62,8595.38,105049.24,14687.52,884159.93,1393256.6,116861.66,3.46,44.76,58.1,689357.54,4699.5
850,34,10200,diesel,17.2,93.97,0.177,6.97,0.747,2.68,55726.4,12583.64,43142.76,1589.3,1348.63,240.67,4-wheeler,8,300,medium,3,0.33,0.67,50.06,74.3,0.74,0.26,0.06,home/slow-dominant,0.16,18092.01,11383.27,98866.96,11714.77,872087.68,1401311.81,52194.45,8.25,11.46,18.9,359839.21,1203.35
851,56,16800,diesel,14.4,94.8,0.148,7.82,0.723,2.68,110600.0,19443.65,91156.35,3126.67,1797.67,1329.0,2-wheeler,10,300,high,4,0.41,0.59,5.03,71.0,0.88,0.12,0.0,home/slow-dominant,0.49,12412.69,6495.39,13676.45,2682.21,83288.53,129381.97,97610.09,0.33,63.29,67.2,501726.9,6645.0
852,92,27600,petrol,12.3,103.35,0.14,8.86,0.688,2.31,231907.32,34235.04,197672.28,5183.41,2658.43,2524.98,4-wheeler,8,300,high,4,0.46,0.54,45.8,82.7,0.69,0.31,0.1,mixed,0.33,17038.71,11000.03,105720.83,14903.16,864740.95,1345220.96,206691.59,1.81,120.24,77.4,1139178.78,12624.9
853,55,16500,diesel,21.1,91.27,0.133,6.41,0.577,2.68,71372.27,14066.75,57305.52,2095.73,1266.23,829.5,2-wheeler,3,300,medium,3,0.44,0.56,4.34,90.8,0.97,0.03,0.0,home/slow-dominant,0.56,6463.38,4206.07,17820.92,2984.77,149102.56,224502.95,60159.78,0.96,39.5,55.3,318619.82,4147.5
854,37,11100,petrol,16.7,103.19,0.155,7.78,0.75,2.31,68587.37,13385.49,55201.88,1535.39,1290.38,245.01,4-wheeler,9,300,medium,2,0.53,0.47,26.8,74.8,0.82,0.18,0.05,home/slow-dominant,0.44,19396.51,11514.32,105249.15,11090.25,838383.32,1315090.99,65302.12,5.69,11.67,27.6,431759.75,1225.05
855,12,3600,petrol,19.6,101.61,0.181,8.67,0.591,2.31,18663.06,5649.37,13013.69,424.29,385.1,39.19,2-wheeler,5,300,low,2,0.17,0.83,5.31,78.1,0.82,0.18,0.02,home/slow-dominant,0.24,8746.59,5023.29,14041.58,2090.57,111236.78,223130.97,17155.1,5.7,1.87,12.1,99817.08,195.95
856,82,24600,petrol,14.9,105.25,0.123,8.43,0.729,2.31,173768.46,25507.49,148260.97,3813.83,2205.81,1608.02,4-wheeler,8,300,high,5,0.4,0.6,27.04,85.5,0.85,0.15,0.06,home/slow-dominant,0.45,16896.33,9835.29,103980.85,11105.35,879939.78,1377148.38,157543.08,2.5,76.57,70.8,891696.25,8040.1
857,79,23700,diesel,19.8,93.36,0.114,6.22,0.654,2.68,111749.09,16805.2,94943.89,3207.88,1766.98,1440.9,2-wheeler,4,300,high,4,0.38,0.62,4.71,89.3,0.85,0.15,0.01,home/slow-dominant,0.21,7611.83,4518.16,16659.0,5459.69,133493.98,227797.52,99129.5,0.78,68.61,61.0,512306.5,7204.5
858,76,22800,petrol,13.8,107.34,0.163,8.1,0.753,2.31,177344.35,30102.84,147241.51,3816.52,2798.45,1018.07,4-wheeler,10,300,high,4,0.64,0.36,32.06,73.0,0.84,0.16,0.05,home/slow-dominant,0.24,18511.87,11506.72,103954.4,12115.48,882628.83,1343976.32,156669.76,2.28,48.48,52.4,887303.2,5090.35
859,51,15300,diesel,17.9,91.16,0.141,8.7,0.729,2.68,77918.88,18768.51,59150.37,2290.73,1572.67,718.06,4-wheeler,10,300,medium,3,0.34,0.66,57.48,77.3,0.84,0.16,0.03,home/slow-dominant,0.13,20690.06,11819.08,99363.2,14694.17,900553.44,1406444.23,70960.18,5.73,34.19,38.3,454164.1,3590.3
860,89,26700,diesel,22.3,89.69,0.113,6.54,0.669,2.68,107386.68,19731.83,87654.85,3208.79,2018.44,1190.35,2-wheeler,2,300,high,4,0.58,0.42,4.52,97.3,0.79,0.21,0.0,home/slow-dominant,0.49,6953.51,3601.58,20731.76,5483.55,135640.29,250330.39,92103.49,1.02,56.68,63.8,481249.21,5951.75
861,118,35400,petrol,12.7,100.07,0.132,6.35,0.667,2.31,278935.28,29672.28,249263.0,6438.9,3116.76,3322.14,fleet/commercial,10,300,high,5,0.39,0.61,77.69,76.4,0.43,0.57,0.36,fast-dominant,0.11,28350.59,18832.8,187088.94,26399.36,1917416.88,2981538.67,264060.66,3.32,158.2,73.1,1507392.24,16610.7
862,57,17100,diesel,19.0,96.21,0.172,7.98,0.67,2.68,86589.0,23470.78,63118.22,2412.0,1970.6,441.4,4-wheeler,8,300,high,4,0.51,0.49,30.32,72.8,0.65,0.35,0.11,mixed,0.25,18860.76,11519.54,98898.75,11132.79,906355.41,1359957.47,72686.0,4.88,21.02,31.4,462328.75,2207.0
863,100,30000,petrol,14.8,107.44,0.129,8.38,0.643,2.31,217783.78,32430.6,185353.18,4682.43,2488.41,2194.02,4-wheeler,8,300,high,4,0.61,0.39,38.84,79.7,0.65,0.35,0.16,mixed,0.2,19006.63,10727.51,99509.31,11326.37,872329.55,1364580.59,195897.57,2.0,104.48,71.0,1078997.16,10970.1
864,50,15000,petrol,19.5,102.24,0.146,7.76,0.586,2.31,78646.15,16994.4,61651.75,1776.92,1283.34,493.58,4-wheeler,6,300,medium,3,0.25,0.75,45.48,84.1,0.65,0.35,0.11,mixed,0.41,16148.52,9191.59,104917.31,12926.36,859695.68,1375241.98,71193.95,5.77,23.5,39.0,460887.06,2467.9
865,96,28800,diesel,15.3,97.06,0.174,8.49,0.659,2.68,182701.18,42545.09,140156.09,5044.71,3302.38,1742.33,4-wheeler,6,300,high,4,0.39,0.61,51.26,78.7,0.8,0.2,0.06,home/slow-dominant,0.23,17026.8,10641.16,105433.78,12624.69,892181.47,1397060.95,149066.67,2.68,82.97,66.8,850767.13,8711.65
866,91,27300,petrol,14.8,102.88,0.167,6.42,0.741,2.31,189771.89,29269.42,160502.47,4261.01,3378.29,882.72,4-wheeler,9,300,high,4,0.35,0.65,25.95,75.0,0.63,0.37,0.19,mixed,0.33,18611.05,10656.0,105561.5,13424.71,909786.21,1373130.53,171142.46,2.09,42.03,50.4,961273.8,4413.6
867,11,3300,petrol,12.3,103.91,0.185,7.79,0.711,2.31,27878.29,4755.8,23122.49,619.76,434.07,185.69,2-wheeler,9,300,low,2,0.06,0.94,5.37,73.8,0.75,0.25,0.01,home/slow-dominant,0.43,11622.56,6781.05,20240.48,3255.39,135159.29,209785.7,28615.08,1.9,8.84,24.8,163315.88,928.45
868,28,8400,petrol,12.9,106.75,0.19,7.3,0.616,2.31,69511.63,11650.8,57860.83,1504.19,983.14,521.05,2-wheeler,11,300,medium,3,0.07,0.93,5.12,70.0,0.91,0.09,0.0,home/slow-dominant,0.31,12366.76,6586.67,15892.12,5236.31,103474.19,142927.01,64688.18,0.36,24.81,37.1,339333.02,2605.25
869,107,32100,petrol,14.7,105.76,0.177,7.21,0.573,2.31,230945.31,40965.06,189980.25,5044.29,3255.61,1788.68,fleet/commercial,11,300,high,4,0.44,0.56,53.52,70.0,0.22,0.78,0.52,fast-dominant,0.07,29824.14,19929.69,180922.81,26138.96,1932820.83,2947866.48,205102.49,4.07,85.18,62.8,1206435.26,8943.4
870,83,24900,petrol,13.3,103.53,0.13,8.83,0.561,2.31,193826.84,28582.71,165244.13,4324.74,1815.96,2508.78,fleet/commercial,14,300,high,4,0.35,0.65,81.14,72.4,0.19,0.81,0.56,fast-dominant,0.1,32318.64,19732.22,178822.26,26774.9,1921114.08,2925636.53,183185.53,4.51,119.47,70.3,1094749.91,12543.9
871,118,35400,diesel,19.3,92.42,0.131,8.64,0.56,2.68,169516.48,40067.14,129449.34,4915.65,2596.94,2318.71,4-wheeler,7,300,high,5,0.54,0.46,41.7,84.8,0.63,0.37,0.07,mixed,0.38,16399.36,10232.83,97352.51,14585.94,851498.28,1321877.67,138533.06,2.69,110.41,76.9,790017.81,11593.55
872,14,4200,petrol,13.1,104.41,0.121,7.18,0.716,2.31,33474.96,3648.88,29826.08,740.61,363.87,376.74,2-wheeler,10,300,low,1,0.23,0.77,3.62,77.9,0.84,0.16,0.01,home/slow-dominant,0.43,12794.73,6760.44,20388.66,2087.49,108615.41,221179.55,36277.87,2.54,17.94,34.5,201778.01,1883.7
873,94,28200,petrol,14.4,104.73,0.159,8.17,0.681,2.31,205096.25,36632.65,168463.6,4523.75,3053.47,1470.28,4-wheeler,9,300,high,5,0.69,0.31,33.95,77.7,0.72,0.28,0.09,home/slow-dominant,0.16,18386.87,11197.07,96397.83,11918.94,835422.5,1364132.44,178037.19,2.43,70.01,60.2,986583.78,7351.4
874,75,22500,petrol,17.1,102.69,0.16,6.75,0.555,2.31,135118.42,24300.0,110818.42,3039.47,1998.0,1041.47,4-wheeler,6,300,high,4,0.55,0.45,44.08,86.7,0.57,0.43,0.2,mixed,0.34,16260.36,9510.22,109066.88,11429.27,908534.62,1438188.19,119854.41,3.51,49.59,55.9,708338.93,5207.35
875,95,28500,petrol,20.7,102.84,0.114,8.43,0.691,2.31,141591.3,27389.07,114202.23,3180.43,2245.06,935.37,2-wheeler,5,300,high,4,0.53,0.47,4.55,86.8,0.97,0.03,0.0,home/slow-dominant,0.3,9195.73,4358.5,22400.29,2058.55,115744.11,227486.92,119451.17,0.75,44.54,51.0,619656.14,4676.85
876,20,6000,petrol,16.9,99.06,0.149,7.36,0.761,2.31,35169.23,6579.84,28589.39,820.12,680.33,139.79,2-wheeler,7,300,low,1,0.13,0.87,3.44,80.7,0.91,0.09,0.02,home/slow-dominant,0.38,9741.9,5113.27,22862.59,3550.34,109669.94,137036.44,33928.09,0.13,6.66,20.1,192503.04,698.95
877,110,33000,petrol,13.7,104.63,0.146,7.99,0.669,2.31,252028.47,38495.82,213532.65,5564.23,3223.24,2340.99,4-wheeler,9,300,high,4,0.54,0.46,45.91,72.3,0.66,0.34,0.04,mixed,0.37,18856.21,11436.0,108600.03,12284.72,851826.04,1376902.7,223409.8,1.86,111.48,77.0,1225649.03,11704.95
878,75,22500,diesel,14.2,92.73,0.124,7.91,0.772,2.68,146931.34,22068.9,124862.44,4246.48,2153.88,2092.6,4-wheeler,11,300,high,4,0.48,0.52,48.57,75.7,0.66,0.34,0.17,mixed,0.13,21345.6,11839.26,101129.07,12692.69,836032.35,1325171.82,136907.32,2.83,99.65,68.0,785665.67,10463.0
879,83,24900,petrol,15.1,102.72,0.161,8.7,0.605,2.31,169385.96,34877.43,134508.53,3809.21,2425.38,1383.83,2-wheeler,6,300,high,3,0.56,0.44,4.49,82.6,0.85,0.15,0.03,home/slow-dominant,0.45,9928.14,5075.93,22700.51,5429.96,85670.12,136445.81,140446.73,0.2,65.9,67.5,724934.16,6919.15
880,102,30600,petrol,13.3,101.35,0.145,8.02,0.753,2.31,233181.2,35584.74,197596.46,5314.74,3341.06,1973.68,4-wheeler,11,300,high,4,0.49,0.51,23.97,72.7,0.77,0.23,0.09,home/slow-dominant,0.33,19456.72,11795.68,97370.92,11626.82,841606.96,1358964.54,207582.86,2.02,93.98,73.0,1135285.22,9868.4
881,103,30900,diesel,22.5,93.08,0.132,6.51,0.606,2.68,127829.87,26552.99,101276.88,3680.53,2471.75,1208.78,4-wheeler,6,300,high,5,0.43,0.57,54.67,84.1,0.6,0.4,0.04,mixed,0.35,16435.72,10676.85,95324.63,13163.25,879330.3,1400519.89,109668.4,3.88,57.56,60.2,643666.63,6043.9
882,68,20400,petrol,20.5,106.84,0.122,7.14,0.742,2.31,106318.83,17770.03,88548.8,2298.73,1846.69,452.04,4-wheeler,4,300,high,3,0.38,0.62,39.41,86.9,0.62,0.38,0.11,mixed,0.12,16131.11,9056.39,106773.37,11395.48,886626.49,1414019.11,97902.62,4.3,21.53,28.0,596286.47,2260.2
883,97,29100,petrol,15.7,103.26,0.183,6.5,0.715,2.31,191392.74,34614.45,156778.29,4281.59,3807.59,474.0,2-wheeler,4,300,high,4,0.46,0.54,2.92,84.4,0.95,0.05,0.0,home/slow-dominant,0.31,7193.68,3690.66,11121.95,2773.99,118240.82,200724.78,160836.11,0.44,22.57,34.8,815302.5,2370.0
884,60,18000,petrol,12.0,105.93,0.187,8.41,0.716,2.31,158895.0,28308.06,130586.94,3465.0,2410.06,1054.94,2-wheeler,9,300,high,4,0.47,0.53,2.85,75.1,0.81,0.19,0.01,home/slow-dominant,0.45,10941.78,6358.31,24827.87,3610.1,123223.16,191806.6,135892.43,0.32,50.24,59.6,704290.02,5274.7
885,26,7800,diesel,17.0,97.62,0.115,6.48,0.688,2.68,44790.35,5812.56,38977.79,1229.65,617.14,612.51,4-wheeler,9,300,medium,3,0.06,0.94,40.35,79.6,0.68,0.32,0.09,mixed,0.08,18018.07,11756.26,105121.95,14786.53,898446.95,1396454.21,48196.91,8.15,29.17,33.1,346106.5,3062.55
886,56,16800,petrol,18.0,106.67,0.158,8.0,0.719,2.31,99558.67,21235.2,78323.47,2156.0,1908.51,247.49,2-wheeler,6,300,high,4,0.4,0.6,5.1,83.1,0.95,0.05,0.0,home/slow-dominant,0.15,8074.38,4179.89,21301.75,3064.91,140098.42,235871.17,82830.94,0.9,11.79,19.2,435456.45,1237.45
887,55,16500,petrol,19.9,106.62,0.121,8.64,0.606,2.31,88403.52,17249.76,71153.76,1915.33,1209.88,705.45,4-wheeler,3,300,medium,2,0.21,0.79,36.38,90.1,0.78,0.22,0.11,home/slow-dominant,0.5,14826.73,8832.29,98687.06,11259.63,849328.39,1347843.1,79400.13,5.04,33.59,49.0,495687.71,3527.25
888,76,22800,diesel,21.0,90.08,0.152,8.35,0.739,2.68,97801.14,28937.76,68863.38,2909.71,2561.08,348.63,4-wheeler,3,300,high,3,0.54,0.46,50.49,90.5,0.67,0.33,0.16,mixed,0.17,14898.07,8601.75,105107.98,12552.65,849973.6,1342472.44,77670.23,4.99,16.6,25.5,493459.13,1743.15
889,38,11400,diesel,20.6,93.0,0.131,8.02,0.58,2.68,51466.02,11977.07,39488.95,1483.11,866.17,616.94,2-wheeler,6,300,medium,2,0.36,0.64,2.34,84.7,0.91,0.09,0.0,home/slow-dominant,0.58,10125.63,4336.29,10648.3,2082.96,130807.6,245558.76,45694.88,2.28,29.38,48.5,239122.7,3084.7
890,21,6300,petrol,17.9,100.45,0.12,6.83,0.651,2.31,35353.91,5163.48,30190.43,813.02,492.16,320.86,2-wheeler,7,300,low,1,0.18,0.82,3.67,83.1,0.75,0.25,0.04,home/slow-dominant,0.15,10406.2,5802.96,22567.39,2419.96,82290.65,115502.46,35277.66,0.3,15.28,22.8,198955.69,1604.3
891,40,12000,diesel,21.8,93.55,0.159,7.76,0.714,2.68,51495.41,14806.08,36689.33,1475.23,1362.31,112.92,4-wheeler,4,300,medium,3,0.51,0.49,59.68,85.0,0.81,0.19,0.07,home/slow-dominant,0.24,14384.05,8940.22,97544.36,13472.36,840777.0,1316629.52,44827.63,8.44,5.38,14.6,321682.51,564.6
892,80,24000,petrol,15.7,107.65,0.16,8.68,0.698,2.31,164560.51,33331.2,131229.31,3531.21,2680.32,850.89,fleet/commercial,7,300,high,5,0.63,0.37,78.52,79.0,0.34,0.66,0.5,fast-dominant,0.17,26146.28,17170.08,185460.37,24269.7,1920562.08,2987813.91,145059.45,6.08,40.52,44.7,910757.62,4254.45
893,55,16500,diesel,15.1,97.32,0.122,6.12,0.666,2.68,106343.05,12319.56,94023.49,2928.48,1340.66,1587.82,4-wheeler,8,300,medium,4,0.39,0.61,30.0,82.9,0.83,0.17,0.07,home/slow-dominant,0.38,19165.05,11180.0,98367.21,12858.9,890273.47,1410992.51,104580.32,4.04,75.61,68.2,621268.81,7939.1
894,29,8700,petrol,19.9,103.56,0.145,8.56,0.564,2.31,45274.97,10798.44,34476.53,1009.9,711.49,298.41,2-wheeler,3,300,medium,3,0.13,0.87,3.76,87.8,0.97,0.03,0.0,home/slow-dominant,0.41,6367.08,3881.64,11026.8,3937.85,104214.5,137148.41,37749.54,0.58,14.21,29.4,199774.5,1492.05
895,89,26700,diesel,15.1,93.9,0.16,6.68,0.606,2.68,166035.1,28536.96,137498.14,4738.81,2588.83,2149.98,4-wheeler,11,300,high,3,0.49,0.51,30.88,70.2,0.87,0.13,0.02,home/slow-dominant,0.34,19798.73,12977.21,102222.41,12687.43,839361.48,1356053.42,146857.15,2.82,102.38,74.8,836508.16,10749.9
896,83,24900,diesel,14.5,90.82,0.127,7.7,0.66,2.68,155959.86,24349.71,131610.15,4602.21,2087.12,2515.09,4-wheeler,8,300,high,4,0.59,0.41,37.56,81.5,0.87,0.13,0.05,home/slow-dominant,0.49,18974.29,10932.81,97539.29,11076.51,889782.72,1392658.1,141866.93,2.86,119.77,82.1,806873.94,12575.45
897,117,35100,diesel,22.9,92.6,0.158,6.61,0.658,2.68,141932.75,36657.74,105275.01,4107.77,3649.14,458.63,4-wheeler,6,300,high,4,0.59,0.41,51.64,80.0,0.73,0.27,0.05,home/slow-dominant,0.17,16704.24,10485.31,105941.66,14942.08,860475.73,1334667.19,114482.36,3.22,21.84,29.8,678353.46,2293.15
898,24,7200,diesel,17.2,94.99,0.127,7.41,0.725,2.68,39763.26,6775.7,32987.56,1121.86,662.94,458.92,4-wheeler,10,300,low,2,0.29,0.71,51.31,80.8,0.68,0.32,0.16,mixed,0.23,18815.69,11998.31,98563.49,12468.46,906858.51,1352600.94,42298.63,8.21,21.85,31.7,310056.64,2294.6
899,17,5100,petrol,20.1,99.78,0.153,8.75,0.569,2.31,25317.31,6827.62,18489.69,586.12,443.99,142.13,2-wheeler,7,300,low,2,0.06,0.94,2.8,78.9,0.86,0.14,0.02,home/slow-dominant,0.16,10683.83,4792.58,15137.09,4614.31,138029.88,190896.88,25303.8,1.49,6.77,13.8,141656.09,710.65
900,103,30900,petrol,15.6,103.38,0.149,7.1,0.754,2.31,204771.92,32689.11,172082.81,4575.58,3471.49,1104.09,2-wheeler,7,300,high,4,0.57,0.43,5.23,79.8,0.91,0.09,0.01,home/slow-dominant,0.39,10934.07,5901.68,18511.59,2802.59,82929.1,174760.41,177675.72,0.41,52.58,58.7,906890.19,5520.45
901,85,25500,petrol,17.7,105.46,0.115,7.83,0.666,2.31,151933.9,22961.47,128972.43,3327.97,1953.05,1374.92,4-wheeler,7,300,high,4,0.39,0.61,44.52,83.2,0.86,0.14,0.08,home/slow-dominant,0.2,16258.03,10471.93,99274.52,12900.07,859818.39,1364811.67,137338.54,2.95,65.47,59.8,785967.22,6874.6
902,84,25200,petrol,15.6,102.44,0.184,6.85,0.704,2.31,165480.0,31762.08,133717.92,3731.54,3264.31,467.23,2-wheeler,8,300,high,4,0.55,0.45,3.33,78.3,0.8,0.2,0.01,home/slow-dominant,0.23,11369.4,5196.21,15669.82,3053.85,133074.08,206204.9,140501.88,0.41,22.25,32.1,718179.22,2336.15
903,29,8700,diesel,17.8,93.17,0.168,6.05,0.745,2.68,45538.15,8842.68,36695.47,1309.89,1088.89,221.0,2-wheeler,5,300,medium,4,0.08,0.92,3.76,84.3,0.96,0.04,0.01,home/slow-dominant,0.34,7987.24,4548.72,22234.33,2870.16,138302.98,215596.43,40708.02,1.35,10.52,23.6,225774.43,1105.0
904,118,35400,diesel,21.3,92.14,0.176,8.22,0.692,2.68,153134.08,51213.89,101920.19,4454.08,4311.44,142.64,4-wheeler,5,300,high,4,0.6,0.4,44.99,80.4,0.84,0.16,0.03,home/slow-dominant,0.1,15807.77,9061.93,97688.15,11087.41,856497.76,1362568.14,110883.51,3.68,6.79,12.1,652105.7,713.2
905,89,26700,petrol,20.8,104.79,0.158,6.78,0.75,2.31,134514.09,28602.11,105911.98,2965.24,3163.95,-198.71,4-wheeler,2,300,high,4,0.61,0.39,43.28,93.3,0.89,0.11,0.04,home/slow-dominant,0.13,14495.56,8412.52,96233.02,12440.08,879185.49,1320330.94,114483.04,3.01,-9.46,4.9,668648.22,-993.55
906,75,22500,petrol,13.8,102.4,0.153,8.17,0.564,2.31,166956.52,28125.22,138831.3,3766.3,1941.57,1824.73,fleet/commercial,11,300,high,5,0.66,0.34,64.32,72.2,0.5,0.5,0.19,mixed,0.24,31386.11,19314.4,179925.37,27557.96,1933771.29,2938356.45,156414.6,5.27,86.89,68.9,961998.37,9123.65
907,119,35700,diesel,20.7,90.89,0.127,6.59,0.605,2.68,156752.32,29878.4,126873.92,4622.03,2743.01,1879.02,fleet/commercial,4,300,high,5,0.52,0.48,65.25,90.9,0.26,0.74,0.42,fast-dominant,0.09,24429.19,16580.72,181365.65,26761.57,1928323.5,3003698.23,140074.7,6.38,89.48,65.0,881739.15,9395.1
908,76,22800,petrol,17.8,106.43,0.167,8.18,0.767,2.31,136326.07,31146.17,105179.9,2958.88,2920.43,38.45,4-wheeler,7,300,high,4,0.61,0.39,28.7,78.3,0.59,0.41,0.19,mixed,0.34,16560.84,10028.02,103139.89,11581.69,868372.5,1354061.9,114029.06,3.35,1.83,15.0,673285.19,192.25
909,46,13800,diesel,18.5,90.44,0.151,8.18,0.662,2.68,67463.35,17045.48,50417.87,1999.14,1379.48,619.66,4-wheeler,7,300,medium,3,0.27,0.73,52.88,79.4,0.59,0.41,0.15,mixed,0.28,16243.24,10649.65,100586.36,13364.62,866181.58,1346630.89,58684.38,6.47,29.51,39.8,394008.26,3098.3
910,69,20700,petrol,13.1,100.08,0.16,8.36,0.589,2.31,158141.68,27688.32,130453.36,3650.15,1950.77,1699.38,4-wheeler,9,300,high,4,0.42,0.58,42.59,76.1,0.65,0.35,0.1,mixed,0.07,18898.31,10883.53,106848.68,14568.92,902136.04,1413069.0,141381.92,2.86,80.92,61.5,813758.28,8496.9
911,66,19800,diesel,17.3,89.95,0.137,6.27,0.633,2.68,102948.55,17008.0,85940.55,3067.28,1717.08,1350.2,4-wheeler,8,300,high,5,0.36,0.64,26.98,79.3,0.76,0.24,0.08,home/slow-dominant,0.33,16832.65,11017.5,95589.79,13800.14,844489.43,1339417.13,94515.73,4.23,64.3,62.9,568168.44,6751.0
912,87,26100,diesel,20.0,97.9,0.113,7.0,0.734,2.68,127759.5,20645.1,107114.4,3497.4,2164.79,1332.61,4-wheeler,4,300,high,5,0.45,0.55,51.11,95.7,0.83,0.17,0.06,home/slow-dominant,0.13,14788.56,8971.24,101476.51,11594.74,909693.0,1403292.56,115250.67,3.4,63.46,56.5,677729.86,6663.05
913,74,22200,petrol,14.7,100.46,0.131,8.49,0.578,2.31,151715.1,24690.62,127024.48,3488.57,1680.94,1807.63,4-wheeler,10,300,high,3,0.51,0.49,57.43,74.1,0.86,0.14,0.02,home/slow-dominant,0.46,18476.12,12150.69,100733.84,14471.33,893940.37,1403155.9,136244.18,3.0,86.08,75.0,781954.74,9038.15
914,92,27600,petrol,18.1,102.59,0.183,7.21,0.603,2.31,156435.58,36416.27,120019.31,3522.43,3045.63,476.8,4-wheeler,4,300,high,4,0.57,0.43,58.0,86.7,0.77,0.23,0.06,home/slow-dominant,0.5,14772.54,9569.12,104713.68,12206.18,861273.81,1334740.25,127663.97,2.89,22.7,40.8,743033.53,2384.0
915,49,14700,diesel,21.9,93.01,0.14,8.6,0.568,2.68,62431.37,17698.8,44732.57,1798.9,1168.94,629.96,4-wheeler,4,300,medium,3,0.31,0.69,36.02,88.6,0.55,0.45,0.11,mixed,0.22,13895.84,9535.68,109494.14,12816.3,889305.73,1374304.25,51655.99,7.27,30.0,38.3,367774.09,3149.8
916,102,30600,diesel,21.8,96.24,0.122,7.2,0.694,2.68,135089.17,26879.04,108210.13,3761.83,2590.84,1170.99,4-wheeler,8,300,high,4,0.42,0.58,27.15,82.8,0.62,0.38,0.11,mixed,0.29,18804.52,9983.63,102655.63,13104.57,877792.8,1381954.32,119651.93,3.36,55.76,57.1,700915.28,5854.95
917,61,18300,petrol,16.6,103.07,0.127,8.16,0.74,2.31,113625.36,18964.66,94660.7,2546.57,1719.83,826.74,4-wheeler,6,300,high,3,0.39,0.61,41.7,87.6,0.58,0.42,0.19,mixed,0.13,15803.37,9469.23,109803.15,14402.03,893318.13,1357754.62,103875.25,3.41,39.37,42.3,629179.4,4133.7
918,44,13200,petrol,15.5,106.54,0.122,6.36,0.666,2.31,90730.84,10242.14,80488.7,1967.23,1072.53,894.7,fleet/commercial,7,300,medium,4,0.45,0.55,45.63,83.1,0.3,0.7,0.35,fast-dominant,0.1,26837.94,17594.4,179533.74,27726.43,1809220.97,2760497.85,95277.53,8.1,42.6,44.2,655921.39,4473.5
919,31,9300,petrol,13.7,101.75,0.128,6.51,0.759,2.31,69071.17,7749.5,61321.67,1568.1,903.51,664.59,4-wheeler,10,300,medium,3,0.54,0.46,57.49,78.8,0.73,0.27,0.14,home/slow-dominant,0.42,20388.12,11557.74,95463.02,14718.61,873065.37,1343858.09,73095.77,5.13,31.65,45.4,460941.87,3322.95
920,28,8400,petrol,16.2,103.97,0.125,8.78,0.588,2.31,53910.37,9219.0,44691.37,1197.78,617.4,580.38,2-wheeler,8,300,medium,4,0.29,0.71,2.64,76.4,0.76,0.24,0.01,home/slow-dominant,0.15,11091.04,5485.08,12484.95,1531.82,122627.21,152439.12,50603.69,0.34,27.64,34.1,265503.4,2901.9
921,47,14100,petrol,19.1,104.11,0.142,8.0,0.599,2.31,76856.07,16017.6,60838.47,1705.29,1199.32,505.97,4-wheeler,6,300,medium,4,0.48,0.52,31.61,82.7,0.67,0.33,0.09,mixed,0.16,15825.69,10049.34,100926.87,14687.55,873231.28,1346349.92,69552.33,5.35,24.09,31.9,448688.52,2529.85
922,74,22200,petrol,20.3,99.14,0.155,8.09,0.716,2.31,108419.11,27837.69,80581.42,2526.21,2463.76,62.45,4-wheeler,6,300,high,4,0.54,0.46,37.45,80.8,0.61,0.39,0.18,mixed,0.21,15472.56,9911.9,99745.01,11217.55,875100.01,1353128.01,88385.59,4.28,2.97,12.1,541672.96,312.25
923,13,3900,petrol,15.6,99.87,0.155,7.53,0.739,2.31,24967.5,4551.89,20415.61,577.5,446.73,130.77,4-wheeler,9,300,low,2,0.15,0.85,36.56,73.5,0.78,0.22,0.08,home/slow-dominant,0.38,19267.62,11299.06,96455.81,12063.09,856316.94,1377686.65,30796.79,13.8,6.23,19.6,250439.76,653.85
924,119,35700,petrol,20.3,105.91,0.115,7.74,0.695,2.31,186255.52,31776.57,154478.95,4062.41,2853.32,1209.09,fleet/commercial,7,300,high,4,0.37,0.63,79.73,84.8,0.34,0.66,0.28,mixed,0.1,26987.69,17705.61,181489.9,26059.95,1815486.22,2848572.99,168973.02,5.04,57.58,52.8,1026355.0,6045.45
925,99,29700,petrol,12.9,100.02,0.163,6.42,0.748,2.31,230278.6,31079.86,199198.74,5318.37,3621.14,1697.23,4-wheeler,10,300,high,3,0.39,0.61,39.34,73.6,0.72,0.28,0.03,home/slow-dominant,0.44,20138.59,11672.16,100071.74,12919.7,904348.35,1392828.65,210249.11,1.85,80.82,72.4,1151317.29,8486.15
926,74,22200,diesel,21.0,96.47,0.164,8.74,0.576,2.68,101982.57,31820.59,70161.98,2833.14,2097.1,736.04,2-wheeler,4,300,high,4,0.55,0.45,2.6,87.3,0.85,0.15,0.02,home/slow-dominant,0.13,7368.71,3277.33,11839.29,3918.84,145730.64,181967.27,75037.13,0.33,35.05,39.1,387024.94,3680.2
927,22,6600,diesel,21.9,89.74,0.118,6.29,0.579,2.68,27044.93,4898.65,22146.28,807.67,450.93,356.74,2-wheeler,5,300,low,1,0.15,0.85,2.94,89.7,0.97,0.03,0.0,home/slow-dominant,0.29,7880.41,3557.9,14441.76,3417.78,117034.16,183166.43,27152.35,1.9,16.99,29.6,150203.51,1783.7
928,94,28200,diesel,22.2,95.8,0.174,8.68,0.579,2.68,121691.89,42591.02,79100.87,3404.32,2841.04,563.28,4-wheeler,8,300,high,4,0.43,0.57,41.35,74.6,0.63,0.37,0.2,mixed,0.31,17882.89,11639.99,108296.54,14737.5,835608.91,1315502.07,88291.27,4.21,26.82,38.4,549752.89,2816.4
929,11,3300,petrol,14.8,99.66,0.128,7.32,0.622,2.31,22221.49,3091.97,19129.52,515.07,262.73,252.34,4-wheeler,8,300,low,2,0.24,0.76,27.6,82.2,0.73,0.27,0.06,home/slow-dominant,0.16,18596.54,11426.96,99530.73,11962.2,862677.23,1362959.12,28691.54,13.97,12.02,19.8,242988.43,1261.7
930,37,11100,petrol,19.6,99.65,0.169,8.05,0.687,2.31,56434.44,15101.0,41333.44,1308.21,1288.74,19.47,4-wheeler,4,300,medium,2,0.41,0.59,45.24,85.6,0.81,0.19,0.09,home/slow-dominant,0.37,15965.33,9421.45,105709.33,12096.1,905374.73,1353095.93,50296.54,6.8,0.93,15.4,357192.03,97.35
931,91,27300,diesel,15.2,91.62,0.112,8.11,0.769,2.68,164554.34,24797.14,139757.2,4813.42,2351.29,2462.13,4-wheeler,10,300,high,3,0.36,0.64,43.5,80.8,0.74,0.26,0.11,home/slow-dominant,0.14,18419.44,11242.99,104180.71,14682.95,859560.73,1339526.56,149870.24,2.51,117.24,71.0,853531.91,12310.65
932,76,22800,petrol,15.5,103.97,0.157,7.28,0.582,2.31,152936.52,26059.49,126877.03,3397.94,2083.33,1314.61,fleet/commercial,8,300,high,3,0.52,0.48,75.74,79.5,0.52,0.48,0.24,mixed,0.07,28057.87,18526.76,181407.72,24306.96,1860105.59,2912815.63,141269.53,6.17,62.6,54.3,887755.37,6573.05
933,12,3600,diesel,16.6,91.9,0.14,6.91,0.739,2.68,19930.12,3482.64,16447.48,581.2,372.46,208.74,fleet/commercial,3,300,low,2,0.14,0.86,86.89,91.1,0.3,0.7,0.5,fast-dominant,0.05,23128.81,15755.48,178585.38,26438.24,1858160.28,2753864.16,29108.46,20.0,9.94,14.4,324127.68,1043.7
934,62,18600,petrol,19.2,99.31,0.173,6.79,0.774,2.31,96206.56,21848.86,74357.7,2237.81,2490.58,-252.77,4-wheeler,7,300,high,4,0.44,0.56,56.67,76.4,0.71,0.29,0.14,home/slow-dominant,0.43,17174.18,11180.93,100535.22,13726.94,888257.81,1407892.48,83096.34,5.04,-12.04,13.5,516016.92,-1263.85
935,116,34800,petrol,17.7,101.26,0.112,8.56,0.661,2.31,199087.46,33363.46,165724.0,4541.69,2576.31,1965.38,4-wheeler,6,300,high,4,0.46,0.54,57.95,86.5,0.58,0.42,0.21,mixed,0.23,17424.68,10200.36,103881.61,13022.17,873542.85,1365842.62,175552.75,2.21,93.59,69.8,981645.36,9826.9
936,94,28200,petrol,14.6,100.4,0.128,8.63,0.578,2.31,193923.29,31150.85,162772.44,4461.78,2086.35,2375.43,4-wheeler,8,300,high,3,0.56,0.44,31.3,80.3,0.76,0.24,0.04,home/slow-dominant,0.41,17667.82,10591.62,100261.3,13776.93,847220.23,1307078.37,172604.03,2.08,113.12,78.6,963281.45,11877.15
937,90,27000,diesel,18.4,97.92,0.171,6.44,0.633,2.68,143686.96,29733.48,113953.48,3932.61,2922.56,1010.05,2-wheeler,7,300,high,3,0.66,0.34,2.46,77.8,0.82,0.18,0.01,home/slow-dominant,0.23,10787.88,5525.92,13223.45,2191.02,97637.77,161404.55,119653.64,0.42,48.1,51.6,611491.65,5050.25
938,73,21900,petrol,15.5,106.05,0.138,6.79,0.73,2.31,149838.39,20520.74,129317.65,3263.81,2206.21,1057.6,fleet/commercial,8,300,high,3,0.63,0.37,55.11,80.8,0.21,0.79,0.37,fast-dominant,0.09,28313.46,17257.81,176746.94,27410.53,1938143.96,2937718.76,145855.41,5.64,50.36,49.0,906023.99,5288.0
939,49,14700,diesel,21.4,92.81,0.131,7.22,0.768,2.68,63752.66,13903.55,49849.11,1840.93,1478.94,361.99,2-wheeler,6,300,medium,2,0.34,0.66,5.13,86.9,0.88,0.12,0.01,home/slow-dominant,0.33,10041.97,4422.22,23196.5,2060.1,94407.32,143355.22,55880.88,0.46,17.24,31.0,302600.9,1809.95
940,28,8400,petrol,20.3,101.31,0.124,6.55,0.73,2.31,41921.38,6822.48,35098.9,955.86,760.37,195.49,4-wheeler,4,300,medium,4,0.21,0.79,58.94,90.6,0.74,0.26,0.1,home/slow-dominant,0.46,15617.2,9315.0,101604.69,12603.25,863801.13,1359894.44,43921.75,8.98,9.31,26.0,321213.44,977.45
941,13,3900,petrol,12.9,100.17,0.134,7.89,0.672,2.31,30283.95,4123.31,26160.64,698.37,351.19,347.18,2-wheeler,10,300,low,2,0.08,0.92,5.01,76.4,0.77,0.23,0.01,home/slow-dominant,0.39,11048.24,7310.37,19378.12,1801.03,113002.49,173322.52,30258.72,1.35,16.53,31.9,170671.72,1735.9
942,44,13200,petrol,13.3,102.96,0.133,7.18,0.615,2.31,102185.86,12605.21,89580.65,2292.63,1079.69,1212.94,4-wheeler,9,300,medium,3,0.51,0.49,26.18,78.9,0.79,0.21,0.06,home/slow-dominant,0.4,18104.76,11564.14,102356.16,13180.84,877354.65,1339119.79,98757.44,3.64,57.76,61.9,596143.36,6064.7
943,41,12300,petrol,17.9,99.92,0.188,6.06,0.693,2.31,68660.11,14013.14,54646.97,1587.32,1602.49,-15.17,4-wheeler,8,300,medium,2,0.25,0.75,58.0,73.2,0.77,0.23,0.1,home/slow-dominant,0.1,17746.01,11084.28,108088.5,13678.98,840917.75,1283115.03,64044.5,5.22,-0.72,6.4,428311.0,-75.85
944,91,27300,petrol,16.0,104.55,0.117,8.62,0.706,2.31,178388.44,27533.14,150855.3,3941.44,2255.03,1686.41,fleet/commercial,9,300,high,4,0.42,0.58,61.17,78.7,0.23,0.77,0.44,fast-dominant,0.09,27958.26,17553.41,183204.02,27764.89,1826457.76,2735692.09,166813.13,4.35,80.31,61.8,1017269.67,8432.05
945,112,33600,petrol,12.4,101.81,0.152,8.98,0.581,2.31,275872.26,45862.66,230009.6,6259.35,2967.28,3292.07,4-wheeler,8,300,high,4,0.6,0.4,22.35,75.0,0.71,0.29,0.08,home/slow-dominant,0.25,17987.79,10341.12,102211.72,13957.34,860225.55,1369789.57,240447.74,1.69,156.77,77.2,1304450.42,16460.35
946,20,6000,petrol,16.6,105.24,0.183,7.2,0.748,2.31,38038.55,7905.6,30132.95,834.94,821.3,13.64,2-wheeler,9,300,low,2,0.28,0.72,3.55,71.2,0.92,0.08,0.02,home/slow-dominant,0.56,11181.28,6388.92,23869.01,3664.41,133722.07,213705.56,35658.19,1.57,0.65,20.9,202159.96,68.2
947,101,30300,petrol,12.9,105.76,0.16,6.69,0.769,2.31,248413.02,32433.12,215979.9,5425.81,3728.11,1697.7,4-wheeler,9,300,high,4,0.48,0.52,23.75,76.3,0.74,0.26,0.11,home/slow-dominant,0.18,19845.02,11277.11,105795.34,14730.47,898937.52,1364323.6,227493.9,1.58,80.84,64.7,1243264.84,8488.5
948,103,30900,petrol,14.9,99.97,0.138,8.37,0.747,2.31,207320.34,35691.35,171628.99,4790.54,3185.36,1605.18,fleet/commercial,10,300,high,3,0.67,0.33,67.19,74.4,0.31,0.69,0.46,fast-dominant,0.08,29340.95,18954.59,176673.25,25913.75,1931033.87,2904874.09,187198.1,4.26,76.44,59.5,1112663.75,8025.9
949,114,34200,petrol,20.6,105.84,0.129,7.78,0.751,2.31,175714.95,34323.8,141391.15,3835.05,3313.26,521.79,fleet/commercial,5,300,high,4,0.36,0.64,56.93,87.4,0.28,0.72,0.43,fast-dominant,0.09,26435.5,15590.38,177665.57,26244.82,1851147.4,2826271.24,157485.23,5.06,24.85,30.6,965091.72,2608.95
950,34,10200,diesel,19.5,92.92,0.141,6.77,0.565,2.68,48604.31,9736.61,38867.7,1401.85,812.58,589.27,4-wheeler,9,300,medium,3,0.2,0.8,39.99,78.6,0.76,0.24,0.03,home/slow-dominant,0.18,19810.59,12003.56,106806.84,13384.39,842357.08,1370151.22,49351.61,8.53,28.06,35.4,353564.89,2946.35
951,116,34800,diesel,18.3,91.14,0.174,7.1,0.761,2.68,173315.41,42991.92,130323.49,5096.39,4608.01,488.38,4-wheeler,6,300,high,4,0.37,0.63,45.3,81.4,0.88,0.12,0.02,home/slow-dominant,0.15,17404.77,9812.3,107537.77,12639.92,845388.01,1316067.72,140443.94,2.59,23.26,30.9,809757.47,2441.9
952,115,34500,diesel,19.3,95.43,0.185,8.9,0.677,2.68,170587.31,56804.25,113783.06,4790.67,4320.95,469.72,4-wheeler,5,300,high,5,0.62,0.38,55.01,79.0,0.79,0.21,0.03,home/slow-dominant,0.45,15050.8,10356.95,103177.86,14353.93,858947.52,1305668.67,121347.7,2.83,22.37,38.9,709916.36,2348.6
953,108,32400,petrol,12.4,105.62,0.172,8.05,0.727,2.31,275974.84,44861.04,231113.8,6035.81,4051.43,1984.38,4-wheeler,10,300,high,4,0.6,0.4,47.15,73.8,0.58,0.42,0.15,mixed,0.24,19490.47,11865.95,103316.83,11740.7,846419.51,1290456.76,241086.46,1.41,94.49,70.4,1308749.13,9921.9
954,38,11400,petrol,18.6,101.83,0.149,8.92,0.578,2.31,62411.94,15151.51,47260.43,1415.81,981.79,434.02,fleet/commercial,5,300,medium,3,0.33,0.67,61.7,87.8,0.33,0.67,0.46,fast-dominant,0.19,25384.58,15768.7,184478.99,26219.37,1833246.74,2905244.7,62120.18,14.29,20.67,29.4,495079.89,2170.1
955,12,3600,petrol,16.3,102.91,0.124,7.23,0.619,2.31,22728.59,3227.47,19501.12,510.18,276.32,233.86,2-wheeler,9,300,low,2,0.28,0.72,4.87,77.5,0.95,0.05,0.0,home/slow-dominant,0.53,11009.66,6751.1,16586.74,4388.93,105458.17,141590.43,24637.47,0.79,11.14,29.8,139774.09,1169.3
956,95,28500,petrol,13.6,105.77,0.153,8.92,0.679,2.31,221650.37,38895.66,182754.71,4840.81,2960.78,1880.03,4-wheeler,6,300,high,4,0.49,0.51,56.41,81.2,0.58,0.42,0.2,mixed,0.15,16165.94,10375.72,105202.99,14615.9,883427.04,1413121.12,191468.11,2.22,89.53,66.9,1062543.54,9400.15
957,89,26700,diesel,16.1,97.77,0.151,6.08,0.682,2.68,162140.31,24512.74,137627.57,4444.47,2749.62,1694.85,4-wheeler,6,300,high,4,0.61,0.39,26.55,85.5,0.9,0.1,0.03,home/slow-dominant,0.36,17283.26,9868.9,96627.22,14535.67,852424.28,1317585.67,147949.06,2.49,80.71,70.0,836372.52,8474.25
958,43,12900,petrol,17.7,101.98,0.131,7.05,0.575,2.31,74324.41,11913.8,62410.61,1683.56,971.69,711.87,2-wheeler,5,300,medium,3,0.52,0.48,3.86,87.4,0.97,0.03,0.0,home/slow-dominant,0.14,8135.13,4403.28,24419.19,3534.96,152888.53,193978.39,66849.45,0.25,33.9,38.4,358666.44,3559.35
959,56,16800,petrol,14.3,103.75,0.147,7.24,0.762,2.31,121888.11,17879.9,104008.21,2713.85,1881.84,832.01,2-wheeler,11,300,high,4,0.45,0.55,3.0,70.0,0.77,0.23,0.01,home/slow-dominant,0.46,12806.87,6689.97,21252.32,4072.65,118341.06,164909.75,110939.64,0.23,39.62,52.6,575950.52,4160.05
960,42,12600,petrol,20.2,106.15,0.124,6.16,0.672,2.31,66212.38,9624.38,56588.0,1440.89,1049.93,390.96,4-wheeler,8,300,medium,2,0.4,0.6,23.79,79.1,0.88,0.12,0.02,home/slow-dominant,0.28,19157.87,11094.36,104467.61,12576.95,904926.39,1433263.28,67166.9,6.31,18.62,30.4,440302.11,1954.8
961,27,8100,petrol,13.1,101.46,0.122,6.1,0.674,2.31,62734.81,6028.02,56706.79,1428.32,666.05,762.27,2-wheeler,9,300,medium,3,0.09,0.91,4.34,79.5,0.83,0.17,0.0,home/slow-dominant,0.26,10193.95,6832.99,14744.83,3372.71,141102.34,194432.88,60742.29,0.64,36.3,44.2,318456.28,3811.35
962,34,10200,petrol,20.8,103.66,0.189,7.11,0.592,2.31,50833.27,13706.66,37126.61,1132.79,1141.26,-8.47,4-wheeler,4,300,medium,3,0.5,0.5,54.79,80.6,0.85,0.15,0.02,home/slow-dominant,0.23,14971.1,8719.19,97414.33,14625.06,865261.56,1327069.07,46303.53,7.87,-0.4,10.5,328931.98,-42.35
963,49,14700,petrol,18.3,102.27,0.19,8.87,0.564,2.31,82151.31,24773.91,57377.4,1855.57,1575.25,280.32,2-wheeler,6,300,medium,4,0.36,0.64,2.57,77.6,0.85,0.15,0.0,home/slow-dominant,0.3,9657.75,4841.62,16140.14,5222.82,146806.85,254117.09,63238.09,1.44,13.35,25.3,332330.59,1401.6
964,94,28200,petrol,18.7,99.82,0.177,7.74,0.608,2.31,150530.7,38633.44,111897.26,3483.53,3034.77,448.76,4-wheeler,8,300,high,4,0.69,0.31,52.87,75.6,0.7,0.3,0.14,home/slow-dominant,0.17,17162.79,11663.69,104923.65,14581.66,866415.3,1365503.28,120312.69,3.28,21.37,29.5,706487.1,2243.8
965,10,3000,diesel,16.3,89.57,0.131,8.64,0.754,2.68,16485.28,3395.52,13089.76,493.25,296.32,196.93,2-wheeler,6,300,low,2,0.17,0.83,4.99,88.4,0.9,0.1,0.01,home/slow-dominant,0.28,9267.68,4334.95,19505.65,2053.48,92416.49,156560.72,18433.19,2.42,9.38,20.8,111671.6,984.65
966,67,20100,petrol,12.2,101.28,0.183,6.36,0.672,2.31,166862.95,23393.99,143468.96,3805.82,2471.82,1334.0,4-wheeler,10,300,high,3,0.37,0.63,56.74,70.0,0.82,0.18,0.06,home/slow-dominant,0.44,18874.72,12246.31,100739.62,14400.34,882362.43,1357048.71,152977.44,2.44,63.52,66.0,865626.82,6670.0
967,101,30300,diesel,22.8,95.22,0.133,8.01,0.669,2.68,126542.37,32279.5,94262.87,3561.58,2696.0,865.58,4-wheeler,6,300,high,4,0.47,0.53,32.08,87.4,0.56,0.44,0.16,mixed,0.31,17381.77,9785.71,104199.3,14793.45,861819.96,1301909.87,104817.62,3.2,41.22,49.3,628287.4,4327.9
968,104,31200,petrol,13.7,101.31,0.112,8.14,0.776,2.31,230720.58,28444.42,202276.16,5260.73,2711.65,2549.08,4-wheeler,10,300,high,3,0.53,0.47,56.35,81.8,0.76,0.24,0.1,home/slow-dominant,0.2,19085.04,11564.12,107206.22,12445.0,895322.01,1415362.39,212286.08,1.94,121.38,73.7,1168636.62,12745.4
969,16,4800,diesel,19.6,95.19,0.179,6.74,0.617,2.68,23311.84,5791.01,17520.83,656.33,530.13,126.2,4-wheeler,6,300,low,2,0.15,0.85,34.19,82.6,0.62,0.38,0.18,mixed,0.22,16089.75,9835.26,95394.27,13074.59,907709.76,1412444.19,26390.24,15.51,6.01,14.6,227345.47,631.0
970,49,14700,petrol,16.9,102.64,0.152,6.51,0.61,2.31,89278.58,14545.94,74732.64,2009.29,1362.98,646.31,4-wheeler,9,300,medium,2,0.37,0.63,42.99,76.9,0.67,0.33,0.05,mixed,0.39,18985.67,10984.99,101759.32,14116.38,876159.42,1340395.03,85556.6,4.24,30.78,43.9,529542.32,3231.55
971,107,32100,petrol,14.1,106.38,0.18,7.14,0.623,2.31,242184.26,41254.92,200929.34,5258.94,3599.69,1659.25,4-wheeler,4,300,high,4,0.7,0.3,23.92,80.1,0.67,0.33,0.15,mixed,0.09,14240.55,8672.65,106378.33,13248.31,909947.46,1403025.22,209146.9,1.85,79.01,61.2,1152112.83,8296.25
972,55,16500,diesel,17.3,95.92,0.185,7.36,0.595,2.68,91484.39,22466.4,69017.99,2556.07,1816.24,739.83,fleet/commercial,8,300,medium,3,0.39,0.61,42.19,75.5,0.34,0.66,0.46,fast-dominant,0.2,27483.73,18415.85,183192.17,27973.93,1897390.42,2930695.72,83680.66,10.16,35.23,41.4,601595.47,3699.15
973,95,28500,diesel,18.0,90.01,0.122,7.7,0.626,2.68,142515.83,26772.9,115742.93,4243.33,2176.6,2066.73,4-wheeler,5,300,high,4,0.47,0.53,49.37,90.9,0.67,0.33,0.1,mixed,0.15,15549.92,9598.75,104772.14,12822.85,898393.88,1339264.41,124258.67,2.7,98.42,68.3,726065.49,10333.65
974,50,15000,petrol,13.3,104.04,0.169,6.99,0.638,2.31,117338.35,17719.65,99618.7,2605.26,1617.33,987.93,2-wheeler,6,300,medium,4,0.51,0.49,3.56,80.8,0.77,0.23,0.0,home/slow-dominant,0.36,8648.73,5333.16,17750.15,4355.77,96518.52,181416.58,103805.42,0.65,47.04,54.3,536777.25,4939.65
975,29,8700,petrol,16.8,103.37,0.167,8.94,0.703,2.31,53530.89,12988.93,40541.96,1196.25,1021.39,174.86,2-wheeler,8,300,medium,3,0.08,0.92,2.9,80.2,0.78,0.22,0.03,home/slow-dominant,0.33,10559.71,6019.81,24878.12,4670.36,147135.93,233816.42,46015.93,1.34,8.33,21.2,254957.77,874.3
976,114,34200,petrol,17.3,100.36,0.141,8.79,0.569,2.31,198399.54,42387.14,156012.4,4566.59,2743.83,1822.76,4-wheeler,9,300,high,4,0.66,0.34,29.24,79.4,0.56,0.44,0.23,mixed,0.23,18989.14,10769.95,95819.32,12976.4,866011.85,1338551.84,166826.87,2.26,86.8,68.5,929953.67,9113.8
977,92,27600,petrol,12.2,100.77,0.139,6.04,0.759,2.31,227971.48,23171.86,204799.62,5225.9,2911.83,2314.07,4-wheeler,10,300,high,4,0.5,0.5,47.46,76.9,0.71,0.29,0.1,home/slow-dominant,0.41,19660.0,10890.75,102365.67,14427.94,890346.1,1397057.49,216454.46,1.87,110.19,77.8,1184637.97,11570.35
978,32,9600,petrol,16.9,99.81,0.185,6.24,0.754,2.31,56696.8,11082.24,45614.56,1312.19,1339.1,-26.91,2-wheeler,9,300,medium,2,0.22,0.78,2.0,74.6,0.97,0.03,0.01,home/slow-dominant,0.15,11620.0,6913.94,11371.25,3684.62,125529.35,176761.38,51057.54,0.78,-1.28,7.6,266658.95,-134.55
979,42,12600,diesel,16.7,92.21,0.142,8.8,0.633,2.68,69571.62,15744.96,53826.66,2022.04,1132.56,889.48,4-wheeler,10,300,medium,3,0.54,0.46,52.62,76.0,0.59,0.41,0.07,mixed,0.17,19038.6,11685.82,97396.78,12646.6,904386.61,1394055.81,63708.76,6.16,42.36,46.0,415940.58,4447.4
980,37,11100,petrol,17.1,105.04,0.14,6.22,0.605,2.31,68183.86,9665.88,58517.98,1499.47,940.17,559.3,4-wheeler,9,300,medium,2,0.38,0.62,25.01,72.8,0.88,0.12,0.05,home/slow-dominant,0.35,17853.42,11200.94,100745.58,11431.29,894286.93,1353574.67,67456.72,5.32,26.63,39.6,438029.18,2796.5
981,12,3600,petrol,16.4,106.77,0.184,8.16,0.707,2.31,23437.32,5405.18,18032.14,507.07,468.32,38.75,2-wheeler,10,300,low,2,0.3,0.7,2.67,70.0,0.92,0.08,0.0,home/slow-dominant,0.5,12625.94,6363.09,12333.1,3073.65,105803.06,209515.22,24909.72,3.67,1.85,19.8,136881.7,193.75
982,80,24000,petrol,14.4,105.2,0.115,6.15,0.609,2.31,175333.33,16974.0,158359.33,3850.0,1680.84,2169.16,fleet/commercial,10,300,high,4,0.37,0.63,59.31,81.0,0.4,0.6,0.37,fast-dominant,0.09,30341.87,17750.35,189455.31,26935.75,1793267.66,2790853.88,176338.0,4.58,103.29,67.4,1071145.31,10845.8
983,109,32700,petrol,13.8,100.71,0.153,7.54,0.557,2.31,238638.91,37723.37,200915.54,5473.7,2786.73,2686.97,4-wheeler,9,300,high,4,0.63,0.37,40.42,74.6,0.78,0.22,0.08,home/slow-dominant,0.42,18166.81,11178.19,109201.85,14685.15,871127.91,1378738.63,210841.19,1.89,127.95,80.9,1163407.8,13434.85
984,106,31800,petrol,12.5,103.48,0.149,8.69,0.694,2.31,263253.12,41174.96,222078.16,5876.64,3288.31,2588.33,2-wheeler,7,300,high,4,0.68,0.32,3.24,80.7,0.94,0.06,0.01,home/slow-dominant,0.3,9527.02,5902.58,15041.64,2506.72,101142.03,145858.05,226203.94,0.13,123.25,77.0,1146061.34,12941.65
985,92,27600,petrol,18.0,105.18,0.185,6.71,0.698,2.31,161276.0,34261.26,127014.74,3542.0,3563.99,-21.99,4-wheeler,6,300,high,4,0.58,0.42,34.19,76.9,0.59,0.41,0.2,mixed,0.12,16496.57,10924.96,104596.22,12420.94,904459.96,1395913.83,135070.54,2.86,-1.05,6.8,779948.92,-109.95
986,28,8400,diesel,21.0,92.98,0.175,6.28,0.613,2.68,37192.0,9231.6,27960.4,1072.0,901.11,170.89,2-wheeler,3,300,medium,2,0.28,0.72,5.37,90.4,0.87,0.13,0.02,home/slow-dominant,0.45,6829.98,4164.8,18006.3,2115.84,87851.72,130224.97,31048.75,0.78,8.14,24.5,173250.05,854.45
987,91,27300,petrol,18.2,103.66,0.188,7.79,0.715,2.31,155490.0,39981.4,115508.6,3465.0,3669.67,-204.67,4-wheeler,10,300,high,4,0.4,0.6,46.38,73.2,0.79,0.21,0.03,home/slow-dominant,0.12,19882.78,12512.0,107233.8,13762.89,909911.95,1367516.76,125631.96,2.79,-9.75,4.5,735393.6,-1023.35
988,102,30600,petrol,12.6,104.63,0.154,7.38,0.674,2.31,254101.43,34777.51,219323.92,5610.0,3176.16,2433.84,4-wheeler,9,300,high,4,0.52,0.48,22.89,74.4,0.76,0.24,0.12,home/slow-dominant,0.29,17649.85,12082.36,104411.68,14840.75,880785.66,1358597.19,227859.56,1.64,115.9,75.2,1243709.48,12169.2
989,95,28500,petrol,13.3,101.45,0.162,7.82,0.767,2.31,217392.86,36104.94,181287.92,4950.0,3541.24,1408.76,4-wheeler,10,300,high,5,0.56,0.44,38.35,73.3,0.84,0.16,0.05,home/slow-dominant,0.11,20031.54,11878.56,95003.79,13563.81,901419.93,1409385.11,192153.66,2.15,67.08,57.6,1055772.09,7043.8
990,46,13800,petrol,12.9,101.02,0.11,6.73,0.756,2.31,108067.91,10216.14,97851.77,2471.16,1147.61,1323.55,4-wheeler,11,300,medium,4,0.28,0.72,55.25,75.6,0.58,0.42,0.09,mixed,0.17,19198.73,11621.07,106447.62,13468.31,879771.35,1320737.86,108123.09,3.09,63.03,57.5,647063.07,6617.75
991,46,13800,petrol,16.3,105.97,0.124,7.05,0.562,2.31,89716.93,12063.96,77652.97,1955.71,961.69,994.02,4-wheeler,8,300,medium,4,0.26,0.74,33.46,83.1,0.79,0.21,0.1,home/slow-dominant,0.34,17923.89,11121.87,106202.72,13213.96,900984.64,1381004.71,87097.78,4.29,47.33,54.2,541691.62,4970.1
992,59,17700,petrol,14.4,106.53,0.115,6.14,0.58,2.31,130943.13,12497.97,118445.16,2839.38,1180.59,1658.79,4-wheeler,12,300,high,4,0.32,0.68,25.59,75.2,0.74,0.26,0.08,home/slow-dominant,0.3,21786.41,11981.94,102645.84,11353.82,904868.32,1389466.84,130520.39,2.93,78.99,67.4,755247.79,8293.95
993,32,9600,diesel,20.7,97.93,0.141,6.09,0.595,2.68,45416.81,8243.42,37173.39,1242.9,805.39,437.51,4-wheeler,3,300,medium,3,0.53,0.47,50.82,92.5,0.68,0.32,0.15,mixed,0.22,14132.92,8052.53,108543.78,13918.02,887066.84,1333303.18,46037.38,7.34,20.83,30.5,338730.68,2187.55
994,59,17700,petrol,19.2,102.94,0.142,8.41,0.646,2.31,94897.81,21137.69,73760.12,2129.53,1623.66,505.87,4-wheeler,6,300,high,4,0.32,0.68,45.03,84.8,0.67,0.33,0.07,mixed,0.23,15657.82,9433.21,108626.69,13408.2,890886.37,1361306.02,82666.37,4.38,24.09,33.9,521958.54,2529.35
995,100,30000,petrol,19.9,106.19,0.169,6.72,0.714,2.31,160085.43,34070.4,126015.03,3482.41,3619.98,-137.57,4-wheeler,4,300,high,4,0.41,0.59,43.67,91.2,0.77,0.23,0.02,home/slow-dominant,0.17,16164.08,8863.97,102858.68,13645.91,861351.93,1312030.95,136044.32,2.56,-6.55,6.6,783080.28,-687.85
996,26,7800,petrol,18.1,101.03,0.143,7.96,0.581,2.31,43537.79,8878.58,34659.21,995.47,648.05,347.42,2-wheeler,4,300,medium,2,0.19,0.81,2.19,86.4,0.95,0.05,0.0,home/slow-dominant,0.33,8434.29,3794.92,19119.82,5095.24,91014.29,132732.6,40317.63,0.56,16.54,30.2,220707.97,1737.1
997,111,33300,diesel,21.3,92.09,0.173,7.3,0.564,2.68,143971.69,42054.57,101917.12,4189.86,3249.15,940.71,fleet/commercial,3,300,high,5,0.42,0.58,47.02,83.6,0.35,0.65,0.5,fast-dominant,0.22,24901.15,15316.65,189947.83,27135.84,1839154.02,2916467.7,116928.79,7.59,44.8,49.0,774591.78,4703.55
998,41,12300,petrol,13.6,100.12,0.166,7.84,0.661,2.31,90549.71,16007.71,74542.0,2089.19,1349.63,739.56,2-wheeler,9,300,medium,4,0.51,0.49,4.18,73.9,0.94,0.06,0.0,home/slow-dominant,0.53,11037.63,6380.08,14482.3,4623.66,107619.52,197812.16,80124.28,0.94,35.22,51.2,415103.7,3697.8
999,86,25800,petrol,19.7,101.19,0.179,7.73,0.602,2.31,132522.94,35698.69,96824.25,3025.28,2780.16,245.12,fleet/commercial,5,300,high,4,0.54,0.46,50.39,78.8,0.31,0.69,0.44,fast-dominant,0.06,24991.23,17408.25,179869.26,27708.74,1798653.34,2812784.09,109948.98,7.59,11.67,16.3,729614.16,1225.6
1000,85,25500,diesel,18.0,89.74,0.149,8.2,0.707,2.68,127131.67,31155.9,95975.77,3796.67,2686.25,1110.42,4-wheeler,5,300,high,3,0.56,0.44,41.15,82.5,0.59,0.41,0.12,mixed,0.07,16809.39,9737.88,97741.61,14959.74,871141.84,1399158.06,106039.23,4.06,52.88,49.3,627937.76,5552.1
