name,state,city,address,lattitude,longitude,type,charger_count,fast_charger_count,avg_daily_sessions,occupancy_rate,avg_wait_time_min,ev_growth_rate,population_density,renewable_energy_share,predicted_peak_hour,maintenance_risk,demand_level
Neelkanth Star DC Charging Station,Haryana,Gurugram,"Neelkanth Star Karnal, NH 44, Gharunda, Kutail, Haryana 132114 ",29.6019,76.9803,12.0,15,19,199,0.81,48.6,11.99,9619,41.48,08:00-11:00,High,High
Galleria DC Charging Station,Haryana,Gurugram,"DLF Phase IV, Sector 28, Gurugram, Haryana 122022",28.4673,77.0818,12.0,13,11,95,0.68,40.8,10.86,725,42.76,18:00-21:00,Medium,Medium
Highway Xpress (Jaipur-Delhi) DC charging station,Rajasthan,Behror,"Jaipur to Delhi Road, Behror Midway, Behror, Rajasthan 301701",27.8751,76.276,12.0,13,13,226,0.65,39.0,15.65,8678,38.48,12:00-15:00,Medium,Medium
Food Carnival DC Charging Station,Uttar Pradesh,Khatauli,"Fun and Food Carnival, NH 58, Khatauli Bypass, Bhainsi, Uttar Pradesh 251201",29.3105,77.7218,12.0,14,12,81,0.65,39.0,13.25,4533,22.36,08:00-11:00,Medium,Medium
Food Carnival AC Charging Station,Uttar Pradesh,Khatauli,"NH 58, Khatauli Bypass, Bhainsi, Uttar Pradesh 251201",29.3105,77.7218,12.0,22,12,57,0.52,31.2,8.12,1676,31.07,12:00-15:00,Medium,Medium
Krishna Hansraj Hotel Una DC charging station ,Himachal Pradesh,Una,"Old Hoshiarpur Rd, Una, Himachal Pradesh 174303",31.4668,76.2568,12.0,12,9,42,0.65,39.0,24.52,10610,62.38,12:00-15:00,Medium,Medium
SG Jabli DC Charging Station,Himachal Pradesh,Kasauli,"VPO - Jabli, NH-22, Teh, Kasauli, Himachal Pradesh",30.879,76.9948,12.0,28,6,77,0.84,50.4,13.98,7477,56.47,18:00-21:00,High,High
SG Jabli  AC Charging Station,Himachal Pradesh,Kasauli,"VPO - Jabli, NH-22, Teh, Kasauli, Himachal Pradesh",30.879,76.9948,12.0,26,5,97,0.52,31.2,19.25,1185,38.81,12:00-15:00,Medium,Medium
SG Karnal DC Charging Station,Haryana,Karnal,"131 km Milestone, G. T, GT Karnal Rd, near Karna Lake, Karnal, Haryana 132001",29.7379,76.9756,12.0,39,18,86,0.33,19.8,17.22,5665,22.06,12:00-15:00,Low,Low
SG Karnal AC Charging Station,Haryana,Karnal,"131 km Milestone, G. T, GT Karnal Rd, near Karna Lake, Karnal, Haryana 132001",29.7379,76.9756,12.0,17,18,152,0.48,28.8,16.2,4418,38.08,12:00-15:00,Low,Medium
Neelkanth Star AC charging  station,Haryana,karnal,"Neelkanth Star Karnal, NH 44, Gharunda, Kutail, Haryana 132114 ",29.6019,76.9803,12.0,39,19,107,0.47,28.2,20.04,5754,70.57,12:00-15:00,Low,Medium
Deep Brothers IOCL AC Charging Station,Haryana,Darbaripur,"Deep Brothers, Palra Road, Darbaripur",28.3861,77.0063,12.0,11,8,158,0.32,19.2,17.55,654,63.22,12:00-15:00,Low,Low
Synergy Solutions AC Charging Station 2,Maharashtra,Pune,"Synergy Solutions, Shop No 9 , Modak Prasad, 410, Narayan Peth,Pune",18.538,73.8485,12.0,31,18,168,0.45,27.0,7.93,788,37.8,08:00-11:00,Low,Low
IOCL Rajokri Station,Delhi,New Delhi,"NH 8 Exit 4, Samalka, New Delhi, Delhi 110037",28.5248,77.101,12.0,27,15,116,0.73,43.8,15.88,614,46.19,18:00-21:00,Medium,High
VEEV A2B Kallar,Tamil Nadu,Mettupalayam,"A2B, Kallar Road, Mettupalayam, Tamil Nadu",11.3217,76.9163,12.0,40,16,221,0.67,40.2,21.35,3411,65.89,18:00-21:00,Medium,Medium
VEEV Sathya Nursery,Tamil Nadu,Mettupalayam,"Kallar, Mettupalayam, Tamil Nadu",11.33,76.9027,12.0,12,17,191,0.3,18.0,23.08,1389,72.93,08:00-11:00,Low,Low
IOCL Nehru Nagar Station,Delhi,New Delhi,"10-C, Nehru Nagar, Ring Rd, near Lajpat Nagar, New Delhi, Delhi 110065",28.5682,77.2531,12.0,25,15,118,0.73,43.8,20.84,9365,76.56,12:00-15:00,Medium,High
IOCL Mathura Road,Delhi,New Delhi,"No A12, Mathura Rd, near Telephone Exchange, Friends Colony East, New Delhi, Delhi 110025",28.566,77.2664,12.0,33,15,62,0.83,49.8,17.61,6201,74.72,08:00-11:00,High,High
IOCL Chahar AC Charging Station,Haryana,Gurugram,"Basai Rd, Vikas Nagar, Sector 9, Gurugram, Haryana 122018",28.456,77.001,12.0,20,14,200,0.8,48.0,8.64,3861,74.13,12:00-15:00,High,High
Kothari Enterprises  AC1,Maharashtra,Khopoli,"Kothari Brothers, Laxminagar, Khopoli, Maharashtra 410203",18.7876,73.3475,12.0,26,10,165,0.45,27.0,12.03,11316,78.69,08:00-11:00,Low,Low
Windlass River Valley AC Charging Station,Uttarakhand,Dehradun,"Windlass River Valley, Harrawala/Kuanwala, Haridwar Road, NH-72, Dehradun, Uttarakhand 248005",30.2482,78.0961,12.0,38,3,162,0.48,28.8,21.64,2984,37.41,18:00-21:00,Low,Medium
Mindra Polar International AC Station,Gujarat,Ahmedabad,"Rahul Tower, 4,Vraj Vihar -6 B/H, Prernatirth Derasar Rd, Satellite, Ahmedabad, Gujarat 380015",23.0158,72.5178,12.0,24,7,29,0.93,55.8,5.63,5206,57.16,08:00-11:00,High,High
Lonavla Wax Museum DC Charging Station,Maharashtra,Lonavla,"69/1 near Lonavla College, opp. neeta volvo, Valvan, Lonavla, Maharashtra 410403 M-9766666469",18.763,73.4252,12.0,35,5,234,0.83,49.8,23.81,6590,20.89,08:00-11:00,High,High
Heritage City AC Charging Station,Haryana,Gurugram,"Heritage City 581-600 Flats, Heritage City, Sector 25, Gurugram, Haryana 122022",28.4823,77.0766,12.0,30,3,61,0.6,36.0,18.32,2095,50.9,18:00-21:00,Medium,Medium
Hotel Fairmont Jaipur AC Station,Rajasthan,Kukas,"Hotel Fairmont Jaipur, Riico, 2, Jaipur Engineering College Rd, Kukas, Rajasthan 302028",27.0307,75.8899,12.0,7,12,180,0.31,18.6,24.24,10736,52.98,08:00-11:00,Low,Low
The Westin Pushkar AC Charger,Rajasthan,Pushkar,"The Westin Pushkar Resort & Spa, Khasra No. 1242 1243, 1196/1726, Village Surajkund, Motisar Rd, Pushkar, Rajasthan 305022",26.4547,74.5046,12.0,15,11,19,0.85,51.0,17.7,3186,74.79,18:00-21:00,High,High
WeWork Circle Demo,Haryana,Gurugram,"4th Floor, The Galaxy Hotel, Behind 32nd Milestone Off NH 8, Sector 15, Gurugram, Haryana 122001",28.4632,77.049,12.0,26,8,19,0.76,45.6,11.47,2071,29.62,18:00-21:00,High,High
Karma Lakelands AC Charger,Haryana,Gurugram,"Karma Lakeland, NH-8, Sector 80, Gurugram, Haryana 122002",28.3639,76.9607,12.0,9,18,156,0.91,54.6,11.39,3650,69.2,18:00-21:00,High,High
Statiq RnD Centre AC Charging Station,Haryana,Gurgaon,"Statiq RnD Centre, Plot 80A, Phase V, Udyog Vihar, Sector 19, Gurugram, Haryana 122017",28.4997,77.0839,12.0,19,3,118,0.49,29.4,13.31,10503,72.74,08:00-11:00,Low,Medium
JMD Gardens,Haryana,Gurugram,"Unnamed Road, Sector 33, Gurugram, Haryana 122018",28.4336,77.0349,12.0,6,17,117,0.56,33.6,14.94,3461,29.88,08:00-11:00,Medium,Medium
Mindra Crispy Culture AC Charging Station,Gujarat,Ahmedabad,"Narayan Nagar Society, Narayan Nagar, Ahmedabad, Gujarat 380007",22.9989,72.5594,12.0,36,20,157,0.31,18.6,8.9,10054,61.47,18:00-21:00,Low,Low
IOCL Dhaula Kuan Charging Station,Delhi,New Delhi,"Ring Rd, opposite Gurudwara, Smriti Vatika, North West Moti Bagh, New Delhi, Delhi 110021",28.5874,77.1713,12.0,25,9,145,0.76,45.6,21.01,1416,68.25,12:00-15:00,High,High
Tellus Power DC Charging Station,Maharashtra,Pune,"AH47, Maharashtra 415406",17.0749,74.2227,12.0,22,4,149,0.38,22.8,12.5,7430,78.58,08:00-11:00,Low,Low
RSTV Charging Hub Meerut,Uttar Pradesh,Meerut,"Meerut, Uttar Pradesh 250001",28.9955,77.7057,12.0,17,14,123,0.4,24.0,15.22,1950,50.53,18:00-21:00,Low,Low
Synergy Solutions AC Charging Station 1,Maharashtra,Pune,"office 9. Modak Prasad ,Oppo Rastrabhasha Bhavan",18.5145,73.8489,12.0,32,11,84,0.33,19.8,19.44,5494,67.73,12:00-15:00,Low,Low
Inspacco Circle Station,Maharashtra,Pune,"Shreenath Society, Veerbhadra Nagar, Baner, Pune, Maharashtra 411045",18.5619,73.7718,12.0,19,3,239,0.7,42.0,8.11,2055,58.25,18:00-21:00,Medium,Medium
Circle Test Station Goa,Goa,Pune,"Isidorio Baptista Rd, Pajifond, Margao, Goa 403601",15.2735,73.959,12.0,24,20,224,0.63,37.8,24.92,3136,73.93,18:00-21:00,Medium,Medium
Mindra D S Fasteners Charging Station,Gujarat,Pune,"National Highway 27 (8B), Opp. 80 ft. Road End, Opp. K.S. Diesels, Rajkot-360 003, Gujarat, India",22.473,70.895,12.0,11,8,54,0.85,51.0,14.28,339,34.09,12:00-15:00,High,High
HP Mira Bhayandar DC Charging Station,Maharashtra,Mira Bhayandar,"NH-8, Mashachapada, Mira Road, Mira Bhayandar, Maharashtra",19.2747,72.8856,12.0,33,17,32,0.42,25.2,17.77,5322,40.56,12:00-15:00,Low,Low
HP Pitam Pura DC Charging Station,Delhi,New Delhi,"HP PETROL PUMP - AUTO CARE CENTRE PITAM PURA, Pitampura, Delhi, India",28.6962,77.155,12.0,25,11,125,0.95,57.0,6.74,3933,27.69,18:00-21:00,High,High
HPCL Yapral DC Charging Station,Telangana,Secunderabad,"Hindustan Petroleum Corporation Limited, Jai Jawahar Nagar, Yapral, Secunderabad, Telangana, India",17.502,78.539,12.0,18,19,70,0.83,49.8,16.93,2154,51.77,18:00-21:00,High,High
HP Super Service DC Charging Station,Maharashtra,Mumbai,"157, Jeevan Bima Marg, Backbay Reclamation, Churchgate, Mumbai, Maharashtra 400020, India",18.9285,72.8255,12.0,22,13,60,0.81,48.6,10.37,1159,30.58,18:00-21:00,High,High
Vrundavan Garden DC Charging Station Nashik,Maharashtra,Dindori,"Vrundavan Garden, Nashik Dindori Road,Near Shiv Shakti Bharat Petrol pump,Rantale, Dindori, Maharashtra 422202",20.1704,73.8273,12.0,23,18,183,0.35,21.0,17.25,6060,59.77,12:00-15:00,Low,Low
Ganpati Petro DC Charging Station Hisar,Haryana,Sangli,"Ganpati Petro, Indian Oil Corporation, Opp. Vidut Nagar, Delhi Road, Industrial Area, Hisar, Haryana 125011",29.1332,75.7535,12.0,24,13,40,0.86,51.6,11.98,3758,60.99,08:00-11:00,High,High
Ganpati Petro AC Charging Station Hisar,Haryana,Sangli,"Ganpati Petro, Indian Oil Corporation, Opp. Vidut Nagar, Delhi Road, Industrial Area, Hisar, Haryana 125011",29.1332,75.7535,12.0,28,20,71,0.37,22.2,6.27,10140,21.81,08:00-11:00,Low,Low
Ashnni Pilot Circle Station,Maharashtra,Sangli,"Gangaprasad, parshwanath colony, kuthe mala, dhamni road, Sangli, Maharashtra,  416416",16.8433,74.5859,12.0,36,15,106,0.64,38.4,8.51,8747,22.61,18:00-21:00,Medium,Medium
AMC AC Charging Station,Maharashtra,Marunji,"Phase 1, Hinjewadi Rajiv Gandhi Infotech Park, Hinjawadi, Pimpri-Chinchwad, Maharashtra 411057",18.5808,73.7399,12.0,4,1,225,0.55,33.0,23.58,3677,33.77,08:00-11:00,Medium,Medium
RSTV Saharanpur AC Charging Station,Uttar Pradesh,Saharanpur,"Nanak Puram Colony, Pushpanjali Vihar, Numaish Camp, Saharanpur, Uttar Pradesh 247001",29.977,77.5753,12.0,24,19,158,0.84,50.4,8.05,8048,70.44,18:00-21:00,High,High
Mindra EV Charger Shott,Gujarat,Shela,"Shott, Sindhu Bhavan Marg, Opposite Saket-3, Next to SANKALP SQUARE, PRL Colony, Thaltej, Ahmedabad, Gujarat 380059",23.0436,72.4825,12.0,13,14,26,0.46,27.6,24.11,3787,25.14,18:00-21:00,Low,Medium
Highway King Behror Delhi Side DC Charging Station,Rajasthan,Gajraula,"Highway King Behror, NH 8, 3 Kms from behror towards delhi, Behror, Rajasthan 301701",27.9145,76.3146,12.0,31,10,53,0.61,36.6,18.78,5824,52.0,08:00-11:00,Medium,Medium
Suket Cafe DC Charging Station Sundar Nagar,Himachal Pradesh,Gajraula,"Suket Cafe, Pungh, National Highway 21, Sundar Nagar, Himachal Pradesh 175018",31.5153,76.8765,12.0,7,3,190,0.84,50.4,5.3,6673,50.97,08:00-11:00,High,High
McDonald Gajraula DC Charging Station,Uttar Pradesh,Gajraula,"McDonald Gajraula, NH9-24 Salarpur, Dist, Gajraula, Uttar Pradesh 244235",28.8382,78.2764,12.0,28,15,159,0.91,54.6,17.9,10081,73.27,08:00-11:00,High,High
Rani Bagh Resort DC Charging Station,Rajasthan,Beawar Khas,"Rani Bagh Resort, N.H.8, By Pass Ajmer Road, Beawar, Rajasthan 305901",26.125,74.3459,12.0,13,12,20,0.43,25.8,9.41,1468,46.19,08:00-11:00,Low,Low
Mke Rental Circle Station,Karnataka,Bengaluru,"Mke Rental Private Limited, NH4, Tumkur Road, next to Himalaya Drugs, Makali, Karnataka 560016",13.067,77.45,12.0,22,8,15,0.84,50.4,17.09,11608,68.8,08:00-11:00,High,High
Waterwoods Lodge & Resort AC Charging Station,Karnataka,Metikuppe,"19, Karapura, N.Belthur Post Office, HD Kote Taluk, Nagarhole National Park, Karnataka 571114",11.9377,76.2655,12.0,33,19,20,0.39,23.4,7.14,5781,48.67,18:00-21:00,Low,Low
Kohinoor Altissimo Residential Tower,Maharashtra,Mumbai,"Kohinoor Altissimo Residential Tower, Kohinoor Altissimo, Kasaravadi, Dadar, Mumbai, Maharashtra 400028",19.0246,72.8402,12.0,15,2,228,0.68,40.8,21.69,2095,68.96,18:00-21:00,Medium,Medium
Hotel Pramila DC Charging Station Haridwar,Uttarakhand,Haridwar,"Hotel Pramila, Near Vishwakarma Ghat, NH-58,Delhi Haridwar ByPass, Road, Haridwar, Uttarakhand 249407, Phone No 9310843937",29.9324,78.1423,12.0,26,18,211,0.36,21.6,7.42,4946,26.21,08:00-11:00,Low,Low
P G Regency Resort Charging Station,Maharashtra,Mahad,"PG Regency,Govind Garden,103/1B, Plot no.4, Mumbai Goa HighWay, Mahad-Raigad, Mahad, Maharashtra 402301 Ph no. 7039892236",18.0855,73.4309,12.0,38,7,43,0.39,23.4,12.61,5654,67.25,18:00-21:00,Low,Low
Suket Cafe AC Charging Station Sundar Nagar,Himachal Pradesh,Bengaluru,"Suket Cafe, Pungh, National Highway 21, Sundar Nagar, Himachal Pradesh 175018",31.5153,76.8765,12.0,31,6,117,0.91,54.6,20.3,8736,39.64,12:00-15:00,High,High
The Forum Fiza Mall AC Charging Station Mangalore,Karnataka,Thane,"Basement parking (B1), The Forum Fiza Mall, Mangaladevi Temple Road, Pandeshwar, Mangalore - 575001",12.8576,74.8383,12.0,6,11,126,0.89,53.4,16.13,9799,56.79,12:00-15:00,High,High
MSHSD Gojer Service Charging Station    ,Karnataka,Bengaluru,"Bettadasanapura, Bengaluru, Karnataka 560100",12.8427,77.64,12.0,30,16,249,0.31,18.6,17.18,3979,68.84,08:00-11:00,Low,Low
Evershine Mall Charging Station,Maharashtra,Mumbai,"Chincholi Bunder Road, New Link Rd, Malad West, Mumbai, Maharashtra 400064",19.1798,72.8361,12.0,28,8,133,0.34,20.4,19.17,2361,48.51,12:00-15:00,Low,Low
HP Loyal Pump and Pantry Fuel Charging Station,Telangana,Secunderabad,"42-601, SP NAGAR, ECIL Main Rd, SSS Tower, MJ Colony, Moula Ali, Secunderabad, Telangana 500040",17.4677,78.5641,12.0,10,1,171,0.86,51.6,7.98,10872,75.11,08:00-11:00,High,High
Hotel Reddison Square Katra AC Charging Station,Delhi,New Delhi,"Hotel Reddison Square, near shrine board central office, Katra, Jammu and Kashmir 182301, Phone No 9310843937",32.9867,74.9238,12.0,28,1,78,0.58,34.8,13.03,7790,37.52,08:00-11:00,Medium,Medium
Hotel Mount View International AC Charging Station,Delhi,New Delhi,"Hount Mount View International, Jammu Rd, Vaishnodevi, Katra, Jammu and Kashmir 182301",32.9918,74.9306,12.0,6,19,169,0.84,50.4,17.36,467,71.26,18:00-21:00,High,High
Hotel Dolphin AC Charging Station,Delhi,New Delhi,"Hotel Dolphin, Railway Rd, Katra, Jammu and Kashmir 182301",32.9892,74.9289,12.0,7,20,78,0.34,20.4,13.61,7238,79.9,12:00-15:00,Low,Low
"DMIPL EV Charging Station, Ludhiana",Punjab,Natt,"Dalbir Makkar India Pvt. Ltd., Ludhiana-Malerkotla Road, Opp. J K Resort, Rania, Ludhiana - 141122 (Punjab), Phone no 9814215411, 9316916147",30.8219,75.8668,12.0,24,20,23,0.63,37.8,24.81,10064,61.75,18:00-21:00,Medium,Medium
Z Charging Station,Gujarat,Vadodara,"Sai Vihar, Abbas Tyabji Rd, Jayesh Colony, Fatehgunj, Vadodara, Gujarat 390002",22.3213,73.1881,12.0,31,6,77,0.48,28.8,7.68,5866,74.62,18:00-21:00,Low,Medium
VEEV Brookfields,Tamil Nadu,Coimbatore,"67-71, Dr Krishnasamy Mudaliyar Rd, Ram Nagar, Coimbatore, Tamil Nadu 641001",11.0096,76.9589,12.0,40,2,179,0.43,25.8,17.36,3942,36.61,18:00-21:00,Low,Low
Lake Pleasant Cottage Charging Station,Uttarakhand,Bhimtal,"Naukuchiyatal  Bhimtal, Near GD Goenka School 263136 - UK",29.3237,79.5921,12.0,10,5,147,0.78,46.8,14.57,1313,28.4,12:00-15:00,High,High
Nandavan DC Charging Station Nagoan,Maharashtra,Nagaon,"Nandavan, Mahajan Wadi, Near Bhimeshwar Mandir, At Post Nagaon, Taluka Alibag, Dist. Raigarh, Pin 402204, Phone no Kedar Bane, +919923724004, Prashant Mahajan - +919619174428",18.6184,72.9004,12.0,17,4,30,0.67,40.2,16.28,5571,58.89,08:00-11:00,Medium,Medium
Uniworld Garden Charging Station,Haryana,Gurugram,"Plot No 1025, 2nd Floor, C block , sector 47, Haryana 122008",28.4273,77.0389,12.0,17,9,196,0.85,51.0,7.31,10908,32.22,12:00-15:00,High,High
Unnati Social Foundation,Maharashtra,Pimpri-Chinchwad,"Unnati Social Foundation Jarvari Society, Opposite PK International School, Pimple Saudagar, Pune",18.5948,73.7975,12.0,5,2,66,0.93,55.8,12.42,2454,70.02,12:00-15:00,High,High
"HP PETROL PUMP - SAI PETROLEUM,MUMBAI",Maharashtra,Bengaluru,"Village Katai gao, Kalyan - Shilphata Rd, Dombivli East, Mumbai, Maharashtra 421203",19.1709,73.0819,12.0,24,10,88,0.45,27.0,24.07,4752,54.3,18:00-21:00,Low,Low
"ShriSamarth DC Charging Station, Beed",Maharashtra,Bengaluru,"EV Charging Station, Near Mancott Jining Gevrai Road, NH 61, Phule Pimpalgaon, Maharashtra 431142",19.1779,76.168,12.0,33,19,109,0.45,27.0,5.67,2466,45.33,18:00-21:00,Low,Low
CNV Enterprises - HP Petrol Pump,Karnataka,Bengaluru,"No 65/20,Nallurahalli Siddapura main road,Nallurahalli main rd., Whitefield, Bengaluru,Karnataka-560066.",12.9653,77.7331,12.0,9,18,229,0.75,45.0,8.21,363,54.03,18:00-21:00,Medium,High
Unity Mall Charging Station Vasai,Maharashtra,Vasai-Virar,"Unity Mall, Stella Road, next to Big Bazzar, Bhabola, Vasai West, Maharashtra 401201",19.3593,72.8123,12.0,20,12,87,0.48,28.8,18.18,704,40.37,08:00-11:00,Low,Medium
Advant IT Park DC Charging Station Noida,Maharashtra,Greater Noida,"Advant IT Park, Plot No. 7, Noida-Greater Noida Expy, Sector 142, Noida, Uttar Pradesh 201305",28.5007,77.4102,12.0,7,3,153,0.5,30.0,17.18,3189,67.18,08:00-11:00,Low,Medium
Trimurtys Ariana AC Charging Station,Rajasthan,Jaipur,"Trimurtys Ariana, Khasara No 211-213, Sector 30, Ramnagaria, Tehsil, Sanganer, JDA Colony, Jagatpura, Jaipur, Rajasthan 302017",26.8312,75.8663,12.0,30,19,236,0.7,42.0,12.16,7426,73.21,08:00-11:00,Medium,Medium
Nandi Park Apartments,Karnataka,Bengaluru,"Nandi Park Apartments Gottigere, Bengaluru, Bangalo Karnataka, Indiare, Bangalore, Karnu0101taka",12.8585,77.593,12.0,24,13,108,0.43,25.8,7.06,3296,26.42,08:00-11:00,Low,Low
Crowne Plaza Jaipur,Rajasthan,Jaipur,"Plot No SP 1, Sitapura Industrial Area, Tonk Road, Jaipur, Rajasthan, 302022 ",26.7797,75.8282,12.0,35,2,115,0.52,31.2,12.28,10659,61.58,08:00-11:00,Medium,Medium
Pendse Garage AC Charging Station,Maharashtra,Nashik,"Pendse Garage, At post diveagar tal Shriwardhan dist raigad 402404 Phone: 9423837934",18.1655,72.9929,12.0,28,19,93,0.56,33.6,22.85,11370,34.21,08:00-11:00,Medium,Medium
Hans Resort DC Charging Station Rewari,Karnataka,Nashik,"Hans Resort, 91 Milestone, Delhi-Jaipur Highway, near Kasola Chowk, Rewari, Haryana 123401",28.1254,76.6368,12.0,31,1,40,0.63,37.8,12.72,10457,44.16,18:00-21:00,Medium,Medium
Saviruchi Veg DC Charging Station Mysore,Karnataka,Nashik,"Saviruchi Veg, Sri Venkateshwara Arcade, Malavalli, Karnataka 571430",12.3847,77.0532,12.0,32,16,101,0.8,48.0,18.39,11812,27.41,08:00-11:00,High,High
ElectriVA Test Station,Delhi,New Delhi,"3409/1, 3rd Floor, Desh Bandhu Gupta Rd, Karol Bagh, New Delhi-110005",28.6539,77.1905,12.0,18,9,226,0.85,51.0,6.83,10145,43.85,18:00-21:00,High,High
Sarode Motors Ac EV Charging Station Nashik,Maharashtra,Nashik,"Sarode Motors | Joy eBike, Shop No.01, Beside of Hotel Happy Foods, Sarode Motors, nearby Balbharati, Lekha Nagar, Nashik, Maharashtra 422010",19.9758,73.776,12.0,18,18,78,0.73,43.8,14.6,7842,36.24,18:00-21:00,Medium,High
The Nile AdPod,Haryana,Gurgaon,"The Nile, Sohna, Gurgaon - Delhi Expy, Rosewood City, Ghasola, Sector 49, Gurugram, Haryana 122018",28.4113,77.051,12.0,13,14,66,0.73,43.8,14.98,560,44.08,12:00-15:00,Medium,High
Hotel Daulat Nikol Fast Charging Station,Maharashtra,Nashik,"Hotel Daulat Food Mall, Mumbai Agra Highway, Shirwade (Vani) Tal: Niphad, Dist: Nashik",20.2137,74.041,12.0,8,10,213,0.62,37.2,12.07,6736,60.95,08:00-11:00,Medium,Medium
New Udaan Bhawan AdPod 1,Haryana,Gurgaon,Indira Gandhi International Airport,28.553,77.0944,12.0,14,17,217,0.68,40.8,11.9,11403,75.96,12:00-15:00,Medium,Medium
New Udaan Bhawan AdPod 2,Haryana,Gurgaon,Indira Gandhi International Airport,28.5537,77.0943,12.0,11,15,46,0.74,44.4,10.71,1940,25.45,18:00-21:00,Medium,High
TDPL EV Charging Station 1,Rajasthan,Jaipur,,26.9159,75.723,12.0,10,11,143,0.86,51.6,15.02,10859,36.33,08:00-11:00,High,High
Hotel The Executive Inn AC Charging Station,Maharashtra,Shirdi,,19.7592,74.4763,12.0,24,13,104,0.57,34.2,12.94,7513,31.12,18:00-21:00,Medium,Medium
Hotel Bliss County DC Charging Station,Maharashtra,Dhule,,20.8292,74.7485,12.0,9,18,218,0.6,36.0,15.42,10268,30.12,12:00-15:00,Medium,Medium
Savoy Suites Manesar,Haryana,Gurugram,,28.3664,76.9436,12.0,34,14,26,0.83,49.8,10.93,5752,66.04,08:00-11:00,High,High
MV EV DC Charging Station,Maharashtra,Dahanu,,19.9883,72.7488,12.0,11,13,63,0.73,43.8,20.71,11756,77.08,18:00-21:00,Medium,High
Jamoliwala AC Charging Station,Uttarakhand,Dehradun,,78.0654,30.3886,12.0,37,7,81,0.68,40.8,16.22,4162,71.06,08:00-11:00,Medium,Medium
TDPL EV Charging Station 2,Rajasthan,Jaipur,,26.8807,75.6143,12.0,39,2,68,0.82,49.2,7.93,10659,51.25,12:00-15:00,High,High
Bhajan Singh Da Dhabha DC Charging Station,Maharashtra,Talegaon Dabhade,,18.7005,73.6933,12.0,10,4,163,0.39,23.4,20.17,7258,72.17,12:00-15:00,Low,Low
Hotel Prabhat Palace DC Charging Station,Jammu and Kashmir,Katra,,32.9899,74.9255,12.0,34,6,197,0.9,54.0,23.32,10868,56.0,18:00-21:00,High,High
TSREDCO Test Charging Station,Telangana,HYDERBAD,,17.4123,78.4598,12.0,4,10,122,0.42,25.2,18.06,2208,68.62,18:00-21:00,Low,Low
TSREDCO Test Charging Station 1,Telangana,HYDERBAD,,17.4125,78.4603,12.0,18,16,89,0.47,28.2,16.64,1808,70.84,12:00-15:00,Low,Medium
Mehak Garden Charging Station,Haryana,Sirsa,,29.528,75.1325,12.0,18,18,110,0.44,26.4,6.0,11622,31.74,08:00-11:00,Low,Low
Savoy Suites Noida,Uttar Pradesh,Noida,,28.5801,77.3152,12.0,18,9,152,0.94,56.4,15.46,4340,35.32,08:00-11:00,High,High
Savoy Suites Greater Noida,Uttar Pradesh,Greater Noida,,28.4648,77.5084,12.0,24,8,51,0.37,22.2,18.41,1998,30.13,08:00-11:00,Low,Low
Hotel Highway King Shahpura DC Charging Station,Rajasthan,Shahpura,,27.487,76.0523,12.0,33,20,125,0.86,51.6,19.0,7905,63.61,18:00-21:00,High,High
Aman Hotel Kurukshetra DC Charging Station,Haryana,Shabhad,,30.2059,76.8575,12.0,31,19,170,0.45,27.0,20.47,1942,79.15,18:00-21:00,Low,Low
Evershine Tower Jaipur DC Charging Station,Rajasthan,Jaipur,,26.9121,75.7433,12.0,13,16,232,0.38,22.8,23.51,9343,66.42,12:00-15:00,Low,Low
Hotel Shree Veg Solapur DC Charging Station,Maharashtra,Bhadalwadi,,18.3289,74.7794,12.0,6,3,134,0.66,39.6,18.15,10338,64.59,12:00-15:00,Medium,Medium
Subway Alwar DC Charging Station,Rajasthan,Alwar,,28.1967,76.8128,12.0,33,10,23,0.81,48.6,5.87,6874,47.94,08:00-11:00,High,High
Asli Pappu Dhaba Kosi Kalan DC Charging Station,Uttar Pradesh,Kosi Kalan,,27.8327,77.4194,12.0,26,1,100,0.93,55.8,24.01,2582,54.06,12:00-15:00,High,High
140% Veg Gulshan Dhaba Kotwan DC Charging Station,Uttar Pradesh,Kotwan,,27.8468,77.4082,12.0,21,13,231,0.61,36.6,17.2,7241,65.87,08:00-11:00,Medium,Medium
Synrgy Ebikes Charging Station,Maharashtra,Nashik,,19.9705,73.7528,12.0,20,13,176,0.52,31.2,15.28,7378,39.06,08:00-11:00,Medium,Medium
ChargePit eMobility Charging Station,Maharashtra,Pune,,18.5996,73.7809,12.0,19,6,232,0.4,24.0,17.7,4655,68.25,18:00-21:00,Low,Low
MESCOM Shivamogga Charging Station 1,Karnataka,Shivamogga,,13.9419,75.5816,12.0,39,2,201,0.78,46.8,22.89,334,38.81,18:00-21:00,High,High
MESCOM Mudigere Charging Station,Karnataka,Karadagodu,,13.1459,75.6419,12.0,13,6,84,0.43,25.8,18.08,10689,64.98,08:00-11:00,Low,Low
Karkala Charging Station,Karnataka,Karkala,,13.2244,74.9802,12.0,40,8,145,0.77,46.2,6.89,3955,26.38,12:00-15:00,High,High
MESCOM Surathkal Charging Station,Karnataka,Surathkal,,12.9875,74.8048,12.0,30,11,215,0.88,52.8,13.37,5031,69.72,08:00-11:00,High,High
Kaup Charging Station,Karnataka,Kaup,,13.2338,74.7471,12.0,5,10,241,0.85,51.0,11.28,8987,43.31,18:00-21:00,High,High
Bramavara Charging Station,Karnataka,Bramavara,,13.4381,74.7433,12.0,40,4,77,0.74,44.4,8.93,2742,53.42,12:00-15:00,Medium,High
Kundapura Charging Station,Karnataka,Kundapura,,13.6186,74.6919,12.0,29,7,28,0.86,51.6,8.55,7520,61.58,08:00-11:00,High,High
Manipal Charging Station,Karnataka,Manipal,,13.3334,74.7884,12.0,37,15,111,0.74,44.4,21.29,5493,49.6,08:00-11:00,Medium,High
MESCOM Aldur Charging Station,Karnataka,Chikkamagaluru,,13.3319,75.7731,12.0,19,8,80,0.66,39.6,24.8,8590,65.73,08:00-11:00,Medium,Medium
Statiq RnD Centre DC Charging Station,Haryana,Gurgaon,,28.4997,77.0839,12.0,27,17,93,0.59,35.4,11.85,4923,70.02,08:00-11:00,Medium,Medium
Park Plaza Gurgaon DC Charging Station,Haryana,Gurugram,,28.4597,77.0758,12.0,6,18,144,0.67,40.2,22.18,4698,73.21,12:00-15:00,Medium,Medium
PADMASHREE Charging Station,Karnataka,Mudbidri,,13.074,75.0025,12.0,32,2,155,0.81,48.6,24.29,7990,61.65,12:00-15:00,High,High
Monsoon Breeze AdPod,Haryana,Gurugram,,28.3687,76.966,12.0,27,4,85,0.63,37.8,21.26,8279,36.51,18:00-21:00,Medium,Medium
Decathlon Anubhava,Maharashtra,bengaluru,"Survey No 78/10, A2, Bellary Road, Bangalore Airport Road, Chikkajala,",13.169102,77.632018,6.0,21,2,61,0.6,36.0,10.28,7183,78.58,08:00-11:00,Medium,Medium
Forum Shantiniketan,Maharashtra,bengaluru,"Whitefield Main Road, Hoodi, Thigalarapalya, Krishnarajapura, Bengaluru, Karnataka ",12.9892355,77.7279077,6.0,14,7,45,0.59,35.4,16.78,6570,72.1,12:00-15:00,Medium,Medium
Park Square Mall,Maharashtra,bengaluru,"UB1 Parking.40, ITPB Main Road, International Tech Park, Whitefield Main Rd, Pattandur Agrahara, Whitefield, Bengaluru, Karnataka 560066",12.9872999191284,77.7363967895508,6.0,31,19,40,0.68,40.8,10.83,3009,62.15,12:00-15:00,Medium,Medium
GT World Mall,Maharashtra,bengaluru,"Magadi Main Rd, next to Prasanna Theatre, Cholourpalya, Bengaluru, Karnataka 560023",12.9739999771118,77.551399230957,6.0,21,5,163,0.32,19.2,24.13,3682,35.39,18:00-21:00,Low,Low
Orion Mall,Maharashtra,bengaluru,"Dr Rajkumar Road, Rajajinagar,",13.011065,77.554534,6.0,34,13,219,0.93,55.8,12.07,4285,44.0,08:00-11:00,High,High
Phoenix Market City,Maharashtra,pune,"S No 207, Viman Nagar Road, Phoenix Road, Viman Nagar, Pune, Maharashtra",18.5619189099244,73.9166807269854,6.0,4,12,119,0.76,45.6,19.01,6015,52.14,12:00-15:00,High,High
Phoenix Market City,Odisha,bengaluru,"Whitefield Main Road, Mahadevpura, Bengaluru, Karnataka 560048",12.9970998764038,77.6962966918945,6.0,6,6,99,0.95,57.0,18.92,9809,52.32,08:00-11:00,High,High
Patel's Inn,Odisha,bengaluru,"No 1, 15th Cross, 2nd Block, Govindaraj Garden, R.T Nagar, ",13.0209071,77.5979841,6.0,9,4,74,0.47,28.2,19.85,8085,54.75,18:00-21:00,Low,Medium
Coco Jaunt 1728 - Anna Nagar,Pondicherry,chennai," t-2, 4th Main Rd, Anna Nagar West, Anna Nagar, Chennai, Tamil Nadu 600040",13.0902004241943,80.2174987792969,6.0,25,9,175,0.56,33.6,12.31,3458,36.14,08:00-11:00,Medium,Medium
Infinitea,Punjab,bengaluru,"6,ESI Hospital Road HAL 2nd Stage, 100 feet road, Indiranagar, Doopanahalli, Bengaluru, Karnataka",12.9689998626709,77.6361999511719,6.0,16,5,32,0.67,40.2,21.85,6182,43.01,12:00-15:00,Medium,Medium
The Only Place,Punjab,bengaluru,"Siddam Setty Complex, Museum Rd, Next To, Shanthala Nagar, Ashok Nagar, Bengaluru, Karnataka 560001",12.9730997085571,77.6033020019531,6.0,19,7,42,0.75,45.0,18.52,2018,79.07,08:00-11:00,Medium,High
Fab Cafe,Rajasthan,bengaluru,"915, Kenchena Halli Rd, Remco Bhel Layout, Kenchenhalli, RR Nagar,560098",12.934100151062,77.5171966552734,6.0,14,12,104,0.36,21.6,12.58,7243,31.96,08:00-11:00,Low,Low
The Moonshine Project restaurant Jubilee Hills,Rajasthan,hyderabad,"385, Road Number 82, Film Nagar, Jubilee Hills, ",17.4141998291016,78.4076995849609,6.0,12,11,223,0.52,31.2,20.8,1161,41.74,12:00-15:00,Medium,Medium
Almond House Banjara Hills,TamilNadu,hyderabad,"8-2-350/3/1, Next to Meena Bazar, Rd Number 3, Panchavati Society Colony, AK Enclave, Green Valley, Banjara Hills, Hyderabad, Telangana ",17.4270191,78.4434192,6.0,36,1,233,0.87,52.2,20.11,7723,38.01,08:00-11:00,High,High
Go Native,TamilNadu,bengaluru,"#64, 10th Main Rd, 4th Block, 5th Block, Jayanagar, Bengaluru, Karnataka 560041",12.922504,77.58476,6.0,13,10,181,0.91,54.6,8.65,11617,52.04,18:00-21:00,High,High
TORQ92,TamilNadu,bengaluru,"15, 5th Cross Road, Shantivana, Next to Sterling Park Apts, Kodigehalli Main Road, Sahakara Nagar, Bengaluru",13.057629,77.5871507,6.0,19,12,123,0.79,47.4,21.03,1767,36.62,18:00-21:00,High,High
AtherSpace Indiranagar,TamilNadu,bengaluru,"53, - 3rd main, 100th Feet Road, Defence Colony, Indira Nagar",12.9756002426147,77.6411972045898,6.0,10,18,24,0.92,55.2,6.88,466,32.81,12:00-15:00,High,High
Royal Airavatha,Telangana,bengaluru," #749/1, Near R V Engineering College",12.9223003387451,77.4954986572266,6.0,34,17,241,0.56,33.6,11.18,6964,72.04,08:00-11:00,Medium,Medium
Kriyates - Thoraipakkam,Telangana,chennai,"No.361,Omr Escapade, Mada Koil Street, Okkiam, Thoraipakkam, Vivekananda Nagar, Thoraipakkam, Chennai, Tamil Nadu 600097",12.924971,80.233677,6.0,13,16,112,0.34,20.4,22.16,5033,43.54,12:00-15:00,Low,Low
Phoenix Market City - Velachery,Telangana,chennai,"142, Velachery Rd Indira Gandhi Nagar, Velachery Chennai, Tamil Nadu 600042",12.9914084,80.2143054,6.0,27,18,154,0.36,21.6,15.16,2725,21.97,08:00-11:00,Low,Low
Forum Vijaya Mall - Vadapalani,Telangana,chennai," B1 Basement, No. 183, Arcot Road, NSK Salai, Vadapalani, Chennai, Tamil Nadu 600026",13.049952,80.209499,6.0,31,2,186,0.74,44.4,5.94,8103,58.72,08:00-11:00,Medium,High
Ampa Skywalk,Telangana,chennai,"No:1, Nelson Manickam Road, 627, Poonamalee High Road, Aminjikara",13.0734394,80.2214957,6.0,27,16,209,0.34,20.4,12.38,5767,48.82,12:00-15:00,Low,Low
AtWorks - Guindy,Uttarakhand,chennai,"39, North Parade Road, Chakrapani Colony, St Thomas Mount, Chennai, Tamil Nadu ",13.0060668,80.1999835,6.0,28,18,239,0.5,30.0,8.92,5765,66.41,12:00-15:00,Low,Medium
Cafe Azzure,Uttrakhand,bengaluru,"No 315, CMR Road, 3rd Block, HRBR Layout, Kalyan Nagar,",13.023563,77.635275,6.0,20,10,203,0.67,40.2,11.47,857,35.89,18:00-21:00,Medium,Medium
Almond House Kukatpally,WestBengal,hyderabad,"490, JNTU - Hitech City Road, K P H B Phase 3, Kukatpally, Hyderabad, Telangana",17.485859,78.39042,6.0,4,14,68,0.44,26.4,22.54,3287,74.04,08:00-11:00,Low,Low
Sarath City Capital Mall,Harayana,hyderabad,"Capital Mall, GF-070 & 071, Sarath City, Gachibowli - Miyapur Rd, Forest Dept Colony, Kondapur, Hyderabad, Telangana ",17.456842,78.364575,6.0,30,12,72,0.56,33.6,17.29,1519,61.29,12:00-15:00,Medium,Medium
Atherspace Chennai,Chandigarh,chennai,"No.153, Wallace Garden 2nd St, Thousand Lights West, Nungambakkam, Chennai, Tamil Nadu 600006",13.060965,80.248509,6.0,32,15,140,0.85,51.0,21.29,7880,65.17,18:00-21:00,High,High
Athergrid CP,Haryana,delhi,"A 221 road no 6, D Block, Connaught Place, New Delhi, 110037",28.633714,77.221904,6.0,34,18,20,0.43,25.8,6.14,3337,62.82,12:00-15:00,Low,Low
The Bangalore Bakery,Maharashtra,bengaluru,"No 30, Ground Floor, 1st Cross Road, Malleshwaram, ",12.9941754,77.57121,6.0,27,5,47,0.68,40.8,21.48,8551,30.73,12:00-15:00,Medium,Medium
Almond House SD Road,Delhi,hyderabad,"9-1-109/1B, Regimental Bazaar, Shivaji Nagar,",17.441011,78.503158,6.0,6,10,113,0.48,28.8,17.11,4698,46.52,12:00-15:00,Low,Medium
Chai Kahani - Sainikpuri,Hyderabadu00a0,hyderabad,"colony, 1st Cross Vayupuri, Verka Residency, Vayupuri, Sainikpuri",17.486819,78.5431269,6.0,24,18,184,0.75,45.0,19.38,1009,43.27,08:00-11:00,Medium,High
"Swiss Castle, Vidyanagar",Punjab,hyderabad,"2-1-565/F/4, Nallakunta Main Rd, Vidya Nagar, Adikmet, Hyderabad",17.400595,78.508078,6.0,38,17,186,0.37,22.2,9.84,8635,28.83,18:00-21:00,Low,Low
Bliss Bakery & Cafe,Delhi,pune,"Narayan Tower, near, Narayan Annaji Shinde Rd, Salunkhe Vihar Society, Kondhwa, Pune, Maharashtra ",18.4788385,73.9013856,6.0,14,2,237,0.92,55.2,13.58,9508,64.75,18:00-21:00,High,High
Flip Side,Delhi,hyderabad,"ISB Rd, Financial District, Nanakramguda, Hyderabad, Telangana",17.4139784,78.3275492,6.0,31,17,193,0.84,50.4,14.97,7778,63.33,12:00-15:00,High,High
Taj Mahal Hotel,TamilNadu,hyderabad,"5-9-502, Gun Foundry Street Number 1, Gun Foundry, Abids",17.3916834,78.4766724,6.0,32,10,31,0.56,33.6,10.63,2249,49.4,18:00-21:00,Medium,Medium
Sai Menaka Commercial Complex,TamilNadu,bengaluru,"1599/01, BB Main Road, Nehru Nagar, Next to Old Postoffice, Old Town, Yelahanka",13.098157,77.59673,6.0,14,6,72,0.88,52.8,8.02,2420,60.76,18:00-21:00,High,High
IDC Kitchen,Gujarat,bengaluru,"No 67, 80 Feet Road, KGEHBS Layout, Devasandra, RMV 2nd Stage, Armane Nagar,",13.028052,77.572997,6.0,33,11,46,0.53,31.8,12.36,7254,60.1,12:00-15:00,Medium,Medium
Kalinga Veg Gourmet Kitchen,Kerala,pune,"1st - 3rd Floor, House of Nosh, CTS 1365, Gulawani Maharaj Road, Swaroop Society, Vakil Nagar, Erandwane, Pune, Maharashtra ",18.5050103,73.8316238,6.0,37,1,95,0.47,28.2,24.42,4924,77.49,12:00-15:00,Low,Medium
CopaCabana,Maharashtra,pune,"Near, Aundh-Wakad Road, Jagtap Dairy Rd, Vishal Nagar, Pune, Maharashtra 411027",18.5887678,73.7825231,6.0,19,19,24,0.32,19.2,23.12,3273,41.83,18:00-21:00,Low,Low
TamTree,AndhraPradesh,pune,"Shop No.5, Pragati Bhavan, Behind Natural Ice Cream shop, Ghole Rd, near Bal Gandharva Chowk, Shivajinagar, Pune, Maharashtra ",18.5231567,73.8476929,6.0,34,20,250,0.95,57.0,23.58,4261,52.6,08:00-11:00,High,High
KB's Woodlands,TamiNadu,pune,"B J Road Railway Station, Sadhu Vaswani Rd, near Pune, Maharashtra,Sadhu Vaswani Chowk",18.525182,73.8758609,6.0,36,17,122,0.88,52.8,23.36,8653,64.55,12:00-15:00,High,High
"Sangeetha Mobiles, Chandra Layout",TamilNadu,bengaluru,"Shop #89/A, G Floor, 9th Cross Rd, Chandra Layout",12.9607,77.529186,6.0,13,10,230,0.62,37.2,20.11,11197,53.68,18:00-21:00,Medium,Medium
SPR CHENNAI FOOD COURT,Karnataka,chennai,"OLD NO: 76 , NEW NO: 112, VANAGARAM, Poonamallee High Rd, Chennai, Tamil Nadu 600095",13.0610823,80.1519339,6.0,37,7,187,0.61,36.6,12.8,5474,35.32,18:00-21:00,Medium,Medium
VMR Squares,Goa,chennai,"No. 5 & 6 Next to Tollgate, 200 Feet Radial Rd, Oggiyamduraipakkam, Tamil Nadu",12.9500859,80.2365626,6.0,39,19,96,0.68,40.8,24.14,2267,73.83,08:00-11:00,Medium,Medium
"Chai Kings, Porur",Gujarat,chennai,"No - 1/128 Ground Floor, Truck Road Iyyappanthangal, Porur",13.0370409,80.1398795,6.0,6,4,250,0.34,20.4,18.98,6151,32.35,18:00-21:00,Low,Low
Ather Space Hyderabad,Jharkhand,hyderabad,"Plot no. 1 & 2, Survey No - 64P, Rohini Layout Opp Shilparamam, Hitech City, Madhapur",17.452666,78.380343,6.0,5,9,210,0.67,40.2,20.34,10813,52.29,08:00-11:00,Medium,Medium
M's Street,Delhi,chennai,"N0, 396/1, Mambakkam - Medavakkam Main Rd, Munusamy Nagar, Vimala Nagar, Medavakkam",12.9149592,80.1920666,6.0,11,13,40,0.9,54.0,16.71,584,73.43,08:00-11:00,High,High
Noma Talkies,Kerala,hyderabad,"3-4-99, Nacharam - Mallapur Rd, May Flower Hights, Vivekananda Nagar, Mallapur, Secunderabad, Telangana",17.447469,78.57175,6.0,8,3,189,0.39,23.4,8.11,8246,33.11,12:00-15:00,Low,Low
Regenta Central Antarim,WestBengal,ahmedabad,"Between Girish Coldrink and Xaviers Corner, Chimanlal Girdharlal Rd, Navrangpura, Ahmedabad, Gujarat ",23.0331669,72.5568133,6.0,32,10,178,0.76,45.6,7.41,11684,60.81,18:00-21:00,High,High
"French toast, Panampilly Nagar",WestBengal,kochi,"8th Cross, Street B, Ambikapuram Rd, Panampilly Nagar, Ernakulam, Kerala",9.960854,76.2939207,6.0,9,15,185,0.45,27.0,21.62,5846,79.77,12:00-15:00,Low,Low
"French Toast, Kacheripady",Bihar,kochi,"Chittoor Rd, near Westend Eye Hospital, Kacheripady, Kochi, Kerala ",9.9878416,76.2827333,6.0,38,6,239,0.3,18.0,12.42,8459,40.93,12:00-15:00,Low,Low
Centre square mall,Tamil Nadu,kochi,"40/6972, Mahatma Gandhi Rd, Rajaji Junction, Kochi, Kerala ",9.9779338,76.2808706,6.0,36,10,72,0.71,42.6,8.72,2138,48.38,18:00-21:00,Medium,High
The Food Drama,Tamil Nadu,ahmedabad,"Besides Geetanjali Party Plot, near sterling cancer hospital Sindhu bhawan road Bodakdev, Ahmedabad, Bodakdev, West, Thaltej, Ahmedabad, Gujarat",23.044056,72.5099616,6.0,35,20,152,0.54,32.4,19.56,1318,46.18,08:00-11:00,Medium,Medium
Tea Post - The Desi Cafe,Tamil Nadu,ahmedabad,"Nr. Taj Lane Hotel, Sankalp Square Lane Nr. S. P. Ring Road, Sindhu Bhavan Marg, Road, Ahmedabad, Gujarat",23.04574,72.483755,6.0,9,13,54,0.75,45.0,22.97,5841,56.47,18:00-21:00,Medium,High
Smarttron Automations,Tamil Nadu,bengaluru,"4th Floor, 1031, 24th Main Rd, 1st Sector, HSR Layout, Bengaluru",12.917819,77.64921,6.0,35,13,193,0.93,55.8,15.42,2612,69.45,12:00-15:00,High,High
Blue Tokai Coffee,Tamil Nadu,mumbai,"Unit 20-22, Laxmi Woollen Mill, Opposite Blue Loft, Dr E Moses Marg, Off, Shakti Mills Ln, Mahalakshmi, Mumbai",18.989356,72.825234,6.0,23,4,225,0.41,24.6,17.5,11487,78.94,12:00-15:00,Low,Low
VR Chennai,Tamil Nadu,chennai,"Jawaharlal Nehru Rd, Thirumangalam, Anna Nagar, Chennai, Tamil Nadu ",13.0805465,80.197132,6.0,26,8,248,0.8,48.0,6.99,6182,26.41,08:00-11:00,High,High
DSL Virtue Mall,Karnataka,hyderabad,"Near Rajiv Gandhi International Cricket Stadium, Survey Colony, Industrial Development Area, Uppal, Hyderabad, Telangana ",17.3998101,78.5551167,6.0,21,15,166,0.61,36.6,11.01,1498,63.39,08:00-11:00,Medium,Medium
Jogo Infinite,Karnataka,kochi,"Louis Line, 3869a, Pandit Karuppan Rd, Perumanoor",9.9447031,76.2925099,6.0,21,2,234,0.45,27.0,18.13,8188,39.26,08:00-11:00,Low,Low
Sixth Avenue Cafe,Karnataka,calicut,"Ground Floor Baby Arcade, PT Usha Rd, near GatewayHotel, Kozhikode, Kerala ",11.2582475,75.7747771,6.0,8,4,220,0.6,36.0,16.04,10820,27.04,08:00-11:00,Medium,Medium
Dr. Cafe,Tamil Nadu,calicut,"Kozhikode - Mavoor - Areacode Rd, Near Hindustan Petroleum, Velliparamba, Kozhikode, Kerala ",11.2698057,75.8436455,6.0,35,9,107,0.75,45.0,19.95,10926,24.55,08:00-11:00,Medium,High
Cafe Kathaa,Tamil Nadu,pune,"Unnamed Road, Fergusson college campus Rd, Shivajinagar, Pune, Maharashtra 411004",18.5207781331765,73.8405353264273,6.0,40,1,205,0.68,40.8,22.12,7622,38.38,18:00-21:00,Medium,Medium
"Kumaran Silks, T Nagar",Rajasthan,chennai,"12, Nageswaran Road, Parthasarathi Puram, T. Nagar",13.0406526,80.232646,6.0,15,1,91,0.66,39.6,23.29,8678,75.75,12:00-15:00,Medium,Medium
Subway Aundh,Bihar,pune,"1 Samar Paradise, DP Rd, Aundh, Pune, Maharashtra 411007",18.5604818759678,73.8050409881093,6.0,38,2,229,0.92,55.2,19.85,10446,57.29,12:00-15:00,High,High
"Chai Kings, Sai baba colony",Karnataka,coimbatore,"No. 546 and 567, NSR Rd, Saibaba Colony, Tamil Nadu ",11.0268889,76.9485693,6.0,25,16,158,0.46,27.6,11.72,1503,43.53,18:00-21:00,Low,Medium
Adani Shantigram,Tamil Nadu,ahmedabad,"Adani Shantigram, Gujarat 382421",23.1606011,72.5427391,6.0,8,14,63,0.46,27.6,17.48,1247,49.28,08:00-11:00,Low,Medium
Mugs And Brews - Cafu00e9 Restaurant,Tamil Nadu,coimbatore,"23A Thudiyalur Road Sivasakthi Nagar, Saravanampatti",11.0809942,76.9911489,6.0,22,7,55,0.7,42.0,9.22,7984,35.85,18:00-21:00,Medium,Medium
"1944 The Hocco Kitchen, Vaishnodevi ",Uttar Pradesh,ahmedabad,"Vaishnodevi Cir, Ahmedabad, Gujarat ",23.1347369,72.541765,6.0,27,17,86,0.9,54.0,22.93,8434,44.59,18:00-21:00,High,High
Benjamin Bangalee,Maharashtra,kolkata,"P/122, James Long Sarani, Majhipara, Kolkata, West Bengal ",22.4668437,88.3111551,6.0,5,9,104,0.66,39.6,14.86,1683,34.79,12:00-15:00,Medium,Medium
Richy Rich - Race course,Tamil Nadu,coimbatore,"Race Course Rd, Near Park, Race Course, Coimbatore, Tamil Nadu ",10.9984009,76.9765316,6.0,7,4,131,0.6,36.0,20.39,11459,29.56,18:00-21:00,Medium,Medium
Suba International,West Bengal,mumbai,"Plot No. 211, Chakala, Sahar Rd, Opposite Cigarette Factory, Andheri East, Mumbai, Maharashtra",19.106207,72.860261,6.0,35,6,236,0.34,20.4,11.82,11489,57.93,12:00-15:00,Low,Low
MCGM Parking || Runwal Anthurium,West Bengal,mumbai,"Runwal Anthurium Rd, opposite Veena Nagar, Vardhman Nagar, Mulund West",19.1806661685396,72.9468472363647,6.0,14,9,160,0.82,49.2,19.22,11828,72.55,08:00-11:00,High,High
DLF Chennai,West Bengal,chennai,"Mount Poonamallee Rd, Manapakkam",13.0223,80.1749,6.0,4,1,122,0.51,30.6,11.66,1714,64.93,18:00-21:00,Medium,Medium
Kabra Metro One,West Bengal,mumbai,"14, JP Rd, Aram Nagar, Seven Bunglow, Andheri West",19.1303012111998,72.8222972342668,6.0,10,1,16,0.71,42.6,15.03,7159,64.43,18:00-21:00,Medium,High
Lumber Jack,Haryana,pune,"TechKaTech Innovation Hub, Karve road, Opp to Vandevi Temple, above Hotel Marathi Bana, Mavale Basti, Hingne Budrukh, Karve Nagar, Pune, Maharashtra ,Karve Nagar",18.4931152837874,73.8154865931648,6.0,37,7,35,0.58,34.8,20.68,5791,23.1,08:00-11:00,Medium,Medium
AtherSpace Pune,Haryana,pune,"805, Bhandarkar Rd, Below Kung Apartments, Deccan Gymkhana, Pune, Maharashtra ",18.5186726,73.8302965,6.0,26,4,204,0.4,24.0,12.96,7695,34.09,08:00-11:00,Low,Low
OMAXE Gurgaon Mall,Rajasthan,gurugram,"71, Shanti St, Block S, Uppal Southend, Sector 49, Gurugram, Haryana ",28.4109579,77.042484,6.0,33,12,62,0.61,36.6,6.13,3704,37.46,18:00-21:00,Medium,Medium
MCGM Parking || Club Aquaria,Uttar Pradesh,mumbai,"Devidas Lane, Shanti Ashram Borivali West, Near St.Lawrence High School, Mumbai, Maharashtra ,Borivali",19.2402364,72.8481819,6.0,25,11,159,0.73,43.8,18.22,5831,32.68,12:00-15:00,Medium,High
Focus Mall,Maharashtra,calicut,"Rajaji Road, Calicut-  Kerala, India",11.2586377,75.7857046,6.0,35,17,115,0.83,49.8,5.65,854,57.14,12:00-15:00,High,High
GM Cycle Parking Stand (Opp to sevai maiyyam),Rajasthan,chennai,"No 43/G, Station Road, Thirumalairajapuram, Avadi, Chennai, Tamil Nadu ",13.117155,80.09997,6.0,27,11,172,0.91,54.6,20.59,3235,36.12,18:00-21:00,High,High
"Grand Mall, Kochi",Maharashtra,kochi,"Panvel - Kochi - Kanyakumari Hwy, Toll Junction, Edappally, Kochi, Kerala ",10.0244123,76.3089558,6.0,36,6,69,0.74,44.4,6.2,3022,29.42,12:00-15:00,Medium,High
Hotel House Inn,Maharashtra,noida,"BS-100, Basai, Sector 70, Noida, Uttar Pradesh ",28.5952291,77.3822213,6.0,17,15,220,0.62,37.2,18.1,3791,40.43,18:00-21:00,Medium,Medium
Kotak Mahindra Bank,Jammu,indore,"580, Mahatma Gandhi Rd, near Indraprastha Tower, Infront of, Race Course Road, Indore, Madhya Pradesh ",22.7229189,75.8793613,6.0,35,13,94,0.31,18.6,19.8,8894,40.29,18:00-21:00,Low,Low
Dosa Magic,Maharashtra,indore,"147 B, Moon Palace Colony, Near Annapurna Police Station, Annapurna Road, Indore",22.6959754,75.8422103,6.0,19,1,150,0.83,49.8,13.19,6538,48.04,18:00-21:00,High,High
The blue roof Cafe,Telangana,indore,"236, Bhawarkua Main Rd, near Anand Super 100, Indrapuri Colony, Bhanwar Kuwa, Indore, Madhya Pradesh ",22.689781,75.866902,6.0,4,12,60,0.38,22.8,22.25,4043,20.11,18:00-21:00,Low,Low
Oyo Townhouse 118,Delhi,delhi,"20, Gagan Vihar, Krishna Nagar ",28.646011,77.296796,6.0,6,11,90,0.57,34.2,22.22,1385,69.08,18:00-21:00,Medium,Medium
Oyo Townhouse 381,Delhi,delhi,"D/59, New Seemapuri Rd, Pocket E, Dilshad Colony New Simapuri, Dilshad Garden",28.68902,77.323102,6.0,32,19,239,0.75,45.0,5.16,8953,79.22,08:00-11:00,Medium,High
Nukkad Tea Cafe,Andhra Pradesh,raipur,"75, Jalvihar Colony Rd, Civil Lines, Raipur, Chhattisgarh",21.2404762,81.6574975,6.0,35,2,136,0.54,32.4,8.49,7870,43.34,08:00-11:00,Medium,Medium
Aaranyam Restaurant & Cafe ,Chhattisgarh,raipur,"near Vedanta Balco Medical Center, Sector 24, Nawagaon Parsatti, Naya Raipur, Chhattisgarh ",21.134229,81.7723096,6.0,30,19,91,0.87,52.2,19.52,11176,45.01,12:00-15:00,High,High
Ather Space Ahmedabad,Delhi,ahmedabad,"Shop No. 01, Ground floor, 3rd Eye Vision Opp. Shivalik Plaza, near AMA, Panjrapole CharRasta, Ahmedabad, Gujarat ",23.0281973,72.5432892,6.0,24,1,172,0.8,48.0,14.07,10816,25.92,08:00-11:00,High,High
"Cake Bee, Cantonment",Madhya Pradesh,tiruchirappalli,"3/A, Bharathidasan Salai, near Campion School, Cantonment, Tamil Nadu, Trichy",10.8024024,78.6824181,6.0,38,8,228,0.64,38.4,12.42,2002,48.39,08:00-11:00,Medium,Medium
"Cake Bee, Singaram Nagar",Kerala,tiruchirappalli,"Ground Floor, No.7, Singaram Nagar, Kattur, Trichy Tamil Nadu, Trichy",10.7967137,78.7563467,6.0,23,8,225,0.72,43.2,8.69,10983,43.07,12:00-15:00,Medium,High
Aspire - Step Inn Sector 27,Maharashtra,gurugram," opposite Jan Pratinidhi Apartments, Sector 27, Gurugram, Haryana 122009",28.4672823,77.0927632,6.0,36,16,94,0.43,25.8,10.59,9748,45.22,12:00-15:00,Low,Low
Veg Aroma,Maharashtra,nashik,"Gangapur Rd, Kale Nagar, Viveka Nand Nagar, Anandvalli, Nashik, Maharashtra ,Gangapur Road",20.0120574,73.7461884,6.0,25,11,81,0.52,31.2,14.08,7260,70.01,08:00-11:00,Medium,Medium
The Cobble Street,Maharashtra,nashik,"Gangapur-Savargaon Rd, Nashik, Maharashtra ",20.0144062,73.6983448,6.0,32,4,160,0.65,39.0,19.73,2229,51.05,08:00-11:00,Medium,Medium
Brown Bites II,Maharashtra,jaipur,"B-42, Sarthi Marg, Bhan Nagar, Jaipur, Rajasthan ",26.901567,75.751926,6.0,35,17,98,0.88,52.8,20.37,6884,76.47,18:00-21:00,High,High
Lodha Florenza,Maharashtra,mumbai,"On Western Express Highway, adjacent to Hub Mall, Cama Industrial Estate, Goregaon, Mumbai, Maharashtra ,Goregaon",19.1538114182866,72.8557957193731,6.0,10,14,16,0.94,56.4,22.31,11158,37.98,12:00-15:00,High,High
"Ather Space, Coimbatore",Maharashtra,coimbatore,"357, Patel Rd, Ram Nagar, Coimbatore, Tamil Nadu ",11.0113482,76.9598159,6.0,5,14,249,0.56,33.6,16.02,10228,72.83,12:00-15:00,Medium,Medium
K Star Chembur,Maharashtra,mumbai,"VN Purav Marg Diamond Garden, Basant Garden, Chembur Mumbai, Maharashtra,Chembur",19.052316305376,72.9016358109368,6.0,28,9,153,0.44,26.4,17.28,10354,72.51,08:00-11:00,Low,Low
IIT Madras (ICSR),Chandigarh,chennai,"Near Gajendra Circle, Opposite to Admin Building, Indian Institute Of Technology, Adyar, Chennai, Tamil Nadu ",12.9917014,80.232102,6.0,37,4,21,0.6,36.0,19.04,10187,78.94,18:00-21:00,Medium,Medium
"Ather Space, Kochi",Delhi,kochi,"Ponnurunni-Chalikkavattom Rd, Ponnurunni East, Ponnurunni, Vyttila, Ernakulam, Kerala ",9.98014,76.3173646,6.0,8,7,71,0.76,45.6,23.26,2045,62.52,08:00-11:00,High,High
Treehouse Queens Pearl,Maharashtra,gurugram,"SH 15A, Shanti Nagar, Shivaji Nagar, Sector 11, Gurugram, Haryana ,Gurgaon",28.4493495,77.0315967,6.0,34,6,17,0.71,42.6,11.5,10944,27.15,08:00-11:00,Medium,High
Kala Ghoda Cafe,Maharashtra,mumbai,"10, Rope Walk Ln, Kala Ghoda, Fort, Mumbai, Maharashtra ",18.9284545096609,72.8320303138997,6.0,32,16,77,0.86,51.6,12.04,7169,39.06,18:00-21:00,High,High
UB City,Maharashtra,bengaluru,"No 24, Vittal Mallya Road, KG Halli, D' Souza Layout, Ashok Nagar,",12.971406,77.595799,6.0,30,11,108,0.53,31.8,9.43,6272,66.13,18:00-21:00,Medium,Medium
Trichi Kaveri Foods Private Limited,Kerala,tiruchirappalli,"19, Main road, Annamalai Nagar",10.8330993,78.6845337,6.0,25,17,239,0.77,46.2,10.93,5319,74.54,12:00-15:00,High,High
Signature Mall,Tamil Nadu,ghaziabad,"Shop No. 2. Ground Floor Signature Street, G-Block, Govindpuram, Ghaziabad, Uttar Pradesh ",28.6910142131536,77.486384992674,6.0,5,13,19,0.8,48.0,15.68,483,24.39,12:00-15:00,High,High
 Hotel Noida International,Maharashtra,noida,"Nagar Complex Noida Road Opposite Mercedes Showroom, Sector 11, Noida, Uttar Pradesh ,Noida",28.5967575,77.3282689,6.0,5,13,250,0.56,33.6,14.99,9939,68.65,08:00-11:00,Medium,Medium
Carnival Cinemas Imax,Telangana,mumbai,"Carnival Cinemas Imax, Anik Wadala Link Rd, Bhakti Park, Wadala, Mumbai, Maharashtra ,Worli",19.0313299,72.8809653,6.0,11,20,196,0.43,25.8,8.77,8837,59.58,08:00-11:00,Low,Low
Hotel Parktel ,Andhra Pradesh,ghaziabad,"Omaxe Plaza, 583, Vijay Laxmi Pandit Marg, Near, Shakti Khand 2, Indirapuram, Ghaziabad, Uttar Pradesh",28.6463665,77.36784004418,6.0,25,19,137,0.84,50.4,11.68,9191,22.08,08:00-11:00,High,High
Ardas Televentures Pvt Ltd,Andhra Pradesh,jaipur,"#147, Rathore Nagar, Amrapali Road, Vaishali Nagar",26.911545,75.74876,6.0,20,13,55,0.34,20.4,8.17,6274,33.09,18:00-21:00,Low,Low
Cue Campus,Madhya Pradesh,hubli,"B 4 chetan complex opp kims main gate Vidhyagar, PB Rd, Vidya Nagar",15.360651,75.126774,6.0,28,18,197,0.87,52.2,11.84,2962,71.76,18:00-21:00,High,High
Sony Center Bellad and Company,West Bengal,hubli,"Sony Center, Lamington Rd, Deshpande Nagar, Hubli",15.351334,75.141651,6.0,4,18,32,0.45,27.0,6.04,6772,23.17,08:00-11:00,Low,Low
Bellad Towers,Maharashtra,hubli,"Ground Floor Bannigida Stop, Gokul Rd ",15.351171,75.126191,6.0,25,9,181,0.44,26.4,5.24,11898,56.15,18:00-21:00,Low,Low
Uma complex,Kerala,chennai,"No 14, Professors colony extn, Indian airforce road, East Tambaram",12.9149033,80.1266472,6.0,19,16,86,0.61,36.6,16.44,9224,32.2,18:00-21:00,Medium,Medium
"Coffee King, Adajan",Kerala,surat,"1,2. Abhinandan Heights, Nr.madhuvan circle, LP Savani Rd, Adajan Gam, Adajan, Surat, Gujarat ",21.1917016,72.7900328,6.0,28,13,196,0.9,54.0,7.47,5543,36.19,18:00-21:00,High,High
Oyo Townhouse 278 Rohini,Kerala,delhi,"6-A, Pocket 27, Sector-24, Rohini, Delhi, 110085, New Delhi, Delhi",28.7328878,77.0841225,6.0,37,6,236,0.54,32.4,20.78,9910,77.47,12:00-15:00,Medium,Medium
Ather Space Jaipur,Kerala,jaipur,"BL Tower, 2, Tonk Rd, near Sanghi Farm, Durgapura",26.854201,75.794615,6.0,6,3,66,0.66,39.6,7.03,3498,66.42,08:00-11:00,Medium,Medium
"Ather Space, Lajpat Nagar",Kerala,delhi,"A-32, Feroze Gandhi Rd, Lajpat Nagar II, Delhi ",28.5705131,77.2368888,6.0,22,7,41,0.32,19.2,9.74,10003,79.15,18:00-21:00,Low,Low
HiLite Mall,Kerala,calicut,"G1003, NH 66, Kozhikode Bypass, Poovangal, Kozhikode, Kerala ",11.248533,75.8334487,6.0,16,7,127,0.93,55.8,22.72,5643,69.71,18:00-21:00,High,High
Zozoz Pizzeria,Kerala,hyderabad,"Rd Number 45, opposite Khazana, CBI Colony, Jubilee Hills, Hyderabad, Telangana ",17.4306503,78.4020035,6.0,7,15,187,0.86,51.6,11.25,4399,62.28,18:00-21:00,High,High
"Heart Cup Coffee, Gachibowli",Kerala,hyderabad,"Old Mumbai Hwy, next to HP Petrol Pump (Venkatadri Fuel Point, FCI Employees Cooperative Housing Society, Indira Nagar, Gachibowli, Hyderabad, Telangana ",17.4453566,78.3556014,6.0,20,18,129,0.5,30.0,5.6,3822,65.16,18:00-21:00,Low,Medium
NAKSHATRA PURE VEG,Kerala,chennai,"No.93, Bazaar Road, Madipakkam Main Rd, Ram Nagar South, Madipakkam",12.9644294,80.2118897,6.0,38,10,52,0.78,46.8,23.62,1472,38.04,08:00-11:00,High,High
Pepper & Tarragon Club Caffe,Gujarat,hyderabad,"Opposite to Aparna Sarovar, Nalagandla, Telangana ",17.46377,78.3088,6.0,11,9,228,0.5,30.0,23.82,4477,73.32,18:00-21:00,Low,Medium
"Ather Space, Trichy",Maharashtra,tiruchirappalli,"20/C113, 5th Cross, Thillai Nagar,Trichy - 620018",10.8240776,78.684925,6.0,14,11,170,0.9,54.0,7.92,9887,36.63,08:00-11:00,High,High
Narahari Silk House,Gujarat,hyderabad,"18-6-828, Lal Darwaza Rd, Balagunj, Lal Darwaza South, Lal Darwaza, Hyderabad, Telangana ",17.34763,78.475397,6.0,11,2,178,0.49,29.4,9.18,1601,53.33,12:00-15:00,Low,Medium
VR Surat,Gujarat,surat,"Dumas Rd, Magdalla, Surat, Gujarat ",21.1451737,72.7569487,6.0,38,14,100,0.91,54.6,16.78,7981,30.55,18:00-21:00,High,High
WeFix Automobile,Delhi,pune,"Plot no.27(Residential, PCNTDA, Sector 10, Shriram Colony, Bhosari, Pune, Maharashtra ,Bhosari",18.648377246379,73.8298662608401,6.0,35,16,106,0.65,39.0,12.14,4590,72.61,18:00-21:00,Medium,Medium
The Vizag Drive In,Delhi,visakhapatnam,"4-72-12, Beach Road, next to BPCL Petrol Bunk, Lawsons Bay Colony, Visakhapatnam, Andhra Pradesh ",17.7314545,83.3405749,6.0,11,11,169,0.51,30.6,23.03,3653,43.01,12:00-15:00,Medium,Medium
"Ather Space, Visakhapatnam",Maharashtra,visakhapatnam,"Railway New Colony Rd, Sri Siddi Enclave, Railway New Colony, Visakhapatnam, Andhra Pradesh ",17.727627,83.2957312,6.0,18,18,238,0.85,51.0,6.68,10354,72.91,18:00-21:00,High,High
Hotel Yogi Midtown,Maharashtra,mumbai,"Plot No DX 12,Thane - Belapur Road D' Zone Bonsari, Village, TTC Industrial Area, Turbhe, Navi Mumbai, Maharashtra ,Thane",19.0640261000026,73.0197154300262,6.0,39,5,41,0.35,21.0,18.63,2562,68.12,18:00-21:00,Low,Low
"Breadworld, Jawahar Nagar",Maharashtra,kochi,"Subhash Chandra Bose Road,  Jawahar Nagar, Kadavanthra,  Ernakulam, Kerala ",9.9721366,76.3020765,6.0,27,3,175,0.46,27.6,6.86,9531,67.08,08:00-11:00,Low,Medium
"Host The Hospitality Store (Breadworld, Thykoodam)",Haryana,kochi,"Thykoodam Service Rd, Vyttila,  Thykoodam, Kochi,  Kerala ",9.96185111999512,76.31884765625,6.0,26,17,102,0.56,33.6,13.12,10449,71.3,18:00-21:00,Medium,Medium
"Breadworld, Mavelipuram",Haryana,kochi,"7/5 1 6- 1, 2, 3,  Seaport u2013 Airport Rd, Mavelipuram, Kakkanad, Kerala ",10.0231762,76.3411644,6.0,40,10,213,0.71,42.6,12.51,1859,77.35,12:00-15:00,Medium,High
"Breadworld, Petta",Haryana,kochi,"50/698 pushpamangalam Heritage, petta Maradu Road Near Gandhi Square",9.9449301,76.3354211,6.0,11,15,81,0.81,48.6,19.86,10288,35.67,12:00-15:00,High,High
"Ather Space, Kozhikode",Haryana,calicut,"MCC Cross Rd, Vellayil, Kozhikode, Kerala ",11.264453,75.7773662,6.0,22,14,218,0.47,28.2,11.12,6705,73.53,08:00-11:00,Low,Medium
AtherSpace JP Nagar,Maharashtra,bengaluru,"292, Outer Ring Rd, J P Nagar Phase 5",12.9062039682694,77.5908095423095,6.0,21,3,76,0.43,25.8,10.52,9267,71.49,08:00-11:00,Low,Low
Kohinoor MCGM parking,Maharashtra,mumbai,"Kohinoor Square, Kasaravadi, Dadar, Mumbai, Maharashtra ",19.0246088948704,72.842820210728,6.0,18,7,130,0.55,33.0,19.78,1860,39.63,18:00-21:00,Medium,Medium
AtherGrid - Bhavsar,Maharashtra,nashik,"Shop No. 5, ITI Ambad Road Kartikey Nagar Stop, Kamatwade, Nashik, Maharashtra,Kuthwad",19.9782307026474,73.7468528059045,6.0,24,5,79,0.43,25.8,14.06,8694,55.4,18:00-21:00,Low,Low
Bhavsar's AtherGrid 2,Maharashtra,nashik,"18/08, Rajratna Nagar, Pawan Nagar, Nashik, Maharashtra ",19.9714488737097,73.7559054108409,6.0,32,11,156,0.91,54.6,22.55,7154,28.52,18:00-21:00,High,High
BMC Parking Runwal Greens,Maharashtra,mumbai," Nahur West, Industrial Area, Bhandup West, Mumbai, Maharashtra",19.1593952,72.945112,6.0,34,18,104,0.75,45.0,13.76,3690,24.65,12:00-15:00,Medium,High
BMC Market Bhandup ,Gujarat,mumbai,"320, 3rd Floor, BMC Market, Station Road, Bhandup West, next to Dreamz Mall, Bhandup (W, Bhandup East, Mumbai, Maharashtra",19.1447758224472,72.9371466284051,6.0,18,12,80,0.38,22.8,7.28,4328,77.98,08:00-11:00,Low,Low
Trichy Sarathas,Maharashtra,tiruchirappalli,"No. 45, NSB Rd, Teppakulam, Tamil Nadu ",10.8267085,78.6959116,6.0,33,5,64,0.86,51.6,24.73,1862,67.12,08:00-11:00,High,High
"Ather space, Indore",Punjab,indore,"TBC Tower, Geeta Bhawan, AB Road",22.7194463,75.884181,6.0,17,7,33,0.89,53.4,6.47,2837,72.69,18:00-21:00,High,High
DISHKO Eatery,Uttar Pradesh,trivandrum,"TC 26, Taj Arcade, 860(1, Bakery Jct Rd, Bakery Junction, Panavila, Thycaud, Thiruvananthapuram, Kerala ",8.4997772,76.9542647,6.0,32,2,188,0.69,41.4,9.73,505,58.18,08:00-11:00,Medium,Medium
Charminar Chowrasta Cafe,Madhya Pradesh,visakhapatnam,"12-43/4 GF, R K Nagar, Pothinamallayya Palem, Visakhapatnam, Andhra Pradesh ",17.8000838,83.3473927,6.0,32,6,247,0.42,25.2,12.89,11400,38.01,08:00-11:00,Low,Low
Best Western Ramachandra Hotel,West Bengal,visakhapatnam,"8-8-36, GNT Rd, Medical Center, Gajuwaka, Visakhapatnam, Andhra Pradesh",17.6861805,83.2065285,6.0,31,17,81,0.91,54.6,10.53,2156,30.61,08:00-11:00,High,High
Cygnett Inn Ramachandra,West Bengal,visakhapatnam,"31-2-4/5, NH16, opp. All India Radio Station, Kurmannapalem, Visakhapatnam, Andhra Pradesh ",17.6851429,83.1578664,6.0,19,9,43,0.69,41.4,17.35,11571,20.24,08:00-11:00,Medium,Medium
Moondru Kambam Nellai Muthu Vilas Sweets & Bakes,West Bengal,coimbatore,"#422 A, Palakkad Main Rd, near Cassino Furniture, Kuniyamuthur, Tamil Nadu ",10.9611662,76.954832,6.0,39,1,202,0.75,45.0,21.6,3732,70.06,08:00-11:00,Medium,High
"CakeBee, Sulur",Jharkhand,coimbatore,"322/2 DEFENCE COLONY 2nd STREET, KADAMBADI VILLAGE, Sulur, Tamil Nadu ",11.024978,77.1667265,6.0,11,20,39,0.65,39.0,23.46,10829,37.93,12:00-15:00,Medium,Medium
Tiruppur Sree Annapoorna,Maharashtra,coimbatore,"Road, Rayan Kovil, Avinashi, Tamil Nadu ",11.1750315,77.2634385,6.0,39,18,236,0.39,23.4,21.55,1817,45.97,18:00-21:00,Low,Low
Aastha Talkies,West Bengal,indore,"Near 452010, Patni Pura Rd, Nanda Nagar, Indore, Madhya Pradesh ",22.7431448,75.8841123,6.0,20,18,126,0.42,25.2,22.95,2161,65.77,08:00-11:00,Low,Low
Ather Space Nashik,West Bengal,nashik,"Ather Space - Ather Energy's Experience Centre ( Patwa Auto Drive), Patwa EV Zone, Trimbakeshwar Rd, opp. Sebel Hotel, Nashik, Maharashtra",19.9944454848697,73.764436759524,6.0,13,20,112,0.31,18.6,10.88,3420,41.31,08:00-11:00,Low,Low
"Just Loaf, Kozhikode",West Bengal,calicut,"Beach Rd, opp. Kozhikode Corporation Office, Mananchira, Kozhikode, Kerala , India",11.2541077,75.7712783,6.0,23,6,64,0.7,42.0,16.41,7884,40.71,12:00-15:00,Medium,Medium
"Just Loaf, Perinthalmanna",Telangana,malappuram,"Just Loaf, Perinthalmanna Jubilee Bypass, Road, Perintalmanna, Kerala , India",10.9882867,76.2250874,6.0,5,20,250,0.89,53.4,13.14,4448,41.5,18:00-21:00,High,High
"Hocco Eatery, Vastral",Telangana,ahmedabad,"MADHAV 99 19, Nirant Cross Rd, Mahadev Nagar Tekra, Ahmedabad, Gujarat ",22.9992398,72.6594584,6.0,39,19,70,0.48,28.8,8.24,574,51.82,08:00-11:00,Low,Medium
Prestige Falcon Towers,Telangana,bengaluru,"No 19, Brunton Rd, Craig Park Layout, Ashok Nagar,",12.971272,77.614552,6.0,37,2,182,0.45,27.0,17.65,476,67.12,18:00-21:00,Low,Low
Reliance Digital Kamlanagar,Jharkhand,delhi,"37 Bunglow Road Kamla Nagar, opp. Amitabh Guest House, Civil Lines, New Delhi",28.6839369,77.2022968,6.0,31,7,117,0.32,19.2,5.35,6146,38.63,18:00-21:00,Low,Low
Food Sixteen Restaurant,Bihar,delhi,"Metro Station, A-16, Grand Trunk Rd, near Adarsh Nagar, Indira Nagar, Azadpur, New Delhi",28.7169145,77.168538,6.0,38,5,144,0.58,34.8,12.34,11753,72.32,08:00-11:00,Medium,Medium
Abhay Graphics II,Andhra Pradesh,pune,"D-II, Plot no 32, Unit B - Near Kia Showroom, In front of HDFC Colony, Chinchwad",18.6532425324259,73.8034013253093,6.0,8,8,207,0.6,36.0,13.0,3607,62.32,18:00-21:00,Medium,Medium
Miramar Residency - Blive,Jammu,goa,"Miramar Beach, Miramar, Panaji, Goa",15.4845196013223,73.809121797395,6.0,8,9,210,0.92,55.2,20.09,5029,61.69,12:00-15:00,High,High
Old Goa Residency- Blive,Rajasthan,goa,"Near Old Goa Fire Brigade, Goa",15.5000488654027,73.9141273127392,6.0,17,14,33,0.76,45.6,15.57,9736,47.83,18:00-21:00,High,High
Eham Digital,Rajasthan,calicut,"2nd Unison Tower, Thondayad Junction Thondayad Bye Pass, near Star Care Hospital, Kozhikode, Kerala ",11.2648469,75.8109713,6.0,10,19,88,0.39,23.4,6.63,4593,24.02,12:00-15:00,Low,Low
Darshan super market,Tamil Nadu,chennai,"Chitrakoot Complex,No.91/18A,OMR,Egattur opp to Flsmidth,Chennai-603103,Chengalpattu, District, Chennai, Tamil Nadu ",12.8291702,80.2298531,6.0,13,7,214,0.34,20.4,20.21,765,49.44,12:00-15:00,Low,Low
Mall of Mysore,Uttar Pradesh,mysore,"No.C-1, M.G Road Indira Nagar, Nazarbad Mohalla, Extension",12.298036,76.663958,6.0,22,20,142,0.36,21.6,11.85,5542,51.97,12:00-15:00,Low,Low
"Cafe Coffee Day, Gokulam Road",West Bengal,mysore,"6th Main, Gokulam Road, V V Mohalla Ground Floor, C/O Star Wing Building",12.326612,76.626866,6.0,7,6,178,0.94,56.4,11.0,10648,52.91,08:00-11:00,High,High
CarTuneZ,Tamil Nadu,chennai,"Mount Poonamallee Rd, Swaminatha Nagar, Goparasanallur, Chennai, Tamil Nadu ",13.0416621313573,80.1264474028141,6.0,16,9,230,0.65,39.0,11.13,8708,71.26,12:00-15:00,Medium,Medium
Shree Shanthi's the garment shop,Tamil Nadu,chennai,"1, 10th Cross St, near water tank. Customer care: 9940169111, 9789964111, Indira Nagar, Adyar, Chennai, Tamil Nadu ",12.9966632,80.2517792,6.0,11,11,125,0.66,39.6,19.94,5296,58.62,18:00-21:00,Medium,Medium
The Smith's Cafe & bakery,Maharashtra,chennai,"Balaji Nagar 2nd Cross St, Balaji Nagar, Ponniammanmedu, Chennai, Tamil Nadu ",13.125599,80.2241501,6.0,25,16,61,0.82,49.2,18.43,1106,64.24,12:00-15:00,High,High
Sri Murugan Stores,Andhra Pradesh,chennai,"9&10, Tejraj colony, Agaram Main Rd, Selaiyur, Chennai, Tamil Nadu ",12.9056714,80.1421391,6.0,17,18,117,0.81,48.6,13.65,4730,68.85,12:00-15:00,High,High
Firewood Restaurant,Odisha,jaipur,"B-136A, RAJENDRA MARG, near JANTA STORE, CROSSING, BapuNagar",26.8898540600064,75.8089775422449,6.0,24,4,44,0.65,39.0,16.6,8852,59.74,12:00-15:00,Medium,Medium
Oyo Silverkey 42750,Gujarat,gurugram,"170, Medicity, Islampur Colony, Sector 38,  Gurugram",28.434959,77.0442743,6.0,5,5,91,0.48,28.8,21.14,8894,71.8,18:00-21:00,Low,Medium
Amrit Residency,Gujarat,gurugram,"Opposite Ayyappa Temple, Dundahera, Surya Vihar, Sector 21, Gurugram",28.5184277,77.0719022,6.0,12,9,143,0.57,34.2,18.61,4893,77.38,18:00-21:00,Medium,Medium
"Cafe coffee day, Kazhakootam, Trivandrum",Karnataka,trivandrum,"Queen Tower, Kazhakootam, Thiruvananthapuram, Kerala ",8.549333,76.877257,6.0,21,16,144,0.34,20.4,12.01,10733,75.87,08:00-11:00,Low,Low
Peep Kitchen ,Karnataka,goa,"Risara Luxury , Ground Floor , Taliegao Market Road , Near Taliegao Near Taliegao Community Centre Taliegao, Panaji, Goa",15.4701676,73.8261271,6.0,13,4,138,0.95,57.0,12.53,5991,46.03,18:00-21:00,High,High
Blive HO,Karnataka,goa,"Plot No. 22-B, GF-1, Happy Home Co-op. Soc, La Campala Colony, Miramar, Panaji, Goa",15.4853333,73.8135871,6.0,17,11,204,0.51,30.6,8.18,5835,55.92,08:00-11:00,Medium,Medium
Karkhana - The Food Garage,Karnataka,raipur,"SHOP No. 12 JAI SHADARAM MARKET DHAMTARI ROAD, NH30, Raipur, Chhattisgarh ",21.1889342,81.7015232,6.0,26,14,191,0.82,49.2,21.63,1111,63.75,12:00-15:00,High,High
Jyoti Guest House,Karnataka,jaipur,"8/238, Sector 8, Malviya Nagar, Jaipur",26.8433189,75.8037396,6.0,34,1,203,0.37,22.2,20.39,7586,23.56,18:00-21:00,Low,Low
Xperia,Karnataka,ahmedabad,"Opposite Radhe Fortune, Bhat Circle, S.P Ring Road, Ah,edabad",23.1168523,72.6288522,6.0,5,2,132,0.32,19.2,6.65,10879,26.72,18:00-21:00,Low,Low
Ather Space - Gujranwala Town,Tamil Nadu,delhi,"A 11, GT Karnal Rd, near Vinayak Hospital, Block A, Gujranwala Town, Delhi, 110009",28.6990084,77.1833274,6.0,36,19,135,0.5,30.0,20.89,2955,24.04,08:00-11:00,Low,Medium
Navneet Institute,Tamil Nadu,ahmedabad,"101-102, Prarthana Complex, nr. Kakadia Hospital, opp. Dinesh Chambers, Bapunagar, Ahmedabad, Gujarat ",23.040249,72.6307112,6.0,11,7,184,0.49,29.4,18.58,739,67.47,12:00-15:00,Low,Medium
Shri Laxmi Kedar Jewellers,Telangana,nashik,"Jijamata Rd, Bhandi Bazar, Saraf Bazar, Panchavati, Nashik, Maharashtra",20.0052029021044,73.791297380718,6.0,28,18,36,0.78,46.8,16.27,5145,28.25,12:00-15:00,High,High
The Emerald Resort,Telangana,pune,"Lonavala Annexe,Somatne, Old Mumbai - Pune Hwy, Near Pioneer Hospital, Tukaram Nagar, Talegaon Dabhade, Maharashtra ",18.7077154040181,73.6822930730169,6.0,24,8,179,0.3,18.0,23.06,2255,44.75,08:00-11:00,Low,Low
Inox Bund Garden Road,Telangana,pune,"Plot No.D, Bund Garden Rd, Pune, Maharashtra",18.5267515,73.8779382,6.0,35,2,85,0.91,54.6,18.18,9764,79.81,12:00-15:00,High,High
Black Spate,Telangana,jaipur,"G-6, Shreenath Tower, Sector 2, Central Spine, Vidyadhar Nagar",26.963612,75.7810224,6.0,15,9,174,0.67,40.2,21.03,2921,41.47,18:00-21:00,Medium,Medium
Barista,Telangana,pune,"Shop 1-6,82/2/2a, Sahkarnagar, Parvati, Pune, Maharashtra ",18.4845962800607,73.8496819997945,6.0,19,6,77,0.32,19.2,16.36,9503,60.11,18:00-21:00,Low,Low
Precision Path Lab,Maharashtra,jaipur,"72/2, Shipra Path, Patel Marg, Mansarovar, Jaipur, Rajasthan",26.8547202,75.7731708,6.0,20,12,227,0.64,38.4,17.44,9283,61.59,12:00-15:00,Medium,Medium
Ather Space Goa,Maharashtra,goa,"Betim-Pomburpa Rd, Alto- Betim Porvorim, Penha de Franu00e7a, Goa",15.5230657,73.825913,6.0,37,10,187,0.36,21.6,11.93,5989,20.79,08:00-11:00,Low,Low
Ather test ride centre,Maharashtra,hyderabad,"160/1, Patny Center, Sardar Patel Rd, Hyderabad, Telangana ",17.4435458,78.4798274,6.0,7,16,17,0.73,43.8,20.47,11509,21.3,08:00-11:00,Medium,High
Prestige Khoday Tower,Maharashtra,bengaluru,"No 5, Raj Bhavan Road, Vasanth Nagar",12.982728,77.594179,6.0,4,19,231,0.79,47.4,15.1,7705,70.15,18:00-21:00,High,High
Prestige Saleh Ahmed,Maharashtra,bengaluru,"No 24, Lady Curzon Road, Tasker Town, Shivaji Nagar,",12.980553,77.603318,6.0,24,16,168,0.74,44.4,11.63,573,38.62,08:00-11:00,Medium,High
Mama Panda,Maharashtra,vijayawada,"Royal arcade, beside sweet magic , opp to dvmanor, MG Rd, Vijayawada, Andhra Pradesh ",16.4992397,80.6481963,6.0,7,19,124,0.58,34.8,21.42,1112,20.27,18:00-21:00,Medium,Medium
AtherSpace Mysore,Delhi,mysore,"#1A, A1, Hunsur Main Rd, Hinkal",12.325053,76.611337,6.0,25,11,167,0.87,52.2,14.12,2632,47.79,08:00-11:00,High,High
Bamboo & Biryani,Uttar Pradesh,vijayawada,"40-3-18, Kalyanam Ramarao St, Venkateswara Puram, Sidhartha Nagar, Labbipet, Vijayawada, Andhra Pradesh ",16.5009139,80.6472927,6.0,28,2,140,0.67,40.2,17.78,10743,78.88,12:00-15:00,Medium,Medium
Lodha Venezia CPL,Haryana,mumbai,"GD Ambekar Marg, Lal Baug, Parel, Mumbai, Maharashtra",18.9917205,72.841513,6.0,24,9,117,0.37,22.2,15.73,9711,74.08,08:00-11:00,Low,Low
Cafe Peter,Delhi,pune,"Waman Ganesh Heights, Pashan Rd, Bavdhan, Pune, Maharashtra",18.5105106,73.7819022,6.0,36,17,151,0.93,55.8,7.3,5452,50.23,18:00-21:00,High,High
Throttle Shrottle Moto Cafe,Delhi,gurugram,"Faridabad - Gurgaon Rd, Baliawas, Bandhwari, Haryana 122102",28.428213,77.1405458,6.0,18,17,199,0.78,46.8,23.65,921,32.23,08:00-11:00,High,High
Inox R21,Maharashtra,ahmedabad,"Plot No 145, 2nd Floor, Royal Honda Showroom, Sector 21, Gandhinagar, Gujarat ",23.2316208,72.6682058,6.0,35,10,136,0.59,35.4,7.52,8139,21.12,18:00-21:00,Medium,Medium
Inox R16,Maharashtra,ahmedabad,"Cluster_gandhinagar 2 Office, Sector 16, Gandhinagar, Gujarat ",23.2310524,72.648583,6.0,40,5,167,0.86,51.6,19.99,3166,66.63,12:00-15:00,High,High
Acre Bengaluru,Maharashtra,bengaluru,"No 63 , International Airport Road, Meenugunte, Jala Hobli, Yelahanka, Taluk",13.189056,77.644524,6.0,36,3,29,0.95,57.0,17.23,11563,40.11,08:00-11:00,High,High
AtherSpace Hubli,Gujarat,hubli,"P. B. Road, Bhairidevarkoppa",15.387875,75.1016179,6.0,12,8,218,0.86,51.6,16.45,645,64.21,12:00-15:00,High,High
Antares Restaurant and Beach Club,Karnataka,goa,"Small Vagator, Ozran Beach, Vagator, Goa ",15.5940487274399,73.7349023341238,6.0,17,14,112,0.52,31.2,12.22,4103,41.56,12:00-15:00,Medium,Medium
The Wood Apple Cafe,Maharashtra,siliguri,"SONARTORI VILLAGE, Patel Road, Ward 2, Pradhan Nagar, Siliguri, West Bengal 734003",26.7286006,88.4163575,6.0,32,15,241,0.91,54.6,12.35,6609,62.79,12:00-15:00,High,High
The Cindrella Hotel,Maharashtra,siliguri,"3rd Mile, Sevoke Rd, Chayan Para, Salugara, Siliguri, West Bengal 734008",26.7555785,88.4418232,6.0,36,17,197,0.7,42.0,14.68,3326,46.96,18:00-21:00,Medium,Medium
Cafe Cornucopia,Maharashtra,mysore,"22nd Cross, 14th Main Rd, C Block, Vijay Nagar 3rd Stage, Garudachar Layout",12.316689,76.603223,6.0,12,15,81,0.8,48.0,22.23,8010,58.4,08:00-11:00,High,High
Ather Space Raipur,Uttar Pradesh,raipur,"EC Location:  Atherspace Raipur, Shop No.2, Ground Floor, Plot No. 11/5, Block No. 94, Beside Hotel Mayura, Jai Stambh Chowk, Raipur, Chhattisgarh",21.243932,81.6347283,6.0,20,18,80,0.68,40.8,6.61,3434,69.46,18:00-21:00,Medium,Medium
Ather Space - Janakpuri,Uttar Pradesh,delhi," Ground floor, BF-1, Janakpuri, Jail Road, New Delhi 110058",28.6255909,77.1009332,6.0,32,2,226,0.3,18.0,5.58,9940,32.72,08:00-11:00,Low,Low
Ather Space Surat,Telangana,surat,"G1 and G2, Milagro Milestone, opposite UM Road, Someshwara Enclave, Vesu, Surat, Gujarat ",21.1529496,72.778545,6.0,36,17,109,0.4,24.0,22.16,2154,60.73,12:00-15:00,Low,Low
Ather Space - Lalbagh,Telangana,lucknow,"38 A Foresith Road, Near Novelty Cinema, opp. Daya Nidhan Park, Lalbagh, Lucknow, Uttar Pradesh 226001",26.8458895,80.9379184,6.0,33,9,180,0.73,43.8,10.95,2297,38.43,18:00-21:00,Medium,High
Magenta House - Mumbai,Telangana,mumbai,"TTC Industrial Area, MIDC Industrial Area, Sanpada, Navi Mumbai",19.0687045429028,73.0229869206999,6.0,23,16,89,0.76,45.6,10.79,3250,58.31,08:00-11:00,High,High
"Ather Space, Trivandrum",Telangana,trivandrum,"Sycamore Complex, Plamoodu Junction, Pattom",8.5145049,76.9437173,6.0,13,2,100,0.77,46.2,6.21,6047,62.37,08:00-11:00,High,High
"Ather space, Guindy, Chennai",Tamil Nadu,chennai,"Near 111-110, Mount Rd, Guindy Institutional Area, Little Mount, Guindy, Chennai, Tamil Nadu ",13.0124771297175,80.2206032896631,6.0,14,19,89,0.52,31.2,19.68,7909,39.87,12:00-15:00,Medium,Medium
Ranthal Gardens Restaurant,Uttar Pradesh,trivandrum,"near post office, Nemom, Kerala ",8.45477423944579,77.0024490353778,6.0,23,1,90,0.62,37.2,21.38,9968,28.53,18:00-21:00,Medium,Medium
Kalikkalam Sports,Uttar Pradesh,trivandrum,"Opposite Infosys/UST, On Road Opposite Infosys Main Gate, behind Al Saj Arena, Poundukadavu",8.53396462982223,76.8807341186971,6.0,38,2,95,0.59,35.4,20.28,11600,28.01,18:00-21:00,Medium,Medium
Ather Space Nagole,Maharashtra,hyderabad,"Near Sunrise cars, Plot no.64/B, Mamatha Nagar, Nagole X Road, near Supraja Hospital, Hyderabad, Telangana ",17.377497,78.5580849,6.0,32,8,98,0.71,42.6,17.74,4137,38.21,12:00-15:00,Medium,High
MGS Tata Autofab,Maharashtra,lucknow,"C 52, Tedhi Pulia, Ring Road, Near Jagrani Hospital, Lucknow - 226022, Uttar Pradesh, India",26.8979557,80.9664589,6.0,11,9,243,0.3,18.0,6.27,5855,74.91,12:00-15:00,Low,Low
The Hazelnut Factory,Gujarat,lucknow,"B 192, Niralanagar, Lucknow - 226020",26.8727547,80.9407119,6.0,14,8,228,0.92,55.2,6.54,10671,72.9,08:00-11:00,High,High
"The Hazelnut Factory, Alambagh",Gujarat,lucknow,"LGF & UGF RB Tower, B-172, Kanpur Rd, Behind iDelta | Phoenix Mall, Lucknow, Lucknow, Uttar Pradesh 226005",26.7991124,80.8982589,6.0,8,4,80,0.34,20.4,13.24,4165,34.29,08:00-11:00,Low,Low
Woods Cafe Indira Priyadarshani Park,Haryana,ghaziabad,"Indira Priyadarshani Park, Arthla, Mohan Nagar, Ghaziabad, Uttar Pradesh 201001",28.6749316,77.3982382,6.0,20,6,213,0.59,35.4,5.32,6293,61.68,18:00-21:00,Medium,Medium
Ansal Plaza Mall,Karnataka,noida,"ANSAL PLAZA MALL SHOPPING COMPLEX, Pari Chowk, Greater Noida, Uttar Pradesh 201310",28.4646154,77.5080343,6.0,6,11,110,0.35,21.0,19.88,7780,69.41,18:00-21:00,Low,Low
MR Hypermarket,Maharashtra,calicut,"Wayanad Rd, Moozhikkal, Kozhikode, Kerala ",11.296198,75.8307817,6.0,27,7,124,0.74,44.4,19.62,5770,40.5,18:00-21:00,Medium,High
Ather Space Siliguri,Delhi,siliguri,"Sevoke Rd, opposite Vishal Cinema Hall, Ward Number 13, Bankim Nagar, Siliguri, West Bengal ",26.7321074,88.4322712,6.0,30,19,234,0.62,37.2,7.95,4025,21.21,18:00-21:00,Medium,Medium
Mitraa Super Market,Maharashtra,visakhapatnam,"BRTS Rd, A Zone, Sujatha Nagar, Pendurthi, Visakhapatnam, Andhra Pradesh ",17.799256,83.210797,6.0,18,16,78,0.75,45.0,9.27,9899,65.07,08:00-11:00,Medium,High
Patanjali Mega Store Sakkardara,Tamil Nadu,nagpur,"205, Sakkardara Police Chowki Rd, Anand Nagar, Azamshah Layout, Nagpur, Maharashtra",21.129812213883,79.1148607177335,6.0,17,2,201,0.56,33.6,19.34,3667,38.51,08:00-11:00,Medium,Medium
Patanjali Store Wardhaman Nagar,Rajasthan,nagpur,"36-65, Nagpur - Bhandara - Rajnandgaon - Raipur Hwy, Chapru Nagar, Shashtri Nagar",21.148294,79.128434,6.0,18,3,53,0.73,43.8,8.43,8453,64.52,18:00-21:00,Medium,High
"Throttle Shrottle Moto Cafe, Noida",Kerala,noida,"Village rohillapur. Opposite step by step school sector-132, Noida - 201304",28.5123936,77.3743113,6.0,19,2,158,0.46,27.6,15.25,6323,61.2,18:00-21:00,Low,Medium
"Sangeetha Mobiles, HBR Layout",Gujarat,bengaluru,"No 54, 80 Feet Main Road, Next to Muthoot Finance, HBR Layout,",13.025618,77.629122,6.0,36,17,248,0.71,42.6,12.04,4491,63.57,18:00-21:00,Medium,High
Hyatt Raipur,Maharashtra,raipur,"National Highway 6, Jivan Vihar, Labhandih, Chhattisgarh ",21.239994,81.6840898,6.0,20,18,139,0.39,23.4,9.57,4634,77.84,08:00-11:00,Low,Low
Vasant oasis ,Uttar Pradesh,mumbai,"Borosil Plot,off, Makwana Rd, Marol, Andheri East, Mumbai, Maharashtra",19.1146146,72.8840941,6.0,28,2,20,0.39,23.4,18.09,8698,70.94,08:00-11:00,Low,Low
NMR Enclave,Uttar Pradesh,bengaluru,"7/22, NMR enclave, Ejipura main Road , Near Ejipura signal",12.942047,77.631059,6.0,11,15,179,0.68,40.8,24.96,5983,44.04,08:00-11:00,Medium,Medium
Cafe Labasa Goa,Uttarakhand,goa,"590/III-A, Caramorod, Chinchinim, Goa",15.2251264,73.9795328,6.0,21,17,59,0.76,45.6,10.75,11628,30.43,12:00-15:00,High,High
The Coffee Stories,Andhra pradesh,pune,"2, Meher classic, shop no:2, opp N.K.Ashiyana society, Marketyard, pune, near unity bakers, Pune, Maharashtra ",18.4879225398295,73.8727627039089,6.0,37,13,117,0.41,24.6,21.79,994,78.38,18:00-21:00,Low,Low
"Sulaimani Club, Kottakkal",Tamil Nadu,malappuram,"XXMX+J2F, Palathara, Kerala ",10.9841315056431,75.997859110154,6.0,9,12,176,0.82,49.2,11.9,10433,43.39,08:00-11:00,High,High
Shree Purohit Thali ,Kerala,nashik,"bus stop, Andhashala, Nashik - Pune Rd, Nashik, Maharashtra",19.9615119,73.8272912,6.0,15,13,234,0.7,42.0,24.22,7660,31.16,18:00-21:00,Medium,Medium
Morning Star Car Accessories,Karnataka,goa,"Jackni Vaddo, Parra, Goa",15.5706252229647,73.7915868619433,6.0,40,20,49,0.82,49.2,19.67,9818,47.88,08:00-11:00,High,High
"Magenta, Hosur Road",Kerala,bengaluru,"Pattalama Layout, Hosur Rd, Singasandra ",12.876703,77.646505,6.0,37,12,108,0.64,38.4,16.31,4776,35.09,18:00-21:00,Medium,Medium
"OFFROAD, Motorcycle Accessories Shop",Kerala,trivandrum," Vazhayila - Kallayam Rd, Vazhayila, Padmanabha Nagar, Thiruvananthapuram, Kerala ",8.5513563,76.9726234,6.0,9,17,194,0.58,34.8,22.26,5766,24.96,18:00-21:00,Medium,Medium
"The Chocolate Room, Bangalore",Maharashtra,bengaluru,"No 412, 4th G Main Road, 2nd Block, HRBR Layout, Kalyan Nagar,",13.022915,77.639338,6.0,7,3,164,0.79,47.4,14.65,4694,21.92,08:00-11:00,High,High
AtherSpace Nagpur,Punjab,nagpur,"Ojas Building, Beside Batukbhai Jewellers, West High Court Road, Dharampeth",21.1393999805338,79.0604764831562,6.0,33,10,19,0.55,33.0,16.09,9939,30.37,18:00-21:00,Medium,Medium
Xavier Institute of Engineering,Rajasthan,mumbai,"Opposite S.L.Raheja Hospital, Mahim Causeway, Mahim (West), Raheja Hospital Marg, Mumbai, Maharashtra ",19.0452082935871,72.8415417466136,6.0,35,9,22,0.83,49.8,17.92,6322,39.41,18:00-21:00,High,High
Purnima Sweet's,Goa,nashik,"Takli Rd, opp Vishwabharti society, Swanand Society, Dwarka, Nashik, Maharashtra ",19.9962790389959,73.8033591842543,6.0,39,11,196,0.62,37.2,12.77,8468,78.04,18:00-21:00,Medium,Medium
"CADD Centre, RK Salai",Goa,chennai,"Yellow Pages Building, 25, Dr Radha Krishnan Salai, Dwarka Colony, Mylapore",13.044485,80.268708,6.0,31,2,163,0.5,30.0,8.1,3829,39.19,12:00-15:00,Low,Medium
"Adyar Ananda Bhavan, Navakari | Zeon",Madhya Pradesh,coimbatore,"285, Palakkad main road, Navakarai",10.8556755,76.862332,6.0,11,11,192,0.6,36.0,16.82,11164,71.48,12:00-15:00,Medium,Medium
Lakshmi Pazhamudir And Supermarket,Maharashtra,coimbatore,"post Gas company, Mettupalayam Rd, Ranganayaki Nagar, Dhamu Nagar, Therkkuppalayam, Coimbatore, Tamil Nadu ",11.138138477319,76.9407310322839,6.0,5,19,236,0.94,56.4,5.77,523,22.23,12:00-15:00,High,High
Decathlon Bannerghatta,Karnataka,bengaluru,"Bannerghatta Main Rd, Kalena Agrahara",12.863595,77.590927,6.0,29,6,182,0.84,50.4,12.38,7578,23.44,08:00-11:00,High,High
"MR Hyper Market, Wayanad Road",Maharashtra,calicut,"8V9M+CM3, Kozhikode, Kerala ",11.3185163,75.8842814,6.0,8,10,242,0.5,30.0,19.66,1886,28.5,12:00-15:00,Low,Medium
KR Journey Planners,Tamil Nadu,surat,"Beside Sahaj Super Store, Anand Mahal Rd, Honey Park, Adajan Gam, Adajan, Surat, Gujarat ",21.1483732,72.7654739,6.0,20,9,91,0.93,55.8,22.35,2283,26.68,12:00-15:00,High,High
KR Journey,Tamil Nadu,surat,"p767, Ashwini Kumar Road, New GIDC",21.2126944261511,72.8451179602812,6.0,32,11,48,0.6,36.0,9.96,6978,60.78,12:00-15:00,Medium,Medium
Shiven Satellite Vision,Puducherry,goa,"City Plaza, Phase 2, Pedda, Margao, Goa ",15.2697635073183,73.9549504486853,6.0,20,6,135,0.93,55.8,9.88,5917,79.49,12:00-15:00,High,High
Detailing Bull,Jammu & Kashmir,gurugram,"F7, Shushant Lok 2 Near Hong Kong Bazar, Sector 57, Gurugram, Haryana 122011",28.4195244,77.0885144,6.0,27,10,74,0.65,39.0,24.48,1207,53.24,12:00-15:00,Medium,Medium
SAR Motors,Rajasthan,guwahati,"Bora Commercial Complex, opposite ABC Compound, Nalapara, Lokhra, Assam",,,6.0,39,5,118,0.57,34.2,20.24,740,39.04,08:00-11:00,Medium,Medium
R R Sales,Madhya Pradesh,guwahati,"Saraf Building, Near Police Reserve RLY gate, no 2, Assam Trunk Rd, Guwahati, Assam",26.1763362,91.7404708,6.0,26,11,217,0.54,32.4,16.55,8262,34.5,18:00-21:00,Medium,Medium
"Vishnu Tradex, Shreekunj Elegance",Delhi,ahmedabad,"2 SHREEKUNJ ELIGANCE, near SAHAJ PARADISE BANGLOW, Ahmedabad, Gujarat ",23.0735526,72.520875,6.0,21,20,30,0.42,25.2,20.28,10312,63.22,12:00-15:00,Low,Low
Naksh Auto World,Maharashtra,ghaziabad,"Maharaja Agarsain Marg, Mohan Meakin Society, Sector 5, Vasundhara, Ghaziabad, Uttar Pradesh 201012",28.6635603,77.3740057,6.0,14,2,64,0.51,30.6,18.48,2786,53.07,08:00-11:00,Medium,Medium
Royal Global University,Delhi,guwahati,"NH-37, opp. Tirupati Balaji Temple",26.112203,91.7241576,6.0,9,19,214,0.38,22.8,13.14,6101,33.33,12:00-15:00,Low,Low
Loom Solar Warehouse,Delhi,faridabad,"Plot No. 21, 1, Mathura Rd, Pocket 3, Rajiv Enclave, Sector 6, Faridabad, Haryana 121006",28.3520623,77.3007942,6.0,13,2,80,0.79,47.4,5.53,7281,72.16,08:00-11:00,High,High
"Ather Space, Guwahati",Punjab,guwahati,"2nd Floor, JKON building, opp. Sonaram School, Bharalumukh",26.172606,91.7293442,6.0,27,9,155,0.45,27.0,8.02,10552,40.48,12:00-15:00,Low,Low
Guy Car  Steamer,Rajasthan,bengaluru,"No 60 Next to Sobha Classic 83-B Narayanareddy Layout, Haralur Main Rd",12.904089,77.662251,6.0,21,3,55,0.79,47.4,12.93,5468,60.41,12:00-15:00,High,High
AtherSpace Belgaum,Rajasthan,belgaum,"Bellad Enterprises, Vengurla - Belgaum Rd, Vinayak Nagar, Vijaynagar, Belagavi",15.868772,74.487863,6.0,11,1,215,0.39,23.4,13.46,5312,74.62,12:00-15:00,Low,Low
Ather Service Centre,Rajasthan,guwahati,"House No 20,Janapath Lane,Ulubari",26.170766,91.7608176,6.0,21,20,186,0.87,52.2,18.62,480,36.33,12:00-15:00,High,High
Ather Space Vijayawada,Delhi,vijayawada,"KP Nagar Main Rd, Gurunanak Nagar, K P Nagar, Benz Circle, Vijayawada, Andhra Pradesh ",16.5007264,80.6574292,6.0,31,6,248,0.93,55.8,15.63,2386,22.89,12:00-15:00,High,High
Turf Trident,Maharashtra,chennai,"56, Lakeview garden, Korattur",13.1221926,80.1890017,6.0,12,11,142,0.49,29.4,6.09,5835,74.13,12:00-15:00,Low,Medium
Ather Space Tirupati,Maharashtra,tirupati,"Vedhavyasa Bhavan, AIR Bypass Road, Royal Nagar, Tirupati, Andhra Pradesh ",13.6226445,79.414697,6.0,5,6,44,0.36,21.6,7.2,4913,79.32,18:00-21:00,Low,Low
Area 51 - The cafu00e9 hideout,Maharashtra,visakhapatnam,"Area 51- The cafu00e9 hideout, Hill view conventions, IT Sez,Hill No.2 Plot-F,on the way to Mouri tech, Andhra Pradesh ",17.8083501,83.3888006,6.0,33,10,19,0.33,19.8,16.35,681,75.42,12:00-15:00,Low,Low
Ather Space  Aurangabad,Maharashtra,aurangabad,"Gopinath Chambers, Adalat Rd, near Chunilal Petrol Pump, Konkanwadi, Aurangabad, Maharashtra ",19.871912330989,75.3251880766865,6.0,35,17,39,0.63,37.8,8.56,1502,39.6,12:00-15:00,Medium,Medium
"Ather space, Malappuram",Maharashtra,malappuram,"SH 72, Kizhakkethala, Down Hill, Malappuram, Kerala 676505",11.0522217,76.0753978,6.0,11,4,69,0.81,48.6,21.57,10077,21.0,18:00-21:00,High,High
"Ather Space, Tirur",Tamil Nadu,tirur,"Pookkayil, Tirur, Kerala ",10.9235812,75.9131205,6.0,32,15,43,0.9,54.0,19.45,1794,64.56,12:00-15:00,High,High
Ather Space Kolhapur,Kerala,kolhapur,"C.S. No. 195K/2K, Kavala Naka, E-Ward, Kolhapur ",16.7075794321683,74.2510693844606,6.0,34,17,231,0.68,40.8,8.19,1224,59.41,18:00-21:00,Medium,Medium
AtherSpace Rajajinagar,Gujarat,bengaluru,"No. 0025 (Old no.1003), 59th C Cross, 4th M Block, Sriram Mandir, Dr.Rajkumar Road, Rajaji Nagar",12.982706,77.560699,6.0,28,6,30,0.57,34.2,17.46,11888,76.11,08:00-11:00,Medium,Medium
"Radisson Resort, ECR",Andhra pradesh,chennai,ECR,12.6238102,80.1947665,6.0,11,11,189,0.94,56.4,15.98,10318,32.34,12:00-15:00,High,High
Nikshan Electronics,Telangana,kannur,"Nikshan Arena, Bank Rd, Padanapalam, Kannur, Kerala ",11.868744605859,75.3660221268055,6.0,7,10,79,0.53,31.8,16.73,11303,76.98,18:00-21:00,Medium,Medium
"E Planet, Thalassery",Andhra pradesh,kannur,"AVK Nair Road, Pilakool, Thalassery, Kerala ",11.7455443615496,75.4950197030621,6.0,6,15,118,0.33,19.8,5.21,8207,25.87,18:00-21:00,Low,Low
Oyo Soho,Andhra pradesh,noida,"D-141, Block D, Sector 51, Noida, Uttar Pradesh 201301",28.58066,77.37497,6.0,19,1,226,0.66,39.6,19.38,5228,66.0,18:00-21:00,Medium,Medium
M R A Restaurant,Andhra pradesh,kannur,"Kasaragod - Kannur Rd, Trichambaram, Taliparamba, Kerala ",12.0256266201313,75.367177336021,6.0,40,9,116,0.54,32.4,9.76,2882,53.08,08:00-11:00,Medium,Medium
"AIMA Charging Station, Karinganad",Telangana,malappuram,"Karinganad, Vilayur PO, Pattambi Taluk",10.8878,76.189669,6.0,28,16,87,0.56,33.6,23.15,6862,41.98,08:00-11:00,Medium,Medium
Kekiz Malleswaram,Telangana,bengaluru,"No 280, Ira Arcade, 18th Cross, Sampige Road,  Malleswaram,",13.008305,77.571179,6.0,20,5,173,0.8,48.0,6.26,7797,39.64,12:00-15:00,High,High
Muthiah Towers,Telangana,tiruchirappalli,"Muthiah Towers, 1, Royal Rd, Cantonment, Tiruchirappalli, Tamil Nadu ",10.799797,78.6807052,6.0,36,13,206,0.61,36.6,20.61,6853,25.04,08:00-11:00,Medium,Medium
"Chai Point, Bellandur",Telangana,bengaluru,"4, Marathahalli - Sarjapur Outer Ring Rd, Koramangala 6 Block, Bellandur",12.922427,77.668422,6.0,24,12,63,0.71,42.6,20.82,5372,45.14,12:00-15:00,Medium,High
HOTEL REDWINGS CASTLE,Karnataka,mumbai,"Near to Orion Mall/ New Panvel Bridge, Old, Mumbai - Pune Expy,",18.9945351530371,73.1151324189656,6.0,19,2,207,0.36,21.6,8.27,3066,47.67,08:00-11:00,Low,Low
Radisson Bengaluru City Center,Delhi,bengaluru,"2, Gangadhar Chetty Rd, Yellappa Chetty Layout, Sivanchetti Gardens, Halasuru",12.976339,77.619717,6.0,9,10,121,0.62,37.2,12.28,2982,45.18,08:00-11:00,Medium,Medium
Ather Space - Dehradun,Delhi,dehradun,"56, Rajpur Rd, near Hotel Madhuban, IAS Officers Colony, Kairwaan Gaon, Dehradun, Uttarakhand 248009, India",30.3382561,8.0584541,6.0,32,3,64,0.52,31.2,5.94,6864,43.65,18:00-21:00,Medium,Medium
Mealodroma,Delhi,delhi,"A6, 110027, Najafgarh Rd, Vishal Enclave, Rajouri Garden, Delhi, 110027",28.6486023,77.1147014,6.0,25,18,201,0.68,40.8,8.68,6925,62.36,18:00-21:00,Medium,Medium
Hotel Om Navratna,Delhi,mumbai,"1/766, Old Mumbai Pune Highway, Near Agarwal Movers & Packers Ltd, at post Chouk",18.9014249045997,73.2365788533079,6.0,25,5,133,0.56,33.6,10.48,3203,38.53,08:00-11:00,Medium,Medium
Ather Space Mangalore,Punjab,mangalore,"No 3-30-2399/2, Pound Graden, Kadri Road,  Behind City Hospital",12.8785935,74.8513216,6.0,18,3,32,0.52,31.2,7.51,2818,75.01,18:00-21:00,Medium,Medium
Ather Space Kannur,Punjab,kannur,"Crux Mobility Pvt Ltd, City Tower, Near Har Cars",11.874322,75.3872,6.0,35,15,78,0.43,25.8,11.77,811,35.66,12:00-15:00,Low,Low
"Ather Space, Thrissur",Karnataka,trichur,"Autostarke Energy Pvt Ltd, 14/3 A1, Puzhakkal",10.54281,76.184562,6.0,11,4,29,0.44,26.4,19.18,10361,74.16,12:00-15:00,Low,Low
Hitech Motors,Maharashtra,tirupati,"Kanigiri - Tirupathi Rd, SV Auto Nagar, Tirupati, Andhra Pradesh",13.6292765,79.4619883,6.0,20,4,128,0.76,45.6,11.81,4345,21.37,18:00-21:00,High,High
"Ather Space, Palakkad",Jharkhand,palakkad,"KVR Green Energy Pvt Ltd , TS2 Ventures , Mercy College Junction",10.770167,76.637861,6.0,33,16,218,0.67,40.2,15.19,4365,20.8,12:00-15:00,Medium,Medium
Cashew Tree ,Odisha,goa,"Vaddy, Candolim, Candolim, Goa",15.5162506,73.7684465,6.0,34,13,30,0.49,29.4,5.9,7200,47.47,08:00-11:00,Low,Medium
MMA Matrix Gym,West Bengal,kolhapur,"MMA Matrix Gym, 1st Floor, Desai House, 7th Ln,",16.6936726519418,74.2410299261698,6.0,11,19,68,0.58,34.8,23.62,2634,27.8,12:00-15:00,Medium,Medium
Akki's Bistro,Andhra pradesh,kolhapur,"CS No 1082, Chandrameela Building, Near Krishna temple, Mohite park, Kolhapur, Maharashtra 416012",16.6856931,74.2084223,6.0,37,4,90,0.53,31.8,16.24,2774,48.39,08:00-11:00,Medium,Medium
Roy ka rasoi,Chhattisgarh,siliguri,"Netaji Subhas Road, Ward 20, Subhas Pally, Siliguri, West Bengal",26.7055489,88.4380447,6.0,13,9,86,0.86,51.6,14.24,11185,68.33,18:00-21:00,High,High
Hotel Kuppana,Delhi,tirupati,"5th Cross Rd, Tirumala Reddy Nagar, Mangalam, Tirupati, Andhra Pradesh 517507",13.648073,79.446494,6.0,29,4,118,0.82,49.2,20.49,7347,69.77,12:00-15:00,High,High
Guru Sweets & Snacks,Punjab,siliguri,"Khaprail Bazar Near R.P Trading, Khopalasi, West Bengal",26.7618706,88.3388182,6.0,34,6,154,0.37,22.2,19.54,1946,76.72,12:00-15:00,Low,Low
Hotel Rasraj Parking Zone,Maharashtra,mumbai,"Gaurav Automobile Compound, ,Ramnath Rd, opp. BVM Multiplex,",18.6509966955593,72.8740709203267,6.0,20,15,54,0.33,19.8,17.28,10965,62.29,08:00-11:00,Low,Low
Crazy Coffee,Maharashtra,jaipur,"Shop no. 9, Vardhman Nagar, near PUNO 200ft By Pass, Ajmer Rd, Jaipur",26.8838799908114,75.7397918152921,6.0,9,5,203,0.76,45.6,9.1,4247,41.12,12:00-15:00,High,High
Sultan of Flavours Restaurant,Maharashtra,palakkad,"Stadium Bypass Rd, Sultanpet, Palakkad",10.7672515526727,76.6603123172791,6.0,16,12,229,0.58,34.8,20.46,7544,76.64,08:00-11:00,Medium,Medium
Kalanthans Cafe,Maharashtra,kochi,"Palarivattom, Kochi",10.0026011738437,76.3040071197043,6.0,30,10,86,0.43,25.8,10.68,2746,26.73,08:00-11:00,Low,Low
Devaragam Hotel,Maharashtra,trichur,"Outer Ring Road, Opp Railway Station, East Nada, Guruvayur",10.595564727206,76.0443370352623,6.0,23,7,39,0.94,56.4,8.98,6810,21.76,12:00-15:00,High,High
Ather Space Thane,Rajasthan,mumbai,"Shop No. 4, Mansarovar, Opp. TMC Building, Almeda Rd,",19.1981177009338,72.9674150562047,6.0,7,15,226,0.5,30.0,8.43,9414,29.92,12:00-15:00,Low,Medium
Irani Chai,Delhi,bengaluru,"294, 15th Cross Rd, Sector 4, HSR Layout, Bengaluru",12.91371,77.644164,6.0,35,1,71,0.93,55.8,14.22,6370,51.08,18:00-21:00,High,High
"BESCOM,  KR Circle",Karnataka,bengaluru,"KR circle, Nrupathunga Road, Nunegundlapalli,  Ambedkar Veedhi, Bengaluru",12.9757032,77.5877251,6.0,36,12,97,0.38,22.8,18.99,6736,68.93,08:00-11:00,Low,Low
"Ather Space, Kollam",Tamil Nadu,kollam,"Raj Plaza Building, Kilikkolloor P.O, Kollam ",8.89921411695274,76.6129967442303,6.0,28,3,130,0.81,48.6,12.45,2990,37.32,08:00-11:00,High,High
"Naattarasan, Urapakkam",Kerala,chennai,"No: 245, GST Road, Opp to Indian Oil Bunk, Urapakkam, Chennai, Tamil Nadu ",12.8570595,80.0694857,6.0,4,12,33,0.7,42.0,11.58,5703,48.78,18:00-21:00,Medium,Medium
Hungry Hippo,Kerala,visakhapatnam,"50-49-43/A, TPT Colony, Balayya Sastri Layout, Seethammadara, Visakhapatnam, Andhra Pradesh 530013",17.7407038627437,83.311685815344,6.0,30,14,199,0.69,41.4,19.97,2501,59.07,18:00-21:00,Medium,Medium
F3 Drive-in,Kerala,hyderabad,"near Fusion International School, Ameenpur, Miyapur, Telangana",17.5173192,78.3188293,6.0,15,9,203,0.32,19.2,18.15,1768,51.32,12:00-15:00,Low,Low
"IOCL - COCO Niti Marg, Chanakyapuri",Delhi,Delhi,"Niti Marg, ChanakyaPuri, New Delhi-110021",28.599629,77.195806,7.0,27,11,166,0.88,52.8,18.26,7104,65.99,08:00-11:00,High,High
"SNEH DHABA, NH 1 Ganaur",Haryana,Ganaur,"64th Milestone, NH-1, Ganaur, Sonipat, Haryana 131101",29.157569,77.035833,7.0,17,20,86,0.39,23.4,5.51,4522,45.01,08:00-11:00,Low,Low
"Sara Automobile, Dobhi",Bihar,Gaya,"Sara Automobile Pvt Ltd, Eicher agency,NH-2  Opp:  Punjab National Bank, Suramandal near check post, Dobhi,  Gaya  PIN u00e2u0080u0093 824201",24.525355,84.932182,7.0,37,5,102,0.64,38.4,17.32,6954,60.2,18:00-21:00,Medium,Medium
"GUGNANI AUTOCARS, Pratap Nagari",Odisha,Cuttack,"PLOT NO- 785, PRATAP NAGARI, CUTTACK. State: ODISHA, Pin: 753011",20.40517,85.879782,7.0,24,8,116,0.33,19.8,9.67,981,73.4,12:00-15:00,Low,Low
"Varenyam Motor Car, Industrial Area",Madhya Pradesh,Bhopal,"56-57 JK Road Govindpura, Sector A, Govindpura Industrial Area, Bhopal, Madhya Pradesh 462023",23.259006,77.456769,7.0,21,10,223,0.89,53.4,16.16,4621,21.17,12:00-15:00,High,High
"Jaika Motors, Civil Lines",Maharashtra,Nagpur,Jaika Motors Pvt Ltd.Post Box No.1 Commercial Road Civil Lines Nagpur 440001,21.155667,79.078708,7.0,24,15,242,0.64,38.4,9.71,1471,66.61,12:00-15:00,Medium,Medium
"IOCL Kini Causway, Bandra",Maharashtra,Mumbai,"36, SV Rd, Santosh Nagar, Bandra West, Mumbai, Maharashtra 400050",19.051601,72.838011,7.0,30,15,84,0.75,45.0,19.75,3587,48.21,08:00-11:00,Medium,High
"IOCL Hundred Percent Filling & Service Station, Dwarka",Delhi,Delhi,"Sector 9, Dwarka, New Delhi, Delhi 110073",28.578641,77.05962,7.0,7,3,221,0.72,43.2,6.76,533,39.87,12:00-15:00,Medium,High
"Adisakti Motors, Davangere",Karnataka,Davangere,"No 628/K24, Shramajeevi Building, PB Rd, beside Aradhya Steel Wire Ropes, Avaragere, Davanagere, Karnataka 577003",14.441957,75.95206,7.0,17,1,70,0.94,56.4,11.29,8499,61.03,12:00-15:00,High,High
"True Sai Motors, Avaragere",Tamil Nadu,Krishnagiri,"No 417A/1A Krishnagiri Chennai Highway, Pethanapalli, opposite to Hotel, Krishnagiri, Tamil Nadu 635001",12.5306064,78.2375165,7.0,27,4,193,0.61,36.6,20.82,10356,32.88,12:00-15:00,Medium,Medium
"True Sai Motors, Narasothipatti",Tamil Nadu,Salem,"No 73 Salem, Omalur Highway, next to Hotel Grand Estancia, Narasothipatti, Salem, Tamil Nadu 636004,636001",11.682985,78.1260402,7.0,26,5,68,0.48,28.8,23.28,7841,54.71,08:00-11:00,Low,Medium
"Vikarsh Nano technology, Dhangarwadi",Maharashtra,Satara,"Vikarsh Nano technology & Alloys pvt ltd, Gat No 273&274, Dhangarwadi village Tal- Khandala, Shirwal Dist- Satara 412801",18.11289,73.98985,7.0,6,6,180,0.57,34.2,11.76,7301,33.69,08:00-11:00,Medium,Medium
"SR Tranzcars, Saibaba Koil",Tamil Nadu,Coimbatore,"1142-A, Mettupalayam Rd, Saibaba Koil, Coimbatore, Tamil Nadu 641043",11.022849,76.951635,7.0,22,4,64,0.73,43.8,17.01,6054,70.1,18:00-21:00,Medium,High
"Lakshmi Motors, Ambattur",Tamil Nadu,Chennai,"#79, 80,81, NEAR WAVIN BUS STOP, Ambattur Industrial Estate, Chennai, Tamil Nadu 600058",13.0883447,80.1704698,7.0,4,9,72,0.56,33.6,15.96,8027,28.01,12:00-15:00,Medium,Medium
"Lakshmi Motors, Velachery",Tamil Nadu,Chennai,"No 42, Velachery Main Rd, Guindy National Park, Guindy, Chennai, Tamil Nadu 600032",13.0080236,80.22165,7.0,6,20,193,0.58,34.8,12.46,5780,65.96,08:00-11:00,Medium,Medium
"Lilium Park, SH 44",Maharashtra,Ahmednagar,"Hotel Lilium Park State Highway 44, Opp. Lemon Tree Hotel, Ahmednagar, Maharashtra 414106",19.26433634,74.82719974,7.0,20,9,104,0.75,45.0,11.75,6422,55.55,18:00-21:00,Medium,High
"Oberai Motors,  ISBT Rd",Uttarakhand,Dehradun,"Near, ISBT Chowk, Shimla Bypass Rd, Majra, Dehradun, Uttarakhand 248001",30.289739,77.998788,7.0,13,16,195,0.95,57.0,9.78,8388,62.9,18:00-21:00,High,High
"Ashok Auto Sales, Civil Lines",Uttar Pradesh,Agra,"119-120/8, Sanjay Palace, Sanjay Place, Civil Lines, Agra, Uttar Pradesh 282002",27.200798,78.008796,7.0,12,13,35,0.55,33.0,5.57,9907,58.9,08:00-11:00,Medium,Medium
"IOCL - MC2, Industrial Area II",Punjab,Chandigarh,"Indian OIL - MC 2 , Industrial area Phase-II MC Site, CHANDIGARH TOZIRAKPUR ROAD AT INDUSTRIAL AREA, PHASE-II, CHANDIGARH (U.T.), Chandigarh, PIN: 160002",30.69649,76.79662,7.0,8,10,206,0.48,28.8,21.35,825,49.09,12:00-15:00,Low,Medium
"IOCL - COCO WRD, Agarkar Nagar",Maharashtra,Pune,"Agarkar Nagar, Pune, Maharashtra 411001",18.5269679,73.8655123,7.0,24,9,173,0.5,30.0,9.49,718,73.51,18:00-21:00,Low,Medium
"KVR Dream vehicles, Vidya Nagar",Kerala,Kasargod,"Panalam Nayamar Moola, Alampady Manya Road, Vidya Nagar, PO, Kasaragod, Kerala 671123",12.51382323,75.02713173,7.0,12,3,42,0.89,53.4,10.6,7134,66.53,12:00-15:00,High,High
"Sree Auto, BH Road Tumakuru",Karnataka,Tumakuru,"No 1 BH Road Near Gubbi, Gate, Tumakuru, Karnataka 572107",13.344796,77.080192,7.0,28,19,208,0.39,23.4,12.19,8551,35.95,08:00-11:00,Low,Low
"IOCL COCO Chengampalli, Salem-Kochi Highway",Tamil Nadu,Chengampalli,"Salem - Kochi Hwy, Vadamugam Kangayapalayam, Tamil Nadu 638812",11.213022,77.441968,7.0,9,12,247,0.91,54.6,12.37,6834,63.37,18:00-21:00,High,High
"Hotel Vididhi, Kothagudam",Telangana,Madgulapally,"Survey No. 173/2, 174/6, State Highway 2 NAM Expressway, Miryalaguda Highway Near Madugulapally Toll Plaza Kothagudam, Village, Madgulapally, Telangana 508247",16.991031,79.44047,7.0,17,4,124,0.35,21.0,23.81,9982,73.33,08:00-11:00,Low,Low
"Select Cars, Hyderabad Rd - Kothirampur",Telangana,Karimnagar,"No 8-6-396, Hyderabad Rd, Kothirampur, Karimnagar, Telangana 505001",18.417928,79.13639,7.0,22,9,158,0.69,41.4,12.9,10011,71.35,12:00-15:00,Medium,Medium
"MIDAS, Muzzafarnagar",Uttar Pradesh,Muzaffarnagar,"PLOT NO. 77-1 Delhi - Haridwar, Bypass, Hwy, Muzaffarnagar, Uttar Pradesh 251001",29.4585464,77.7397628,7.0,26,14,218,0.82,49.2,10.32,9573,77.91,08:00-11:00,High,High
"MIDAS Auto, Industrial Area ",Uttarakhand,Haridwar,"No E17 Old, Industrial Area, Haridwar, Uttarakhand 249401",29.942456,78.144234,7.0,14,16,23,0.54,32.4,9.84,11703,73.39,18:00-21:00,Medium,Medium
"Basudeb Auto Limited, Shanti Nagar",Jharkhand,Ranchi,"Basudeb Auto, Shanti Nagar, Plot No 11, Kokar Industrial Area, Shanti Nagar, Ranchi, Jharkhand 834001",23.371302,85.350737,7.0,27,14,103,0.33,19.8,14.22,8109,53.37,12:00-15:00,Low,Low
"Matsya Amazon Kitchens, Kurnool Rd",Andhra pradesh,Kurnool,"NH 44; Bangalore - Hyderabad  highway, Kurnool Rd, Andhra Pradesh 518216",15.576915,77.93704,7.0,7,8,240,0.31,18.6,19.54,8485,59.75,08:00-11:00,Low,Low
"Utkarsh Mototech, Assam Trunk Rd",Assam,Guwahati,"Kamakhya Gate, Swastik Ayodhya Complex, Assam Trunk Rd, Guwahati, Assam 781009",26.164406,91.715516,7.0,13,6,222,0.8,48.0,17.71,10272,42.04,12:00-15:00,High,High
"Hotel Grand Leela Krishna, Bhimavaram",Madhya Pradesh,Bhimavaram,"Undi Rd, Balusumoodi, Bhimavaram, Andhra Pradesh 534202",16.5451748,81.5199403,7.0,19,9,66,0.43,25.8,19.84,7281,73.29,18:00-21:00,Low,Low
"Jadhav Solar & Automotives, Badnera",Maharashtra,"Amravati, MH","Jadhav Solar & Automotives Pvt.  Ltd., Jadhav E-Vehicles, Ground floor, Rangoli Pearl Hotel, Nawathe Square, Badnera Road, Amravati, MH- 444607",20.909443,77.7522447,7.0,5,8,37,0.77,46.2,11.82,6477,52.43,18:00-21:00,High,High
"IOCL - SUJIT AUTOMOBILES, Bangalore-Kanyakumari Road",Maharashtra,Butibori,"Bangalore - Salem - Madurai - Kanyakumari Road, Butibori, Maharashtra 441108",20.92258656,78.99986387,7.0,13,20,70,0.58,34.8,18.85,6770,60.37,18:00-21:00,Medium,Medium
"Tata Steel Car Parking, Northern Town",Jharkhand,Jamshedpur,"Northern Town, Jamshedpur, Jharkhand 831001",22.800099,86.188305,7.0,11,2,131,0.63,37.8,15.85,1419,33.89,12:00-15:00,Medium,Medium
"Sakchi - Parking, Basant Central",Jharkhand,Jamshedpur,"Sakchi, Jamshedpur, Jharkhand 831001",22.802611,86.203633,7.0,36,7,80,0.61,36.6,12.36,6556,75.57,18:00-21:00,Medium,Medium
"Ambagan - Parking, Jubliee Park gate",Jharkhand,Jamshedpur,"Ambagan, Sakchi, Jamshedpur, Jharkhand - 831001",22.808483,86.198276,7.0,21,4,146,0.42,25.2,15.18,6130,44.15,12:00-15:00,Low,Low
"IOCL Sahara Hospitality, Vile Parle",Maharashtra,Mumbai,"opp. Domestic Airport, Navpada, Vile Parle East, Vile Parle, Mumbai, Maharashtra 400099",,,7.0,10,4,115,0.34,20.4,6.97,10838,77.31,08:00-11:00,Low,Low
"Hotel Parivar, Mehkar Buldhana",Maharashtra,Buldhana,"SH-207, Mehkar Malegaon Karanja Road, Mehkar, Buldhana Maharashtra - 443301",,,7.0,17,9,51,0.38,22.8,11.99,3611,35.11,08:00-11:00,Low,Low
"Hotel Sanskruti , Trambakeshwar Rd",Maharashtra,Nashik,"Trambakeshwar Rd, Belgaon Dhaga, Nashik, Maharashtra 422007",19.973146,73.68105,7.0,31,7,165,0.63,37.8,10.17,11568,68.4,08:00-11:00,Medium,Medium
"IOCL Manjalpur, GIDC Rd Manjalpur",Gujarat,Vadodara,"312, GIDC Rd, Beside Om Pippadiya Hanumanji Mandir, Ghanshyam Nagar Society 2, Manjalpur, Vadodara, Gujarat 390011",22.271793,73.190795,7.0,35,12,250,0.4,24.0,20.15,9792,21.53,18:00-21:00,Low,Low
"RKL TML Showroom, Sec 9 GIDA",Uttar Pradesh,Gorakhpur,"AL -4A, Sector 9 GIDA , Gorakhpur, Uttar Pradesh- 273209",26.743642,84.263369,7.0,6,15,40,0.83,49.8,18.72,928,21.58,18:00-21:00,High,High
"IOCL - Citi Fuels, Virender Nagar",Delhi,Delhi,OPP.-VIRENDER NAGAR NEAR BHARATI COLLEGE NEW DELHI,28.622486,77.09547,7.0,17,15,197,0.38,22.8,17.88,3384,25.44,12:00-15:00,Low,Low
"SRM Motors, Vikas Nagar",Uttar Pradesh,Lucknow,"11/CP-2, Tedhi Pulia Ring Rd, Vikas Nagar, Lucknow, Uttar Pradesh 226022",26.900894,80.964231,7.0,29,17,213,0.93,55.8,13.99,11043,72.06,08:00-11:00,High,High
"Shree Dev Wheels, Acharya Nagar",Uttar Pradesh,Ayodhya,"Plot No 402 and 403 B Sultanpur Road, Acharya Nagar, near Avadh University, Ayodhya, UP 224001",26.755089,82.141261,7.0,6,1,51,0.42,25.2,23.98,11356,70.01,12:00-15:00,Low,Low
"IOCL - Gay Service Station, Azadpur",Delhi,Delhi,"Near Azadpur, New Delhi,110033",28.703312,77.181109,7.0,29,11,139,0.91,54.6,7.99,2750,52.64,12:00-15:00,High,High
"Ace Kudale Cycles, Manjri  Bk",Maharashtra,Pune,"Manjri Bk, Pune, Maharashtra 412307",18.4957722,73.97893593,7.0,10,16,35,0.78,46.8,24.3,6487,75.58,08:00-11:00,High,High
"Hotel Dreamland, ST Main Market Mahabaleshwar",Maharashtra,Mahabaleshwar,"BUS STAND, MAIN MARKET, behind S.T, Mahabaleshwar, Maharashtra 412806",17.92564438,73.65552014,7.0,22,7,47,0.55,33.0,16.4,7001,41.67,08:00-11:00,Medium,Medium
"ARDEE MALL, Sec 52 Gurgaon",Delhi,Gurgaon,"Ardee City Road, Sector 52, Gurgaon-122022",28.444672,77.08082,7.0,34,18,245,0.38,22.8,15.24,5616,70.62,08:00-11:00,Low,Low
"Hotel Baba Ramdev, Sirohi",Rajasthan,Sirohi,"Hotel Baba Ramdev Campus, Nh. 62, near Paladi (m), Vera Vilpur, Sirohi, Rajasthan 307043",24.973775,72.895964,7.0,10,5,106,0.79,47.4,9.97,4123,42.95,08:00-11:00,High,High
"ABC Autolink, NH 64 Ranoli",Gujarat,Vadodara,"No 1401, Ranoli GIDC, Vadodara, NH 64, Gujarat 391350",22.403828,73.13455,7.0,4,13,32,0.57,34.2,14.69,939,34.02,18:00-21:00,Medium,Medium
"Brookfield, Powai",Maharashtra,Mumbai,"Spectra, High St, Hiranandani Gardens, Powai, Mumbai, Maharashtra 400076",19.11637,72.91086,7.0,34,17,167,0.49,29.4,16.8,3137,29.49,18:00-21:00,Low,Medium
"Brookfield, Powai",Maharashtra,Mumbai,"Pay & Park, Central Ave, Hiranandani Gardens, Powai, Mumbai, Maharashtra 400076",19.11644,72.90968,7.0,9,19,59,0.62,37.2,16.73,3185,35.77,12:00-15:00,Medium,Medium
"MG Ranchi, Line Tank Road",Jharkhand,Ranchi,"Near Firayalals Pulsar Plaza, Line Tank Rd, Ranchi, Jharkhand 834001",23.371745,85.326113,7.0,29,1,197,0.79,47.4,23.71,6010,29.82,18:00-21:00,High,High
"MG Bhubaneswar, NH 16",Odisha,Bhubaneswar,"Plot No. 86/88, Near Apex Institute of Technology & Management, Pahala, NH-16, Bhubaneswar, Odisha-752101",20.352134,85.8903743,7.0,15,2,109,0.54,32.4,12.3,10666,48.69,12:00-15:00,Medium,Medium
"Ginger Nashik , Satpur Colony",Maharashtra,Nashik,"Plot No P 20 (Part), Satpur MIDC Near Satpur MIDC Police Station (Near Bank of India, Branch Nashik, Trimbakeshwar Rd, MIDC, Satpur Colony, Nashik, Maharashtra 422007",19.991881,73.743904,7.0,5,5,171,0.45,27.0,15.45,6949,57.22,08:00-11:00,Low,Low
"TML- Sterling Motors , Renuka Nagar",Maharashtra,Nashik,"PB No 033, Old Agra Rd, Gadkari Chowk, Renuka Nagar, Nashik, Maharashtra 422001",19.9932,73.783133,7.0,13,16,93,0.65,39.0,10.36,8202,72.88,18:00-21:00,Medium,Medium
"IOCL Kevadia, Garudeshwar",Gujarat,Kevadia,"Survey No u00e2u0080u0093 422, 423 Village u00e2u0080u0093 Kevadiya, Taluka u00e2u0080u0093 Garudeshwar District u00e2u0080u0093 Narmada, Gujarat, 393151",21.885704,73.688136,7.0,40,3,141,0.89,53.4,7.52,6693,31.91,12:00-15:00,High,High
"Satish Motors, Wanjarwadi",Maharashtra,Aurangabad,"Plot No72/1 Saharanpur, Wanjarwadi Aurangabad 431002",19.911983,75.232932,7.0,21,19,173,0.33,19.8,14.04,8371,26.95,18:00-21:00,Low,Low
"Heritage Motors, Ghodbunder",Maharashtra,Thane,"Rosa Vista, MH SH 42, opp. Suraj Water Park, Thane, Maharashtra 400607",19.25612,72.97145,7.0,9,9,145,0.59,35.4,12.52,6575,69.16,18:00-21:00,Medium,Medium
"IOCL Karari Fuels, NH 44 Kishangarh",Punjab,Kisangarh,"NH 44, Kishangarh chownk, Jalandhar - Pathankot Rd, Punjab 144301",31.431348,75.620357,7.0,8,6,133,0.86,51.6,15.61,7783,72.75,08:00-11:00,High,High
"IOCL Royal Petro, NH 44",Haryana,Karnal,"NH 44, Near The Royal Paradise Resort , Karnal- 132001",29.731581,76.976511,7.0,4,15,240,0.48,28.8,12.77,11741,31.14,18:00-21:00,Low,Medium
"Sagar Motors, Sector 5 Noida",Uttar Pradesh,Noida,"B-123, Udhyog Marg, opp. PayTM building, B Block, Sector 5, Noida, Uttar Pradesh 201301",28.59093,77.31969,7.0,32,16,32,0.85,51.0,11.34,10568,64.12,12:00-15:00,High,High
"Smile Stone Motels, Kamargaon",Maharashtra,Ahmednagar,"76/B, Nagar-Pune Road, Kamargaon, Ahmednagar,Maharashtra-411 005",18.9852363,74.5760075,7.0,33,16,247,0.46,27.6,12.46,10252,56.03,18:00-21:00,Low,Medium
"One Awadh Centre, Gomti Nagar",Uttar Pradesh,Lucknow,"384, Vibhuti Khand, Gomti Nagar, Lucknow, Uttar Pradesh 226010",26.86372513,81.01027566,7.0,36,14,27,0.4,24.0,5.22,5262,41.61,18:00-21:00,Low,Low
"IOCL COCO u00e2u0080u0093 Central Jail RO, Rambagh",Madhya Pradesh,Indore,"Snehlataganj, Indore, Madhya Pradesh 452003",22.335789,73.173794,7.0,37,10,210,0.79,47.4,12.38,545,48.85,12:00-15:00,High,High
"IOCL - Vrindavan Fuels, Mangal Nagar,Manikbagh",Madhya Pradesh,Indore,"Manikbagh, Mangal Nagar, Indore, Madhya Pradesh 452014",22.6848351,75.8558249,7.0,26,18,189,0.61,36.6,5.5,6159,20.29,12:00-15:00,Medium,Medium
"Chandrani Enterprises, Bogra",West Bengal,Bardhaman,"N/536 BOGRA CHATTI National Highway 2 Paschim Burdwan. , Bogra, Bardhaman- 713332",23.663888,87.057978,7.0,36,6,17,0.39,23.4,5.46,5743,61.55,12:00-15:00,Low,Low
"SS Motogen, Barwadda",Jharkhand,Dhanbad,"NH 2 Kashitand, Nag Nagar, Barwadda, Dhanbad, Jharkhand 826004",23.848551,86.441642,7.0,4,3,48,0.58,34.8,8.4,6139,64.39,08:00-11:00,Medium,Medium
"TC Motors, Domjur",West Bengal,Howrah,"NH 16, Salap More, near Kolkata West International City, Domjur, Howrah, West Bengal 711403",22.614383,88.273187,7.0,39,13,91,0.38,22.8,5.4,11921,45.29,18:00-21:00,Low,Low
"Rangeet Auto, NH 31",West Bengal,Coochbehar,"31-NH CHOKCHOKA, OPPOSITE PROVA AUTOMOBILE, NEAR CHECK POST, COOCHBEHAR, COOCH BEHAR, WEST BENGAL, 736101",26.323416,89.484913,7.0,12,1,44,0.35,21.0,16.35,10129,68.01,08:00-11:00,Low,Low
"Rangeet Auto, Rumtek Road",Sikkim,Gangtok,"R.P. ALLEY COMPLEX, ADAMPOOL, RUMTEK ROAD, GANGTOK, EAST SIKKIM, SIKKIM, 737135",27.305524,88.585965,7.0,22,4,167,0.94,56.4,20.94,7263,23.06,08:00-11:00,High,High
"Rangeet Auto, Sevoke Road",West Bengal,Siliguri,"Shop No 1 And 2, Orchid Building, Sevoke Road, Near Check Post, Near Vega Mall, Siliguri, West Bengal 734001",26.750937,88.439995,7.0,31,7,91,0.89,53.4,20.87,387,37.41,08:00-11:00,High,High
"Tata Steel, Park Street",West Bengal,Kolkata,"43, Jawaharlal Nehru Rd, Kankaria Estates, Park Street area, Kolkata, West Bengal 700071",22.547449,88.349602,7.0,21,18,212,0.5,30.0,22.94,11544,72.35,18:00-21:00,Low,Medium
"Orange Auto, Erragadda",Telangana,Hyderabad,"8-3-165, Beside Gokul Theatre, Erragadda, Hyderabad u00e2u0080u0093 500018",17.454398,78.434575,7.0,9,13,81,0.92,55.2,17.39,3505,49.9,18:00-21:00,High,High
"Orange Auto, Karkhana",Telangana,Hyderabad,"Plot No 54, Gayatri Westend Kakaguda, Karkhana, Secunderabad - 500015",17.45848,78.5,7.0,23,15,212,0.4,24.0,14.8,9037,22.03,18:00-21:00,Low,Low
"Orange Auto, Hafeezpet",Telangana,Hyderabad,"16ABC, Mini Industrial estate, Hafeezpet, Hyderabad, Telangana 500049",17.490308,78.354536,7.0,34,12,111,0.33,19.8,20.29,1825,47.34,08:00-11:00,Low,Low
"KRAFT AUTO, Bokaro Industrial Area",Jharkhand,Bokaro,"Plot no.- II/A 88, Phase - II,Bokaro Industrial Area,Bokaro - Jharkhand 827014 ",23.66473,86.073024,7.0,16,12,41,0.7,42.0,12.57,3440,32.38,08:00-11:00,Medium,Medium
"Lexus Motors, New Town",West Bengal,Kolkata,"Plot No IID/13, Major Arterial Road (North Extension, 14, Rajarhat Rd, AA II, Newtown, Kolkata, West Bengal 700156",22.620585,88.461154,7.0,13,14,183,0.67,40.2,20.96,3843,73.22,12:00-15:00,Medium,Medium
"Shankar Motors, Patliputra Industrial Area",Bihar,Patna,"Shankar Motors Patna, C1, behind P & M Mall, Patliputra Industrial Area, Patliputra Colony, Patna, Bihar 800013",25.634199,85105514.0,7.0,25,18,88,0.7,42.0,7.04,5325,26.52,08:00-11:00,Medium,Medium
"IOCL Drive-In, Belgachia",West Bengal,Kolkata,"Khudiram Bose Road (Guchia Rd), Dutta Bagan, Belgachia, Kolkata, West Bengal 700037",22.607396,88.392281,7.0,9,15,111,0.65,39.0,15.0,2974,43.38,08:00-11:00,Medium,Medium
"Four Points By Sheraton, Tonk Road",Rajasthan,Jaipur,"No. 1, City Square, Vasundhara Colony, Tonk Road, Jaipur, Rajasthan, 302016",26.8643722,75.7957703,7.0,37,12,173,0.56,33.6,14.26,10263,28.85,18:00-21:00,Medium,Medium
"Four Points By Sheraton Hotel, Nagar Road",Maharashtra,Pune,"5th Milestone, Nagar Road, Pune - 411014",18.562826,73.922392,7.0,27,18,234,0.95,57.0,16.38,9879,57.84,12:00-15:00,High,High
"Fairfield by Marriott,Gachibowli",Telangana,Hyderabad,"Road No. 2, Financial District, Gachibowli, Hyderabad, Telangana - 500032",17.423858,78.347334,7.0,28,8,228,0.53,31.8,14.14,5786,77.62,12:00-15:00,Medium,Medium
"Fairfield by Marriott, Mahindra World City",Tamil Nadu,Chennai,"Near Main Entrance, Mahindra World City, Chennai - 603002",12.730596,80.00463,7.0,29,6,133,0.69,41.4,11.04,5921,55.52,08:00-11:00,Medium,Medium
"Four Points by Sheraton, Chennai OMR",Tamil Nadu,Chennai,"Survey No 169, Plot 1B and 1A, Rajiv Gandhi Salai, Kumaran Nagar, Sholinganallur, Chennai-600119,Four Points 1, Semmancheri, Chennai, Tamil Nadu 600119",12.875613,80.227372,7.0,10,19,167,0.37,22.2,11.01,1188,70.67,18:00-21:00,Low,Low
"Fairfield by Marriott, Ashram Rd",Gujarat,Ahmedabad,"Ashram Rd, Satyawadi Society, Usmanpura, Ahmedabad, Gujarat 380013",23.0522787,72.5710882,7.0,38,6,188,0.51,30.6,17.14,8930,64.1,12:00-15:00,Medium,Medium
"IOCL - Ruchika Service Station, Mayur Vihar",Delhi,Delhi,"KONDLI GHARAOLI,  MAYUR VIHAR PH-III NEW DELHI-110096",28.6034988,77.3354221,7.0,12,1,239,0.84,50.4,20.16,9411,56.16,08:00-11:00,High,High
"Sagar Motors, Dilshad Garden",Delhi,Delhi,"No ZB/43 487 & ZB, 44 487, Dilshad Garden, New Delhi, Delhi 110095",28.676246,77.31768,7.0,7,10,124,0.74,44.4,12.39,10743,20.49,18:00-21:00,Medium,High
"IOCL Laxmi Narayan Petroleum, Changodar",Gujarat,Changodar,"National Highway 8A, Changodar, Gujarat 382210",22.9378139,72.455668,7.0,36,10,221,0.65,39.0,19.8,6174,76.79,12:00-15:00,Medium,Medium
"IOCL Om Petroleum, Kamod",Gujarat,Kamod,"Kamod, Gujarat 382427",22.9247437,72.5434955,7.0,15,6,226,0.73,43.8,24.44,4423,53.77,18:00-21:00,Medium,High
"IOCL Omkar Petroleum, Subhanpura",Gujarat,Vadodara,"High Tension Rd, Subhanpura, Vadodara, Gujarat 390023",22.3216986,73.154986,7.0,12,10,194,0.79,47.4,14.57,5567,49.75,12:00-15:00,High,High
"Lexican Motors, Matigara",West Bengal,Siliguri,"Reliance Industrial Consortium Ltd. NH 31 Baniakhari, Kusumnagar Landmark, beside Barsana Hotel, Matigara, Siliguri, West Bengal 734010",26.729623,88.373903,7.0,39,14,199,0.93,55.8,15.35,4772,29.34,18:00-21:00,High,High
"Panvel Industrial Fastners, Mum-Pune Expressway",Maharashtra,Navi Mumbai,"Next MGL CNG Station, 29/37 Jawahar Coop Industrial Estate , On Mumbai - Pune Express Highway, Taluka, Kamothe, Panvel, Navi Mumbai, Maharashtra 410209",,,7.0,25,16,161,0.63,37.8,10.03,2958,33.81,12:00-15:00,Medium,Medium
"IOCL Shanthi Social Services, Singanallur",Tamil Nadu,Coimbatore,"128, 2247, Trichy Rd, Krishnapuram Medu, Singanallur, Tamil Nadu 641005",11.00269216,77.0387079,7.0,19,8,115,0.74,44.4,9.9,10556,39.07,08:00-11:00,Medium,High
"Hotel Mamalla Heritage, Fisherman Colony",Tamil Nadu,Mahabalipuram,"104 east raja street, Mahabalipuram, Tamil Nadu 603104",12.61860448,80.19400597,7.0,22,17,26,0.86,51.6,21.7,4629,25.01,08:00-11:00,High,High
"Motel Mamalla, SH 49",Tamil Nadu,Mahabalipuram,"Motel Mamalla No.77, East Coast Road, SH 49, Mahabalipuram, Tamil Nadu 603104",12.6325138,80.1958391,7.0,22,7,78,0.75,45.0,15.34,10773,39.16,18:00-21:00,Medium,High
"Pumpkin Tales, Alwarpet",Tamil Nadu,Chennai,"37, 20, Bheemanna Garden St, Alwarpet, Chennai, Tamil Nadu 600018",13.033655,80.255285,7.0,32,18,191,0.94,56.4,20.61,10138,76.46,18:00-21:00,High,High
"Mahati Industries limited, Shankar Sheth Road",Maharashtra,Pune,"32/33, Shankar Sheth Road, B/H S T Workshop, Shankar Sheth Road, Pune, Maharashtra-411037",18.4995583,73.8685639,7.0,12,17,75,0.8,48.0,23.06,3472,25.3,18:00-21:00,High,High
"Blue Moon Highway Restaurant, Bangalore-Hyderabad Highway",Andhra pradesh,Anantapuram,"NH 44; Bangalore - Hyderabad  highway, 116/1B, Midthuru, Peddavaduguru, Anantapuram, Andhra Pradesh 515405",15.02395,77.620628,7.0,25,9,172,0.52,31.2,24.33,6656,33.93,18:00-21:00,Medium,Medium
"Dion Automotives, Ankuli Bye Pass Road",Odisha,Berhampur,"Ankuli Bye Pass Road, Berhampur, Ganjam Dist ODISHA 760010",19.298988,84.831762,7.0,12,7,192,0.85,51.0,24.85,6264,41.49,12:00-15:00,High,High
"Shyam Automotive, AB Road",Madhya Pradesh,Indore,"A B Road, Before Emerald Heights School, Indore, Madhya Pradesh 453331",22.6520302,75.821321,7.0,28,13,162,0.35,21.0,11.78,7450,38.59,08:00-11:00,Low,Low
"IOCL - Jopadevi Petroleum, Talegaon-Chakan Rd",Maharashtra,Khalumbre,"Talegaon-Chakan Rd, Khalumbre, Maharashtra 410501",,,7.0,23,5,199,0.66,39.6,21.74,4523,60.66,18:00-21:00,Medium,Medium
"IOCL - Trishul Service Station, Pimpri-Chinchwad",Maharashtra,Pune,"T-163, MIDC Bhosari, Pune, MIDC, Bhosari, Pimpri-Chinchwad, Piune-411026",18.6209574,73.8299842,7.0,13,10,160,0.4,24.0,18.42,4740,35.48,18:00-21:00,Low,Low
"Aavas Hotels & Resorts, NH 16 Velampalli",Andhra pradesh,Ongole,"NH 16, Vijayawada - Nellore Hwy, Vellampalli (Maddipadu) Ongole,  Andhra Pradesh u00e2u0080u0093 523211",15.6382976,80.0167529,7.0,15,18,154,0.68,40.8,18.05,6268,74.48,08:00-11:00,Medium,Medium
"Bahubali Motors, Transport Nagar",Chhattisgarh,Raipur,"Mumbai - Kolkata Hwy, Beside M.P Dhaba, Transport Nagar, Tatibandh, Raipur, Chhattisgarh 492099",21.2567897,81.5594445,7.0,21,15,96,0.92,55.2,19.21,11124,38.01,08:00-11:00,High,High
"Malik Cars, Old Bowenpally",Telangana,Secunderabad,"Adj Service Road Sri Sai Enclave, Old Bowenpally, Secunderabad, Telangana 500011",17.478362,78.4737723,7.0,28,18,57,0.45,27.0,10.26,6986,58.61,18:00-21:00,Low,Low
"Sairam Automobiles, Krishna Nagar",Chhattisgarh,Bhilai,"Sairam auto G. E Road, Krishna Nagar, Supela, Bhilai, Chhattisgarh 490023",21.2165392,81.401487,7.0,4,12,100,0.91,54.6,9.72,10981,24.58,12:00-15:00,High,High
"Sairam Automobiles, Light Industrial Area",Chhattisgarh,Khursipar," Zone III, Light Industrial Area, Khursipar, Chhattisgarh 490011",21.206036,81.3418606,7.0,14,4,214,0.52,31.2,23.03,2420,34.48,08:00-11:00,Medium,Medium
"Shankar Motors, Prem Nagar",Bihar,Bhagalpur,"Ground Floor, Sabour Rd, near Engineering College, Prem Nagar, Bhagalpur, Bihar 812002",25.2522094,87.0450289,7.0,29,6,223,0.45,27.0,19.64,11050,25.04,08:00-11:00,Low,Low
"IOCL - NAVABHARAGAVA FILLING STATION, Vijayawada - Hyderabad Hwy",Andhra pradesh,Vijayawada,"Vijayawada - Hyderabad Hwy, Ibrahimpatnam, Andhra Pradesh 521456",16.5812639,80.5263493,7.0,23,14,44,0.93,55.8,16.17,3312,72.06,08:00-11:00,High,High
"Pacific Mall, Tagore Garden",Delhi,Delhi,"Najafgarh Rd, Tagore Garden, Tilak Nagar, New Delhi, Delhi 110018",28.6422188,77.1058913,7.0,21,19,126,0.83,49.8,14.93,4229,45.5,18:00-21:00,High,High
"Pacific Mall, Netaji Subash Palace",Delhi,Delhi,"Pitam Pura, New Delhi, Delhi 110034",28.6933409,77.1531325,7.0,38,7,174,0.3,18.0,7.11,5531,40.16,12:00-15:00,Low,Low
"Pacific Mall,  Dwarka",Delhi,Delhi,"Dwarka sector 21 metro station, PACIFIC MALL, Sector 22 Rd, Sector 21, Dwarka, New Delhi, Delhi 110077",28.5512199,77.056702,7.0,5,17,50,0.64,38.4,15.9,9654,70.98,12:00-15:00,Medium,Medium
"Pacific Mall, Sahibabad",Uttar Pradesh,Ghaziabad,"Plot Alpha, Sahibabad Industrial Area Site 4, Sahibabad, Ghaziabad, Uttar Pradesh 201010",28.6461808,77.3207891,7.0,32,3,58,0.75,45.0,13.93,7703,28.84,08:00-11:00,Medium,High
"Pacific Mall, Rajpur Road",Uttarakhand,Dehradun,"Pacific mall, Rajpur Rd, Jakhan, Dehradun, Uttarakhand 248001",30.3662595,78.070528,7.0,33,11,236,0.5,30.0,11.77,4222,50.71,08:00-11:00,Low,Medium
"Tristar Auto Agencies, RK Beach Junction",Andhra pradesh,Vizag,"Beside Kali Matha Mandhir, RK Beach Junction, Visakhapatnam-530002",17.71241304,83.3184811,7.0,28,3,179,0.75,45.0,8.66,5237,55.28,18:00-21:00,Medium,High
"Zostel, Dandeghar",Maharashtra,Panchgani,"Panchgani, Wai, Main Road, Dandeghar, Maharashtra 412805",17.9335258,73.8158574,7.0,6,8,169,0.71,42.6,8.9,4641,46.73,12:00-15:00,Medium,High
"Rama Automobiles, Patilwada",Maharashtra,Pune,"Ground Floor Pune Nasik Highway, Manchar, Shevawadi, behind Morde Food Product Company, Patilwada, Pune, Maharashtra 410503",18.99132729,73.94277954,7.0,5,8,94,0.85,51.0,20.38,1873,52.73,12:00-15:00,High,High
"Hotel Temple View, Sai Nagar",Maharashtra,Shirdi,"Sai Murali Complex, Manmad Rd, opp. Sai Temple Nagar, Sai Nagar, Shirdi, Maharashtra 423109",19.7650352,74.4754592,7.0,23,10,223,0.34,20.4,20.05,11457,61.12,12:00-15:00,Low,Low
"Gramps Auto, Bampada",Odisha,Balasore,"NH 16 (Old NH 5), Bampada, Balasore. State: ODISHA, Pin: 756056",21.497869,86.88961,7.0,26,5,77,0.85,51.0,19.14,11433,66.17,12:00-15:00,High,High
"Jagdalpur Motors, Geedam Road",Chhattisgarh,Jagdalpur,"Geedam Rd, Pandripan, Chhattisgarh 492099",19.0657802,81.9635956,7.0,13,5,222,0.7,42.0,19.72,7621,29.51,08:00-11:00,Medium,Medium
"Pragati Trading, NH 37",Assam,Jorhat,"NH37, Jorhat, Assam 785006",26.7470487,94.1680718,7.0,31,3,131,0.42,25.2,22.67,1988,54.8,08:00-11:00,Low,Low
"Yaksh The Art People, Delhi-Jaipur Highway",Rajasthan,Sayri,"Yaksh, The Art People, Delhi-Jaipur Highway, Syari, Rajasthan 303002",27.1590851,75.9603844,7.0,38,16,246,0.9,54.0,23.8,7960,79.31,08:00-11:00,High,High
"Oberoi Mall, Goregaon",Maharashtra,Mumbai,"Western Express Hwy, Yashodham, Goregaon, Mumbai, Maharashtra 400063",19.1737611,72.8600172,7.0,17,11,32,0.72,43.2,18.11,5518,75.7,08:00-11:00,Medium,High
"Oberoi Mall, Goregaon",Maharashtra,Mumbai,"Western Express Hwy, Yashodham, Goregaon, Mumbai, Maharashtra 400063",19.1737611,72.8600172,7.0,24,13,201,0.69,41.4,10.2,11354,66.64,18:00-21:00,Medium,Medium
"Parin Motors, NH8 Gondal Highway",Gujarat,Rajkot,"149, Plot No 2, Survey No, NH 8B, Gondal Highway, near Parin Furniture, Rajkot, Gujarat 360004",22.225264,70.801197,7.0,5,14,198,0.55,33.0,7.72,9821,69.11,18:00-21:00,Medium,Medium
"IOCL RO u00e2u0080u0093 Basanti Hwy, Bayarmari",West Bengal,Bayamari,"Plot 392&393 Mouza, Bayarmari, Nazat Dist. North 24 Paraganas - West Bengal 743442",22.4380501,88.763395,7.0,10,4,248,0.87,52.2,11.49,4603,29.34,12:00-15:00,High,High
"Ashutosh Motors, near NHPC Godown",Assam,Nagaon,"Biroh Bebejia Sensowa, near NHPC Godown, Nagaon, Assam 782002",26.3123315,92.6401864,7.0,11,4,56,0.74,44.4,13.35,1982,71.91,08:00-11:00,Medium,High
"Daspalla Hotels, Jubilee Hills",Telangana,Hyderabad,"Daspalla Hotels u00e2u0080u0093 (Jublee Hill Resorts Pvt Ltd)- Rd Number 37, CBI Colony, Jubilee Hills, Hyderabad, Telangana 500033",17.4368304,78.3983261,7.0,15,9,110,0.41,24.6,13.27,3112,60.74,18:00-21:00,Low,Low
"Hotel Greenland Towers, NH 6 & 16 ",West Bengal,Rupnarayanpur,"NH 6&16, Industrial Area, Rupnarayanpur, West Bengal 721301",22.380721,87.365968,7.0,28,2,173,0.9,54.0,19.14,10935,71.98,12:00-15:00,High,High
"Trupti Enterprises, Bhagabanpur Industrial Area",Odisha,Bhubaneswar,"IDCO, Plot No 16, 17, 32&33 Bhagabanpur Industrial Area, Bhubaneswar, Odisha 751019",20.238165,85.756643,7.0,38,15,99,0.49,29.4,20.37,9233,69.05,18:00-21:00,Low,Medium
"Trimurti Petroleum, Panvel",Maharashtra,Navi Mumbai,"GUT NO.151/2, VILLAGE - AJIVALI, TALUKA - PANVEL, RAIGAD, AJIVALI, 410216",18.9563188,73.1626506,7.0,12,10,117,0.64,38.4,8.49,9441,69.8,18:00-21:00,Medium,Medium
"HP Service Center, Sola ",Gujarat,Ahmedabad,"F.P. No 232/1, Solaroad, Ahmedabad 380061",23.0633903,72.5317625,7.0,9,9,129,0.47,28.2,21.5,6958,78.37,12:00-15:00,Low,Medium
"HP Autocare , Bodakdev",Gujarat,Ahmedabad,"JUDGES BUNGALOW ROAD, T VILLAGE : BODAKDEV , CITY : AHMEDABAD 380054",23.0332201,72.5137528,7.0,35,9,129,0.66,39.6,24.48,4967,58.56,18:00-21:00,Medium,Medium
"Daisy Motors, TML - CV, Hisar",Haryana,Hisar,"Daisy Motors, 12th KM Stone, Delhi-Hisar Bypass, Road, Hisar - 125001",29.1259617,75.8027817,7.0,18,12,240,0.81,48.6,9.15,5331,79.76,08:00-11:00,High,High
"Shree Balaji Autowheels, Moradabad",Uttar Pradesh,Moradabad,"Ground Floor, Delhi Rd, opposite Circuit House, Majhola, Moradabad, Uttar Pradesh 244001",28.828917,78.7328429,7.0,33,6,116,0.61,36.6,16.24,6513,58.54,08:00-11:00,Medium,Medium
"IOCL - Tikri Gas, Delhi",Delhi,Delhi,"Rohtak Road, Block C, Tyagi Vihar, Ghevra, Delhi, 110072",28.6868847,76.9849286,7.0,28,7,21,0.49,29.4,6.87,9189,63.86,18:00-21:00,Low,Medium
"Manickbag automobiles, Udyambag",Karnataka,Belgaum,"No 691, Bemciel Industrial Estate Khanapur Road, NH4 A, Udyambag, next to Bemco, Belagavi, Karnataka 590008",15.8191673,74.4937744,7.0,20,5,109,0.94,56.4,18.49,9374,23.89,08:00-11:00,High,High
"Manickbag automobiles, Vidya Nagar",Karnataka,Hubli,"VIDYA NAGAR, DIST : Hubli, Karnataka 580031",15.369541,75.119095,7.0,17,6,82,0.77,46.2,19.74,3197,25.08,18:00-21:00,High,High
"Sonaee Veg Family Restaurant, Pune-Solapur Highway",Maharashtra,Uruli Kanchan,"National Highway 65 Yavat, Uruli Kanchan, Maharashtra 412202",18.487405,74.146125,7.0,19,12,67,0.4,24.0,9.2,2367,70.28,08:00-11:00,Low,Low
"IOCL - Hemkund, Pasonda",Uttar Pradesh,Ghaziabad,"Khasra No 1746/2,Village u00e2u0080u0093 Pasonda,Tehsil- Sadar,Dist u00e2u0080u0093 Ghaziabad-201005",28.6765653,77.341822,7.0,36,2,159,0.69,41.4,6.75,6933,69.32,12:00-15:00,Medium,Medium
IOCL Risal Petro Delhi,Delhi,Delhi,"Burari Rd, opposite Sta Tpt Authority, Laldora, Jharoda, Jharoda Majra Burari, New Delhi, Delhi 110084",28.7324265,77.1986248,7.0,35,11,172,0.35,21.0,17.9,5927,44.25,18:00-21:00,Low,Low
IOCL Paul Motors Delhi,Delhi,Delhi,"Main Road, Sat Guru Ram Singh Rd, MS Block, Block F, Mayapuri Industrial Area Phase II, Mayapuri, New Delhi, Delhi 110064",28.61986668,77.11398244,7.0,5,9,87,0.4,24.0,10.64,9891,50.22,18:00-21:00,Low,Low
"Yash Motors, Chittorgarh",Rajasthan,Chittorgarh,"Meera smiriti sansthan gram ochari, nimbahera Road, Ochari,  Chittorgarh, Rajasthan 312001",24.8276645,74.6272935,7.0,40,1,244,0.55,33.0,16.2,5578,72.42,08:00-11:00,Medium,Medium
"Kaveri Auto Garage, Seelapadi",Tamil Nadu,Dindigul,"478/1A2, Trichy Bypass, Seelapadi, Dindigul, Tamil Nadu, 624005",10.3811273,77.99681425,7.0,17,6,106,0.39,23.4,24.77,9869,64.37,12:00-15:00,Low,Low
"Kaveri Auto Garage, Paravai Bit 1 village",Tamil Nadu,Madurai,"New Survey No 146/2C,148/1A,149/1B2A, Paravai Bit 1 village, Madurai, 625402",9.9642326,78.0650107,7.0,8,18,169,0.82,49.2,10.6,9231,51.8,18:00-21:00,High,High
"Key Motors, Bannerghatta Road",Karnataka,Bangalore,"#215/15, Arakere Gate, Bannerghatta Main Rd, Bengaluru, Karnataka 560076",77.597289,12.889141,7.0,9,20,91,0.3,18.0,10.55,2225,54.78,18:00-21:00,Low,Low
"The Grand Legacy, Panchgani-Mahabaleshwar Road",Maharashtra,Mahabaleshwar,"Panchgani-Mahabaleshwar Road, Post. Met-Gutad, behind Saj Resort by Club Mahindra, Mahabaleshwar, Maharashtra 412806",17.92655754,73.69586565,7.0,23,2,94,0.87,52.2,19.36,6086,73.42,12:00-15:00,High,High
"The Grand Legacy, Panchgani-Mahabaleshwar Road",Maharashtra,Mahabaleshwar,"Panchgani-Mahabaleshwar Road, Post. Met-Gutad, behind Saj Resort by Club Mahindra, Mahabaleshwar, Maharashtra 412806",17.92655754,73.69586565,7.0,27,7,195,0.55,33.0,18.68,3028,45.89,18:00-21:00,Medium,Medium
"Highway Grand World, Chennai-Tirupati Highway NH 716",Andhra pradesh,Tirupati,"Chennai - Thiruttani - Renigunta Hwy, NH716 - Veerakaverirajupuram, Andhra Pradesh, Nagari, Andhra Pradesh 517590",13.29360934,79.58170947,7.0,23,8,153,0.49,29.4,10.62,2548,70.4,12:00-15:00,Low,Medium
"Hotel Sapthagiri Holiday Resorts,Tirupati u00e2u0080u0093 Bangalore  Highway",Andhra pradesh,Chittoor,"NH140, Tirupati u00e2u0080u0093 Bangalore  Highway, Sy No: 1201&1189, B G Mittor Village, Tanepalli, Puthalapattu Mandal, Chittoor, Andhra Pradesh - 517127",13.37412051,79.09210293,7.0,27,8,127,0.87,52.2,21.06,628,52.08,08:00-11:00,High,High
"Hotel Sapthagiri Holiday Resorts,Tirupati u00e2u0080u0093 Bangalore  Highway",Andhra pradesh,Gadanki,"NH140, Gadanki, Andhra Pradesh - 517112",13.4799438,79.1897903,7.0,7,18,32,0.35,21.0,23.51,8194,43.46,08:00-11:00,Low,Low
"Hotel Artland, Old Digha Purba",West Bengal,Digha,"Old digha purba, Digha Barrister Colony Rd, beside seahawk, West Bengal 721428",21.624423,87.528599,7.0,24,8,124,0.86,51.6,21.13,8120,51.05,08:00-11:00,High,High
"IOCL Sree Devi Prasad Services, Naamavaram",Andhra pradesh,Naamavaram,"Naamavaram, Andhra Pradesh 531126",17.3736805,82.5862594,7.0,31,11,167,0.88,52.8,11.53,8266,73.56,18:00-21:00,High,High
"Lankeswari Motors, Hatpada",Odisha,Jeypore,"Plot No 576, 577 & 580 Hatpada, Jeypore, Odisha 764001",18.8580983,82.5899867,7.0,11,6,92,0.32,19.2,10.72,1401,49.39,12:00-15:00,Low,Low
"Nandi Food Plaza, Nalagam palli",Andhra pradesh,Chittoor,"NH 69 - 174 Nalagampalli Chittoor-Bangalore Highway Close to Bangarupalem, Village, Nalagam palli, Andhra Pradesh 517416",13.2035919,78.9415658,7.0,18,18,53,0.83,49.8,14.65,11731,37.44,18:00-21:00,High,High
"River Bay Resorts, Gautami Ghat",Andhra pradesh,Rajahmundry,"Hotel River Bay Resort, 5-1-36 to 43 Gautami Ghat, Rajahmundry-533101",16.9921196,81.7735774,7.0,38,12,198,0.79,47.4,10.96,9325,62.21,08:00-11:00,High,High
"Hotel Vivanta, Patrapada",Odisha,Bhubaneswar,"IDCO Plot No1/A,Bhagbanpur Industrial Estate, DN Square, Patrapada, Bhubhaneswar -751019",20.240856,86.758382,7.0,26,18,76,0.54,32.4,20.3,6789,39.2,08:00-11:00,Medium,Medium
"Morya Transport Terminus, MIDC Bhosari",Maharashtra,Pune,Plot no BGP 109 Village MIDC Bhosari Taluka Haveli Pune 411026,18.621396,73.8384375,7.0,36,1,230,0.94,56.4,19.94,11322,74.45,08:00-11:00,High,High
"DN Group Corporate Office, Nayapalli",Odisha,Bhubaneswar,"VIP-15, VIP Colony, IRC Village, Nayapalli, Bhubaneswar, Odisha 751015",20.296189,85.8040445,7.0,6,7,193,0.9,54.0,20.32,4661,43.16,18:00-21:00,High,High
"GUGNANI AUTOCARS, Mancheswar Industrial Estate",Odisha,Bhubaneswar,"PLOT NO.-S, 3/48, Block C, Sector A, Mancheswar Industrial Estate, Bhubaneswar, Odisha 751010",20.3066647,85.8528189,7.0,21,7,196,0.69,41.4,23.81,4112,26.83,18:00-21:00,Medium,Medium
"GUGNANI TYRES, Nayapalli",Odisha,Bhubaneswar,"uco bank, 1294, CRP - DAV Rd, Nilakantha Nagar, Nayapalli, Bhubaneswar, Odisha 751012",20.2854839,85.8093251,7.0,34,7,39,0.94,56.4,13.72,8073,38.37,18:00-21:00,High,High
"DN Regalia Mall, Patrapada",Odisha,Bhubaneswar,"IDCO Plot No1/A, Bhagbanpur Industrial Estate, DN Square, Patrapada, Bhubhaneswar 751001",20.240903,85.758056,7.0,24,16,112,0.85,51.0,16.29,2364,48.43,18:00-21:00,High,High
"Trupti Automotives, Mohammed Jamalpur",Odisha,Keonjhar,"Keonjhar - Ghatgaon - Panikoili Rd, Mohammed Jamalpur, Odisha 755015",20.9187324,86.2169827,7.0,20,20,213,0.54,32.4,18.35,3440,75.54,18:00-21:00,Medium,Medium
"Trupti Automotives, Angul",Odisha,Angul,"NH 55, TELCO CHOWK, NUAHATA, Banarpal, Angul, Odisha 759128",20.8317557,85.2416603,7.0,34,4,136,0.48,28.8,22.78,11913,58.0,12:00-15:00,Low,Medium
"Sarawgi Motors, Saukuchi",Assam,Guwahati,"Sarusajai Stadium Garalia NH 37, Basistha, Saukuchi, near National Games Stadium, Assam 781040",26.111877,91.759799,7.0,12,15,99,0.45,27.0,15.35,8157,41.19,08:00-11:00,Low,Low
"Umaid Lake Resort, Kalakho ",Rajasthan,Dausa,"Karuna Enterprises kalakho (Umaid Lake Palaceu00c2u00a0 Village post Kalakho, NH 21 District Dausa, Rajasthan-303304",26.912864,76.466964,7.0,20,5,176,0.4,24.0,7.71,7340,21.48,08:00-11:00,Low,Low
"Rajshree Resort, Saladwas",Rajasthan,Jaipur,"KHASRA NO.131/1 AND 132/1, VILLAGE SALADWAS, CHANDWAJI, N.H.8 TEHSIL AMER, JAIPUR, Rajasthan - 303113",27.2377252,75.9485975,7.0,16,9,15,0.31,18.6,21.37,7540,69.32,12:00-15:00,Low,Low
"Bravia Hotel, Vaishali Nagar",Rajasthan,Ajmer,"Bravia Hotel, Vaishali Nagar, near Urban Haat, Rajasthan 305004",26.487745,74.6293164,7.0,22,1,123,0.62,37.2,23.82,3065,69.9,18:00-21:00,Medium,Medium
"Dusk View Resort, near Bisalpur Dam",Rajasthan,Beesalpur,"Dusk View Resort Near Fishing Landing Center 1 km from Bisalpur Dam Towards Toda Rai Singh, Beesalpur, Rajasthan 304804",25.936068,75.458672,7.0,27,20,53,0.42,25.2,19.98,6415,61.13,18:00-21:00,Low,Low
"Hotel Shemron, Neemrana",Rajasthan,Shahjahanpur,"Hotel Shemron, NH-8 Shahjahanpur, Neemrana, Shahjahanpur, Rajasthan 301706",28.0088483,76.4639783,7.0,39,19,192,0.5,30.0,23.16,8324,76.8,18:00-21:00,Low,Medium
"Gokulam Park Munnar, Power House Road",Kerala,Munnar,"South Chithirapuram, Power House Road, Munnar - 685565",,,7.0,26,19,155,0.55,33.0,13.55,2408,40.63,18:00-21:00,Medium,Medium
"Dakshin Motors, NH - 4",Karnataka,Hiriyur,"NH-4 , Pattrehalli adivala village, Hiriyur- 577598",13.9241147,76.6400077,7.0,18,18,192,0.8,48.0,10.43,958,25.76,12:00-15:00,High,High
"IOCL - KOORAPATI SERVICE STATION, Tirupati",Andhra pradesh,Tirupati,"TIRUPATI URBAN AND MANDAL Air bye-pass road. Tirupati, Chittoor Dist ANDHRA PRADESH",13.6207096,79.3828146,7.0,9,15,174,0.67,40.2,15.42,11915,33.13,12:00-15:00,Medium,Medium
"IOCL - Sai Krupa Filling Station, SH 26",Andhra pradesh,Anantapur,"SH 26, Vajrakarur to Guntakal Road SURVEY No.401-AIu00e2u0080u008b, Anantapur Dist. ANDHRA PRADESH,515722",15.1462972,77.3774561,7.0,40,2,48,0.61,36.6,8.6,2615,63.71,12:00-15:00,Medium,Medium
"IOCL - PIONEER AUTO SERVICE, Bagdogara",West Bengal,Darjeeling,BAGDOGRA PO: BAGDOGRA DT: DARJEELING; West Bengal PIN: 734422,26.7006026,88.3293524,7.0,22,13,60,0.88,52.8,17.5,3991,41.1,18:00-21:00,High,High
"Goyal Coal Sizing, Pendridih",Chhattisgarh,Bilaspur,"Village: Sara Pendridih Seepat, Bilaspur By-Pass, Chhattisgarh 495330",22.0136612,82.0487988,7.0,16,13,145,0.94,56.4,6.06,5639,57.73,08:00-11:00,High,High
"Mr. Lalit Jenau00e2u0080u0098s Site, Panikoili",Rajasthan,Jajpur,"Beside Prasanta Filling Station(BPCL), Plot 1632, Mouza, Baliposi, PO: Baliposi, PS: Sathipur, Panikoili District, Jajpur 755025",20.9238315,86.2494284,7.0,14,3,87,0.78,46.8,7.98,3891,45.77,12:00-15:00,High,High
"Prince Guest House & Restaurant, Transport Nagar",Chhattisgarh,Raipur,"In front of Parking No 6 Transport Nagar, Rawa bata, Raipur, Chhattisgarh 492003",21.3194434,81.6372966,7.0,33,6,105,0.4,24.0,16.81,2228,74.82,18:00-21:00,Low,Low
"Sasya Auto Cars, Bellari X Roads - NH 44",Andhra pradesh,Kurnool,"Renault Showroom, 45/142-70-5-B, NH44 Near APSP 2nd Battallion, Bellari X Roads, Kurnool, Andhra Pradesh 518003",15.8305662,78.0179892,7.0,4,7,196,0.74,44.4,5.53,4099,76.07,18:00-21:00,Medium,High
"Sasya Automotives, Near EENADU Office - NH 44",Andhra pradesh,Kurnool,"Isuzu Showroom, Survey No-131-1 & 133-1A NH44 Near EENADU Office, Kurnool, Andhra Pradesh 518003",15.8498643,78.0045003,7.0,23,2,114,0.67,40.2,23.33,10729,41.71,08:00-11:00,Medium,Medium
"HPCL - Badarpur Service Station, Gazipur",Uttar Pradesh,Delhi,"Integrated Freight Complex, Mayur Vihar Phase III, Gharoli, Delhi, Uttar Pradesh 110096",28.6197025,77.3411839,7.0,26,15,151,0.63,37.8,7.28,5442,33.87,08:00-11:00,Medium,Medium
"Sree Gokulam Motors, Kattuppakkam",Tamil Nadu,Chennai,"no 2/232, Mount ponamalle road,Swaminatha nagar, Pushpa Nagar, Kattupakkam, Chennai - 600056",13.0417246,80.1258208,7.0,38,13,53,0.92,55.2,6.8,989,22.19,12:00-15:00,High,High
"Malayalam Vehicles, Aluva",Kerala,Aluva,"Building No 18/615/1, 615/2 Sy No 176/2, 176/3, Aluva West, near Pulichode Signal, Kerala 683101",10.0999671,76.3476841,7.0,31,13,145,0.54,32.4,24.23,1173,48.99,12:00-15:00,Medium,Medium
"Malayalam Vehicles, Vytila",Kerala,Kochi,"Sharon Tower, No 52/3171, 3172, opposite Salafi Masjid, Vyttila, Ernakulam, Kerala 682019",9.9644345,76.3184956,7.0,21,12,191,0.89,53.4,15.35,9611,47.82,08:00-11:00,High,High
"Taj Hotels Chikmagalur, KM Road",Karnataka,Chikmagalur,"KM Road - Jyothi Nagar post, Chikmagalur- 577102",13.3366283,75.8178783,7.0,25,10,145,0.94,56.4,19.76,11592,63.06,18:00-21:00,High,High
"PNR Function Hall, Chennai-Ballary Highway",Andhra pradesh,Proddatur,"D No 7/3109 Sy No 622, Beside IOCL petrol pump, Korrapadu Road, Andhrakesari Nagar, Proddatur Municipality, Andhra Pradesh 516360 ",14.7529922,78.5550768,7.0,39,14,194,0.68,40.8,23.39,2759,23.08,18:00-21:00,Medium,Medium
"DLF - The Crest, Sec 43",Haryana,Gurgaon,"DLF Phase 5, Sector 43, Gurugram, Haryana 122002",28.4438196,77.1117253,7.0,25,20,74,0.8,48.0,5.44,10802,55.11,12:00-15:00,High,High
"The Gateway Hotel, Ambad",Maharashtra,Nashik,"Ambad, Nashik, Maharashtra-422010",19.9594519,73.7591054,7.0,27,20,48,0.83,49.8,18.33,3017,53.35,08:00-11:00,High,High
"AB Infra Limited, old MIDC",Maharashtra,Latur,"Plot No- F-54, old MIDC, Latur- 413531",18.4159831,76.5356299,7.0,29,3,177,0.8,48.0,9.9,5986,24.45,12:00-15:00,High,High
"Hansa Motors, Buttibori",Maharashtra,Nagpur,"NH 07, Plot no-X-273, Near Rajnayan Petrol Pump, Buttibori, Nagpur-441122",20.9286205,79.001812,7.0,19,11,225,0.38,22.8,11.44,1033,71.19,12:00-15:00,Low,Low
IOCL - Tyagi Brothers Service Station,Uttar Pradesh,Ghaziabad,"IOCL on Ghaziabad bulandshahar Road, Stone No 26. 850 Vill Chhapraula Distt GB Nagar",28.6195483,77.4838183,7.0,5,2,42,0.46,27.6,14.33,6287,41.4,18:00-21:00,Low,Medium
IOCL - Vibhor S Station,Uttar Pradesh,Ghaziabad,IOCL on Ghaziabad - Hapur  Road (NH-24) At Mauza Garhmukhteshwar Near KM Stone No. 87 Dist Ghaziabad (UP),28.7712124,78.0976854,7.0,13,5,207,0.56,33.6,15.3,753,77.3,18:00-21:00,Medium,Medium
IOCL - AAUI Service Station ,Delhi,Delhi,IOCL at Plot No 1 I P Estate Ring Road New Delhi,28.6179662,77.2487894,7.0,13,17,227,0.38,22.8,15.33,10236,29.68,12:00-15:00,Low,Low
IOCL - Agarwal  Service Station,Uttar Pradesh,Muzaffarnagar,"IOCL on Khatauli Near KM Stone NO 15.5  On NH -58 Meerut/ Delhi  Muzzaffarnagar Road, Khasra No 1745/0752, Dist Muzaffarnagar, State UP",29.4118349,77.7006719,7.0,6,6,43,0.33,19.8,5.93,1557,60.46,12:00-15:00,Low,Low
"Hotel Suba International, Andheri East",Maharashtra,Mumbai,"Saharu00c2u00a0 Road, Near Cigarret Factory, Chakala, Andheri East Mumbai 400099",19.1063175,72.8603219,7.0,5,12,134,0.94,56.4,8.79,5687,27.7,18:00-21:00,High,High
"Hotel Suba Galaxy, Andheri East",Maharashtra,Mumbai,"NS Phadake Marg, Opp Teli galli,Near Eastern expres Highway, Andheri East Mumbai 400069u00c2u00a0",19.1142415,72.8518766,7.0,13,8,78,0.43,25.8,15.84,1644,50.11,08:00-11:00,Low,Low
"Hotel Suba Palace, Fort",Maharashtra,Mumbai,"Apppllo Bunder Road, Near Gate way of India, fortu00c2u00a0 Mumbai 400039",18.9241214,72.8328155,7.0,37,13,100,0.93,55.8,21.12,8707,58.74,18:00-21:00,High,High
"Hotel Suba Grand, Dahej",Gujarat,Bharuch,"jolva village , dahej, bharuch ,State u00e2u0080u0093 24 Gujarat 392135",21.7164114,72.6562979,7.0,25,6,92,0.79,47.4,15.02,3102,35.94,18:00-21:00,High,High
"Hotel Suba Elite, Fatehganj Main Road",Gujarat,Vadodara,"near Parsi Agiyari , Fatehganj Main Road, Vadodara u00e2u0080u0093 390 002 Gujarat 390002",22.3205834,73.1883779,7.0,12,13,140,0.81,48.6,10.49,10255,22.38,12:00-15:00,High,High
"Click Hotel, Rane Nagar",Maharashtra,Nashik,"904, Mumbai - Agra National Hwy, opposite Orchid International, Rane Nagar, Nashik, Maharashtra 422009, India",19.9625471,73.7652956,7.0,22,10,110,0.44,26.4,15.66,10140,29.08,12:00-15:00,Low,Low
"Click Hotel, Raja Park",Rajasthan,Jaipur,"Udai Marg, Raja Park, Jaipur, Rajasthan 302007",26.8923514,75.8257073,7.0,30,1,143,0.67,40.2,21.25,9094,48.1,18:00-21:00,Medium,Medium
"Click Hotel, Cidco",Maharashtra,Aurangabad,"Phulambri - Sillod Rd, Hudco, Yadav Nagar, N 11, Cidco, Aurangabad, Maharashtra 431003",19.9116134,75.348291,7.0,40,8,117,0.3,18.0,12.21,2909,74.68,18:00-21:00,Low,Low
"Click Hotel, Junagadh",Gujarat,Junagadh,"Near Railway Station,Junagadh, Gujratu00c2u00a0u00c2u00a0 362001",21.52840996,70.45845795,7.0,34,15,72,0.48,28.8,15.74,8757,30.12,12:00-15:00,Low,Medium
"Click Hotel, Bhuj",Gujarat,Bhuj,"opp. Bhuj railway compound,Bhuj, Gujarat 370001",23.2655334,69.6786728,7.0,10,11,191,0.77,46.2,21.05,11107,35.04,12:00-15:00,High,High
"Devarana, Delhi-Dehradun Highway",Uttar Pradesh,Muzaffarnagar,"Devrana, Delhi Dehradun Highway NH58, Muzaffarnagar, UP 251203",29.3313177,77.721274,7.0,39,5,77,0.9,54.0,15.52,3173,57.16,18:00-21:00,High,High
"Roshan Motors, Shahpura",Rajasthan,Shahpura,"Roshan Motors, NH-8 Neelka, district, Shahpura, Rajasthan, Pin-303119",27.4914624,76.0530077,7.0,37,7,147,0.63,37.8,23.6,6881,25.92,12:00-15:00,Medium,Medium
"Gardenia SPA & Resort, Sec 11",Uttarakhand ,Haridwar,Plot No 1 Sector 11 SIDCUL Haridwar Uttarakhand -249403,29.9512388,78.0759131,7.0,21,7,242,0.91,54.6,5.87,1020,47.99,12:00-15:00,High,High
"Hotel Flora, Shivalik Nagar",Uttarakhand ,Haridwar,"M3, M4  Shivalik Nagar Haridwar Uttarakhand -249403",29.9276885,78.0648679,7.0,6,4,168,0.41,24.6,11.98,2854,46.86,12:00-15:00,Low,Low
"Misty Mountain Teyla, Peermade",Kerala,Kuttikkanam,"HXJC+526, Peermade, Kuttikkanam, Kerala 685531",9.5802797,76.9701859,7.0,21,20,153,0.48,28.8,15.15,11350,72.05,08:00-11:00,Low,Medium
"Click Collection, Sindhi Camp",Rajasthan,Jaipur,"Plot No 1, 2, opposite Polovictory Cinema, Sindhi Camp, Jaipur, Rajasthan 302001",26.9206169,75.7975173,7.0,30,16,107,0.52,31.2,10.55,8626,59.04,12:00-15:00,Medium,Medium
"Sree Venkateswara Motors, Dasnapur",Telangana,Adilabad,"Plot No 8, Survey no - 21/4, industrial area, Dasnapur, Adilabad u00e2u0080u0093 504001",19.6560251,78.52951,7.0,4,6,126,0.48,28.8,12.62,9995,44.18,08:00-11:00,Low,Medium
Volltic DCS06,Karnataka,Bangalore,"GF, 11F Salarpuria GR Tech Park, Khatha No 69/3, Mahadevapura CMC Ground-8 &10 FL, Whitefield Road, Bengaluru, Karnataka 560066",12.98452275,77.74323914,13.0,38,10,91,0.81,48.6,12.67,10390,21.71,18:00-21:00,High,High
Volltic DCS01,Karnataka,Bangalore,"infosys limited, Konappana Agrahara, Electronic City, Bengaluru, Karnataka 560100",12.85190327,77.66662247,13.0,26,2,222,0.44,26.4,12.01,9574,77.24,08:00-11:00,Low,Low
Volltic DCS012,Karnataka,Bangalore,"Tesco Campus Rd, Nallurhalli, Whitefield, Bengaluru, Karnataka 560066",12.97720222,77.72974546,13.0,35,3,198,0.9,54.0,22.63,651,68.16,18:00-21:00,High,High
Volltic DCS015,Karnataka,Bangalore,"E-Zone Club, No, 23/24, Outer Ring Rd, Chinnapannahalli, Marathahalli, Bengaluru, Karnataka 560037",12.96365147,77.70295917,13.0,8,9,240,0.74,44.4,9.27,10619,44.25,08:00-11:00,Medium,High
Volltic DCS017,Karnataka,Bangalore,"117 & 118, Divyasree Technopark Main Rd, EPIP Zone, Whitefield, Bengaluru, Karnataka 560066",12.96986878,77.72521742,13.0,35,12,223,0.42,25.2,12.44,8425,72.83,12:00-15:00,Low,Low
Volltic DCS02,Karnataka,Bangalore,"Prestige Tech Park, 8th Floor, Etamin Block, Marathahalli - Sarjapur Outer Ring Rd, 2, Kadubeesanahalli, Bengaluru, Karnataka 560103",12.94340928,77.69041467,13.0,16,4,82,0.91,54.6,18.39,4209,27.31,18:00-21:00,High,High
Volltic DCS09,Karnataka,Bangalore,"Embassy Golf Links Business Park, Challaghatta, Bengaluru, Karnataka 560071",12.9472482,77.64471171,13.0,17,18,122,0.67,40.2,12.15,9183,39.42,12:00-15:00,Medium,Medium
Volltic DCS018,Karnataka,Bellary,"Siri enterprises,Post Box No. 9, District Bellary, Toranagallu, Karnataka 583275",15.18446555,76.66276174,13.0,36,6,239,0.59,35.4,17.96,6318,77.6,08:00-11:00,Medium,Medium
Volltic DCS03,Haryana,Gurgaon,"Baba mallah plot, near lakshya tent house, village wazirabad, sector 52, gurgaon, haryana",28.25547179,77.05044021,13.0,34,16,205,0.8,48.0,24.74,503,20.75,12:00-15:00,High,High
Volltic PCS01,Haryana,Gurgaon,"285, Baharampur Naya Marg, Baharampur Naya, Sector 61, Gurugram, Haryana 122011",28.40501523,77.09266673,13.0,19,14,199,0.81,48.6,7.7,4976,40.79,12:00-15:00,High,High
Volltic DCS04,Haryana,Gurgaon,"Vatika City, Block W, sector 49, gurgaon, Haryana",28.40596414,77.04509603,13.0,33,14,74,0.49,29.4,7.94,1313,64.12,12:00-15:00,Low,Medium
Volltic DCS05,Haryana,Gurgaon,"Building no. 9, Candor TechSpace, IT/ITES SEZ, Tikri, Sector 48, Gurugram, Haryana 122018",28.42487691,77.03101261,13.0,7,12,46,0.88,52.8,19.22,6470,43.08,18:00-21:00,High,High
Volltic DCS011,Haryana,Gurgaon,"Institutional Area, Sector 32, Gurugram, Haryana 122018",28.44588294,77.04060087,13.0,19,8,176,0.8,48.0,21.85,4753,75.67,18:00-21:00,High,High
Volltic HR001,Haryana,Gurgaon,"Plot No u0096 283, Sector u0096 7, IMT Manesar, Gurugram, Haryana 122050",28.37480792,76.91054184,13.0,7,17,147,0.66,39.6,8.02,6198,63.98,12:00-15:00,Medium,Medium
Volltic DCS016,Telangana,Hyderabad,"Waverock, Virtusa Polaris, Financial District, Nanakaramguda, Telangana 500032",17.41816383,78.34665104,13.0,34,4,112,0.34,20.4,17.3,6486,53.68,18:00-21:00,Low,Low
Volltic PCS03,Maharashtra,Indore,"Paschim vidyut vitran co Ltd, GPH compound, Indore, Pologround,madhya pradesh",22.73778248,75.8612835,13.0,27,5,199,0.45,27.0,22.3,8872,40.37,18:00-21:00,Low,Low
Volltic PCS04,Maharashtra,Mumbai,"Gala No14 A, KBM compound, military road, raje shivaji nagar, marol, andheri east, 400072",19.12012455,72.88724762,13.0,21,1,214,0.82,49.2,8.89,6215,50.22,12:00-15:00,High,High
Volltic DCS08,Delhi,New Delhi,"Golden Ikon Fleet Management, Iffco chowk delhi",28.52360775,77.08321547,13.0,29,14,54,0.41,24.6,24.12,2243,43.42,08:00-11:00,Low,Low
Volltic DCS014,Uttar Pradesh,Noida,"139,140 Noida special economic zone, A block, Phase 2, Noida, Uttar pradesh",28.54498268,77.39461034,13.0,22,15,90,0.51,30.6,13.61,2629,41.84,18:00-21:00,Medium,Medium
Volltic UJ001,Madhya Pradesh,Ujjain,"8 Ghatkarpar Marg, above Mayank Traders, Madhav Nagar, Ujjain, Madhya Pradesh 456001",23.179326,75.78437678,13.0,33,12,45,0.73,43.8,22.08,7085,62.7,18:00-21:00,Medium,High
BYPL Patparganj,Delhi,Delhi,"Near Swati Apartment, Mother Dairy Marg, I.P.Extension, Mandawali, New Delhi, Delhi 110092",28.6305311,77.2926978,14.0,20,15,169,0.5,30.0,21.16,4212,56.17,08:00-11:00,Low,Medium
DLF Gateway Charging Station,Haryana,Gurgaon,"IndusInd Metro Station, DLF Cyber City, DLF Phase 2, Sector 24, Gurugram, Haryana 122022",28.49807984,77.09116915,14.0,9,1,57,0.75,45.0,7.06,10277,61.27,08:00-11:00,Medium,High
Shree Siddhi Vinayak Indian Oil Petrol Pump,Gujarat,Ahmedabad,"Shree Siddhi Vinayak Indian Oil Petroleum Judges Bangla, Satya Marg, Bodakdev, Ahmedabad, Gujrat",23.04430424,72.51767735,8.0,16,6,147,0.6,36.0,18.84,7947,74.77,08:00-11:00,Medium,Medium
COCO Vejalpur Ahmedabad,Gujarat,Ahmedabad,"Next to Sachin Towers, shyamal Cross Roads, Anand nagar Cross Roads, Ahmedabad, Gujrat",23.01303861,72.52421557,8.0,32,16,246,0.3,18.0,24.35,11052,68.53,12:00-15:00,Low,Low
EESL yelahanka,Karnataka,Bangalore,"Singanayakanahalli, Bangalore, State Highway 9, Yelahanka Rd, Yelahanka, Karnataka 560064",13.15280614,77.56897045,8.0,38,17,192,0.73,43.8,19.78,6417,31.36,08:00-11:00,Medium,High
BESCOM HSR Layout,Karnataka,Bangalore,"HSR Layout Bengaluru, Karnataka - 560001",12.911365,77.648946,15.0,11,16,84,0.67,40.2,21.52,2893,26.78,18:00-21:00,Medium,Medium
BESCOM BTM Layout,Karnataka,Bangalore,"BTM Layout Bengaluru, Karnataka - 560001",12.916948,77.610212,15.0,11,19,171,0.35,21.0,23.52,11701,24.48,18:00-21:00,Low,Low
BESCOM Murugeshpalya,Karnataka,Bangalore,"Murugeshpalya Bengaluru, Karnataka - 560001",12.95903244,77.66355582,15.0,40,3,76,0.57,34.2,12.96,2715,52.5,18:00-21:00,Medium,Medium
BESCOM Indiranagar,Karnataka,Bangalore," Bengaluru, Karnataka 560001",12.964421,77.644132,15.0,40,12,64,0.61,36.6,19.73,4760,57.09,18:00-21:00,Medium,Medium
BESCOM Katriguppe,Karnataka,Bangalore,"Katriguppe, Bengaluru, Karnataka - 560001",12.926063,77.547841,15.0,18,11,49,0.37,22.2,12.43,2909,67.29,08:00-11:00,Low,Low
BESCOM Byatarayanapura,Karnataka,Bangalore,"Byatarayanapura, Bengaluru, Karnataka - 560001",12.94980783,77.54076228,15.0,8,16,204,0.82,49.2,21.3,7270,70.53,18:00-21:00,High,High
BESCOM Corporate Office,Karnataka,Bangalore,"Nunegundlapalli, Ambedkar Veedhi, Bengaluru, Karnataka 560001",12.97610693,77.58824006,15.0,36,16,155,0.76,45.6,23.48,3821,57.28,18:00-21:00,High,High
BESCOM Mahadevpura,Karnataka,Bangalore,"Mahadevpura, Bengaluru, Karnataka - 560001",12.9947017,77.70020485,15.0,10,16,111,0.31,18.6,8.17,463,61.24,12:00-15:00,Low,Low
BESCOM Banaswadi,Karnataka,Bangalore,"Banaswadi, Bengaluru, Karnataka - 560001",13.0202335,77.64092334,15.0,27,5,246,0.52,31.2,13.0,10036,69.52,18:00-21:00,Medium,Medium
Jai Hanuman Indian Oil Petrol Pump,Karnataka,Bangalore,"Jai Hanuman Service Station, Indian Oil Petrol Pump, No 82/1, Nagawara Main Road, Nagawara",13.04139,77.62059,8.0,25,11,63,0.8,48.0,15.47,9131,72.47,18:00-21:00,High,High
BESCOM Mathikere,Karnataka,Bangalore,"Mathikere  Bengaluru, Karnataka - 560001",13.037895,77.55769,15.0,7,7,194,0.94,56.4,22.73,10881,55.67,18:00-21:00,High,High
BESCOM Yalhanka,Karnataka,Bangalore," Yalhanka Bengaluru, Karnataka - 560001",13.095602,77.594068,15.0,22,6,69,0.8,48.0,17.88,898,27.79,08:00-11:00,High,High
Fuel Zone -Indian Oil Petrol Pump,Karnataka,Bangalore,"Fuel Zone RO, Bharti Nagar, Hunasamaranahalli, Bengalurum Karnataka - 560045",13.14069,77.617988,8.0,32,12,115,0.62,37.2,9.08,5664,67.05,12:00-15:00,Medium,Medium
IOCL AB Enterprises,Tamil Nadu,Chennai,"Old Mahabalipuram Rd, Semmancheri, Chennai, Tamil Nadu 600119",12.87627,80.22709415,8.0,24,19,156,0.8,48.0,8.65,2125,68.35,12:00-15:00,High,High
IOCL Ms Immanuel Agencies,Tamil Nadu,Chennai,"1, Kamarajar Salai, K P Nagar, Ramapuram, Chennai, Tamil Nadu 600089",13.03301719,80.18431324,8.0,31,9,239,0.34,20.4,10.87,2990,51.48,08:00-11:00,Low,Low
IOCL Ms SRI SAI Balaji Agencies,Tamil Nadu,Chennai,"Ayyavoo Colony, Nelson Manickam Rd, Aminjikarai, Collectorate Colony, Balavinayagar Nagar, Chennai, Tamil Nadu 600029",13.07514384,80.21984698,8.0,17,20,169,0.39,23.4,7.22,10179,20.43,12:00-15:00,Low,Low
EESL Chennai Metrol Alandur Station,Tamil Nadu,Chennai,"Alandur, Metro Car Parking Chennai, Tamil Nadu 600016",13.00444547,80.20161257,8.0,7,12,129,0.41,24.6,12.02,5593,61.73,08:00-11:00,Low,Low
EESL Saidapet Metro,Tamil Nadu,Chennai,"C/20-C/19, NH 45, Todd Hunter Nagar, Nandanam, Chennai, Tamil Nadu 600015",13.02450612,80.22884568,8.0,24,16,157,0.47,28.2,13.01,3075,49.76,18:00-21:00,Low,Medium
EESL Chennai Metro Nandanam station,Tamil Nadu,Chennai,"Anna Salai, CIT Nagar West, CIT Nagar, Chennai, Tamil Nadu 600035",13.03152957,80.2399704,8.0,10,2,219,0.77,46.2,14.06,7433,62.49,18:00-21:00,High,High
EESL Koyambedu,Tamil Nadu,Chennai,"Koyambedu, Chennai, Tamil Nadu 600107",13.07376771,80.19493137,8.0,40,15,225,0.75,45.0,5.2,2116,45.56,18:00-21:00,Medium,High
EESL Thirumangalam Metro,Tamil Nadu,Chennai,"2nd Ave, L Block, Kurinji Colony, Anna Nagar, Chennai, Tamil Nadu 600040",13.0854925,80.20160618,8.0,35,3,181,0.47,28.2,11.25,1311,62.4,08:00-11:00,Low,Medium
EESL Anna Nagar East station,Tamil Nadu,Chennai,"A Block, Annanagar East, Chennai, Tamil Nadu 600102",13.08478145,80.21972007,8.0,15,20,188,0.48,28.8,18.86,5756,65.56,18:00-21:00,Low,Medium
EESL Chennai Egmore Metro,Tamil Nadu,Chennai,"Egmore, Chennai, Tamil Nadu 600008",13.07936745,80.26146373,8.0,11,1,28,0.32,19.2,7.5,5496,46.17,12:00-15:00,Low,Low
EESL High Court station,Tamil Nadu,Chennai,"Esplanade Rd, Parrys, George Town, Chennai, Tamil Nadu 600104",13.08738029,80.2851703,8.0,37,17,111,0.93,55.8,15.02,9198,41.66,18:00-21:00,High,High
EESL SDA Market,Delhi,Delhi,"Unnamed Road, Block C 5, Hauz Khas Enclave, Hauz Khas, New Delhi, Delhi 110016",28.54873377,77.19657963,8.0,5,9,36,0.43,25.8,24.65,1679,31.92,12:00-15:00,Low,Low
EESL R block GK1,Delhi,Delhi,"Hansraj Gupta Rd, Greater Kailash I, Greater Kailash, New Delhi, Delhi 110048",28.55155916,77.24469874,8.0,34,1,147,0.48,28.8,11.98,7010,38.77,12:00-15:00,Low,Medium
KSEBL Palarivattom,Kerala,Ernakulam,"Executive Enginer, Electrical Division, Ernakulam",10.01921939,76.30459452,16.0,17,13,16,0.48,28.8,9.04,6241,51.75,08:00-11:00,Low,Medium
Mahindra first choice ,Haryana,Gurgaon,"PLOT NO-21,SECTOR-61, near HBR CHOWK, Gurugram, Haryana 122005",28.42061615,77.10537261,16.0,16,19,46,0.89,53.4,8.61,3578,22.64,12:00-15:00,High,High
HAREDA EESL Panchkula,Haryana,Panchkula,"Akshay Urja Bhawan, Plot No-1, Sector 17, Opp Agarwal Bhavan, Panchkula, Haryana 134109",30.76862873,76.85381552,8.0,15,1,217,0.82,49.2,18.2,1539,55.39,18:00-21:00,High,High
Nagole Metro staff Parking,Telangana,Hyderabad,"Inner Ring Rd, Opp. Uppal RTO office, Uppal Main Road, Hyderabad",17.391095,78.558504,8.0,27,18,161,0.8,48.0,5.81,11277,56.87,12:00-15:00,High,High
Punjagutta Next Galleria Mall Parking,Telangana,Hyderabad,"Level B1, Next Galleria Mall, Puynjagutta, Hyderabad, Telangana 5600082",17.428624,78.450418,8.0,19,4,191,0.78,46.8,18.47,10871,69.71,08:00-11:00,High,High
Hitech City Next Galleria Mall Parking,Telangana,Hyderabad,"Level B1, Hitech City Next Galleria Mall, Puynjagutta, Hyderabad, Telangana 5600082",17.44798402,78.38432828,8.0,10,18,169,0.4,24.0,11.28,8140,35.51,12:00-15:00,Low,Low
Miyapur Metro Parking,Telangana,Hyderabad,"Nadigada Tanda, Miyapur, Hyderabad, Telangana - 500049",17.49699433,78.37194716,8.0,12,19,169,0.79,47.4,12.18,11417,36.38,08:00-11:00,High,High
ChargeNest Bank of Baroda,Jharkhand,Jamshedpur,"Bank of Baroda Parking Site, Jamshedpur",22.7941,86.1838,8.0,27,6,24,0.76,45.6,12.07,3601,52.49,08:00-11:00,High,High
TSUISL N Town Substation,Jharkhand,Jamshedpur,"N Town Substation, Jamshedpur",22.82275277,86.18177379,8.0,33,4,194,0.88,52.8,21.11,4367,68.34,18:00-21:00,High,High
ANERT-EESL Ernakulam Kerala,Kerala,Kochi,"Shanmugham Road, Ernakulam, Marine Drive, Kochi, Kerala 682031",9.977005426,76.27780265,8.0,7,14,74,0.81,48.6,22.89,10513,68.85,08:00-11:00,High,High
Masstech Controls Pvt Ltd,West Bengal,Kolkata,"Indian Oil Bhavan 2, Gariahat Road, Jodhpur Park, Kolkata, West Bengal - 700068",22.50955717,88.36672101,8.0,6,17,159,0.48,28.8,6.4,9674,61.23,12:00-15:00,Low,Medium
EESL Shapoorji Bus Terminus Newtown,West Bengal,Kolkata,"Action Area III, Newtown, New Town, West Bengal 700135",22.56979794,88.51722683,8.0,34,4,139,0.82,49.2,12.64,9395,64.29,12:00-15:00,High,High
EESL Tata Memorial Cancer Hospital,West Bengal,Kolkata,"14, MAR(E-W), DH Block(Newtown), Action Area I, Newtown, Kolkata, West Bengal 700160",22.57724568,88.47966408,8.0,25,13,234,0.8,48.0,21.63,4944,21.82,12:00-15:00,High,High
EESL Axis Mall,West Bengal,Kolkata,"CF Block(Newtown), Action Area I, Newtown, New Town, West Bengal 700156",22.57892795,88.46050484,8.0,4,18,110,0.58,34.8,10.55,6200,22.73,08:00-11:00,Medium,Medium
EESL New Town,West Bengal,Kolkata,"Near Tank, No 3, Street Number 24, Action Area 1A, Newtown, West Bengal 700156",22.57885907,88.45300713,8.0,10,4,230,0.58,34.8,15.7,10055,77.95,18:00-21:00,Medium,Medium
EESL Business Club New Town,West Bengal,Kolkata,"AE Block(Newtown), Newtown, New Town, West Bengal 700059",22.58558231,88.456438,8.0,19,19,144,0.35,21.0,17.81,8244,39.12,18:00-21:00,Low,Low
EESL ECO Park Gate no 1 New Town,West Bengal,Kolkata,"Major Arterial Road(South-East, Biswa Bangla Sarani, AA II, Newtown, Kolkata, West Bengal 700156",22.60315379,88.46715353,8.0,37,8,178,0.41,24.6,18.09,1867,76.15,12:00-15:00,Low,Low
EESL Gate no 6 Eco Park New Town,West Bengal,Kolkata,"Ghuni Rd, AA II, Deshbandhu Nagar, Newtown, New Town, West Bengal 700156",22.60762511,88.46341447,8.0,38,19,42,0.43,25.8,23.29,8326,26.62,08:00-11:00,Low,Low
EESL Gate no 4 Eco Park New Town,West Bengal,Kolkata,"Jatragachhi, Deshbandhu Nagar, Rekjuani, New Town, West Bengal 700157",22.61075181,88.46672221,8.0,15,19,33,0.4,24.0,15.49,9469,26.39,08:00-11:00,Low,Low
"EESL Adhoc New Central , HPCL, New town",West Bengal,Kolkata,"Akhankha ho petrol pump, Newtown, Kolkata, West Bengal 700056",22.61822126,88.46650934,8.0,37,10,221,0.57,34.2,8.09,1930,77.67,08:00-11:00,Medium,Medium
KSEB electrical section Olayil,Kerala,Kollam,"Salem - Kochi Hwy, Olayil, High School Jun, Kollam, Kerala 691009",8.892999143,76.57939218,17.0,5,15,147,0.72,43.2,21.69,2492,74.75,08:00-11:00,Medium,High
Vijay Securities ,Maharashtra,Mumbai,"35, Chandivali, Off, Saki Vihar Rd, Andheri (E, Mumbai, 400072",19.10514321,72.8869012,8.0,39,18,128,0.48,28.8,14.37,2692,50.18,12:00-15:00,Low,Medium
Masstech controls Pvt ltd,Maharashtra,Mumbai ,"2/7 Meghal Industrial Estate, Devidayal Road, Mulund West, Mumbai, Maharashtra 400080",19.17674569,72.94574801,8.0,27,18,49,0.85,51.0,17.93,3116,77.04,18:00-21:00,High,High
EESL Nagpur,Maharashtra,Nagpur,"Nagpur Songaon, Maharashtra, Songaon Nagpur India - 440019",21.0870127,79.0636227,8.0,4,5,68,0.38,22.8,14.98,3256,72.91,12:00-15:00,Low,Low
KSEB Nemom,Kerala,Nemom,"Karamana to Nagercoil Main Road, Nemom, Kerala 695020",8.453971667,77.00415034,17.0,6,13,135,0.45,27.0,10.3,3705,71.04,18:00-21:00,Low,Low
PTC  IGI Airport,Delhi,New Delhi,"GI Airport, T3 Road, Indira Gandhi International Airport, New Delhi, Delhi - 110037",28.54851804,77.10435748,8.0,9,2,150,0.7,42.0,15.44,1362,47.03,18:00-21:00,Medium,Medium
Atul Automobile Vasant Kunj,Delhi,New Delhi,"Vasant Kunj Mall Road, Pocket 5, Sector C, Vasant Kunj, New Delhi, Delhi 110070",28.52290663,77.15668214,8.0,5,9,157,0.41,24.6,17.02,7511,28.53,12:00-15:00,Low,Low
EV Plugin Charge Vasant Square Mall,Delhi,New Delhi,"Vasant Kunj Marg, Pocket 5, Sector B, Vasant Kunj, New Delhi, Delhi 110070",28.52544024,77.15590041,8.0,26,1,148,0.32,19.2,6.57,4573,27.95,08:00-11:00,Low,Low
EESL Malviya Nagar Delhi,Delhi,New Delhi,"Guru Gobind Singh Marg, Old Market, Block C, Malviya Nagar, New Delhi, Delhi 110017",28.53646664,77.21145062,8.0,6,1,165,0.66,39.6,9.25,1002,32.87,12:00-15:00,Medium,Medium
EESL PVR Priya Delhi,Delhi,New Delhi,"61, Community Center, Basant Nagar, Basant Lok, Vasant Vihar, New Delhi, Delhi 110027",28.55773691,77.1579439,8.0,11,4,177,0.63,37.8,9.85,5190,72.16,12:00-15:00,Medium,Medium
BRPL Nehru Place,Delhi,New Delhi,"BSES Bhawan, near Kalkaji Mandir metro station, Nehru Place, New Delhi, Delhi 110019",28.5495423,77.2545699,8.0,31,10,125,0.78,46.8,17.3,10242,36.91,12:00-15:00,High,High
EESL Aurbindo Market Place,Delhi,New Delhi,"Block C 2, Bhim Nagri, Hauz Khas, New Delhi, Delhi 110016",28.55177869,77.2033166,8.0,19,20,174,0.55,33.0,15.85,3781,72.02,08:00-11:00,Medium,Medium
EESL Safderjung Enclave,Delhi,New Delhi,"Block B6, Humayunpur, Safdarjung Enclave, New Delhi, Delhi 110016",28.55917249,77.19648462,8.0,36,17,176,0.52,31.2,21.35,6656,46.28,08:00-11:00,Medium,Medium
EESL N Block GK1,Delhi,New Delhi,"N Block, Greater Kailash I, Greater Kailash, New Delhi, Delhi 110048",28.55560464,77.23371054,8.0,15,18,153,0.65,39.0,20.92,1370,28.93,18:00-21:00,Medium,Medium
NDSE Grid BRPL,Delhi,New Delhi,"South Extension, Block E, South Extension II, New Delhi, Delhi 110049",28.86883053,77.14376226,8.0,27,13,26,0.85,51.0,15.79,8968,23.41,12:00-15:00,High,High
EESL Dilli Haat,Delhi,New Delhi,"NDMC Parking, Dilli Haat, West Kidwai Nagar, New Delhi - 110023",28.57357604,77.207152,8.0,28,15,212,0.78,46.8,11.96,485,23.26,18:00-21:00,High,High
EESL Sarojini Nagar Market,Delhi,New Delhi,"Lal. Sai Hanuman mandir, Sarojini Nagar Market, Sarojini Nagar, New Delhi, Delhi 110023",28.57729829,77.19690865,8.0,27,1,243,0.68,40.8,7.46,3407,45.55,08:00-11:00,Medium,Medium
EESL Laxmi Bai Market,Delhi,New Delhi,"26B, Sri Aurobindo Marg, Aviation Colony, INA Colony, New Delhi, Delhi 110003",28.577623,77.2038986,8.0,26,3,17,0.42,25.2,7.51,10617,38.44,08:00-11:00,Low,Low
Indraprastha Gas Limited Shantipath,Delhi,New Delhi,"Shantipath Road, Shantipath, near Rail Museum, Moti Bagh, New Delhi, Delhi 110021",28.58267379,77.17947959,8.0,16,4,111,0.65,39.0,6.45,11649,53.73,12:00-15:00,Medium,Medium
EESL Charak Palika Hospital,Delhi,New Delhi,"F 203, Moti Bagh 1, Block F, North West Moti Bagh, New Delhi, Delhi 110021",28.58704293,77.17767714,8.0,14,13,77,0.69,41.4,9.23,3537,45.86,18:00-21:00,Medium,Medium
EESL Yashwant Place Market,Delhi,New Delhi,"Yashwant Place, Satya Marg, Chanakyapuri, New Delhi, Delhi 110021",28.58556496,77.1913234,8.0,28,12,157,0.75,45.0,17.84,2498,45.31,08:00-11:00,Medium,High
EESL PSOI Club,Delhi,New Delhi,"PSOI Club Chanakyapuri, New Delhi, Delhi 110021",28.58664525,77.19360781,8.0,21,8,156,0.94,56.4,12.74,11969,45.91,08:00-11:00,High,High
EESL Khanna Market 1,Delhi,New Delhi,"NDMC Parking, Opposite Goel Opticals, Khanna Market, Aliganj, Lodhi Colony, New Delhi -110003",28.580532,77.221048,8.0,38,12,221,0.94,56.4,15.62,7611,61.88,08:00-11:00,High,High
EESL Palika Maternity Hospital,Delhi,New Delhi,"Palika Maternity Hospital, block 11, Lodhi Colony, Near Khanna Market, New Delhi - 110003",28.583518,77.222057,8.0,39,3,186,0.69,41.4,11.41,5300,31.77,08:00-11:00,Medium,Medium
EESL Khanna Market 2,Delhi,New Delhi,"NDMC Parking, Opposite Dory Pharmacy, Khanna Market, Aliganj Lodhi colony, New Delhi - 110003",28.584365,77.22054,8.0,26,19,19,0.94,56.4,8.13,10929,69.35,18:00-21:00,High,High
EESL Maherchand market Delhi,Delhi,New Delhi,"Double story Market, Maherchand Lodhi Road , New Delhi - 110003",28.581051,77.227075,8.0,18,8,53,0.46,27.6,10.37,11703,34.81,08:00-11:00,Low,Medium
EESL Jor Bagh Market,Delhi,New Delhi,"NMDC Parking, Outside RWA Park, Jor Bagh Market, Jor Bagh Colony Road, New Delhi - 110003",28.588117,77.217564,8.0,35,10,152,0.71,42.6,19.21,10407,43.91,12:00-15:00,Medium,High
EESL Lodhi Garden,Delhi,New Delhi,"NMDC Parking, Gate no 1, Lodhi Gardens, Lodhi Estate, Lodhi Road New Delhi - 110003",28.590402,77.220192,8.0,12,16,115,0.4,24.0,9.19,3150,44.98,18:00-21:00,Low,Low
BSES Hazrat Nizamuddin,Delhi,New Delhi,"Nizamuddin Railway Station, Nizamuddin East, New Delhi -110013",28.5885055,77.2570236,8.0,6,12,23,0.63,37.8,6.29,1742,55.27,08:00-11:00,Medium,Medium
EESL Malcha Marg Market,Delhi,New Delhi,"NDMC Parking, Dharma Marg, block- Y, Diplomatic Enclave, Malcha Market, New Delhi - 110021",28.601809,77.186432,8.0,18,3,185,0.94,56.4,14.14,4949,29.74,18:00-21:00,High,High
EESL Khan Market,Delhi,New Delhi,"NDMC Parking, Khan Market, New Delhi - 110003",28.600324,77.226883,8.0,29,8,107,0.84,50.4,8.23,4292,48.78,08:00-11:00,High,High
EESL Prithviraj Market,Delhi,New Delhi,"NDMC Parking, Prithviraj Market, Prithviraj Ln, New Delhi - 110003",28.600735,77.226277,8.0,31,7,86,0.8,48.0,16.85,9661,21.88,12:00-15:00,High,High
EESL Hotel Claridges,Delhi,New Delhi,"NDMC Parking, Side of Hotel Claridges, Tees January Marg, Dr. APJ Abdul Kalam Road, New Delhi -110011",28.599477,77.215583,8.0,32,17,121,0.79,47.4,18.61,2661,30.45,12:00-15:00,High,High
EESL Hotel Claridges,Delhi,New Delhi,"NDMC Parking, Side of Hotel Claridges, Tees January Marg, Dr. APJ Abdul Kalam Road, New Delhi -110011",28.601201,77.215975,8.0,10,8,201,0.52,31.2,24.28,2538,30.43,18:00-21:00,Medium,Medium
EESL Talkatora Stadium,Delhi,New Delhi,"Talkatora stadium Presidents Estate, New Delhi - 110004",28.62576517,77.19489108,8.0,27,10,61,0.38,22.8,15.59,9746,24.32,08:00-11:00,Low,Low
EESL Talkatora Garden,Delhi,New Delhi,"Rashtrapati Bhawan, President's Estate, New Delhi, Delhi 110004",28.62394449,77.19509853,8.0,32,4,39,0.88,52.8,14.09,1703,76.25,12:00-15:00,High,High
EESL Press Club,Delhi,New Delhi,"1, Raisina Road, Near Central Secretariat Metro, Windsor Place, New Delhi, Delhi 110001",28.61743816,77.21362374,8.0,4,13,135,0.41,24.6,16.56,11430,63.39,08:00-11:00,Low,Low
EESL Chelmsford Club,Delhi,New Delhi,"Opposite CSIR Building, Rafi Marg, Sansad Marg Area, New Delhi, Delhi 110001",28.61919904,77.21252935,8.0,11,4,205,0.8,48.0,5.92,3745,72.95,18:00-21:00,High,High
EESL Akashwani Bhawan,Delhi,New Delhi,"Sansad Marg, Pandit Pant Marg Area, Sansad Marg Area, New Delhi, Delhi 110001",28.62237102,77.21148694,8.0,11,2,227,0.71,42.6,16.98,8781,73.95,18:00-21:00,Medium,High
EESL Sansad Marg,Delhi,New Delhi,"NDMC Parking, Outside Standard Chartered Bank, Sardar Patel Bhawan, Sansad Marg, New Delhi - 110001",28.62463712,77.21405159,8.0,28,20,236,0.41,24.6,14.57,1147,71.83,08:00-11:00,Low,Low
EESL Bharat Sanchar Bhawan,Delhi,New Delhi,"Outside Bharat Sanchar Bhawan, Ashoke Road, Janpath, New Delhi - 110001",28.62433889,77.21983712,8.0,22,18,164,0.63,37.8,18.69,7384,70.04,08:00-11:00,Medium,Medium
EESL Fab India,Delhi,New Delhi,"62, Janpath Rd, Atul Grove Road, Janpath, Connaught Place, New Delhi, Delhi 110001",28.62772522,77.21977647,8.0,18,17,198,0.72,43.2,15.2,5910,61.68,08:00-11:00,Medium,High
EESL ICICI Bank Janpath,Delhi,New Delhi,"No 82, Janpath Rd, Janpath, Connaught Place, New Delhi, Delhi 110001",28.62891677,77.21975289,8.0,30,1,109,0.54,32.4,22.44,8492,42.36,18:00-21:00,Medium,Medium
EESL FICCI Chowk,Delhi,New Delhi,"FICCI Chowk, Todermal Road Area, Mandi House, New Delhi, Delhi 110001",28.62703859,77.23189591,8.0,27,8,180,0.75,45.0,22.93,6187,52.11,08:00-11:00,Medium,High
EESL Jain Bhawan,Delhi,New Delhi,"Jain Bhawan, 12, Shaheed Bhagat Singh Marg, Gole Market, New Delhi, Delhi 110001",28.6340764,77.20743317,8.0,23,9,142,0.79,47.4,5.72,9322,71.12,08:00-11:00,High,High
EESL Barakhamba,Delhi,New Delhi,"Fire Brigade Lane, Barakhamba, New Delhi, Delhi 110001",28.62981766,77.22595347,8.0,13,14,154,0.67,40.2,8.7,7631,30.7,08:00-11:00,Medium,Medium
EESL Gopal Das Building,Delhi,New Delhi,"New Barakhamba Rd, Connaught Lane, Barakhamba, New Delhi, Delhi 110001",28.63143715,77.22343991,8.0,18,7,248,0.36,21.6,6.25,2528,54.06,08:00-11:00,Low,Low
EESL HP Petrol Pump,Delhi,New Delhi,"Radial Rd Number 7, Block E, Connaught Place, New Delhi, Delhi 110001",28.63195905,77.22212172,8.0,34,16,221,0.75,45.0,24.01,8274,40.8,12:00-15:00,Medium,High
"EESL Block M, CP",Delhi,New Delhi,"K-11, Connaught Cir, Connaught Lane, Barakhamba, New Delhi, Delhi 110001",28.63314358,77.22298998,8.0,34,19,114,0.75,45.0,20.39,2968,45.65,18:00-21:00,Medium,High
EESL Shanker Market,Delhi,New Delhi,"11, Shankar Market, Connaught Lane, Barakhamba, New Delhi, Delhi 110001",28.63382667,77.22352744,8.0,7,2,240,0.81,48.6,11.95,11689,51.98,18:00-21:00,High,High
EESL KTM,Delhi,New Delhi,"NDMC Parking, Opp South Indian Bank, Block - E , RR6, Middle Circle, connaught Place, New Delhi - 110001",28.63372677,77.22193874,8.0,19,2,130,0.63,37.8,16.27,3866,43.59,18:00-21:00,Medium,Medium
EESL M Block,Delhi,New Delhi,"NDMC Parking, Outside Westebd Vedi Tailors, Block M, Middle Circle, Connaught Place, New Delhi - 110001",28.63385213,77.2218576,8.0,31,12,137,0.95,57.0,16.23,1236,37.68,12:00-15:00,High,High
EESL Snow White,Delhi,New Delhi,"D-8, D Block, Connaught Place, New Delhi, Delhi 110001",28.63410545,77.22086228,8.0,18,17,226,0.59,35.4,11.18,3835,24.09,12:00-15:00,Medium,Medium
EESL Croma,Delhi,New Delhi,"Ground Floor, Odeon Cine Complex, Middle Cir, D Block, Connaught Place, New Delhi, Delhi 110001",28.63418123,77.22131977,8.0,4,1,28,0.61,36.6,24.05,9495,41.13,08:00-11:00,Medium,Medium
EESL Ferns n Petal,Delhi,New Delhi,"C-17.Inner Circle Opp.Odean Cinema, Rajiv Chowk, Connaught Place, New Delhi, Delhi 110001",28.63457602,77.22062451,8.0,38,2,77,0.74,44.4,23.78,1474,44.76,08:00-11:00,Medium,High
EESL Van Heusen,Delhi,New Delhi,"Ground & Mazanine Floor, Rajiv Chowk, Block A, Connaught Place, New Delhi, Delhi 110001",28.63296432,77.21796241,8.0,15,7,111,0.66,39.6,8.47,4005,25.3,08:00-11:00,Medium,Medium
EESL Block B,Delhi,New Delhi,"Shop No. B-29, Inner Circle, New Delhi, Delhi 110001",28.6319879,77.21694388,8.0,33,12,26,0.92,55.2,8.12,533,28.27,12:00-15:00,High,High
EESL PVR Plaza,Delhi,New Delhi,"Plaza Mall, Connaught Cir, Block H, Connaught Place, New Delhi, Delhi 110001",28.63518078,77.21960047,8.0,40,12,187,0.6,36.0,11.95,6682,35.08,12:00-15:00,Medium,Medium
EESL Block H,Delhi,New Delhi,"Connaught Cir, Block H, Connaught Place, New Delhi, Delhi 110001",28.63455142,77.21791736,8.0,40,2,104,0.58,34.8,6.72,6093,53.36,08:00-11:00,Medium,Medium
EESL Iqbal Bros,Delhi,New Delhi,"Marina Arcade, Middle Cir, Sector 1, Block G, Connaught Place, New Delhi, Delhi 110001",28.6339199,77.21740165,8.0,22,10,94,0.37,22.2,20.64,5744,64.01,12:00-15:00,Low,Low
EESL Block A,Delhi,New Delhi,"9 A, Phelps Building, Inner Circle, Connaught Place, New Delhi, Delhi 110001",28.63259875,77.21833827,8.0,6,17,17,0.42,25.2,22.58,7804,33.6,08:00-11:00,Low,Low
EV Plugin Charge Cross River Mall,Delhi,New Delhi,"Cross River Mall, Plot No - 9B & 9C, Basement, 2, CBD Ground, Shahdara, New Delhi, Delhi 110032",28.65740137,77.30219421,8.0,20,10,182,0.33,19.8,17.41,10082,50.94,18:00-21:00,Low,Low
EESL Adwant Chowk Noida,Uttar Pradesh,Noida,"Noida-Greater Noida Expy, Sector 142, Noida, Uttar Pradesh 201305",28.49920006,77.41280883,8.0,6,2,197,0.51,30.6,14.71,4726,50.29,08:00-11:00,Medium,Medium
ESSL SPCI Noida,Uttar Pradesh,Noida,"Road Between sector 124 & 125 & Beside SPCI Sector Road, Noida UP - 201313",28.544704,77.327263,8.0,9,19,177,0.85,51.0,15.05,11487,52.07,18:00-21:00,High,High
ESSL Sector 50 Market,Uttar Pradesh,Noida,"B Block, Sector 50, Noida, Uttar Pradesh 201303",28.57088871,77.36212105,8.0,14,2,61,0.55,33.0,14.93,6979,33.55,08:00-11:00,Medium,Medium
EESL Sector 51 Noida Afinity Salon,Uttar Pradesh,Noida,"Shop No 2, 1st Floor, Block B1-A, Sector 51, Above IDBI Bank, Noida, Uttar Pradesh 201301",28.5774085,77.36097525,8.0,39,20,139,0.49,29.4,20.1,5794,52.92,12:00-15:00,Low,Medium
EESL Ganga Shopping Complex Noida,Uttar Pradesh,Noida,"29, Sector 50 Block, A Block Rd, A-Block, Sector 50, Noida, Uttar Pradesh 201303",28.56789299,77.33526717,8.0,39,3,89,0.31,18.6,19.13,3587,57.35,18:00-21:00,Low,Low
EESL Kirti Mann Plaza Noida,Uttar Pradesh,Noida,"16-C Indian Bank, Block E, Sector 30, Noida, Uttar Pradesh 201303",28.57299555,77.34050954,8.0,38,13,87,0.62,37.2,5.26,1679,48.07,12:00-15:00,Medium,Medium
EESL RTO Office Noida,Uttar Pradesh,Noida,"opposite NTPC, Block A, Sector 32, Noida, Uttar Pradesh 201301",28.58764829,77.35208677,8.0,34,14,169,0.75,45.0,9.02,7551,79.12,18:00-21:00,Medium,High
EESL Shopprix Mall Noida,Uttar Pradesh,Noida,"Maharaja Agrasen Marg, A-Block, Sector 61, Noida, Uttar Pradesh 201307",28.59717534,77.36480344,8.0,15,2,78,0.36,21.6,22.79,3151,37.03,18:00-21:00,Low,Low
EESL Opp Sasta Sundar Hospital Sector 58 Noida,Uttar Pradesh,Noida,"A 94/7, A Block, Sector 58, Noida, Uttar Pradesh 201301",28.60488569,77.35958439,8.0,12,12,236,0.49,29.4,24.99,8862,61.24,12:00-15:00,Low,Medium
EESL HCL Sector 8 Noida,Uttar Pradesh,Noida,"B-26, B Block, Sector 8, Noida, Uttar Pradesh 201301",28.59505075,77.33041905,8.0,18,19,35,0.9,54.0,11.96,11112,34.48,08:00-11:00,High,High
EESL Tata Advance Systems Noida,Uttar Pradesh,Noida,"Near Tata Advance Systems Sector - 59, Noida , UP- 201301",28.5961692,77.32663,8.0,35,9,148,0.6,36.0,18.39,1028,63.64,08:00-11:00,Medium,Medium
EESL Jain air Travels Sector 2 Noida,Uttar Pradesh,Noida,"Opp C-101 Jain Air Travels, Sector 2 , Noida",28.58486471,77.31503159,8.0,28,7,207,0.74,44.4,13.79,6096,41.8,08:00-11:00,Medium,High
EESL Alka Cinema Noida,Uttar Pradesh,Noida,"Noida Authority Parking, Sector 15, Nithari, Noida Dadri, Gautam Buddha Nagar, UP -201301",28.58260686,77.31284358,8.0,37,7,156,0.64,38.4,21.57,8467,23.1,08:00-11:00,Medium,Medium
EESL Electronic City Metro Station,Uttar Pradesh,Noida,"Electronic city Metro Station, Gate no 2, Sector 63, Noida UP - 201301",28.626475,77.375142,8.0,13,15,179,0.47,28.2,19.24,8442,34.12,18:00-21:00,Low,Medium
"EESL H- Block Market, Haldiram",Uttar Pradesh,Noida,"H- Block Market, Haldiram Car Parking, Sector 63, Noida 201301",28.6281915,77.375303,8.0,30,3,242,0.89,53.4,5.2,11090,56.89,18:00-21:00,High,High
EESL Prayas Bhawan Naya Raipur,Chhattisgarh,Raipur,"Public Parking, Prayas Bhawan, Sec -19, Atal Nagar, Nava Raipur",21.163948,81.788547,8.0,6,3,246,0.51,30.6,23.85,3149,37.16,08:00-11:00,Medium,Medium
Anert -EESL Sangamukham Kerala,Kerala,Thiruvananthapuram,"Thiruvananthapuram, Shangumukham, Kannanthura, Thiruvananthapuram, Kerala 695008",8.481360724,76.91248155,8.0,40,10,36,0.86,51.6,15.02,367,21.91,08:00-11:00,High,High
KSEBL Viyyur,Kerala,Thrissur,"Padukad, Keltron Nagar, Kolazhy, Thrissur, Kerala 680010",10.56044924,76.21714424,17.0,31,20,148,0.7,42.0,7.21,10059,47.56,18:00-21:00,Medium,Medium
ANERT EESL thycaucd ,Kerala,Thiruvananthapuram,"State Council For Child Welfare, CV Raman Pillai Rd, Near Kerala, Housing Board, Thycaud, Thiruvananthapuram, Kerala 695014",8.492852084,76.95801444,8.0,34,14,134,0.46,27.6,21.15,8291,40.98,18:00-21:00,Low,Medium
ANERT Zivah EV charger,Kerala,Thiruvananthapuram,"Vikas Bhavan P. O, Law College Rd, PMG, Thiruvananthapuram, Kerala 695033",8.50884848,76.94622254,8.0,38,13,227,0.57,34.2,13.55,2571,70.35,08:00-11:00,Medium,Medium
EESL Mantralaya Naya Raipur,Chhattisgarh,Raipur,"Sector 19, Kotara Bhantha, Naya Raipur, Chhattisgarh 492101",21.16012192,81.79515321,8.0,10,13,184,0.43,25.8,11.34,6600,78.63,18:00-21:00,Low,Low
TS Transco Vidyut soudha,Telangana,Hyderabad,"6-3-643, second floor, khairatabad rd, raj bhavan quarters colony, somajiguda, hyderabad,500004",17.41406061,78.45778047,18.0,21,12,84,0.83,49.8,24.0,10685,65.11,12:00-15:00,High,High
TSIPARD ,Telangana,Hyderabad,"Telnagana state institute of rural development - Police Quaters, Rajendranagar mandal, Hyderabad, Telangana 500030",17.31694482,78.40246655,18.0,11,17,42,0.54,32.4,23.2,4982,22.71,18:00-21:00,Medium,Medium
HPCL Autocare Sajgaon,Maharashtra,lonavala,"Dahivati Tarf Boreti, Maharashtra 410203",18.79320299,73.29699392,18.0,31,19,229,0.93,55.8,15.37,9881,64.1,08:00-11:00,High,High
Lifeon Industries,Maharashtra,navi mumbai,"D298, TTC Industrial area, turbhe",19.06895357,73.02251015,18.0,8,17,180,0.67,40.2,19.28,5585,62.57,12:00-15:00,Medium,Medium
Relux Experience Centre (ABS e-auto & Charger),Tamil Nadu,Chennai,"NO: 16/8, PRV Towers, GST Road, Guindy, Chennai, Tamil Nadu - 600 032",13.00777749,80.20730884,19.0,23,15,201,0.69,41.4,11.03,2448,23.84,12:00-15:00,Medium,Medium
Hotel Aishwarya Bhavan (Safa Electric),Tamil Nadu,Villupuram,"Chennai - Trichy Highway, Tindivanam, Tamil Nadu - 604001",12.24034498,79.66228159,19.0,34,20,141,0.51,30.6,19.86,3966,75.92,12:00-15:00,Medium,Medium
Sihla Energy Sihla Energy,Kerala,Malappuram,"Thrissur-Kunnakulam SH 69, Valayankulam, Kerala - 679591",10.73477485,76.04854399,19.0,25,5,181,0.66,39.6,15.12,9806,39.25,08:00-11:00,Medium,Medium
Ammayii Hotel & Resorts (PKS Charging Station),Tamil Nadu,Tiruvannamalai,"Old No: 80, New No: 40, Sannathi Street, Opp Karur Vysya Bank, Thiruvanamalai, Tamil Nadu - 606601",12.23639376,79.08960088,19.0,8,11,159,0.53,31.8,14.89,4704,74.52,12:00-15:00,Medium,Medium
AARGO CSC MINTO ROAD,Delhi,NEW DELHI,,28.63547,77.2213,,11,19,186,0.44,26.4,19.29,3984,72.2,12:00-15:00,Low,Low
AARGO GOLDEN GALAXY HOTEL,Haryana,FARIDABAD,,28.288075,77.295116,,23,9,231,0.84,50.4,24.87,9806,74.53,08:00-11:00,High,High
AARGO ASLI PAPPU DHABA,Uttar Pradesh,KOSI KALAN,,27.832687,77.418785,,39,4,215,0.61,36.6,16.3,5219,72.98,12:00-15:00,Medium,Medium
Hemank Auto Parts,Maharashtra,Pune,"B-5 Electronic Estate,MIDC,Bhosari,Pune",18.621902,73.82497,18.0,10,15,136,0.46,27.6,23.92,3902,60.35,12:00-15:00,Low,Medium
"HPCL autocare,Sajgaon",Maharashtra,Sajgaon,"Autocare centre,COCO VIII,Mumbai-Pune express.Khalapur Toll Naka Sajgaon",18.793453,73.297219,18.0,10,20,123,0.31,18.6,22.81,10742,62.33,08:00-11:00,Low,Low
Hotel swagat INN,Gujarat,Amboli,"94, NH 48, opp. Tata Motors, Amboli, Gujarat 394150",21.30157137,72.95378153,18.0,39,19,53,0.35,21.0,7.21,2573,51.25,12:00-15:00,Low,Low
MH|MUMBAI|POWAI#HIRANANDANI GARDENS,Maharashtra,MUMBAI,"TECHNOLOGY ST,HIRANANADANI GARDENS,SAINATH NAGAR,POWAI,MUMBAI,MAHARASHTARA 400076",19.11999443,72.9141036,,34,1,51,0.62,37.2,22.42,11541,49.86,18:00-21:00,Medium,Medium
MH|TALASARI|HOTEL SAHYADRI,Maharashtra,MUMBAI,"HOTEL SAHYADRI,TALASARI,AJMER ROAD,ACHAD,MAHARASHTRA 401606",20.22117727,72.88122971,,17,15,201,0.81,48.6,13.04,3213,58.69,12:00-15:00,High,High
"GJ|NAVSARI|NH 8,GRID ROAD",Gujarat,NAVSARI,"HOTEL  FUN CITY(PURE VEG),NH 8,GRID ROAD,BESIDE PEEDEE ELECTRONCS,KABILPORE,NAVSARI",20.94457359,72.962844,,7,1,36,0.8,48.0,24.73,3293,50.33,12:00-15:00,High,High
"HONEST RESTAURANT NH8,MIYAGAM,MIYAGAM KARJAN,GUJARAT",Gujarat,KARJAN,"opposite bharthana village, near elentic tolnaka between baroda to bharuch, NH8, miyagam, Karjan, Gujarat 391240",22.02415767,73.11753277,,23,9,167,0.81,48.6,14.66,4287,56.81,12:00-15:00,High,High
BESCOM HSR LAYOUT,Karnataka,BANGALORE,"HSR LAYOUT,BENGALURU,KARNATAKA 560001",12.91162361,77.64899678,16.0,13,17,186,0.68,40.8,7.34,2703,42.58,12:00-15:00,Medium,Medium
BESCOM BTM LAYOUT,Karnataka,BANGALORE,"u00a016th Main, 100ft Ring Road, BTM 1st stage, Opp. Advitha Petrol Bunk, Bengaluru, Karnataka 560076",12.91895366,77.61247565,16.0,17,14,192,0.38,22.8,16.19,8815,55.94,08:00-11:00,Low,Low
BESCOM KATRIGUPPE,Karnataka,BANGALORE,"KATRIGUPPE,BENGALURU,KARNATAKA 560001",12.93068034,77.57662739,16.0,27,9,191,0.52,31.2,21.22,6687,35.28,18:00-21:00,Medium,Medium
BESCOM BYATARAYANAPURA,Karnataka,BANGALORE,"BYATARAYANAPURA,BENGALURU,KARNATAKA 560001",12.9499757,77.540718,16.0,8,3,239,0.79,47.4,9.89,5240,24.23,08:00-11:00,High,High
BESCOM MURUGESHPALAYA,Karnataka,BANGALORE,"MURUGESHPALYA,ENGALURU,KARNATAKA 560001",12.95898377,77.66440273,16.0,23,16,75,0.57,34.2,17.5,8111,65.38,12:00-15:00,Medium,Medium
BESCOM INDIRANAGAR,Karnataka,BANGALORE," HAL 2nd Stage, Kodihalli, Bengaluru, Karnataka 560008",12.96495904,77.64423453,16.0,15,16,112,0.51,30.6,23.2,7384,64.58,08:00-11:00,Medium,Medium
BBMP CORPORATION OFFICE,Karnataka,BANGALORE,"29, Temple Rd, M S K Nagar, Yesvantpur Industrial Suburb, Yeswanthpur, Bengaluru, Karnataka 560022",13.02425398,77.53671856,16.0,21,2,158,0.78,46.8,8.11,2329,69.15,08:00-11:00,High,High
SHIVAJINAGAR TTMC,Karnataka,BANGALORE," Bengaluru, Karnataka 562123",13.06689523,77.44430974,16.0,17,2,191,0.6,36.0,6.95,593,70.03,08:00-11:00,Medium,Medium
BESCOM BANASWADI,Karnataka,BANGALORE,"301-305, 5th D Main Rd, HRBR Layout 2nd Block, HRBR Layout, Kalyan Nagar, Bengaluru, Karnataka 560043",13.02043003,77.64093356,16.0,8,7,198,0.64,38.4,14.57,4065,75.06,18:00-21:00,Medium,Medium
BESCOM MAHADEVAPURA,Karnataka,BANGALORE,"ITPL Main Rd, Vigneshwar Nagar, Devasandra Industrial Estate, Krishnarajapura, Bengaluru, Karnataka 560048",12.99493599,77.69924534,16.0,6,10,45,0.71,42.6,11.61,11666,22.87,08:00-11:00,Medium,High
BESCOM YALHANKA,Karnataka,BANGALORE,"SUGAPPA LAYOUT,EAST COLONY,YELAHANKA",13.09596479,77.59452594,16.0,30,19,71,0.71,42.6,13.66,5359,20.62,12:00-15:00,Medium,High
BESCOM JALAHALLI,Karnataka,BANGALORE,"JALAHALLI O &M ,NEAR POLICE STATION,HMT GROUND,BANGALORE",13.05335357,77.54322724,16.0,21,15,83,0.32,19.2,5.05,7788,29.97,08:00-11:00,Low,Low
BESCOM MATHIKERE,Karnataka,BANGALORE,"MATHIKERE,BENGALURU,KARNATAKA 560001",13.03823943,77.55775104,16.0,28,17,232,0.69,41.4,18.44,5837,70.05,08:00-11:00,Medium,Medium
BESCOM -PEENYA SRS O&M,Karnataka,BANGALORE,"SRS Rd, Yeshwanthpur Suburb II Stage, Yesvanpur Surburb, Peenya, Bengaluru, Karnataka 560058",13.03211103,77.52748284,16.0,38,15,242,0.34,20.4,8.53,4314,74.76,12:00-15:00,Low,Low
EESL High court station,Tamil Nadu,Chennai,High Court Metro Station Chennai (CMRL),13.088249,80.285359,16.0,23,1,238,0.58,34.8,21.33,7359,28.51,18:00-21:00,Medium,Medium
EESL High court station,Tamil Nadu,Chennai,High Court Metro Station Chennai (CMRL),13.088249,80.285359,16.0,38,15,165,0.72,43.2,10.02,1798,52.15,18:00-21:00,Medium,High
EESL Chennai Egmore metro,Tamil Nadu,Chennai," Chennai Egmore metro, Chennai (CMRL)",13.079097,80.261538,16.0,37,13,250,0.85,51.0,10.29,8446,70.66,12:00-15:00,High,High
EESL Chennai Egmore metro,Tamil Nadu,Chennai," Chennai Egmore metro, Chennai (CMRL)",13.079097,80.261538,16.0,10,19,32,0.58,34.8,6.56,3971,50.04,12:00-15:00,Medium,Medium
EESL Saidapet Metro station,Tamil Nadu,Chennai,Saidapet Metro station,13.0237,80.2282,16.0,6,3,151,0.72,43.2,23.74,946,61.59,18:00-21:00,Medium,High
EESL Tirumangalam Metro station,Tamil Nadu,Chennai,Tirumangalam Metro station,13.0853,80.2016,16.0,14,9,100,0.32,19.2,22.93,1376,34.97,18:00-21:00,Low,Low
EESL Thirumangalam Metro,Tamil Nadu,Chennai,Tirumangalam Metro station,13.0853,80.2016,16.0,4,17,20,0.52,31.2,19.61,8703,59.71,12:00-15:00,Medium,Medium
EESL Chelmsford Club,Delhi,Delhi,"Outside Chelmsford Club/ Opposite CSIR Building, Rafi Marg, Sansad Marg Area, New Delhi 110001",28.61826041,77.21256986,16.0,20,16,230,0.43,25.8,12.93,3663,52.72,08:00-11:00,Low,Low
EESL Chelmsford Club,Delhi,Delhi,"Outside Chelmsford Club/ Opposite CSIR Building, Rafi Marg, Sansad Marg Area, New Delhi 110001",28.61826041,77.21256986,16.0,37,18,249,0.72,43.2,17.66,10983,25.87,18:00-21:00,Medium,High
u00a0EESL Sushma Swaraj Bhawan,Delhi,Delhi,"Susma swaraj Bhawan, MEA, New Delhi",28.59583333,77.18055556,16.0,11,2,106,0.62,37.2,16.77,5875,66.95,12:00-15:00,Medium,Medium
EESL Delhi Haat,Delhi,Delhi,"NMDC Parking, Dilli Haat, West Kidwai Nagar, New Delhi 110023",28.572793,77.208662,16.0,15,17,89,0.44,26.4,24.75,4911,29.83,18:00-21:00,Low,Low
EESL Chelmsford Club,Delhi,Delhi,"Back of Hotel Claridges Near NDMC Power Sub nStation, Tees January Marg, nDr. APJ Abdul Kalam Road, New Delhi- 110003",28.61826041,77.21256986,16.0,18,20,222,0.78,46.8,7.69,6387,32.12,12:00-15:00,High,High
EESL Chelmsford Club,Delhi,Delhi,"Outside Chelmsford Club/ Opposite CSIR Building, Rafi Marg, Sansad Marg Area, New Delhi 110001",28.61826041,77.21256986,16.0,26,19,82,0.88,52.8,14.62,7365,67.92,12:00-15:00,High,High
EESL Legislative Assembly Goa,Goa,Goa,"GDA, Goa",15.51047222,73.83722222,16.0,18,1,96,0.95,57.0,13.36,608,47.64,18:00-21:00,High,High
ANERT-EESL Ernakulam Kerala,Kerala,Kochi,"KTDC Tourist Reception Centre Shanmugham road, Ernakulam, Marine drive, Kochi Kerala-682031",9.977164,76.27777,16.0,38,17,244,0.89,53.4,20.01,2757,75.58,08:00-11:00,High,High
HAREDA EESL Panchkula,Haryana,Panchkula,"HAREDA, Akshay Urja Bhawan , Institutional plot No.1 Sector-17 Panchkula , 134109 Haryana",30.695929,76.834874,16.0,11,17,28,0.87,52.2,20.24,1218,54.84,18:00-21:00,High,High
ANERT-EESL AUTOKAST Kerala,Kerala,Perunnermangalam,"AUTOKAST premises, South East End adjacent to NH 66, Mararikulam North Village, Perunnermangalam, Muriyil.",9.63628,76.3352,16.0,9,18,123,0.87,52.2,9.11,7486,71.27,08:00-11:00,High,High
ANERT-EESL Sangamukham Kerala,Kerala,Thiruvanthapuram,"Sanghumukham DTPC office, Shanghumukham beach, thiruvananthapuram,Kerala- 605007",8.481159,76.912456,16.0,35,12,154,0.95,57.0,17.44,11701,40.64,12:00-15:00,High,High
ANERT-EESL Thycaud Kerala,Kerala,Thiruvanthapuram,"State Council For Child Welfare, CV Raman Pillai Rd, Near Kerala, Housing Board, Thycaud, Thiruvananthapuram, Kerala 695014",8.4927752,76.9572956,16.0,24,8,188,0.55,33.0,14.73,5384,58.33,08:00-11:00,Medium,Medium
KSEB NEMOM,Kerala,THIRUVANANTHAPURAM,NEYYATTINKARA,8.460016017,77.00402472,16.0,12,3,62,0.42,25.2,6.58,2889,41.44,12:00-15:00,Low,Low
KSEBL OLAI,Kerala,THIRUVANANTHAPURAM,"NH 66, T D Nagar, Olayil, High School Jun, Kollam, Kerala 691009",8.892952791,76.57878733,16.0,18,19,167,0.36,21.6,23.67,381,57.53,08:00-11:00,Low,Low
KSEBL PALARIVATTOM,Kerala,THIRUVANANTHAPURAM,"Palarivattom - Edappally Rd, Sonia Nagar, Palarivattom, Ernakulam, Kerala 682565",10.00552573,76.3050448,16.0,32,9,67,0.51,30.6,22.17,9340,72.9,18:00-21:00,Medium,Medium
KSEBL VIYYUR,Kerala,THIRUVANANTHAPURAM,"H668+2VH, Padukad, Keltron Nagar, Kolazhy, Thrissur, Kerala 680010",10.56052307,76.2172408,16.0,18,9,35,0.57,34.2,18.13,9479,53.43,18:00-21:00,Medium,Medium
KSEBL NALLALAM,Kerala,THIRUVANANTHAPURAM,"Modern Bazar, Nallalam, Kozhikode, Kerala 673018",11.20838069,75.80848587,16.0,21,13,249,0.85,51.0,22.46,5361,69.65,08:00-11:00,High,High
KSEBL CHOVVA,Kerala,THIRUVANANTHAPURAM,"Kannur - Kuthuparamba Rd, Elayavoor, Kerala 670331",11.86893912,75.40316573,16.0,28,15,104,0.63,37.8,9.44,8611,67.4,18:00-21:00,Medium,Medium
MG AHMEDABAD MAKARBA,Gujarat,AHMEDABAD,"PLOT NO 2,GROUND FLOOR,SURVEY NO 841/1 AND 2,10,SIGNATURE 1 ,NEAR OLD RAILWAY LINE,SG HIGHWAY,MAKARBA,GUJARAT 3850051 AHMEDABAD",22.996681,72.498226,20.0,9,9,184,0.38,22.8,22.64,4960,27.47,08:00-11:00,Low,Low
MG BENGALURU,Karnataka,ELECTRONIC CITY,"195/6/2,WARD NO 192,BHARATENA AGRAHARA,LAVA KUSHA NAGAR,HOSUR ROAD,KARNATAKA 560100 BENGALURU",12.865032,77.657853,20.0,14,14,166,0.94,56.4,13.52,7794,73.39,18:00-21:00,High,High
MG GURGAON SECTOR 15,Haryana,GURUGRAM,"32,MILESTONE,EXPERION CENTER,SECTOR 1,NH-8,HARYANA 122001 GURUGRAM",28.462298,77.048472,20.0,21,6,171,0.91,54.6,6.46,2958,75.34,18:00-21:00,High,High
IOC MADINAGUDA,Telangana,HYDERABAD,"SURVEY NO 98 MIYAPUR MAIN ROAD,MADINAGUDA HAFEEZPET,TELENGANA 500050 HYDERABAD",17.494851,78.336467,20.0,15,5,228,0.93,55.8,10.92,2652,68.77,12:00-15:00,High,High
HMR MADHAPUR,Telangana,HYDERABAD,"PLOT NO 735 ROAD NO 37 AND 38LEFT LANE AFTER CROMA,CBI COLONY JUBLI HILLS,HYDERABAD.TELENGANA 500033",17.435968,78.40003,20.0,22,6,21,0.91,54.6,13.89,2127,54.03,18:00-21:00,High,High
MG HYDERABAD JUBILEE HILLS,Telangana,HYDERABAD,"8-2-120/86, 10A, opposite Hotel park hyatt, Rd no2, Banjara hills, hyderabad, 500033",17.523923,78.430328,20.0,14,11,109,0.31,18.6,23.6,2245,56.94,08:00-11:00,Low,Low
HMR BEGUMPET,Telangana,HYDERABAD,"7-1-22/A Begumpet flyover, Leelanagar, Ameerpet, Telanagana 500016",17.438229,78.457263,20.0,4,8,174,0.89,53.4,20.98,5967,38.34,18:00-21:00,High,High
IOC BEGUMPET,Telangana,HYDERABAD,"BEGUMPET,HYDERABAD,TELENGANA,INDIA,TELENGANA,500016,HYDERABAD",17.444838,78.466949,20.0,20,8,80,0.74,44.4,10.55,7014,53.25,12:00-15:00,Medium,High
MG MOHALI SECTOR 82,Punjab,MOHALI ,"MG MOHALI,PLOT NO 3,JANATA INDUSTRIAL ESTATE SECTOR 82,SAS NAGAR,MOHALI,PUNAB,PUNJAB,160082 MOHALI",30.661356,76.731482,20.0,38,3,29,0.49,29.4,5.71,2348,64.34,12:00-15:00,Low,Medium
MG DELHI SHIVAJI MARG,Delhi,NEW DELHI,PLOT NO 13 SHIVAJI MARG DELHI 110015 NEW DELHI,28.66196,77.152242,20.0,40,3,185,0.47,28.2,12.35,8785,35.1,12:00-15:00,Low,Medium
MG DELHI LAJPAT NAGAR,Delhi,NEW DELHI,"A-14, Ring Road, Lajpat nagar, Delhi 110024",28.564863,77.236743,20.0,29,14,42,0.78,46.8,9.21,9462,20.51,12:00-15:00,High,High
McDonalds,Maharashtra,Kolhapur,"Shop No 1C, Hissa No 1, Plot No 1/K1, next to Klin Fuel Technology, Sarnobatwadi Kolhapur Maharashtra 416004",16.6869187,74.2703805,21.0,40,16,218,0.89,53.4,20.08,4959,45.36,12:00-15:00,High,High
Hotel Marigold,Telangana,Hyderabad,"Ameerpet Rd, Leela Nagar, Begumpet, Hyderabad, Telangana 500016",17.437257,78.4522943,21.0,29,8,16,0.76,45.6,24.66,9909,51.26,18:00-21:00,High,High
BSES RAPID CHARGING ZONE,Delhi,Patparkang,"Narwana,Patparkang road,I-P Extension",28.62145,77.293556,14.0,40,19,250,0.92,55.2,7.06,9977,49.38,08:00-11:00,High,High
Relux Experience Centre (ABS e-auto & Charger),Tamil Nadu,Chennai,"NO: 16/8, PRV Towers, GST Road, Guindy, Chennai, Tamil Nadu - 600 032",13.00777749,80.20730884,19.0,12,6,37,0.74,44.4,16.32,6345,31.07,12:00-15:00,Medium,High
Hotel Aishwarya Bhavan (Safa Electric),Tamil Nadu,Villupuram,"Chennai - Trichy Highway, Tindivanam, Tamil Nadu - 604001",12.24034498,79.66228159,19.0,31,4,42,0.43,25.8,24.02,7542,31.49,12:00-15:00,Low,Low
RR Charging Station (RR Charging Station),Tamil Nadu,Ambur,"No: 19,IELC Complex, MC Road, Ambur, Tamil Nadu - 635802",12.77988445,78.71776971,19.0,18,1,102,0.56,33.6,5.69,5906,26.88,08:00-11:00,Medium,Medium
Sihla Energy Sihla Energy,Kerala,Malappuram,"Thrissur-Kunnakulam SH 69, Valayankulam, Kerala - 679591",10.73477485,76.04854399,19.0,30,6,128,0.36,21.6,21.21,7270,54.17,18:00-21:00,Low,Low
Hotel Sangeetha (Duriyam Charging Station),Tamil Nadu,Namakkal,"NH 44, Namakkal - Karur Tollgate, Tamil Nadu - 637207",11.19362344,78.10483415,19.0,27,17,127,0.72,43.2,23.44,695,75.4,08:00-11:00,Medium,High
Hotel Temple City Lake (Inn KSN Charging Station),Tamil Nadu,Madurai,"Trichy - Madurai Highway, Valaichcherippatti, Tamil Nadu - 625104",9.987081053,78.24154444,19.0,13,2,240,0.43,25.8,24.84,5352,56.8,12:00-15:00,Low,Low
Alps Residency - A Bergamont Group of Hotel-,Tamil Nadu,Krishnagiri,"Bangalore Bye Pass Road Near Toll Plaza, Krishnagiri, Tamil Nadu-635001",12.54250304,78.20153274,19.0,14,15,103,0.7,42.0,18.21,3641,35.75,12:00-15:00,Medium,Medium
Sri Durga Bhavan Elite (Devika Yogaraajan Charging Station),Tamil Nadu,Vellore,"Near HP Petrol Pump, Pallikonda, Tamil Nadu, 635809",12.9023796,78.93386744,19.0,7,2,120,0.66,39.6,9.93,2862,28.21,12:00-15:00,Medium,Medium
AIMA Charging Station ,Kerala,Palakkad,"Naduvattam, Kringanad Rd, VIlayur ",10.887677,76.189595,19.0,28,13,236,0.82,49.2,13.96,3642,36.0,12:00-15:00,High,High
Bhimas Residency Hotel ,Andhra pradesh,Tirupati,"19-3-41 Renigunta Road, near Ramanuja Circle",13.62754649,79.43056383,19.0,38,1,28,0.45,27.0,19.25,10969,49.14,18:00-21:00,Low,Low
RMS Towers (Ero_G Electric Charging Station),Tamil Nadu,Erode,"NH544, Kovai to Salem Road, Solipalayam, ",11.30199446,77.60004376,19.0,17,1,34,0.33,19.8,24.18,7999,75.67,08:00-11:00,Low,Low
Hotel JAS,Andhra pradesh,Visakhapatnam,"NH45 Kagitha Village Near Vempadu Toll Gate Nakkapalli, Mandalam, Visakhapatnam",17.39957297,82.68113802,19.0,40,12,166,0.65,39.0,8.58,307,36.29,12:00-15:00,Medium,Medium
Unger India pvt India,Haryana,GURUGRAM,"71, Udyog Vihar Phase 1, Udyog Vihar, Sector 19, Gurugram, Haryana 122016",28.499,77.08356,13.0,24,16,170,0.54,32.4,7.27,7376,37.32,12:00-15:00,Medium,Medium
Paschim Vidyut Vitaran Pologround,Madhya Pradesh,UJJAIN,"GPH Compound, Polo Ground, Indore, Madhya Pradesh 452003",23.24006,75.78122,13.0,20,1,60,0.55,33.0,7.1,8575,78.24,12:00-15:00,Medium,Medium
ADYAR ANANDA BHAVAN,Tamil Nadu,ATTUR,"NH9,Thulakanoor Village,Salem District,Attur,TamilNadu",11.591985,78.627219,11.0,27,15,48,0.78,46.8,17.69,3798,36.45,18:00-21:00,High,High
SREE ANNAPOORNA HOTEL,Tamil Nadu,AVINASHI,"NH544,AVINASHI BYE PASS ROAD,AVINASHI,TAMILNADU 641654",11.175093,77.263374,11.0,25,4,167,0.81,48.6,8.08,11245,74.09,18:00-21:00,High,High
VR MALL WHITEFIELD,Karnataka,BANGALORE,"Whitefield Main Road,Mahadevapura,Bengaluru,Karnataka 560048",12.996362,77.695802,,37,8,133,0.33,19.8,21.56,8646,74.81,12:00-15:00,Low,Low
THE FORUM MALL,Karnataka,BANGALORE,"B1-12,Parking,Hosur road,Koramangala,Bengaluru,Karnataka 560095",12.934801,77.610918,11.0,9,13,189,0.66,39.6,22.62,1864,70.02,12:00-15:00,Medium,Medium
Kanthari Restaurants & Banquets,Kerala,Changanassery,"Bypass Road, near AKM school, Changanassery, Kerala 686101",9.4551752,76.5425594,11.0,5,15,166,0.9,54.0,20.23,3624,54.85,08:00-11:00,High,High
BROOKFIELDS MALL ,Tamil Nadu,COIMBATORE,"Dr Krishnasamy Mudaliyar Rd, Brookefields, Sukrawar Pettai, R S Puram West, Coimbatore, Tamil Nadu 641001",11.008935,76.95954,11.0,29,4,158,0.63,37.8,5.74,9663,49.01,08:00-11:00,Medium,Medium
HiLITE Mall,Kerala,Kozhikode,"G1003, NH 66, Kozhikode Bypass, Poovangal, Kozhikode, Kerala 673014",11.2484737,75.8335122,11.0,16,2,196,0.5,30.0,19.82,369,63.81,08:00-11:00,Low,Medium
HOTEL SURYA COMPLEX,Tamil Nadu,KRISHNAGIRI,"NH44,Bangalore Highway,Pollupalli,Krishnagiri,TamilNadu 635115",12.582141,78.157101,11.0,31,9,204,0.35,21.0,6.07,9871,49.36,12:00-15:00,Low,Low
MALL OF MYSORE,Karnataka,MYSURU,"MG Road,Indira Nagar Extension,Nazarbad Mohalla,Mysuru,Karnataka 570010",12.298073,76.664021,11.0,15,6,43,0.54,32.4,23.25,3927,55.67,12:00-15:00,Medium,Medium
SHREE SARAVANA BHAVAN,Tamil Nadu,SANKAGIRI,"Near Sankagiri Toll Gate, NH-47 Salem-Kanyakumari Hwy, Vaikundam, Sankari, Tamil Nadu 637103",11.519342,77.935042,11.0,31,6,169,0.85,51.0,19.51,1231,69.7,08:00-11:00,High,High
Aswins Veg Restaurant,Tamil Nadu,Perambalur,"NH 45, Kalpady Road, Eraiyasamuthiram, Perambalur, Tamil Nadu 621113",11.2064644,78.8812406,11.0,22,18,159,0.48,28.8,11.55,10982,21.51,12:00-15:00,Low,Medium
Cafu00e9 Udupi Ruchi,Tamil Nadu,Ulundurpet,"102/19, Chennai Trichy NH Sengurichi, Village, Ulundurpet, Tamil Nadu 606115",11.7194357,79.3364597,11.0,22,16,221,0.52,31.2,20.81,5846,74.83,12:00-15:00,Medium,Medium
Grand mall,Kerala,Kochi ,"Panvel - Kochi - Kanyakumari Hwy, Toll Junction, Edappally, Kochi, Kerala 682024",10.0243734,76.3088679,11.0,8,5,199,0.49,29.4,5.59,10814,33.82,08:00-11:00,Low,Medium
Hotel Kodai International,Tamil Nadu,Kodaikanal,"17/328, Laws Ghat Rd, Kodaikanal, Tamil Nadu 624101",10.2428087,77.4983634,11.0,4,18,132,0.8,48.0,21.04,9508,74.61,18:00-21:00,High,High
Hotel Kadamba ,Karnataka,Banglore,"Hotel Kadamba Veg, 272/2, Nice Road Junction, Bangalore, SH17, Bengaluru, Karnataka 560060",12.9019627,77.468995,11.0,18,10,166,0.53,31.8,6.71,6810,71.82,18:00-21:00,Medium,Medium
Annapoorna Cafe,Kerala,Angamali,"69FG+56H, Karukutty, Kerala 683572",10.2230435,76.3755255,11.0,12,5,115,0.31,18.6,23.79,11486,29.22,12:00-15:00,Low,Low
D square Mall,Tamil Nadu,Shoolagiri,"Dhiviyam Square Food Court, NH - 7 Hosur - Krishnagiri Highway, Sundagiri, Shool, Tamil Nadu 635117",12.6462747,78.0470111,11.0,24,8,228,0.58,34.8,9.38,11982,66.66,08:00-11:00,Medium,Medium
Hotel Devaragam,Kerala,Guruvayur,"Outer Ring Road, Opp Railway Station, East Nada, Guruvayur, Kerala 680101",10.5955128,76.0443322,11.0,6,16,91,0.71,42.6,7.21,5940,27.0,12:00-15:00,Medium,High
Gokul Oottupura NH 47 Veetarian Restaurant,Kerala,Kochi ,"NH bypass, near Modern Lights, Padivattom, Edappally, Ernakulam, Kerala 682024",10.0111333,76.3123714,11.0,28,2,212,0.34,20.4,6.99,10296,23.46,18:00-21:00,Low,Low
ADAYAR ANANDA BHAVAN,Tamil Nadu,THINDIVANAM,"Swastiks enterpreneurs,NH45,Chennai-Trichy highway,NallathurThindivanam,Tamilnadu 604307",12.297694,79.73365,11.0,5,6,240,0.86,51.6,9.16,680,59.13,18:00-21:00,High,High
Adyar Ananda Bhavan I Navakkarai,Tamil Nadu,Walayar,"Adyar Ananda Bhavan Restaurant, 285, Palakkad Main Rd, MahendraMedu, Navakarai, Coimbatore, Tamil Nadu 641105",10.8559461,76.8625309,11.0,14,12,106,0.89,53.4,6.57,3805,25.11,08:00-11:00,High,High
Adyar Ananda Bhavan I Rasipuram,Tamil Nadu,Rasipuram,"Adyar Ananda Bhavan Restaurant, NH44, Brindavan Garden, Salem-Madurai Rd, Athanur, Tamil Nadu 637401",11.4922712,78.1535774,11.0,15,1,157,0.37,22.2,13.38,10125,74.99,08:00-11:00,Low,Low
Ganpat Grand I Palani,Tamil Nadu,Palani,"Circle, 167/1, Adivaram Itteri Road Near Balaji Bhavan, Palani, Tamil Nadu 624601",10.4425816,77.5203903,11.0,17,17,92,0.59,35.4,12.95,2071,27.53,12:00-15:00,Medium,Medium
Aasai Aasai Anandha Bhavan | Omalur,Tamil Nadu,Omalur,"Aasai Aasai Anandha Bhavan Delight, A/C Pure Veg Restaurant, NH - 44, Bangalore, to, Salem Highway, Omalur, Tamil Nadu 636455",11.7592238,78.4273441,11.0,22,19,60,0.41,24.6,5.88,6920,72.54,18:00-21:00,Low,Low
Hotel Temple City I Thirumangalam,Tamil Nadu,Thirumangalam,"Hotel Temple City, NH 44, Madurai to Virudhunagar Highways Melanesaneri Sivarakottaim, Madurai, Tamil Nadu 625706",9.7590386,77.9791582,11.0,35,12,23,0.72,43.2,21.15,2175,25.92,18:00-21:00,Medium,High
Hotel Temple City I vadippatti,Tamil Nadu,Vadippatti,"Hotel Temple City, NH 44, Chellakulam, Thathampatti, Tamil Nadu 625020","10.0804337,",77.9776792,11.0,31,5,204,0.84,50.4,9.59,1620,43.89,12:00-15:00,High,High
Hotel Paakashala I Yediyur,Karnataka,Yediyur,"Paakashala @ Yediyur, Koppa Bangalore Mangalore Highway, NH75, Kunigal, Karnataka 572142",12.9902212,76.8816809,11.0,25,19,100,0.42,25.2,18.24,8346,37.47,08:00-11:00,Low,Low
A S M ABDUL CADER AND CO,TAMIL NADU,CHENNAI,"A S M ABDUL CADER AND CO, DOOR NO 355 CEMENT ROAD, ALANDUR, MEENAMBAKKAM,CHENNAI, TAMIL NADU, 600016",12.99431,80.18706,10.0,25,20,232,0.48,28.8,14.38,5092,26.95,12:00-15:00,Low,Medium
"BP,GHAR-MARAIMALAI NAGAR",TAMIL NADU,CHENGALPATTU,"BP,GHAR-MARAIMALAI NAGAR, SY NO 336/6 ( PART ), NH-45, GST RO, MARAIMALAI NAGAR, CHENGALPATTU, TAMILNADU, 603209",12.78326,80.01671,10.0,7,4,54,0.6,36.0,13.36,4008,24.77,08:00-11:00,Medium,Medium
SAKTHI MADUMALAR AGENCIES,TAMIL NADU,CHENGALPATTU,"SAKTHI MADHUMALAR AGENCIES, NH-45 CHENNAI-TRICHY HIGHWAY, MELMARUVATHUR, CHENGALPATTU, TAMIL NADU, 603319",12.43395,79.83235,10.0,7,3,17,0.44,26.4,19.56,6340,73.2,08:00-11:00,Low,Low
SRI VENNI AGENCIES,TAMIL NADU,VILLUPURAM,"Bharat Petroleum Dealers, SY NO 52/6B1 & 52/7A1, NH38, Chennai Trichy Highway, CHINNAVALAVANUR, VILLUPURAM, TN-604302",12.16381,79.61146,10.0,37,12,144,0.83,49.8,17.93,7654,65.27,08:00-11:00,High,High
RAVIE AGENCIES,TAMIL NADU,VILLUPURAM,"Bharat Petroleum Dealers, SY NO 148/1, NH38, Chennai Trichy Highway, V. SALAI, VIKRAVANDI, VILLUPURAM, TN-605652",12.06382,79.54755,10.0,7,10,100,0.56,33.6,21.56,614,69.34,08:00-11:00,Medium,Medium
BP-ULUNDURPET,TAMIL NADU,KALLAKURICHI,"Bharat Petroleum Companyu00a0Owner retail outlet, Next to Ulundurpet Toll, NH38, CHENNAI-TRICHY HIGHWAY, SENGURICHI VILLAGE, KALLAKURICHI Dt, TN-606115",11.71881,79.33575,10.0,13,15,235,0.71,42.6,24.71,7158,25.44,08:00-11:00,Medium,High
BP-TRICHY,TAMIL NADU,TRICHY,"Bharat Petroleum Company owner retail outlet, S.No-489/5B, NH38, CHENNAI-TRICHY HIGHWAY, SANNAMANGALAM, Trichy, TN-621104",11.03248,78.80801,10.0,24,2,40,0.89,53.4,15.51,11567,49.01,18:00-21:00,High,High
KARTHIK AGENCIES,TAMIL NADU,TRICHY,"Bharat Petroleum Dealers, S.No-456/6, 5B, NH38, CHENNAI-TRICHY HIGHWAY, SIRUGANUR, LALGUDI TK, Trichy, TN-621105",11.00462,78.78876,10.0,14,2,218,0.72,43.2,13.43,4296,53.1,12:00-15:00,Medium,High
SRI RAJAN ENTERPRISES,TAMIL NADU,MADURAI,"Sri Rajan Enterprises, BPCL Dealers, Surakundu village, Melur - Madurai road, NH 38, Melur, Madurai 625106",10.02184,78.31352,10.0,28,15,231,0.93,55.8,5.15,460,42.3,12:00-15:00,High,High
BP-OTHAKKADAI,TAMIL NADU,MADURAI,"BP Othakadai, BPCL Retail Outlet, Kodikulam Village, Madurai - Melur NH 38, Madurai 625104",9.9445,78.15418,10.0,28,14,102,0.42,25.2,8.69,4730,43.97,08:00-11:00,Low,Low
GJ | Ahmedabad | Abhinav Girls Hostel Bodakdev,Gujarat,Ahmedabad,"Bodakdev, Ahmedabad, Gujarat 380054",23.0580,72.5001,24.0,33,4,176,0.45,27.0,21.63,7663,50.05,08:00-11:00,Low,Low
Hotel Bliss | Tirupati,Andhra Pradesh,Tirupathi,"Hotel Bliss, 19-3-45, Near Ramanuja Circle, Renigunta Rd, Tirupati, Andhra Pradesh 517501",13.6253731,79.4322333,11.0,9,18,21,0.88,52.8,23.71,8354,63.93,12:00-15:00,High,High
Bhimas Residency Hotel ,Andhra Pradesh,Tirupati,"19-3-41 Renigunta Road, near Ramanuja Circle",13.62754649,79.43056383,19.0,9,5,248,0.89,53.4,20.45,485,21.57,12:00-15:00,High,High
"Jayalakshmi Auto, Gudavalli",Andhra Pradesh,Vijayawada,"Jayalakshmi Auto Enterprises Pvt Ltd, Survey no 3/142 , Gudavalli Junction, Vijayawada rural, Krishna District ,521104",16.5129225,80.7497565,7.0,14,17,76,0.81,48.6,8.37,1019,34.31,08:00-11:00,High,High
"Garuda Food Court, Komirepalle",Andhra Pradesh,Komirepalle,"NH 16 Gundugolanu, Komirepalle, Andhra Pradesh 534427",16.778579,81.221054,7.0,7,10,175,0.32,19.2,21.18,3568,58.63,18:00-21:00,Low,Low
"Shiv Shanker Motors, Gajuwaka",Andhra Pradesh,Vizag,"Sobha Square, Vishwaswaraya Nagar, Gajuwaka, Vishakhapatanam-530012",17.68429,83.185923,7.0,13,10,25,0.89,53.4,20.84,956,32.74,18:00-21:00,High,High
"Shiv Shanker Motors, Kancharpalem",Andhra Pradesh,Vizag,"C 24, Industrail Estate, Kancharapalem, Vishakhapatnam u00e2u0080u0093 530010",17.738719,83.26258,7.0,11,20,66,0.65,39.0,5.96,6251,39.76,18:00-21:00,Medium,Medium
"Croma u00e2u0080u0093 MVR Complex, Waltair Uplands",Andhra Pradesh,Vizag,"Ground & First floor, MVR # 10-1-39/B&C, Siripuram Cir, opp. Rock Park, Waltair Uplands, Visakhapatnam, Andhra Pradesh 530003",17.725417,83.315175,7.0,25,8,130,0.89,53.4,17.7,4286,61.74,18:00-21:00,High,High
"IOCL - NAVABHARAGAVA FILLING STATION, Vijayawada - Hyderabad Hwy",Andhra Pradesh,Vijayawada,"Vijayawada - Hyderabad Hwy, Ibrahimpatnam, Andhra Pradesh 521456",16.5812639,80.5263493,7.0,23,12,90,0.3,18.0,6.1,6343,40.92,12:00-15:00,Low,Low
"Highway Grand World, Chennai-Tirupati Highway NH 716",Andhra Pradesh,Tirupati,"Chennai - Thiruttani - Renigunta Hwy, NH716 - Veerakaverirajupuram, Andhra Pradesh, Nagari, Andhra Pradesh 517590",13.29360934,79.58170947,7.0,38,8,213,0.88,52.8,8.61,3321,45.56,12:00-15:00,High,High
"Hotel Sapthagiri Holiday Resorts,Tirupati u00e2u0080u0093 Bangalore  Highway",Andhra Pradesh,Chittoor,"NH140, Tirupati u00e2u0080u0093 Bangalore  Highway, Sy No: 1201&1189, B G Mittor Village, Tanepalli, Puthalapattu Mandal, Chittoor, Andhra Pradesh - 517127",13.37412051,79.09210293,7.0,29,15,71,0.76,45.6,20.5,5904,26.4,12:00-15:00,High,High
"Hotel Sapthagiri Holiday Resorts,Tirupati u00e2u0080u0093 Bangalore  Highway",Andhra Pradesh,Gadanki,"NH140, Gadanki, Andhra Pradesh - 517112",13.4799438,79.1897903,7.0,30,7,128,0.46,27.6,8.56,1983,45.7,08:00-11:00,Low,Medium
"IOCL Sree Devi Prasad Services, Naamavaram",Andhra Pradesh,Naamavaram,"Naamavaram, Andhra Pradesh 531126",17.3736805,82.5862594,7.0,38,11,154,0.43,25.8,13.36,5954,45.69,18:00-21:00,Low,Low
"Nandi Food Plaza, Nalagam palli",Andhra Pradesh,Chittoor,"NH 69 - 174 Nalagampalli Chittoor-Bangalore Highway Close to Bangarupalem, Village, Nalagam palli, Andhra Pradesh 517416",13.2035919,78.9415658,7.0,15,4,121,0.68,40.8,6.31,6712,53.63,12:00-15:00,Medium,Medium
"River Bay Resorts, Gautami Ghat",Andhra Pradesh,Rajahmundry,"Hotel River Bay Resort, 5-1-36 to 43 Gautami Ghat, Rajahmundry-533101",16.9921196,81.7735774,7.0,31,6,173,0.72,43.2,7.95,4823,46.05,12:00-15:00,Medium,High
"IOCL - KOORAPATI SERVICE STATION, Tirupati",Andhra Pradesh,Tirupati,"TIRUPATI URBAN AND MANDAL Air bye-pass road. Tirupati, Chittoor-517502",13.6207096,79.3828146,7.0,32,20,211,0.78,46.8,23.27,1438,58.0,18:00-21:00,High,High
"IOCL - Sai Krupa Filling Station, SH 26",Andhra Pradesh,Anantapur,"SH 26, Vajrakarur to Guntakal Road SURVEY No.401-AIu00e2u0080u008b, Anantapur Dist. ANDHRA PRADESH,515722",15.1462972,77.3774561,7.0,7,12,95,0.51,30.6,18.64,11836,26.03,18:00-21:00,Medium,Medium
"Sasya Auto Cars, Bellari X Roads - NH 44",Andhra Pradesh,Kurnool,"Renault Showroom, 45/142-70-5-B, NH44 Near APSP 2nd Battallion, Bellari X Roads, Kurnool, Andhra Pradesh 518003",15.8305662,78.0179892,7.0,28,1,241,0.33,19.8,14.19,5127,78.06,08:00-11:00,Low,Low
"Sasya Automotives, Near EENADU Office - NH 44",Andhra Pradesh,Kurnool,"Isuzu Showroom, Survey No-131-1 & 133-1A NH44 Near EENADU Office, Kurnool, Andhra Pradesh 518003",15.8498643,78.0045003,7.0,13,8,88,0.59,35.4,10.56,4823,66.99,08:00-11:00,Medium,Medium
"PNR Function Hall, Chennai-Ballary Highway",Andhra Pradesh,Proddatur,"D No 7/3109 Sy No 622, Beside IOCL petrol pump, Korrapadu Road, Andhrakesari Nagar, Proddatur Municipality, Andhra Pradesh 516360 ",14.7529922,78.5550768,7.0,14,15,196,0.43,25.8,8.83,11811,60.6,12:00-15:00,Low,Low
IOCL - TIRUMALA AGENCIES,Andhra Pradesh,Peddapuram,"Sy No 164, Peddapuram Bye-Pass Village/Mandal, East Godavari-533437",17.0758862,82.1217314,7.0,18,9,250,0.9,54.0,18.46,6706,55.81,08:00-11:00,High,High
Hotel JAS,Andhra Pradesh ,Visakhapatnam,"NH45 Kagitha Village Near Vempadu Toll Gate Nakkapalli, Mandalam, Visakhapatnam",17.39957297,82.68113802,19.0,14,8,50,0.43,25.8,9.51,11494,40.76,08:00-11:00,Low,Low
"Utkarsh Mototech, Assam Trunk Rd",Assam,Guwahati,"Kamakhya Gate, Swastik Ayodhya Complex, Assam Trunk Rd, Guwahati, Assam 781009",26.164406,91.715516,7.0,9,17,204,0.9,54.0,19.52,10779,44.7,08:00-11:00,High,High
"Pragati Trading, NH 37",Assam,Jorhat,"NH37, Jorhat, Assam 785006",26.7470487,94.1680718,7.0,6,12,210,0.89,53.4,15.05,4216,26.06,12:00-15:00,High,High
"Ashutosh Motors, Lokhra",Assam,Guwahati,"NH-37, Chariali, Lokhra, Guwahati, Assam 781028",26.111365,91.746149,7.0,32,5,75,0.5,30.0,14.21,8204,23.41,08:00-11:00,Low,Medium
"Ashutosh Motors, near NHPC Godown",Assam,Nagaon,"Biroh Bebejia Sensowa, near NHPC Godown, Nagaon, Assam 782002",26.3123315,92.6401864,7.0,11,6,79,0.42,25.2,14.83,2510,24.79,08:00-11:00,Low,Low
"Sarawgi Motors, Saukuchi",Assam,Guwahati,"Sarusajai Stadium Garalia NH 37, Basistha, Saukuchi, near National Games Stadium, Assam 781040",26.111877,91.759799,7.0,8,12,38,0.79,47.4,17.23,7923,69.23,18:00-21:00,High,High
"DN Regalia Mall, Patrapada",Bhubhaneswar,Bhubaneswar,"IDCO Plot No1/A, Bhagbanpur Industrial Estate, DN Square, Patrapada, Bhubhaneswar 751001",20.240903,85.758056,7.0,24,20,127,0.94,56.4,21.42,3131,58.75,18:00-21:00,High,High
"Shankar Motors, Patliputra Industrial Area",Bihar,Patna,"Shankar Motors Patna, C1, behind P & M Mall, Patliputra Industrial Area, Patliputra Colony, Patna, Bihar 800013",25.634199,85105514.0,7.0,39,15,58,0.69,41.4,19.01,9914,24.29,12:00-15:00,Medium,Medium
"Shankar Motors, Prem Nagar",Bihar,Bhagalpur,"Ground Floor, Sabour Rd, near Engineering College, Prem Nagar, Bhagalpur, Bihar 812002",25.2522094,87.0450289,7.0,9,8,47,0.5,30.0,11.89,2223,27.82,12:00-15:00,Low,Medium
"Bahubali Motors, Transport Nagar",Chattisgarh,Raipur,"Mumbai - Kolkata Hwy, Beside M.P Dhaba, Transport Nagar, Tatibandh, Raipur, Chhattisgarh 492099",21.2567897,81.5594445,7.0,5,5,78,0.86,51.6,22.68,8892,66.59,08:00-11:00,High,High
"Jagdalpur Motors, Geedam Road",chattisgarh,Jagdalpur,"Geedam Rd, Pandripan, Chhattisgarh 492099",19.0657802,81.9635956,7.0,31,7,178,0.91,54.6,11.28,7871,30.98,18:00-21:00,High,High
"Goyal Coal Sizing, Pendridih",chattisgarh,Bilaspur,"Village: Sara Pendridih Seepat, Bilaspur By-Pass, Chhattisgarh 495330",22.0136612,82.0487988,7.0,19,17,122,0.89,53.4,13.53,5087,62.17,12:00-15:00,High,High
"Prince Guest House & Restaurant, Transport Nagar",Chattisgarh,Raipur,"In front of Parking No 6 Transport Nagar, Rawa bata, Raipur, Chhattisgarh 492003",21.3194434,81.6372966,7.0,30,15,225,0.57,34.2,14.31,7113,65.8,12:00-15:00,Medium,Medium
"BHASIN VENTURES, Telibandha",Chattisgarh,Raipur,"NH-6, NEAR CHOKRA NALA, Labhandi Rd, opp. M.S. PETROL PUMP P.O, Ravigram, Telibandha, Raipur, Chhattisgarh 492006",21.2378172,81.6896148,7.0,19,11,31,0.72,43.2,24.4,8118,43.24,18:00-21:00,Medium,High
"Sairam Automobiles, Krishna Nagar",Chattisgarh,Bhilai,"Sairam auto G. E Road, Krishna Nagar, Supela, Bhilai, Chhattisgarh 490023",21.2165392,81.401487,7.0,34,14,228,0.64,38.4,16.26,4889,79.67,08:00-11:00,Medium,Medium
GJ | Chikhali | Chikhli - Hotel Empire,Chikhali,Gujarat,"Hotel Empire, PO- Rola, Via- Dungri, NH-8, Gujarat 396375",20.6909,72.9496,24.0,6,3,72,0.79,47.4,12.11,3377,20.91,12:00-15:00,High,High
"Live Box Hyphen, Sahastradhara Road",Uttrakhand,Dehradun,"LivBox Dehradun, Plot No-13,14&15, IT PARK, Sahastradhara Road, Dehradun uttrakhand 248001 ",30.364799,78.0853527,7.0,36,19,230,0.8,48.0,6.39,6675,33.06,12:00-15:00,High,High
BSES RAPID CHARGING ZONE,Delhi NCR,Patparkang,"Narwana,Patparkang road,I-P Extension",28.62145,77.293556,14.0,27,16,40,0.87,52.2,9.59,4201,70.37,08:00-11:00,High,High
MG DELHI SHIVAJI MARG,Delhi NCR,NEW DELHI,PLOT NO 13 SHIVAJI MARG DELHI 110015 NEW DELHI,28.66196,77.152242,20.0,33,17,237,0.76,45.6,5.26,6644,73.13,12:00-15:00,High,High
MG DELHI LAJPAT NAGAR,Delhi NCR,NEW DELHI,"A-14, Ring Road, Lajpat nagar, Delhi 110024",28.564863,77.236743,20.0,30,8,115,0.91,54.6,6.22,882,53.89,08:00-11:00,High,High
EESL Chelmsford Club,Delhi NCR,Delhi,"Outside Chelmsford Club/ Opposite CSIR Building, Rafi Marg, Sansad Marg Area, New Delhi 110001",28.61826041,77.21256986,8.0,20,1,200,0.48,28.8,18.62,11152,30.29,08:00-11:00,Low,Medium
EESL Chelmsford Club,Delhi NCR,Delhi,"Outside Chelmsford Club/ Opposite CSIR Building, Rafi Marg, Sansad Marg Area, New Delhi 110001",28.61826041,77.21256986,8.0,21,18,121,0.6,36.0,11.45,1202,63.98,08:00-11:00,Medium,Medium
u00c2u00a0EESL Sushma Swaraj Bhawan,Delhi NCR,Delhi,"Susma swaraj Bhawan, MEA, New Delhi",28.59583333,77.18055556,8.0,38,11,22,0.89,53.4,21.45,9542,69.83,18:00-21:00,High,High
EESL Delhi Haat,Delhi NCR,Delhi,"NMDC Parking, Dilli Haat, West Kidwai Nagar, New Delhi 110023",28.572793,77.208662,8.0,11,5,28,0.45,27.0,22.26,8207,69.22,08:00-11:00,Low,Low
EESL Chelmsford Club,Delhi NCR,Delhi,"Back of Hotel Claridges Near NDMC Power Sub nStation, Tees January Marg, nDr. APJ Abdul Kalam Road, New Delhi- 110003",28.61826041,77.21256986,8.0,29,1,109,0.51,30.6,24.34,4222,28.91,18:00-21:00,Medium,Medium
EESL Chelmsford Club,Delhi NCR,Delhi,"Outside Chelmsford Club/ Opposite CSIR Building, Rafi Marg, Sansad Marg Area, New Delhi 110001",28.61826041,77.21256986,8.0,23,5,140,0.35,21.0,8.94,9573,70.72,18:00-21:00,Low,Low
"GO AUTO/ Treo Tata, Safdargunj",Delhi NCR,Delhi,"A-2/14, Safdarjung Enclave, , Delhi, Delhi - 110029",28.56483,77.18891,7.0,36,10,86,0.53,31.8,11.12,9993,32.28,18:00-21:00,Medium,Medium
"Autovikas, Motinagar",Delhi NCR,Delhi,"Block B, No. 57, Rama Rd, Moti Nagar, Block B, Najafgarh Road Industrial Area, New Delhi, Delhi 110015",28.66078,77.1536,7.0,14,17,232,0.84,50.4,14.97,8817,51.12,18:00-21:00,High,High
"Westside, Lajpat Nagar",Delhi NCR,Delhi,"A-15, Alankar Cinema Building, Feroze Gandhi Marg, Lajpat Nagar III, New Delhi 110024",28.56817,77.24112,7.0,37,11,63,0.39,23.4,12.48,5193,28.0,12:00-15:00,Low,Low
"IOCL - WELCOME MOTORS, Saket",Delhi NCR,Delhi,SAKET DISST. CENTRE SAKET N.DELHI - 110017,28.5279341,77.2156347,7.0,30,15,80,0.59,35.4,21.58,9161,63.57,18:00-21:00,Medium,Medium
"Malwa Automobiles, Rohini",Delhi NCR,Delhi,"Showroom, No. A1, 16, Prashant Vihar Sector 14 Rohini, New Delhi - 110085",28.709289,77.135499,7.0,33,2,112,0.72,43.2,20.61,7968,22.61,12:00-15:00,Medium,High
"IOCL - Nineteenth Hole Service Station, Dr Zakir Hussain Ro",Delhi NCR,Delhi,"DR. ZAKIR HUSSAIN ROAD NEAR GOLF COURSEN DELHI LOCK ID NO. I 343,110003",28.60259,77.237904,7.0,13,11,174,0.63,37.8,17.72,3781,69.32,08:00-11:00,Medium,Medium
"IOCL - Sabarwal Service Station, RK Puram",Delhi NCR,Delhi,"Tamil Sangam Marg, Sector 5, Rama Krishna Puram, New Delhi-110022",28.564625,77.177461,7.0,15,10,125,0.89,53.4,8.03,5904,51.95,12:00-15:00,High,High
"AIRIA MALL, Sec 68 Sohna Road",Delhi NCR,Gurgaon,"Sector 68, Sohna Road, Gurgaon 122018n",28.383022,77.05228,7.0,8,14,128,0.76,45.6,13.28,5193,79.83,12:00-15:00,High,High
"IOCL - Jai Sai Motors, Okhla Phase 1",Delhi NCR,Delhi,"Okhla Phase - 1, near Hotel Crown Plaza, New Delhi, Delhi 110020",28.527674,77.273003,7.0,27,2,222,0.45,27.0,17.84,4461,27.07,18:00-21:00,Low,Low
"IOCL - COCO, Jungpura",Delhi NCR,Delhi,"Lala Lajpat Rai Marg, Jangpura, Nizamuddin West, New Delhi- 110014",28.587135,77.241353,7.0,27,4,91,0.47,28.2,7.4,3434,54.95,08:00-11:00,Low,Medium
"IOCL - Irwin Petrol Pump, Connaught Place",Delhi NCR,Delhi,"Baba Kharak Singh Marg, Connaught Place, Hanuman Road Area, Connaught Place, New Delhi, Delhi 110001",28.62932,77.21262,7.0,13,14,88,0.53,31.8,14.65,5690,59.99,08:00-11:00,Medium,Medium
"IOCL - RK Service Station, ChanakyaPuri",Delhi NCR,Delhi,"Vinay Marg, ChanakyaPuri, New Delhi - 110021",28.58342,77.191319,7.0,5,2,191,0.65,39.0,10.88,11975,36.89,18:00-21:00,Medium,Medium
"IOCL - Intimate Filling Station, Soami Nagar",Delhi NCR,Delhi,"Panchsheel Marg, Soami Nagar North, New Delhi- 110049",28.543012,77.220429,7.0,10,9,213,0.86,51.6,17.79,10488,24.33,18:00-21:00,High,High
"True North, Mayapuri",Delhi NCR,Delhi,"A1/1 Mayapuri, Industrial Area, Phase 1, New Delhi 110064",28.633301,77.126961,7.0,14,14,158,0.48,28.8,16.23,7001,75.81,08:00-11:00,Low,Medium
"IOCL - COCO Niti Marg, Chanakyapuri",Delhi NCR,Delhi,"Niti Marg, ChanakyaPuri, New Delhi-110021",28.599629,77.195806,7.0,7,11,71,0.85,51.0,5.75,4633,67.1,18:00-21:00,High,High
"Sagar Motors, Dilshad Garden",Delhi NCR,Delhi,"No ZB/43 487 & ZB, 44 487, Dilshad Garden, New Delhi, Delhi 110095",28.676246,77.31768,7.0,27,20,208,0.79,47.4,18.0,8949,22.35,12:00-15:00,High,High
"Pacific Mall, Tagore Garden",Delhi NCR,Delhi,"Najafgarh Rd, Tagore Garden, Tilak Nagar, New Delhi, Delhi 110018",28.6422188,77.1058913,7.0,39,18,73,0.61,36.6,24.5,8291,35.91,18:00-21:00,Medium,Medium
IOCL Risal Petro Delhi,Delhi NCR,Delhi,"Burari Rd, opposite Sta Tpt Authority, Laldora, Jharoda, Jharoda Majra Burari, New Delhi, Delhi 110084",28.7324265,77.1986248,7.0,30,3,110,0.5,30.0,17.83,2461,66.81,08:00-11:00,Low,Medium
IOCL Paul Motors Delhi,Delhi NCR,Delhi,"Main Road, Sat Guru Ram Singh Rd, MS Block, Block F, Mayapuri Industrial Area Phase II, Mayapuri, New Delhi, Delhi 110064",28.61986668,77.11398244,7.0,21,12,178,0.6,36.0,20.3,3608,22.18,08:00-11:00,Medium,Medium
IOCL Bedi Saxena Delhi,Delhi NCR,Delhi,"B-88-5, 86-5, Sat Guru Ram Singh Rd, Block B, Mayapuri Industrial Area Phase I, Mayapuri, New Delhi, Delhi 110064",28.627092,77.121841,7.0,17,3,56,0.56,33.6,15.91,2477,68.89,08:00-11:00,Medium,Medium
AARGO CSC MINTO ROAD,Delhi NCR,NEW DELHI,"CSC NDMC CENTER MINTO ROAD OPPOSITE K BLOCK, NEW DELHI,NEW DELHI,110001",28.63547,77.2213,22.0,35,10,242,0.44,26.4,18.99,4508,35.1,18:00-21:00,Low,Low
"IOCL - Citi Fuels, Virender Nagar",Delhi NCR,Delhi,OPP.-VIRENDER NAGAR NEAR BHARATI COLLEGE NEW DELHI-110058,28.622486,77.09547,7.0,16,1,186,0.77,46.2,5.69,4327,36.16,12:00-15:00,High,High
"IOCL - Gay Service Station, Azadpur",Delhi NCR,Delhi,"Near Azadpur, New Delhi,110033",28.703312,77.181109,7.0,33,16,204,0.4,24.0,8.43,4561,41.59,08:00-11:00,Low,Low
"Pacific Mall,  Dwarka",Delhi NCR,Delhi,"Dwarka sector 21 metro station, PACIFIC MALL, Sector 22 Rd, Sector 21, Dwarka, New Delhi, Delhi 110077",28.5512199,77.056702,7.0,31,14,15,0.8,48.0,11.43,3453,69.22,18:00-21:00,High,High
"Vardhaman Times Plaza, Pitampura",Delhi NCR,Delhi,"LG 1, Vardhaman Times Plaza, Plot No. 13, Saint Nagar Delhi, Pitampura, Delhi - 110034",28.6874177,77.1341163,7.0,12,5,107,0.4,24.0,10.68,473,20.93,08:00-11:00,Low,Low
"HPCL - Delhi Punjab Fuel Station, Singhu Border",Delhi NCR,Delhi,"15/1 Gt.karnal RD. Singhu Border, Po, Narela, Delhi, 110040",28.8558802,77.1245004,7.0,21,2,160,0.67,40.2,10.79,6278,49.08,12:00-15:00,Medium,Medium
"DLF - The Crest, Sec 43",Delhi NCR,Gurgaon,"DLF Phase 5, Sector 43, Gurugram, Haryana 122002",28.4438196,77.1117253,7.0,28,11,243,0.64,38.4,15.28,3881,56.41,08:00-11:00,Medium,Medium
"DLF - The Camellias, Golf Course Road",Delhi NCR,Gurgaon,"The Camellias, Golf Course Road , Gurgaon - 122009",28.451114,77.100126,7.0,15,14,153,0.55,33.0,14.95,9891,71.2,08:00-11:00,Medium,Medium
IOCL - AAUI Service Station ,Delhi NCR,Delhi,IOCL at Plot No 1 I P Estate Ring Road New Delhi-110002,28.6179662,77.2487894,7.0,15,2,94,0.34,20.4,22.54,6763,57.55,08:00-11:00,Low,Low
"Ginger Hotel, Sector- 63",Delhi NCR,Noida,"Ginger Hotel Noida East East - Block-H, Sector- 63, Noida 201301",28.6257406,77.3753188,7.0,39,20,163,0.82,49.2,8.51,10135,31.7,18:00-21:00,High,High
"Vatika Market Place I, Sector 84",Delhi NCR,Gurgaon,"Sector 84, Gurugram, Haryana 122004",28.4022133,76.969045,7.0,17,12,140,0.59,35.4,10.3,11341,41.64,18:00-21:00,Medium,Medium
"Vatika Market Place II, Sector 83",Delhi NCR,Gurgaon,"Sector 83, Gurugram, Haryana - 122004",28.391085,76.97266,7.0,27,20,135,0.38,22.8,15.65,3856,58.76,08:00-11:00,Low,Low
"Worldmark 2, Aerocity",Delhi NCR,Delhi,"Worldmark Aerocity, New Delhi  - 110037",28.5494799,77.1213702,7.0,31,18,175,0.73,43.8,22.13,1210,78.4,12:00-15:00,Medium,High
"Worldmark 2, Aerocity",Delhi NCR,Delhi,"Worldmark Aerocity, New Delhi  - 110037",28.5494799,77.1213702,7.0,27,3,189,0.52,31.2,7.08,6089,21.48,12:00-15:00,Medium,Medium
"Worldmark 3, Aerocity",Delhi NCR,Delhi,"Worldmark Aerocity, New Delhi  - 110037",28.5516849,77.1216672,7.0,37,11,44,0.88,52.8,24.09,2248,75.63,18:00-21:00,High,High
"Worldmark 3, Aerocity",Delhi NCR,Delhi,"Worldmark Aerocity, New Delhi  - 110037",28.5516849,77.1216672,7.0,37,11,156,0.35,21.0,16.24,11519,54.42,12:00-15:00,Low,Low
"Worldmark Gurgaon, Sector 65",Delhi NCR,Gurgaon,"Worldmark Gurgaon Maidawas Rd, Sector 65, Gurugram, Haryana 122001",28.3977181,77.0715213,7.0,32,8,118,0.31,18.6,23.99,5790,75.11,12:00-15:00,Low,Low
"Worldmark Gurgaon, Sector 65",Delhi NCR,Gurgaon,"Worldmark Gurgaon Maidawas Rd, Sector 65, Gurugram, Haryana 122001",28.3977181,77.0715213,7.0,6,16,92,0.39,23.4,13.18,3527,32.85,18:00-21:00,Low,Low
"Sree Gokulam Motors, Kolancherry",Ernakulam,Kochi,"NO - S-375 2-2, Block no 43, Puthupanam,puthrikka panchayat, puthen cruz PO, Ernakulam,682311",9.976850008,76.45768854,7.0,11,7,179,0.53,31.8,22.12,7040,43.03,12:00-15:00,Medium,Medium
EESL Legislative Assembly Goa,Goa,Goa,"GDA, Goa",15.51047222,73.83722222,8.0,5,12,204,0.89,53.4,7.34,6887,68.84,08:00-11:00,High,High
"Terry's Super Market, Porvorim",Goa,Goa,"H.No. B 50 Bardez, Alto- Betim Porvorim, Goa 403521",15.50636,73.82488,7.0,12,2,176,0.77,46.2,19.04,3755,60.64,08:00-11:00,High,High
"Priority Auto lincs, Taleiga",Goa,Goa,"Survey no.166/1, New Taleigao bypass road, Opp.Taleigao Community Centre. Taleiga- Goa-403002",15.469336,73.820463,7.0,34,6,217,0.85,51.0,15.52,11926,48.76,18:00-21:00,High,High
MG AHMEDABAD MAKARBA,Gujarat,AHMEDABAD,"PLOT NO 2,GROUND FLOOR,SURVEY NO 841/1 AND 2,10,SIGNATURE 1 ,NEAR OLD RAILWAY LINE,SG HIGHWAY,MAKARBA,GUJARAT 3850051 AHMEDABAD",22.996681,72.498226,20.0,28,19,183,0.32,19.2,8.38,11584,63.96,12:00-15:00,Low,Low
Hotel swagat INN,Gujarat,Amboli,"94, NH 48, opp. Tata Motors, Amboli, Gujarat 394150",21.30157137,72.95378153,18.0,8,6,198,0.57,34.2,20.52,2244,36.4,18:00-21:00,Medium,Medium
"HONEST RESTAURANT NH8,MIYAGAM,MIYAGAM KARJAN,GUJARAT",Gujarat,KARJAN,"opposite bharthana village, near elentic tolnaka between baroda to bharuch, NH8, miyagam, Karjan, Gujarat 391240",22.0242,73.1175,24.0,27,3,43,0.88,52.8,9.15,1424,40.52,18:00-21:00,High,High
"Ginger Vastrapur, Drive In Road",Gujarat,Ahmedabad,"Behind Himalaya Mall, Drive In Road, Ahmedabad - 380015",23.04626,72.53069,7.0,39,9,37,0.94,56.4,22.32,487,71.05,12:00-15:00,High,High
"Westside, Ellisbridge",Gujarat,Ahmedabad,"Ground Floor, Abhijeet V, Netaji Rd Ellisbridge Opp. Mayor Bungalow, Ellisbridge, Ahmedabad, Gujarat 380006",23.02938,72.56142,7.0,26,14,123,0.75,45.0,10.6,8295,23.23,18:00-21:00,Medium,High
"Progressive Cars, SG Highway",Gujarat,Ahmedabad,"G-9, Shapath V, Beside Hotel Crowne Plaza, Near Karnavati Club , SG Highway, Ahmedabad, Gujarat  - 380015",23.014261,72.503947,7.0,40,1,81,0.77,46.2,18.02,8098,20.9,18:00-21:00,High,High
"Riya Autolink, Ambli BRTS Bus Stand",Gujarat,Ahmedabad,"Near Devkutir Bunglow, Opp Bopal Ambli BRTS Bus Stand, Iscon-Bopal Road, Ahmedabad, Gujarat - 380058",23.02558,72.47991,7.0,23,2,85,0.42,25.2,19.86,2443,77.78,18:00-21:00,Low,Low
"Pramukh Auto, Umiya Nagar",Gujarat,Surat,"Plot No. 409/27-A, Umiya Nagar Society,Near Chosath Jogni Mata Temple,Udhna Magdalla Road,Surat-394210",21.164948,72.835879,7.0,10,3,212,0.61,36.6,24.07,7960,74.88,08:00-11:00,Medium,Medium
"Jai Ganesh, Kothariya",Gujarat,Rajkot,"Jai Ganesh MG. Opp Krishna Park , Rajkot-Gondal Highway ,Kothariya, Rajkot-360003",22.227526,70.801092,7.0,36,7,179,0.66,39.6,19.1,5384,69.83,12:00-15:00,Medium,Medium
"Shreeji Automart, Piplod",Gujarat,Surat,"04 A/B, Shreeji House,Opp. Big Bazar,Dumas Road, Piplod,Surat-395002",21.159829,72.770603,7.0,4,12,233,0.61,36.6,24.52,11488,72.86,18:00-21:00,Medium,Medium
"IOCL Manjalpur, GIDC Rd Manjalpur",Gujarat,Vadodara,"312, GIDC Rd, Beside Om Pippadiya Hanumanji Mandir, Ghanshyam Nagar Society 2, Manjalpur, Vadodara, Gujarat 390011",22.271793,73.190795,7.0,27,13,188,0.33,19.8,12.88,11187,47.1,12:00-15:00,Low,Low
"ABC Autolink, NH 64 Ranoli",Gujarat,Vadodara,"No 1401, Ranoli GIDC, Vadodara, NH 64, Gujarat 391350",22.403828,73.13455,7.0,33,15,246,0.53,31.8,17.59,8021,66.28,08:00-11:00,Medium,Medium
"IOCL Kevadia, Garudeshwar",Gujarat,Kevadia,"Survey No u00e2u0080u0093 422, 423 Village u00e2u0080u0093 Kevadiya, Taluka u00e2u0080u0093 Garudeshwar District u00e2u0080u0093 Narmada, Gujarat, 393151",21.885704,73.688136,7.0,24,12,147,0.53,31.8,23.62,7161,60.56,12:00-15:00,Medium,Medium
"Fairfield by Marriott, Ashram Rd",Gujarat,Ahmedabad,"Ashram Rd, Satyawadi Society, Usmanpura, Ahmedabad, Gujarat 380013",23.0522787,72.5710882,7.0,31,11,192,0.43,25.8,8.53,6773,42.79,08:00-11:00,Low,Low
"Ahmedabad One Mall, Vastrapur",Gujarat,Ahmedabad,"Plot No. 216, T. P. Scheme 1, Near Vastrapur Lake, Vastrapur, Ahmedabad u00e2u0080u0093 380054 ",23.0397522,72.5318124,7.0,38,8,226,0.83,49.8,5.54,6870,66.03,18:00-21:00,High,High
"Ahmedabad One Mall, Vastrapur",Gujarat,Ahmedabad,"Plot No. 216, T. P. Scheme 1, Near Vastrapur Lake, Vastrapur, Ahmedabad u00e2u0080u0093 380054 ",23.0397522,72.5318124,7.0,23,3,94,0.5,30.0,15.45,10405,70.59,18:00-21:00,Low,Medium
"IOCL - Sardar Petro Station, Bakrol",Gujarat,Ahmedabad,"M/s Sardar Petrol Station, Near Toll Plaza Ring Road, Bakrol-Bardrabad, Daskroi, Ahmedabad-382433",22.935404,72.520954,7.0,26,2,49,0.84,50.4,24.11,744,65.67,08:00-11:00,High,High
"Parin Motors, NH8 Gondal Highway",Gujarat,Rajkot,"149, Plot No 2, Survey No, NH 8B, Gondal Highway, near Parin Furniture, Rajkot, Gujarat 360004",22.225264,70.801197,7.0,13,6,116,0.84,50.4,12.0,11080,67.63,18:00-21:00,High,High
"HP Service Center, Sola ",Gujarat,Ahmedabad,"F.P. No 232/1, Solaroad, Ahmedabad 380061",23.0633903,72.5317625,7.0,33,14,247,0.43,25.8,19.61,10068,56.65,12:00-15:00,Low,Low
"HP Autocare , Bodakdev",Gujarat,Ahmedabad,"JUDGES BUNGALOW ROAD, T VILLAGE : BODAKDEV , CITY : AHMEDABAD 380054",23.0332201,72.5137528,7.0,39,3,160,0.54,32.4,23.94,2562,45.35,18:00-21:00,Medium,Medium
Comfort Inn Legacy By One Earth,Gujarat,Rajkot,"Comfort Inn Legacy By One Earth Panchnath Road, Limda Chowk, Rajkot Gujrat-360001",22.2967048,70.7991222,7.0,13,2,119,0.33,19.8,8.45,7840,79.63,12:00-15:00,Low,Low
"Hotel Suba Grand, Dahej",Gujarat,Bharuch,"jolva village , dahej, bharuch ,State u00e2u0080u0093 24 Gujarat 392135",21.7164114,72.6562979,7.0,9,19,238,0.75,45.0,8.06,10888,57.87,18:00-21:00,Medium,High
"Hotel Suba Elite, Fatehganj Main Road",Gujarat,Vadodara,"near Parsi Agiyari , Fatehganj Main Road, Vadodara u00e2u0080u0093 390 002 Gujarat 390002",22.3205834,73.1883779,7.0,24,4,186,0.7,42.0,15.99,7590,31.87,08:00-11:00,Medium,Medium
"Click Hotel, Junagadh",Gujarat,Junagadh,"Near Railway Station,Junagadh, Gujratu00c2u00a0u00c2u00a0 362001",21.52840996,70.45845795,7.0,37,13,196,0.77,46.2,6.65,5299,25.31,18:00-21:00,High,High
"Click Hotel, Bhuj",Gujarat,Bhuj,"opp. Bhuj railway compound,Bhuj, Gujarat 370001",23.2655334,69.6786728,7.0,29,18,192,0.52,31.2,16.83,9457,64.14,08:00-11:00,Medium,Medium
Unger India pvt India,Haryana,GURUGRAM,"71, Udyog Vihar Phase 1, Udyog Vihar, Sector 19, Gurugram, Haryana 122016",28.499,77.08356,13.0,18,17,248,0.49,29.4,13.41,4651,61.07,12:00-15:00,Low,Medium
MG GURGAON SECTOR 15,Haryana,GURUGRAM,"32,MILESTONE,EXPERION CENTER,SECTOR 1,NH-8,HARYANA 122001 GURUGRAM",28.462298,77.048472,20.0,32,14,162,0.44,26.4,12.49,6039,34.12,12:00-15:00,Low,Low
HAREDA EESL Panchkula,Haryana,Panchkula,"HAREDA, Akshay Urja Bhawan , Institutional plot No.1 Sector-17 Panchkula , 134109 Haryana",30.695929,76.834874,8.0,12,18,115,0.44,26.4,20.89,4399,79.04,12:00-15:00,Low,Low
AARGO GOLDEN GALAXY HOTEL,Haryana,FARIDABAD,,28.288075,77.295116,22.0,22,3,229,0.48,28.8,19.09,9229,26.32,12:00-15:00,Low,Medium
"SNEH DHABA, NH 1 Ganaur",Haryana,Ganaur,"64th Milestone, NH-1, Ganaur, Sonipat, Haryana 131101",29.157569,77.035833,7.0,28,17,92,0.85,51.0,10.66,10654,76.93,12:00-15:00,High,High
"Vatika City Point, Sec 25",Haryana,Gurgaon,"Mehrauli-Gurgaon Rd, Heritage City, Sector 25, Gurugram, Haryana 122002",28.4811468,77.0831202,7.0,17,10,199,0.85,51.0,8.46,9612,68.16,08:00-11:00,High,High
"IOCL - Tapan Auto, NH 22",Himachal Pradesh,Barog,"National Highway 22, Beside Tapan, Barog, Himachal Pradesh 173211",30.8873188,77.0879411,7.0,16,12,62,0.57,34.2,19.04,7072,42.66,12:00-15:00,Medium,Medium
"Daisy Motors, TML - CV, Hisar",Hisar,Hisar,"Daisy Motors, 12th KM Stone, Delhi-Hisar Bypass, Road, Hisar - 125001",29.1259617,75.8027817,7.0,7,14,95,0.35,21.0,23.25,4549,56.68,08:00-11:00,Low,Low
"Croma, Ramanthapur",Hyderabad,Hyderabad,"Croma, Unit No. 2 & 3, Ground Floor, Plot Survey No. 46, Pragathi Nagar, Ramanthapur Main Road, Ramanthapur, Telangana, Hyderabad - 500013",17.499345,78.541866,7.0,6,3,32,0.81,48.6,14.3,9452,31.82,12:00-15:00,High,High
"Mr. Lalit Jenau00e2u0080u0098s Site, Panikoili",Jajpur,Jajpur,"Beside Prasanta Filling Station(BPCL), Plot 1632, Mouza, Baliposi, PO: Baliposi, PS: Sathipur, Panikoili District, Jajpur 755025",20.9238315,86.2494284,7.0,20,7,177,0.39,23.4,23.99,8303,26.79,18:00-21:00,Low,Low
"Arise Autoz, Narwal Byepass",Jammu & Kashmir,Jammu,"Arise Autoz Pvt Ltd, Mailk Market , Narwal Byepass Jammu-180016",32.70661,74.89568,7.0,26,20,95,0.62,37.2,7.01,10864,55.4,18:00-21:00,Medium,Medium
"Asia One Earth, Jammu Tawi",Jammu & Kashmir,Jammu,"Asia One Earth, Jammu Tawi, Nehru Market, Jammu tawi, Jammu & Kashmir-180004",32.713043,74.8598406,7.0,9,16,93,0.55,33.0,7.17,10881,55.01,08:00-11:00,Medium,Medium
"ASL Motors, Industrial Area",Jharkhand,Jamshedpur,"A-7, 2nd Phase, Industrial Area, Adityapur, Jamshedpur u00e2u0080u0093 832109",22.79094,86.14731,7.0,4,8,44,0.36,21.6,6.88,9296,33.68,08:00-11:00,Low,Low
"Basudeb Auto Limited, Shanti Nagar",Jharkhand,Ranchi,"Basudeb Auto, Shanti Nagar, Plot No 11, Kokar Industrial Area, Shanti Nagar, Ranchi, Jharkhand 834001",23.371302,85.350737,7.0,13,14,168,0.41,24.6,13.13,11105,46.43,12:00-15:00,Low,Low
"Tata Steel Car Parking, Northern Town",Jharkhand,Jamshedpur,"Northern Town, Jamshedpur, Jharkhand 831001",22.800099,86.188305,7.0,12,6,112,0.77,46.2,23.86,1783,31.12,12:00-15:00,High,High
"Sakchi - Parking, Basant Central",Jharkhand,Jamshedpur,"Sakchi, Jamshedpur, Jharkhand 831001",22.802611,86.203633,7.0,4,9,170,0.6,36.0,18.11,3394,21.4,18:00-21:00,Medium,Medium
"Ambagan - Parking, Jubliee Park gate",Jharkhand,Jamshedpur,"Ambagan, Sakchi, Jamshedpur, Jharkhand - 831001",22.808483,86.198276,7.0,16,15,210,0.69,41.4,18.62,2398,73.37,18:00-21:00,Medium,Medium
"SS Motogen, Barwadda",Jharkhand,Dhanbad,"NH 2 Kashitand, Nag Nagar, Barwadda, Dhanbad, Jharkhand 826004",23.848551,86.441642,7.0,6,8,153,0.83,49.8,20.5,5780,51.16,12:00-15:00,High,High
"Ginger Hotel, Bistupur Main Road",Jharkhand,Jamshedpur,"Ginger Hotel Jamshedpur Opp. Voltas Building, Bistupur Main Road, Jamshedpur - 831001 Tel: 0657 666 3333",22.78778833,86.18442833,7.0,4,16,239,0.43,25.8,8.22,2046,32.2,08:00-11:00,Low,Low
THE FORUM MALL,Karnataka,Banglore,"B1-12,Parking,Hosur road,Koramangala,Bengaluru,Karnataka 560095",12.934801,77.610918,11.0,20,14,71,0.69,41.4,21.68,8748,78.64,18:00-21:00,Medium,Medium
MALL OF MYSORE,Karnataka,MYSURU,"MG Road,Indira Nagar Extension,Nazarbad Mohalla,Mysuru,Karnataka 570010",12.298073,76.664021,11.0,19,7,240,0.79,47.4,21.12,6256,78.18,08:00-11:00,High,High
Hotel Kadamba ,Karnataka,Banglore,"Hotel Kadamba Veg, 272/2, Nice Road Junction, Bangalore, SH17, Bengaluru, Karnataka 560060",12.9019627,77.468995,11.0,23,6,123,0.66,39.6,20.65,6401,50.83,12:00-15:00,Medium,Medium
MG BENGALURU,Karnataka,Banglore,"195/6/2,WARD NO 192,BHARATENA AGRAHARA,LAVA KUSHA NAGAR,HOSUR ROAD,KARNATAKA 560100 BENGALURU",12.865032,77.657853,20.0,8,1,128,0.53,31.8,11.81,9587,64.7,08:00-11:00,Medium,Medium
BESCOM HSR LAYOUT,Karnataka,Banglore,"HSR LAYOUT,BENGALURU,KARNATAKA 560001",12.91162361,77.64899678,15.0,19,5,144,0.7,42.0,13.53,2541,25.81,18:00-21:00,Medium,Medium
BESCOM BTM LAYOUT,Karnataka,Banglore,"u00c2u00a016th Main, 100ft Ring Road, BTM 1st stage, Opp. Advitha Petrol Bunk, Bengaluru, Karnataka 560076",12.91895366,77.61247565,15.0,23,9,156,0.62,37.2,16.2,3699,69.62,12:00-15:00,Medium,Medium
BESCOM KATRIGUPPE,Karnataka,Banglore,"KATRIGUPPE,BENGALURU,KARNATAKA 560001",12.93068034,77.57662739,15.0,16,9,209,0.49,29.4,23.64,2052,28.69,18:00-21:00,Low,Medium
BESCOM BYATARAYANAPURA,Karnataka,Banglore,"BYATARAYANAPURA,BENGALURU,KARNATAKA 560001",12.9499757,77.540718,15.0,26,11,120,0.48,28.8,24.08,1121,59.72,08:00-11:00,Low,Medium
BESCOM MURUGESHPALAYA,Karnataka,Banglore,"MURUGESHPALYA,ENGALURU,KARNATAKA 560001",12.95898377,77.66440273,15.0,15,3,227,0.93,55.8,10.51,11653,72.41,18:00-21:00,High,High
BESCOM INDIRANAGAR,Karnataka,Banglore," HAL 2nd Stage, Kodihalli, Bengaluru, Karnataka 560008",12.96495904,77.64423453,15.0,30,1,22,0.32,19.2,19.36,10557,27.42,18:00-21:00,Low,Low
BBMP CORPORATION OFFICE,Karnataka,Banglore,"29, Temple Rd, M S K Nagar, Yesvantpur Industrial Suburb, Yeswanthpur, Bengaluru, Karnataka 560022",13.02425398,77.53671856,15.0,10,12,64,0.89,53.4,9.5,8482,71.93,08:00-11:00,High,High
SHIVAJINAGAR TTMC,Karnataka,Banglore," Bengaluru, Karnataka 562123",13.06689523,77.44430974,15.0,35,2,170,0.9,54.0,19.0,3426,73.34,08:00-11:00,High,High
BESCOM BANASWADI,Karnataka,Banglore,"301-305, 5th D Main Rd, HRBR Layout 2nd Block, HRBR Layout, Kalyan Nagar, Bengaluru, Karnataka 560043",13.02043003,77.64093356,15.0,30,4,181,0.65,39.0,21.71,5783,37.91,12:00-15:00,Medium,Medium
BESCOM MAHADEVAPURA,Karnataka,Banglore,"ITPL Main Rd, Vigneshwar Nagar, Devasandra Industrial Estate, Krishnarajapura, Bengaluru, Karnataka 560048",12.99493599,77.69924534,15.0,12,2,42,0.56,33.6,5.9,11387,45.52,08:00-11:00,Medium,Medium
BESCOM YALHANKA,Karnataka,Banglore,"SUGAPPA LAYOUT,EAST COLONY,YELAHANKA",13.09596479,77.59452594,15.0,20,14,21,0.41,24.6,18.63,10554,46.26,12:00-15:00,Low,Low
BESCOM JALAHALLI,Karnataka,Banglore,"JALAHALLI O &M ,NEAR POLICE STATION,HMT GROUND,BANGALORE",13.05335357,77.54322724,15.0,8,1,166,0.43,25.8,23.31,2041,47.02,18:00-21:00,Low,Low
BESCOM MATHIKERE,Karnataka,Banglore,"MATHIKERE,BENGALURU,KARNATAKA 560001",13.03823943,77.55775104,15.0,14,20,202,0.76,45.6,19.29,7639,39.1,08:00-11:00,High,High
BESCOM -PEENYA SRS O&M,Karnataka,Banglore,"SRS Rd, Yeshwanthpur Suburb II Stage, Yesvanpur Surburb, Peenya, Bengaluru, Karnataka 560058",13.03211103,77.52748284,15.0,29,5,74,0.69,41.4,9.84,7124,55.72,18:00-21:00,Medium,Medium
Hotel Paakashala I Yediyur,Karnataka,Yediyur,"Paakashala @ Yediyur, Koppa Bangalore Mangalore Highway, NH75, Kunigal, Karnataka 572142",12.9902212,76.8816809,11.0,4,17,80,0.84,50.4,21.26,4906,76.98,08:00-11:00,High,High
Hotel Mayura Veg I Yediyur,Karnataka,Yediyur,"Hotel Mayur, Chakenahalli, Nh 75, Bangalore - Mangalore Hwy, Jaladagere, Karnataka 572142",12.9877075,76.8744784,11.0,35,16,167,0.83,49.8,10.21,9853,49.94,18:00-21:00,High,High
HOTEL SKY BIRDS I HASSAN,Karnataka,Hassan,"HOTEL SKY BIRDS, railway station, opp. Ranganathapura, Shanthigrama, Karnataka 573201",12.9873093,76.2061067,11.0,8,19,48,0.36,21.6,14.16,8238,68.49,18:00-21:00,Low,Low
Indradhanush Restaurant I Mudagere,Karnataka,Mudagere,"Indradhanush Restaurant, Bangalore, SH17, Channapatna, Karnataka 571501",12.6395692,77.1413769,11.0,27,19,158,0.62,37.2,19.8,10143,25.62,18:00-21:00,Medium,Medium
"Adishakti, Veeranpalya",Karnataka,Bangalore,"#56, Opposite Lumbini Gardens, Veeranna Palya Ring Road , Veeranna Palya, Arabic College Post, Bengaluru, Karnataka - 560045",13.04279,77.6093,7.0,35,9,95,0.51,30.6,5.14,4896,24.75,18:00-21:00,Medium,Medium
"AB Infra Limited, old MIDC",Karnataka,Bangalore,"No.46, 10th Cross Rd, West of Chord Road 2nd Stage, West of Chord Road, IInd Stage, Basaveshwar Nagar, Bengaluru, Karnataka 560079",12.99929,77.54963,7.0,17,6,198,0.44,26.4,10.0,8249,59.0,18:00-21:00,Low,Low
"Key Motors, Kanakapura",Karnataka,Bangalore,"No 71/1A & 71/7, Jaraganahalli Village Opp Temple Tree Apartment, Kanakapura Rd, Manjunath Garden, JP Nagar Phase 6, J. P. Nagar, Bengaluru, Karnataka 560078",12.90392,77.57349,7.0,7,10,198,0.75,45.0,10.92,9453,73.24,18:00-21:00,Medium,High
"Ginger Whitefield, SAP Labs Rd",Karnataka,Bangalore,"128, EPIP Phase II, &, SAP Labs Rd, Opp. KTPO, EPIP Zone, Whitefield, Bengaluru, Karnataka 560066",12.97692,77.71861,7.0,30,17,151,0.48,28.8,14.16,2402,79.9,12:00-15:00,Low,Medium
"Ginger Koramangala, Domlur",Karnataka,Bangalore,"Inner Ring Road, Opp. Maruthi Infotech Koramangala, 100 Feet Rd, Krishna Reddy Layout, Amarjyoti Layout, Domlur, Bengaluru, Karnataka 560071",12.95234,77.63997,7.0,23,12,148,0.49,29.4,20.61,7508,65.38,08:00-11:00,Low,Medium
"Prerna Motors, Kudlugate",Karnataka,Bangalore,"NO.55, HOSUR MAIN ROAD, KUDLUGATE, HONGASANDRA, NEXT TO OZONE TECH PARK, Kudlu Gate, Garebhavipalya, Garvebhavi Palya, Bengaluru, Karnataka 560068",12.89083,77.63821,7.0,23,4,62,0.37,22.2,22.61,9188,68.22,08:00-11:00,Low,Low
"KHT, Whitefield",Karnataka,Bangalore,"No. 736, Vijayalakshmi Square, Kundalahalli Main Road, , Bengaluru, Karnataka - 560 066",12.96684,77.71657,7.0,9,17,34,0.79,47.4,15.45,1459,74.53,18:00-21:00,High,High
"Kropex, Electronics City",Karnataka,Bangalore,"No 49/1, Hosur Main Road, Singasandra, Bangalore Urban, Bengaluru, Karnataka - 560068",12.872053,77.651174,7.0,10,2,239,0.4,24.0,12.87,541,64.33,12:00-15:00,Low,Low
"Dyuthi Automobiles, Hunsur Road",Karnataka,Mysuru,"Plot No. 201/1&2, Hunsur Road,Mysore, Karnataka, 570017",12.3255681,76.6102634,7.0,9,8,171,0.61,36.6,24.25,8943,39.7,12:00-15:00,Medium,Medium
"Jubilant Autoworks, Padukodi",Karnataka,Mangalore,"Survey No. 38, Village, 2, Kuloor - Kavoor Rd, Kuloor, Padukodi, Mangalore, Karnataka 575013",12.923728,74.831066,7.0,6,18,92,0.91,54.6,9.06,2751,24.19,18:00-21:00,High,High
"Urs Kar motors, New Kantharaj Road",Karnataka,Mysuru,"Urs Kar, CH 11, New Kantharaj Urs Rd, Mysuru, Karnataka 570004",12.2951473,76.6415085,7.0,38,4,180,0.54,32.4,9.4,9383,58.22,18:00-21:00,Medium,Medium
"Kalinga Tavern Residency, Hatna",Karnataka,Hatna,"Bandadka - Bengaluru Rd, Hatna, Karnataka 571432",12.9770904,76.8311918,7.0,11,17,111,0.86,51.6,12.78,6942,77.29,18:00-21:00,High,High
"Adisakti Motors, Davangere",Karnataka,Davangere,"No 628/K24, Shramajeevi Building, PB Rd, beside Aradhya Steel Wire Ropes, Avaragere, Davanagere, Karnataka 577003",14.441957,75.95206,7.0,32,12,102,0.52,31.2,11.63,10306,20.43,08:00-11:00,Medium,Medium
"Sree Auto, BH Road Tumakuru",Karnataka,Tumakuru,"No 1 BH Road Near Gubbi, Gate, Tumakuru, Karnataka 572107",13.344796,77.080192,7.0,22,17,210,0.64,38.4,21.95,6027,61.41,18:00-21:00,Medium,Medium
"Manickbag automobiles, Udyambag",Karnataka,Belgaum,"No 691, Bemciel Industrial Estate Khanapur Road, NH4 A, Udyambag, next to Bemco, Belagavi, Karnataka 590008",15.8191673,74.4937744,7.0,26,5,55,0.75,45.0,20.03,1727,64.39,08:00-11:00,Medium,High
"Key Motors, Bannerghatta Road",Karnataka,Bangalore,"#215/15, Arakere Gate, Bannerghatta Main Rd, Bengaluru, Karnataka 560076",77.597289,12.889141,7.0,4,15,190,0.65,39.0,12.12,8644,39.75,12:00-15:00,Medium,Medium
"Dakshin Motors, NH - 4",Karnataka,Hiriyur,"NH-4 , Pattrehalli adivala village, Hiriyur- 577598",13.9241147,76.6400077,7.0,35,18,163,0.42,25.2,16.98,7397,26.61,18:00-21:00,Low,Low
"Taj Hotels Chikmagalur, KM Road",Karnataka,Chikmagalur,"KM Road - Jyothi Nagar post, Chikmagalur- 577102",13.3366283,75.8178783,7.0,40,16,87,0.33,19.8,12.25,4974,64.82,18:00-21:00,Low,Low
"Automatrix - Hassan, Bangalore-Mangalore Highway",Karnataka,Hassan,"Bangalore - Mangalore Hwy, NH 8, Thanniruhalla, Hassan Rural, Karnataka 573201",12.9952076,76.07946736,7.0,24,15,213,0.52,31.2,16.97,11373,23.76,18:00-21:00,Medium,Medium
"Click Hotel, Sadahalli",Karnataka,Bangalore,"35, Down Town Park 1. Sadahalli Main Gate. Shittigere Village. Bangalore North Taluka, 562157",13.192134,77.646586,7.0,21,17,198,0.83,49.8,20.55,7963,30.83,08:00-11:00,High,High
"Ginger Hotel, Near Kottara Chowki Junction",Karnataka,Mangalore,"Ginger Hotel Mangalore Near Kottara Chowki Junction, Mangalore 575006 Tel: 0824 666 3333",12.90902658,74.83596972,7.0,5,14,76,0.74,44.4,24.22,9330,42.8,08:00-11:00,Medium,High
"SVS Tyres, sastapur - NH 65",Karnataka,Basavakalyan,"KIADB Industrial Area, Near Fire Station, NH 65 Sastapur, Bangla Basawakalyan 585327",17.8218258,76.9393922,7.0,32,15,173,0.88,52.8,16.44,11196,77.31,12:00-15:00,High,High
Kanthari Restaurants & Banquets,Kerala,Changanassery,"Bypass Road, near AKM school, Changanassery, Kerala 686101",9.4551752,76.5425594,11.0,31,12,194,0.8,48.0,8.14,1835,57.6,18:00-21:00,High,High
HiLITE Mall,Kerala,Kozhikode,"G1003, NH 66, Kozhikode Bypass, Poovangal, Kozhikode, Kerala 673014",11.2484737,75.8335122,11.0,22,7,192,0.49,29.4,6.97,5783,64.14,08:00-11:00,Low,Medium
Grand mall,Kerala,Kochi ,"Panvel - Kochi - Kanyakumari Hwy, Toll Junction, Edappally, Kochi, Kerala 682024",10.0243734,76.3088679,11.0,34,11,123,0.72,43.2,19.2,6039,51.99,12:00-15:00,Medium,High
Annapoorna Cafe,Kerala,Angamali,"69FG+56H, Karukutty, Kerala 683572",10.2230435,76.3755255,11.0,11,1,160,0.9,54.0,7.25,4908,72.58,18:00-21:00,High,High
Hotel Devaragam,Kerala,Guruvayur,"Outer Ring Road, Opp Railway Station, East Nada, Guruvayur, Kerala 680101",10.5955128,76.0443322,11.0,12,2,155,0.72,43.2,22.97,546,50.08,12:00-15:00,Medium,High
Gokul Oottupura NH 47 Veetarian Restaurant,Kerala,Kochi ,"NH bypass, near Modern Lights, Padivattom, Edappally, Ernakulam, Kerala 682024",10.0111333,76.3123714,11.0,8,2,202,0.37,22.2,16.97,2567,50.29,18:00-21:00,Low,Low
ANERT-EESL Ernakulam Kerala,Kerala,Kochi,"KTDC Tourist Reception Centre Shanmugham road, Ernakulam, Marine drive, Kochi Kerala-682031",9.977164,76.27777,8.0,32,6,133,0.71,42.6,9.77,4870,28.88,18:00-21:00,Medium,High
ANERT-EESL AUTOKAST Kerala,Kerala,Perunnermangalam,"AUTOKAST premises, South East End adjacent to NH 66, Mararikulam North Village, Perunnermangalam, Muriyil.",9.63628,76.3352,8.0,23,10,34,0.68,40.8,7.36,10037,23.83,12:00-15:00,Medium,Medium
ANERT-EESL Sangamukham Kerala,Kerala,Thiruvanthapuram,"Sanghumukham DTPC office, Shanghumukham beach, thiruvananthapuram,Kerala- 605007",8.481159,76.912456,8.0,39,8,166,0.91,54.6,13.23,2161,65.86,18:00-21:00,High,High
ANERT-EESL Thycaud Kerala,Kerala,Thiruvanthapuram,"State Council For Child Welfare, CV Raman Pillai Rd, Near Kerala, Housing Board, Thycaud, Thiruvananthapuram, Kerala 695014",8.4927752,76.9572956,8.0,13,18,213,0.75,45.0,14.26,6778,56.83,08:00-11:00,Medium,High
KSEB NEMOM,Kerala,Thiruvanthapuram,NEYYATTINKARA,8.460016017,77.00402472,17.0,22,13,150,0.8,48.0,8.18,3187,35.56,18:00-21:00,High,High
KSEBL OLAI,Kerala,Thiruvanthapuram,"NH 66, T D Nagar, Olayil, High School Jun, Kollam, Kerala 691009",8.892952791,76.57878733,17.0,13,20,53,0.57,34.2,24.84,8373,49.76,08:00-11:00,Medium,Medium
KSEBL PALARIVATTOM,Kerala,Thiruvanthapuram,"Palarivattom - Edappally Rd, Sonia Nagar, Palarivattom, Ernakulam, Kerala 682565",10.00552573,76.3050448,17.0,28,16,196,0.64,38.4,17.05,7787,50.91,12:00-15:00,Medium,Medium
KSEBL VIYYUR,Kerala,Thiruvanthapuram,"H668+2VH, Padukad, Keltron Nagar, Kolazhy, Thrissur, Kerala 680010",10.56052307,76.2172408,17.0,19,10,109,0.51,30.6,6.53,5219,55.52,12:00-15:00,Medium,Medium
KSEBL NALLALAM,Kerala,Thiruvanthapuram,"Modern Bazar, Nallalam, Kozhikode, Kerala 673018",11.20838069,75.80848587,17.0,21,3,132,0.55,33.0,19.99,9279,35.23,08:00-11:00,Medium,Medium
KSEBL CHOVVA,Kerala,Thiruvanthapuram,"Kannur - Kuthuparamba Rd, Elayavoor, Kerala 670331",11.86893912,75.40316573,17.0,4,16,98,0.94,56.4,21.64,6835,61.55,12:00-15:00,High,High
Adyar Ananda Bhavan I Navakkarai,Kerala,Walayar,"Adyar Ananda Bhavan Restaurant, 285, Palakkad Main Rd, MahendraMedu, Navakarai, Coimbatore, Tamil Nadu 641105",10.8559461,76.8625309,11.0,35,9,102,0.36,21.6,16.55,9020,35.54,18:00-21:00,Low,Low
Sihla Energy Sihla Energy,Kerala,Malappuram,"Thrissur-Kunnakulam SH 69, Valayankulam, Kerala - 679591",10.73477485,76.04854399,19.0,31,14,23,0.59,35.4,6.1,2522,63.02,18:00-21:00,Medium,Medium
AIMA Charging Station ,Kerala,Palakkad,"Naduvattam, Kringanad Rd, VIlayur ",10.887677,76.189595,19.0,23,11,103,0.44,26.4,24.33,6090,72.98,08:00-11:00,Low,Low
"CoastLine Garages, NH 47 Muttom",Kerala,Kochi,"Opposite Metro Pillar no 155 , NH 47, Muttom , Near Aluva , Cochin-683106",10.077281,76.337656,7.0,26,19,186,0.4,24.0,23.09,8996,50.62,18:00-21:00,Low,Low
"CoastLine Garages, Kannur Road",Kerala,Kozhikode,"Opposite West Hill Post Office, Kannur Road , West Hill P.O , Kozhikode-673005",11.282287,75.770054,7.0,26,1,109,0.61,36.6,17.98,5707,29.32,08:00-11:00,Medium,Medium
"Marina Motors, Pantheerankavu",Kerala,Kozhikode,"Bye Pass Road, Pantheerankavu, Kozhikode-673019",11.217,75.85801,7.0,18,19,78,0.74,44.4,15.88,9462,78.4,12:00-15:00,Medium,High
"IOCL - JRO Pongam, Thrissur",Kerala,Kizhakkummuri,JUBILEE RETAIL OUTLET KORATTY SOUTH POST THRISSUR DISTRICT-680308,10.245487,76.369589,7.0,4,12,126,0.45,27.0,13.83,1900,32.21,08:00-11:00,Low,Low
"Sree Gokulam Motors, Nettoor",Kerala,Kochi,"No. 10, 256/C, Survey No 1562/1, NH47, Bye Pass Road, Nettoor, Kochi-682040",10.039145,76.315574,7.0,39,12,84,0.54,32.4,13.69,5718,27.26,18:00-21:00,Medium,Medium
"Hyson Motors, Punkunnam",Kerala,Thrissur,"Guruvayur Rd, Puzhakkal, Punkunnam, Thrissur, Kerala 680002",10.540817,76.189423,7.0,39,19,141,0.71,42.6,17.78,4733,57.37,18:00-21:00,Medium,High
"KVR Dream vehicles, Nadal",Kerala,Kannur,"Ground Floor, Kizhunna - Kadappuram Rd, Chirakku Thazhe, Nadal, Kerala 670007",11.83301,75.42643,7.0,24,17,206,0.93,55.8,6.41,10443,73.34,12:00-15:00,High,High
"Muthoot Automotive, Mevaram",Kerala,Kollam,"Machoos Properties, Bypass, near Medicity Hospital, Mevaram, Kollam, Kerala 691020",8.87386,76.64112,7.0,29,19,136,0.9,54.0,5.57,8516,44.24,08:00-11:00,High,High
"KVR Dream vehicles, Vidya Nagar",Kerala,Kasargod,"Panalam Nayamar Moola, Alampady Manya Road, Vidya Nagar, PO, Kasaragod, Kerala 671123",12.51382323,75.02713173,7.0,19,20,106,0.85,51.0,21.88,2765,61.67,18:00-21:00,High,High
"IOCL - SR Adhoc u00e2u0080u0093 COCO, Vytilla",Kerala,Kochi,"Bus Stop, Janatha, Sahodaran Ayyappan Rd, Janatha Junction, Vyttila, Ernakulam, Kerala 682019",9.9685,76.312879,7.0,8,18,113,0.64,38.4,5.4,5310,38.26,12:00-15:00,Medium,Medium
"Gokulam Grand, Kovalam",Kerala,Trivandrum,"TC 63, 512 TO 523, Beach Rd, Kovalam, Kerala 695527",8.390198,76.976356,7.0,39,4,236,0.82,49.2,22.68,10549,62.79,18:00-21:00,High,High
"Gokulam Sabari, Guruvayur",Kerala,Thrissur,"North, Outer Ring Rd, Kuppaayil, Guruvayur, Kerala 680101",10.596516,76.04243,7.0,25,15,66,0.87,52.2,22.62,731,39.62,18:00-21:00,High,High
"Sree Gokulam Motors, Edapally",Kerala,Kochi,"Skyline Gateway Apartments, Pathadipalam, Edappally, Ernakulam, Kerala 682033",9.9261126,76.317879,7.0,34,16,212,0.65,39.0,24.97,1601,47.16,18:00-21:00,Medium,Medium
"Malayalam Vehicles, Vytila",Kerala,Kochi,"Sharon Tower, No 52/3171, 3172, opposite Salafi Masjid, Vyttila, Ernakulam, Kerala 682019",9.9644345,76.3184956,7.0,33,20,158,0.9,54.0,9.24,4757,40.29,18:00-21:00,High,High
"Misty Mountain Teyla, Peermade",Kerala,Kuttikkanam,"HXJC+526, Peermade, Kuttikkanam, Kerala 685531",9.5802797,76.9701859,7.0,39,12,242,0.95,57.0,7.17,11859,60.08,08:00-11:00,High,High
"Misty Mountain Teyla, Mundakayam",Kerala,Kottayam,"Mundakayam Glenrock office, Mundakayam, Kottayam, 686512",9.5447482,76.877561,7.0,16,16,100,0.34,20.4,21.32,2041,64.04,18:00-21:00,Low,Low
"Ginger Hotel, Kazakuttom",Kerala,Trivandrum,"Ginger Hotel Trivandrum Electronics Technology Park, Technopark Campus, Club House, Kazakuttom, Trivandrum - 695581 Tel: 0471 666 3333",8.5615919,76.8763933,7.0,11,13,20,0.65,39.0,6.13,9978,25.97,08:00-11:00,Medium,Medium
"Malayalam Vehicles, Aluva",Kochi,Aluva,"Building No 18/615/1, 615/2 Sy No 176/2, 176/3, Aluva West, near Pulichode Signal, Kerala 683101",10.0999671,76.3476841,7.0,21,5,42,0.46,27.6,12.63,9227,54.54,18:00-21:00,Low,Medium
GJ | Limbdi | HFM (Highway Food Mall) ,Limbdi,Gujarat,"Highway Food Mall, Nr. Limbdi Over Bridge, National Highway No.8A, Limbdi u00e2u0080u0093 363421.",22.5676,71.7741,24.0,32,6,35,0.51,30.6,11.98,1726,25.81,12:00-15:00,Medium,Medium
Paschim Vidyut Vitaran Pologround,Madhya Pradesh,UJJAIN,"GPH Compound, Polo Ground, Indore, Madhya Pradesh 452003",23.24006,75.78122,13.0,14,4,165,0.62,37.2,7.0,6046,44.3,08:00-11:00,Medium,Medium
"Hriday Cars, AB Road",Madhya Pradesh,Indore,"1/2-Anoop Nagar,AB Road Indore-452001",22.7307225,75.8893731,7.0,11,9,173,0.83,49.8,5.7,10958,37.02,08:00-11:00,High,High
"Varenyam Motor Car, Industrial Area",Madhya Pradesh,Bhopal,"56-57 JK Road Govindpura, Sector A, Govindpura Industrial Area, Bhopal, Madhya Pradesh 462023",23.259006,77.456769,7.0,25,9,122,0.6,36.0,20.25,1085,49.08,12:00-15:00,Medium,Medium
"IOCL COCO u00e2u0080u0093 Extoll College Br., Bhawadita Kalan",Madhya Pradesh,Bhopal,"80/2/1/1/2 Bhawadiya Kalan, Bhopal 462026",23.182404,77.432496,7.0,7,15,26,0.79,47.4,20.72,2364,76.28,08:00-11:00,High,High
"CR - Bhandup Station, Bhandup East",Maharashra,Mumbai,"Bhandup Station East, near Kotak Mahindra ATM, Bhandup, Bhandup East, Mumbai, Maharashtra 400042",19.1420246,72.937755,7.0,9,8,157,0.68,40.8,14.15,1532,69.61,12:00-15:00,Medium,Medium
"Trimurti Petroleum, Panvel",Maharashra,Navi Mumbai,"GUT NO.151/2, VILLAGE - AJIVALI, TALUKA - PANVEL, RAIGAD, AJIVALI, 410216",18.9563188,73.1626506,7.0,6,20,246,0.76,45.6,7.13,3318,32.77,12:00-15:00,High,High
"Hotel Suba International, Andheri East",Maharashra,Mumbai,"Saharu00c2u00a0 Road, Near Cigarret Factory, Chakala, Andheri East Mumbai 400099",19.1063175,72.8603219,7.0,7,13,124,0.74,44.4,20.73,6834,26.99,12:00-15:00,Medium,High
"Hotel Suba Galaxy, Andheri East",Maharashra,Mumbai,"NS Phadake Marg, Opp Teli galli,Near Eastern expres Highway, Andheri East Mumbai 400069",19.1142415,72.8518766,7.0,4,5,20,0.4,24.0,10.21,756,46.14,08:00-11:00,Low,Low
"Hotel Suba Palace, Fort",Maharashra,Mumbai,"Apppllo Bunder Road, Near Gate way of India, fortu00c2u00a0 Mumbai 400039",18.9241214,72.8328155,7.0,20,1,128,0.87,52.2,11.47,4090,31.61,18:00-21:00,High,High
Hemank Auto Parts,Maharashtra,Pune,"B-5 Electronic Estate,MIDC,Bhosari,Pune",18.621902,73.82497,18.0,24,8,50,0.45,27.0,13.29,7208,25.67,12:00-15:00,Low,Low
"HPCL autocare,Sajgaon",Maharashtra,Sajgaon,"Autocare centre,COCO VIII,Mumbai-Pune express.Khalapur Toll Naka Sajgaon",18.793453,73.297219,18.0,13,10,138,0.83,49.8,15.61,862,66.9,18:00-21:00,High,High
MH|MUMBAI|POWAI#HIRANANDANI GARDENS,Maharashtra,MUMBAI,"TECHNOLOGY ST,HIRANANADANI GARDENS,SAINATH NAGAR,POWAI,MUMBAI,MAHARASHTARA 400076",19.1200,72.9141,24.0,8,1,129,0.52,31.2,9.02,8652,53.18,18:00-21:00,Medium,Medium
MH|TALASARI|HOTEL SAHYADRI,Maharashtra,MUMBAI,"HOTEL SAHYADRI,TALASARI,AJMER ROAD,ACHAD,MAHARASHTRA 401606",20.2212,72.8812,24.0,20,17,119,0.41,24.6,24.71,6492,64.29,18:00-21:00,Low,Low
"GJ|NAVSARI|NH 8,GRID ROAD",Gujarat,NAVSARI,"HOTEL  FUN CITY(PURE VEG),NH 8,GRID ROAD,BESIDE PEEDEE ELECTRONCS,KABILPORE,NAVSARI",20.9446,72.9628,24.0,40,13,26,0.43,25.8,19.85,1884,40.19,18:00-21:00,Low,Low
McDonalds,Maharashtra,Kolhapur,"Shop No 1C, Hissa No 1, Plot No 1/K1, next to Klin Fuel Technology, Sarnobatwadi Kolhapur Maharashtra 416004",16.6869187,74.2703805,21.0,22,16,164,0.82,49.2,23.79,772,79.44,18:00-21:00,High,High
"Select Cars, Sanath Nagar",Maharashtra,Hyderabad,"B-51, APIIC Rd, IDA Kukatpally, Sanath Nagar, Hyderabad, Telangana 500018",17.45608,78.44656,7.0,14,9,224,0.5,30.0,10.78,5853,54.25,08:00-11:00,Low,Medium
"Select Cars, Alkapuri",Maharashtra,Hyderabad,"ALKAPURI X ROADS, Nagole, Hyderabad, Telangana 500068",17.3649,78.55747,7.0,34,4,234,0.48,28.8,6.03,2803,71.97,12:00-15:00,Low,Medium
"Ginger Mumbai, Andheri East",Maharashtra,Mumbai,"Teli - Gali Road, Andheri (East), Mumbai - 400069",19.11599,72.85018,7.0,24,20,49,0.52,31.2,24.16,306,22.46,08:00-11:00,Medium,Medium
"Tata Power RS, Versova",Maharashtra,Mumbai,"KL Walawalkar Marg, Sahayog Nagar, Bhudargarh Colony, Andheri West, Mumbai, Maharashtra 400102",19.13052,72.83056,7.0,25,2,83,0.89,53.4,6.83,5016,76.44,18:00-21:00,High,High
"Inderjit Cars, Andheri West",Maharashtra,Mumbai,"1059/1060, Adarsh nagar, near infinity mall, Off New Link Road, Andheri West, Mumbai, Maharashtra 400053",19.14207,72.83241,7.0,22,3,218,0.81,48.6,11.25,6029,25.01,08:00-11:00,High,High
"Heritage Motors, Panchpakhadi",Maharashtra,Thane,"3/4, Meena Apartment, Panchpakhadi, Eastern Exp Highway, Thane West u00e2u0080u0093 Pokran Upvan, Thane - 400606",19.1972,72.96321,7.0,10,8,191,0.84,50.4,12.89,9522,78.97,08:00-11:00,High,High
"Tata Power, Vikhroli",Maharashtra,Mumbai,"The Tata Power Company Limited, 400 kV Project, Vikhroli Sub Station, Godrej Soap Premises, Vikhroli (East), Mumbai 400079",19.095269,72.926195,7.0,6,11,229,0.83,49.8,9.31,9533,50.31,18:00-21:00,High,High
"SAB Motors, Patel Nagar",Uttar Pradesh,Ghaziabad,"G-94, Patel Nagar - III, Ghaziabad, Uttar Pradesh - 201001",28.67458,77.42895,7.0,20,13,150,0.87,52.2,20.74,11514,50.91,12:00-15:00,High,High
"Multitech Motors, Sec 27 Faridabad",Uttar Pradesh,Faridabad,"Sector 19, Faridabad, Haryana 121002",28.41873,77.31114,7.0,22,4,111,0.44,26.4,17.78,6954,23.1,08:00-11:00,Low,Low
"Sparsh , Garg Plaza - Dwarka",Delhi NCR,Delhi,"RZ A- 70, Garg Plaza, Dabri - Palam Road, Dwarka, Delhi, Delhi - 110043",28.60585,77.08133,7.0,13,18,212,0.83,49.8,23.59,4201,65.71,18:00-21:00,High,High
"Rudra Motors, Wagholi",Maharashtra,Pune,"Gat No.1343/A, Near Ubale Nagar Bus Stop, Wagholi-412207",18.57391,73.9589,7.0,15,16,135,0.8,48.0,5.68,2601,57.9,12:00-15:00,High,High
"Bafna, Tathawade",Maharashtra,Pune,"Gate No. 129/2B/1, Mumbai Bangalore Express Highway,Ashok Nagar, Tathawade, Pune-411033",18.62343,73.74568,7.0,7,4,118,0.31,18.6,14.54,3034,52.5,12:00-15:00,Low,Low
"Croma Pune, Aundh",Maharashtra,Pune,"Survey No.127/2B/1A Nanasaheb Gaikwad Information Technology Park ITI Road, Near, Sarjaa Rd, Aundh, Pune,411007",18.55368,73.80696,7.0,33,4,131,0.85,51.0,21.56,5400,22.68,12:00-15:00,High,High
"Godrej One, Vikhroli",Maharashtra,Mumbai,"4 Wheeler Parking area Godrej One Pirojshanagar, Eastern Express Highway, Vikhroli u00e2u0080u0093 East, Mumbai u00e2u0080u0093 400079",19.0925655,72.9223514,7.0,35,14,77,0.31,18.6,21.0,10495,32.5,12:00-15:00,Low,Low
"Inderjit Cars, Mira Road",Maharashtra,Thane,"Platinum Building, Ground Floor,Opp. Pleasant Park,Next To Brand Factory Showroom,Mira Road-401107",19.277922,72.880256,7.0,21,19,93,0.56,33.6,13.35,4735,41.13,18:00-21:00,Medium,Medium
"IOCL, Breach Candy",Maharashtra,Mumbai,"Bhulabhai Desai Road, Breach Candy, near Tata Garden, Mumbai, Maharashtra 400026",18.96555,72.80346,7.0,26,5,219,0.83,49.8,6.0,1504,67.82,12:00-15:00,High,High
"Puneet, Prabadevi",Maharashtra,Mumbai,"Lloyds Centre Point, Appasaheb Marathe Marg, Dadar West, Prabhadevi, Mumbai, Maharashtra 400025",19.01296,72.82652,7.0,14,18,131,0.42,25.2,24.41,5645,40.45,18:00-21:00,Low,Low
"SAB Motors, Loni Road - Industrial Area",Maharashtra,Ghaziabad,"CF 1-1/1 to 1/5 Harsha Compound, Site II, Loni Road Industrial Area, Mohan Nagar, Ghaziabad, Uttar Pradesh - 201007",28.683213,77.377082,7.0,12,5,104,0.39,23.4,15.81,8247,51.66,12:00-15:00,Low,Low
"Croma, L.B. Nagar",Maharashtra,Hyderabad,"CROMA, Ground Floor,D.V.Cascade,Plot 59A,59/B,59/C,59/D In Survey 9/9,Saroornagar Village,L.B.Nagar - 500074",17.352657,78.546636,7.0,15,13,130,0.44,26.4,17.67,1967,55.41,08:00-11:00,Low,Low
"Sai Baba, Theregaon",Maharashtra,Pune,"5/4, Nakhate Nagar,Kalewadi Main Road,Theregaon,Pune-411033",18.611143,73.783103,7.0,8,4,223,0.39,23.4,24.86,6092,47.97,08:00-11:00,Low,Low
"Sridha Motors, Chakan",Maharashtra,Chakan,"GAT NO. 143/3, PUNE-NASHIK HIGHWAY WAKI (KH), Maharashtra 410501",18.77893,73.87099,7.0,6,12,211,0.66,39.6,21.68,9480,22.91,18:00-21:00,Medium,Medium
"Bikanerwala, NH 48 Panchgaon",Maharashtra,Panchgaon,"55th Mile Stone, NH 48, Kukrola, Panchgaon, Gurugram, Pin-122001",28.323394,76.901196,7.0,29,15,235,0.94,56.4,22.81,2248,51.56,08:00-11:00,High,High
"IOCL - COCO, Prabhadevi",Maharashtra,Mumbai,"Plot No, P. N. 1207, CADELL RD. MUMBAI, PRABHADEVI CADEL RD., MUMBAI - 400022",19.018857,72.831076,7.0,23,4,183,0.84,50.4,16.49,507,42.1,12:00-15:00,High,High
"Nangia Cars, Hinghna",Maharashtra,Nagpur,33B 1/4 Hinghna MIDC Opp Nangia Speciality Hospital Nagpur 440028 ,21.13459,79.004423,7.0,18,15,212,0.43,25.8,17.81,8353,72.08,08:00-11:00,Low,Low
"Jitendra Wheels, Ambad",Maharashtra,Nashik,"B-88 MIDC AMBAD, Mumbai Agra highway,Next to Hotel gateway Nashik-  422010",19.950077,73.749175,7.0,22,2,172,0.93,55.8,5.91,1072,24.16,08:00-11:00,High,High
"Tata Power, Dharavi Colony",Maharashtra,Mumbai,"Tata Power Dharavi Colony labour camp dharavi ,Matunga ,Mumbai 400019",19.034402,72.85284,7.0,30,5,112,0.34,20.4,23.45,676,74.8,18:00-21:00,Low,Low
"Unique Automobiles, MIDC Shiroli",Maharashtra,Kolhapur,"S.No 592,H.No 4481 1st Stop MIDC Shiroli(P) Tal-Hatkanangale, Dist-Kolhapur-416122",16.753021,74.279095,7.0,24,18,174,0.35,21.0,9.32,7538,32.68,18:00-21:00,Low,Low
"Dhoot Motors, Adalat Road",Maharashtra,Aurangabad,"ABC Complex, Adalat Road, Aurangabad, Maharashtra 431005Second location for survey : Adalat Road, Next to High Court, Aurangabad, Maharashtra 431005",19.872922,75.318613,7.0,34,3,140,0.62,37.2,14.42,5229,58.17,08:00-11:00,Medium,Medium
"Nathani Heights, Mumbai Central",Maharashtra,Mumbai,"Junction of Bellasis Road and Dr D.B. Marg , Mumbai Central, Mumbai 400008",18.9688627,72.8207138,7.0,17,10,191,0.35,21.0,15.53,3248,40.63,08:00-11:00,Low,Low
"Amanora Mall Big Bazar Parking, Hadapsar",Maharashtra,Pune,"Crescent Rd, Amanora Park Town, Hadapsar, Pune, Maharashtra 411028",18.51873971,73.936184,7.0,24,9,204,0.36,21.6,22.06,10247,52.87,12:00-15:00,Low,Low
"Amnora Sport Arena, Hadapsar",Maharashtra,Pune,"Amanora Township , Hadpasar , Pune 411028",18.51566576,73.94607248,7.0,17,2,194,0.88,52.8,21.06,5515,43.77,12:00-15:00,High,High
"CSMT Station, Fort",Maharashtra,Mumbai,"Chhatrapati Shivaji Maharaj Terminus, Fort, Mumbai, Maharashtra 400001",18.9453551,72.8383287,7.0,30,14,208,0.59,35.4,5.69,10183,23.64,08:00-11:00,Medium,Medium
"Mahanagar Gas Limited, Wadala",Maharashtra,Mumbai,"MGL Terminal, opposite Anik Depot, Wadala, Mumbai, Maharashtra 400022",19.0472567,72.8783829,7.0,23,9,100,0.94,56.4,15.5,11829,66.47,12:00-15:00,High,High
"IOCL COCO, BKC",Maharashtra,Mumbai,"Bandra Kurla Complex, New Coco At, C-67, Bharat Nagar Rd, G Block BKC, Bandra Kurla Complex, Bandra East, Mumbai, Maharashtra 400051",19.0599578,72.8647916,7.0,17,10,241,0.44,26.4,16.44,11948,74.33,12:00-15:00,Low,Low
"Vivera Hotels & Resorts, Loc 1, Narketpally",Telangana,Suryapet,"NH 65, Narketpally, Telangana - 508254",17.212796,79.166746,7.0,27,10,249,0.32,19.2,7.58,939,37.06,18:00-21:00,Low,Low
"Highway Hospitality, Rajugari Thota",Telangana,Suryapet,"NH 65, Rayangudem Village, Suryapet, Telangana-508213",17.1525348,79.5699188,7.0,28,6,48,0.64,38.4,22.07,10818,72.29,12:00-15:00,Medium,Medium
"Zenith Chemical Works Pvt Ltd, Andheri East",Maharashtra,Mumbai,"Zenith Chemical Works Pvt Ltd. Plot No. B.6, Cross Road B, MIDC Marol, Andheri East residing at Mumbai-400093",19.1157451,72.8682563,7.0,37,12,198,0.35,21.0,20.67,3708,71.12,08:00-11:00,Low,Low
"Panchjanya Motors, Bhosari",Maharashtra,Pune,"Wakad - Bhosari BRTS Road, Century Enka Colony, Bhosari, Pimpri-Chinchwad,Maharashtra 411039",18.61547,73.84618,7.0,31,12,113,0.73,43.8,22.58,11372,69.85,12:00-15:00,Medium,High
"Panchjanya Motors, Chinchwad",Maharashtra,Pune,"No 49, Block D2, MIDC Ador Power Station, Chinchwad, Ram Nagar, Chinchwad, Pune,Maharashtra 411039",18.648576,73.798872,7.0,37,5,31,0.74,44.4,19.21,2523,57.69,08:00-11:00,Medium,High
"Hotel Sai International Yelur, Sangali",Maharashtra,Yelur,"Pune Bangalore Highway (NH-4, Vasant Park Chougle Plot, Yelur, Maharashtra 415411",16.956461,74.275721,7.0,27,8,242,0.35,21.0,13.61,2378,77.78,12:00-15:00,Low,Low
"Sangam Hotel, Pune- Bangalore Road",Maharashtra,Karad,"NH 4, Pune-Bangalore Road, Near Kolhapur Naka, Karad, Maharashtra 415110",17.2737243,74.1802756,7.0,24,8,241,0.75,45.0,17.13,7414,59.43,08:00-11:00,Medium,High
"Amrai Hotel & Resort , NH 4 Shendre",Maharashtra,Satara,"KG.NO 207/B, Plot No-1&2, Near National Highway No-4, Shendre, Satara, Maharashtra 415002",17.63820763,74.01209174,7.0,33,6,118,0.42,25.2,16.49,3582,22.65,08:00-11:00,Low,Low
"AH Group, Hinjewadi Phase I",Maharashtra,Pune,"Aditya Infotech Park ,SBI Bank ,Phase I , Hinjewadi Pune 411057",18.589877,73.7383657,7.0,20,13,200,0.82,49.2,13.39,11568,68.6,08:00-11:00,High,High
"Jaika Motors, Civil Lines",Maharashtra,Nagpur,Jaika Motors Pvt Ltd.Post Box No.1 Commercial Road Civil Lines Nagpur 440001,21.155667,79.078708,7.0,35,7,144,0.84,50.4,5.7,11490,69.88,18:00-21:00,High,High
"IOCL Kini Causway, Bandra West",Maharashtra,Mumbai,"36, SV Rd, Santosh Nagar, Bandra West, Mumbai, Maharashtra 400050",19.051601,72.838011,7.0,6,20,30,0.5,30.0,21.05,10597,62.29,18:00-21:00,Low,Medium
"IOCL Hundred Percent Filling & Service Station, Dwarka",Maharashtra,Delhi,"Sector 9, Dwarka, New Delhi, Delhi 110073",28.578641,77.05962,7.0,19,18,109,0.56,33.6,23.01,4233,34.38,12:00-15:00,Medium,Medium
"Vikarsh Nano technology, Dhangarwadi",Maharashtra,Satara,"Vikarsh Nano technology & Alloys pvt ltd, Gat No 273&274, Dhangarwadi village Tal- Khandala, Shirwal Dist- Satara 412801",18.11289,73.98985,7.0,40,17,26,0.49,29.4,19.82,5082,26.14,18:00-21:00,Low,Medium
"Oberai Motors,  ISBT Rd",Uttarakhand,Dehradun,"Near, ISBT Chowk, Shimla Bypass Rd, Majra, Dehradun, Uttarakhand 248001",30.289739,77.998788,7.0,34,11,50,0.49,29.4,12.71,3566,33.49,08:00-11:00,Low,Medium
"IOCL - COCO ALE 101, Mohabbatpur",Uttar Pradesh,Mainpuri,IndianOil Petrol pump at Km Stone 101.2 LHS Village Mohabbatpur Tehsil karhal Distt Mainpuri - 205268,26.968708,79.019513,7.0,25,5,177,0.36,21.6,19.89,11828,27.79,08:00-11:00,Low,Low
"IOCL - COCO WRD, Agarkar Nagar",Maharashtra,Pune,"Agarkar Nagar, Pune, Maharashtra 411001",18.5269679,73.8655123,7.0,8,7,48,0.76,45.6,10.23,6716,76.94,08:00-11:00,High,High
"MIDAS Auto, Industrial Area ",Uttarakhand,Haridwar,"No E17 Old, Industrial Area, Haridwar, Uttarakhand 249401",29.942456,78.144234,7.0,35,12,175,0.82,49.2,10.04,3594,32.63,12:00-15:00,High,High
"Matsya Amazon Kitchens, Kurnool Rd",Andhra Pradesh,Kurnool,"NH 44; Bangalore - Hyderabad  highway, Kurnool Rd, Andhra Pradesh 518216",15.576915,77.93704,7.0,33,9,163,0.39,23.4,12.8,6372,30.3,12:00-15:00,Low,Low
"Uniworld City, New Town",West Bengal,Kolkata,"Uniworld City, Newtown, New Town, West Bengal 700156",22.561997,88.492903,7.0,14,8,71,0.68,40.8,6.7,11916,30.37,12:00-15:00,Medium,Medium
"Hotel Grand Leela Krishna, Bhimavaram",Andhra Pradesh,Bhimavaram,"Undi Rd, Balusumoodi, Bhimavaram, Andhra Pradesh 534202",16.5451748,81.5199403,7.0,32,5,193,0.9,54.0,11.56,6805,44.64,12:00-15:00,High,High
"Jadhav Solar & Automotives, Badnera",Maharashtra,Amravati,"Jadhav Solar & Automotives Pvt.  Ltd., Jadhav E-Vehicles, Ground floor, Rangoli Pearl Hotel, Nawathe Square, Badnera Road, Amravati, MH- 444607",20.909443,77.7522447,7.0,35,17,181,0.47,28.2,20.97,3312,30.86,08:00-11:00,Low,Medium
"IOCL - SUJIT AUTOMOBILES, Bangalore-Kanyakumari Road",Maharashtra,Butibori,"Bangalore - Salem - Madurai - Kanyakumari Road, Butibori, Maharashtra 441108",20.92258656,78.99986387,7.0,31,3,85,0.76,45.6,13.9,10290,74.18,18:00-21:00,High,High
"Hotel Sanskruti , Trambakeshwar Rd",Maharashtra,Nashik,"Trambakeshwar Rd, Belgaon Dhaga, Nashik, Maharashtra 422007",19.973146,73.68105,7.0,5,19,107,0.4,24.0,19.94,9109,44.54,18:00-21:00,Low,Low
"RKL TML Showroom, Sec 9 GIDA",Uttar Pradesh,Gorakhpur,"AL -4A, Sector 9 GIDA , Gorakhpur, Uttar Pradesh- 273209",26.743642,84.263369,7.0,22,10,147,0.35,21.0,20.17,5435,22.33,08:00-11:00,Low,Low
"Datson Electronics, Gorhe",Maharashtra,Pune,"M/s. Datson Electronics pvt ltd Gat.No.30. Sinhagad Road , Gorhe Budruk .Tal- Haveli Next To Savali Resort , Off Sinhagad Road . Village Gorhe . Pune - 411025",18.423343,73.754875,7.0,9,8,120,0.65,39.0,9.87,10958,54.48,08:00-11:00,Medium,Medium
"Ace Kudale Cycles, Manjri  Bk",Maharashtra,Pune,"Manjri Bk, Pune, Maharashtra 412307",18.4957722,73.97893593,7.0,7,17,18,0.35,21.0,13.18,11415,52.05,18:00-21:00,Low,Low
"Hotel Dreamland, ST Main Market Mahabaleshwar",Maharashtra,Mahabaleshwar,"BUS STAND, MAIN MARKET, behind S.T, Mahabaleshwar, Maharashtra 412806",17.92564438,73.65552014,7.0,21,19,181,0.83,49.8,21.43,6736,22.25,08:00-11:00,High,High
"ARDEE MALL, Sec 52 Gurgaon",Delhi NCR,Gurgaon,"Ardee City Road, Sector 52, Gurgaon-122022",28.444672,77.08082,7.0,37,14,126,0.63,37.8,7.11,5409,21.98,12:00-15:00,Medium,Medium
"Hotel Baba Ramdev, Sirohi",Rajasthan,Sirohi,"Hotel Baba Ramdev Campus, Nh. 62, near Paladi (m), Vera Vilpur, Sirohi, Rajasthan 307043",24.973775,72.895964,7.0,6,15,98,0.89,53.4,9.73,10758,73.6,18:00-21:00,High,High
"Hare Krishna Mahindra, Mulund West",Maharashtra,Mumbai,"Building, Plot 1, Udyog Kshtra, Mulund Goregaon Link Rd, near D Mart Mulund, Salpa Devi Pada, Mulund West, Mumbai, Maharashtra 400080",19.163979,72.938751,7.0,32,3,237,0.69,41.4,7.79,6388,31.44,18:00-21:00,Medium,Medium
"Brookfield, Powai",Maharashtra,Mumbai,"Spectra, High St, Hiranandani Gardens, Powai, Mumbai, Maharashtra 400076",19.11637,72.91086,7.0,39,15,141,0.38,22.8,16.79,3734,46.74,18:00-21:00,Low,Low
"Brookfield, Powai",Maharashtra,Mumbai,"Pay & Park, Central Ave, Hiranandani Gardens, Powai, Mumbai, Maharashtra 400076",19.11644,72.90968,7.0,21,17,214,0.39,23.4,11.71,5185,35.69,18:00-21:00,Low,Low
"MG Ranchi, Line Tank Road",Jharkhand,Ranchi,"Near Firayalals Pulsar Plaza, Line Tank Rd, Ranchi, Jharkhand 834001",23.371745,85.326113,7.0,22,17,84,0.58,34.8,24.38,6895,51.93,12:00-15:00,Medium,Medium
"MG Bhubaneswar, NH 16",Odisha,Bhubaneswar,"Plot No. 86/88, Near Apex Institute of Technology & Management, Pahala, NH-16, Bhubaneswar, Odisha-752101",20.352134,85.8903743,7.0,8,12,170,0.58,34.8,11.56,5523,39.79,12:00-15:00,Medium,Medium
"Ginger Nashik , Satpur Colony",Maharashtra,Nashik,"Plot No P 20 (Part), Satpur MIDC Near Satpur MIDC Police Station (Near Bank of India, Branch Nashik, Trimbakeshwar Rd, MIDC, Satpur Colony, Nashik, Maharashtra 422007",19.991881,73.743904,7.0,19,5,230,0.7,42.0,24.54,8614,27.5,08:00-11:00,Medium,Medium
"TML- Sterling Motors , Renuka Nagar",Maharashtra,Nashik,"PB No 033, Old Agra Rd, Gadkari Chowk, Renuka Nagar, Nashik, Maharashtra 422001",19.9932,73.783133,7.0,19,8,45,0.36,21.6,11.46,8780,76.4,18:00-21:00,Low,Low
"Satish Motors, Wanjarwadi",Maharashtra,Aurangabad,"Plot No72/1 Saharanpur, Wanjarwadi Aurangabad 431002",19.911983,75.232932,7.0,20,5,29,0.95,57.0,15.76,2834,62.08,18:00-21:00,High,High
"Heritage Motors, Ghodbunder",Maharashtra,Thane,"Rosa Vista, MH SH 42, opp. Suraj Water Park, Thane, Maharashtra 400607",19.25612,72.97145,7.0,31,11,107,0.34,20.4,8.29,3132,66.96,18:00-21:00,Low,Low
"IOCL Karari Fuels, NH 44 Kishangarh",PUNJAB,Kisangarh,"NH 44, Kishangarh chownk, Jalandhar - Pathankot Rd, Punjab 144301",31.431348,75.620357,7.0,13,3,19,0.75,45.0,17.33,6447,45.05,12:00-15:00,Medium,High
"IOCL Royal Petro, NH 44",Haryana,Karnal,"NH 44, Near The Royal Paradise Resort , Karnal- 132001",29.731581,76.976511,7.0,22,6,151,0.41,24.6,12.15,7124,47.45,08:00-11:00,Low,Low
"Smile Stone Motels, Kamargaon",Maharashtra,Ahmednagar,"76/B, Nagar-Pune Road, Kamargaon, Ahmednagar,Maharashtra-411005",18.9852363,74.5760075,7.0,32,3,208,0.37,22.2,23.7,3181,51.48,18:00-21:00,Low,Low
"IOCL COCO u00e2u0080u0093 Central Jail RO, Rambagh",Madhya Pradesh,Indore,"Snehlataganj, Indore, Madhya Pradesh 452003",22.335789,73.173794,7.0,40,8,149,0.83,49.8,10.54,6275,74.67,08:00-11:00,High,High
"IOCL - Vrindavan Fuels, Mangal Nagar,Manikbagh",Madhya Pradesh,Indore,"Manikbagh, Mangal Nagar, Indore, Madhya Pradesh 452014",22.6848351,75.8558249,7.0,35,4,148,0.79,47.4,11.86,8553,46.86,08:00-11:00,High,High
"Chandrani Enterprises, Bogra",West Bengal,Bardhaman,"N/536 BOGRA CHATTI National Highway 2 Paschim Burdwan. , Bogra, Bardhaman- 713332",23.663888,87.057978,7.0,12,10,55,0.56,33.6,20.69,10264,29.9,18:00-21:00,Medium,Medium
"TC Motors, Domjur",West Bengal,Howrah,"NH 16, Salap More, near Kolkata West International City, Domjur, Howrah, West Bengal 711403",22.614383,88.273187,7.0,12,1,174,0.65,39.0,17.17,5945,28.99,08:00-11:00,Medium,Medium
"Orange Auto, Erragadda",Telangana,Hyderabad,"8-3-165, Beside Gokul Theatre, Erragadda, Hyderabad u00e2u0080u0093 500018",17.454398,78.434575,7.0,26,16,93,0.53,31.8,8.15,6340,50.24,08:00-11:00,Medium,Medium
"Orange Auto, Karkhana",Telangana,Hyderabad,"Plot No 54, Gayatri Westend Kakaguda, Karkhana, Secunderabad - 500015",17.45848,78.5,7.0,39,13,247,0.7,42.0,6.83,4491,38.24,18:00-21:00,Medium,Medium
"KRAFT AUTO, Bokaro Industrial Area",Jharkhand,Bokaro,"Plot no.- II/A 88, Phase - II,Bokaro Industrial Area,Bokaro - Jharkhand 827014 ",23.66473,86.073024,7.0,27,4,112,0.36,21.6,21.75,794,31.32,08:00-11:00,Low,Low
"IOCL COCO Palayamputhur, Palyampudur",Tamil Nadu,Palyampudur,"Dharmapuri Main Road, Palayampudur, Tamil Nadu 636807",12.0243727,78.0979115,7.0,39,15,139,0.37,22.2,17.31,9253,55.29,12:00-15:00,Low,Low
"Four Points By Sheraton Hotel, Nagar Road",Maharashtra,Pune,"5th Milestone, Nagar Road, Pune - 411014",18.562826,73.922392,7.0,13,8,20,0.68,40.8,22.89,2074,34.34,12:00-15:00,Medium,Medium
"IOCL - Ruchika Service Station, Mayur Vihar",Delhi NCR,Delhi,"KONDLI GHARAOLI,  MAYUR VIHAR PH-III NEW DELHI-110096",28.6034988,77.3354221,7.0,35,2,227,0.35,21.0,16.52,9236,60.62,18:00-21:00,Low,Low
"IOCL Laxmi Narayan Petroleum, Changodar",Gujarat,Changodar,"National Highway 8A, Changodar, Gujarat 382210",22.9378139,72.455668,7.0,38,6,155,0.58,34.8,12.8,1169,54.26,08:00-11:00,Medium,Medium
"IOCL Om Petroleum, Kamod",Gujarat,Kamod,"Kamod, Gujarat 382427",22.9247437,72.5434955,7.0,17,6,144,0.9,54.0,17.6,6809,71.36,18:00-21:00,High,High
"IOCL Omkar Petroleum, Subhanpura",Gujarat,Vadodara,"High Tension Rd, Subhanpura, Vadodara, Gujarat 390023",22.3216986,73.154986,7.0,29,7,34,0.79,47.4,10.66,5174,54.68,12:00-15:00,High,High
Hotel Mamalla,West Bengal,Siliguri,"Reliance Industrial Consortium Ltd. NH 31 Baniakhari, Kusumnagar Landmark, beside Barsana Hotel, Matigara, Siliguri, West Bengal 734010",26.729623,88.373903,7.0,21,5,76,0.83,49.8,23.1,2574,73.02,12:00-15:00,High,High
"Hotel Mamalla Heritage, Fisherman Colony",Tamil Nadu,Mahabalipuram,"104 east raja street, Mahabalipuram, Tamil Nadu 603104",12.61860448,80.19400597,7.0,32,3,74,0.81,48.6,21.72,11611,45.86,08:00-11:00,High,High
"Mahati Industries limited, Shankar Sheth Road",Maharashtra,Pune,"32/33, Shankar Sheth Road, B/H S T Workshop, Shankar Sheth Road, Pune, Maharashtra-411037",18.4995583,73.8685639,7.0,13,11,39,0.35,21.0,9.18,9149,68.65,18:00-21:00,Low,Low
"Blue Moon Highway Restaurant, Bangalore-Hyderabad Highway",Andhra Pradesh,Anantapuram,"NH 44; Bangalore - Hyderabad  highway, 116/1B, Midthuru, Peddavaduguru, Anantapuram, Andhra Pradesh 515405",15.02395,77.620628,7.0,27,12,27,0.89,53.4,17.44,4826,31.02,08:00-11:00,High,High
"Dion Automotives, Ankuli Bye Pass Road",Odisha,Berhampur,"Ankuli Bye Pass Road, Berhampur, Ganjam Dist ODISHA 760010",19.298988,84.831762,7.0,26,19,172,0.78,46.8,18.1,5380,68.63,12:00-15:00,High,High
"Shyam Automotive, AB Road",Madhya Pradesh,Indore,"A B Road, Before Emerald Heights School, Indore, Madhya Pradesh 453331",22.6520302,75.821321,7.0,32,1,202,0.5,30.0,15.81,10396,71.22,08:00-11:00,Low,Medium
"Aavas Hotels & Resorts, NH 16 Velampalli",Andhra Pradesh,Ongole,"NH 16, Vijayawada - Nellore Hwy, Vellampalli (Maddipadu) Ongole,  Andhra Pradesh u00e2u0080u0093 523211",15.6382976,80.0167529,7.0,27,15,204,0.55,33.0,15.81,1804,48.51,08:00-11:00,Medium,Medium
"Sairam Automobiles, Light Industrial Area",Chhattisgarh,Khursipar," Zone III, Light Industrial Area, Khursipar, Chhattisgarh 490011",21.206036,81.3418606,7.0,13,9,183,0.8,48.0,11.48,7071,30.37,18:00-21:00,High,High
"Pacific Mall, Netaji Subash Palace",Delhi NCR,Delhi,"Pitam Pura, New Delhi, Delhi 110034",28.6933409,77.1531325,7.0,6,11,123,0.53,31.8,21.71,7108,74.23,08:00-11:00,Medium,Medium
"Tristar Auto Agencies, RK Beach Junction",Andhra Pradesh,Vizag,"Beside Kali Matha Mandhir, RK Beach Junction, Visakhapatnam-530002",17.71241304,83.3184811,7.0,14,12,173,0.65,39.0,7.83,7492,54.43,18:00-21:00,Medium,Medium
"Zostel, Dandeghar",Maharashtra,Panchgani,"Panchgani, Wai, Main Road, Dandeghar, Maharashtra 412805",17.9335258,73.8158574,7.0,14,20,69,0.85,51.0,20.02,2713,29.89,08:00-11:00,High,High
"Rama Automobiles, Patilwada",Maharashtra,Pune,"Ground Floor Pune Nasik Highway, Manchar, Shevawadi, behind Morde Food Product Company, Patilwada, Pune, Maharashtra 410503",18.99132729,73.94277954,7.0,13,19,113,0.59,35.4,13.78,4186,20.27,12:00-15:00,Medium,Medium
"Hotel Temple View, Sai Nagar",Maharashtra,Shirdi,"Sai Murali Complex, Manmad Rd, opp. Sai Temple Nagar, Sai Nagar, Shirdi, Maharashtra 423109",19.7650352,74.4754592,7.0,9,16,192,0.81,48.6,19.67,8428,72.73,18:00-21:00,High,High
"Oberoi Mall, Goregaon",Maharashtra,Mumbai,"Western Express Hwy, Yashodham, Goregaon, Mumbai, Maharashtra 400063",19.1737611,72.8600172,7.0,16,8,29,0.72,43.2,22.52,10678,54.71,12:00-15:00,Medium,High
"Oberoi Mall, Goregaon",Maharashtra,Mumbai,"Western Express Hwy, Yashodham, Goregaon, Mumbai, Maharashtra 400063",19.1737611,72.8600172,7.0,39,4,36,0.45,27.0,20.28,4247,24.11,12:00-15:00,Low,Low
"Daspalla Hotels, Suryabagh",Andhra Pradesh,Vizag,"Hotel Daspalla Visakhapatnam, 28-2-48, Suryabagh, Jagadamba Junction,A P 530020",17.7105539,83.3008275,7.0,28,7,216,0.79,47.4,21.59,1455,47.93,18:00-21:00,High,High
"Hotel Greenland Towers, NH 6 & 16 ",West Bengal,Rupnarayanpur,"NH 6&16, Industrial Area, Rupnarayanpur, West Bengal 721301",22.380721,87.365968,7.0,24,1,129,0.39,23.4,11.18,3470,79.09,12:00-15:00,Low,Low
"Trupti Enterprises, Bhagabanpur Industrial Area",Odisha,Bhubaneswar,"IDCO, Plot No 16, 17, 32&33 Bhagabanpur Industrial Area, Bhubaneswar, Odisha 751019",20.238165,85.756643,7.0,8,20,79,0.85,51.0,19.08,11860,45.86,18:00-21:00,High,High
"TDI Business Centre, Mohali",PUNJAB,Mohali,"TDI Business Centre, Sector 118, TDI City, Mohali - 160055",30.7366917,76.6803752,7.0,26,14,84,0.38,22.8,16.44,11330,66.35,18:00-21:00,Low,Low
"Shree Balaji Autowheels, Moradabad",Uttar Pradesh,Moradabad,"Ground Floor, Delhi Rd, opposite Circuit House, Majhola, Moradabad, Uttar Pradesh 244001",28.828917,78.7328429,7.0,29,13,217,0.52,31.2,20.88,3737,58.25,18:00-21:00,Medium,Medium
"IOCL - Tikri Gas, Delhi",Delhi NCR,Delhi,"Rohtak Road, Block C, Tyagi Vihar, Ghevra, Delhi, 110072",28.6868847,76.9849286,7.0,26,10,88,0.72,43.2,7.07,9531,53.83,08:00-11:00,Medium,High
"Manickbag automobiles, Vidya Nagar",Karnataka,Hubli,"VIDYA NAGAR, DIST : Hubli, Karnataka 580031",15.369541,75.119095,7.0,36,4,220,0.8,48.0,18.35,11010,42.85,12:00-15:00,High,High
"Sonaee Veg Family Restaurant, Pune-Solapur Highway",Maharashtra,Uruli Kanchan,"National Highway 65 Yavat, Uruli Kanchan, Maharashtra 412202",18.487405,74.146125,7.0,15,6,139,0.43,25.8,15.15,7723,29.95,08:00-11:00,Low,Low
"IOCL - Hemkund, Pasonda",Uttar Pradesh,Ghaziabad,"Khasra No 1746/2,Village u00e2u0080u0093 Pasonda,Tehsil- Sadar,Dist u00e2u0080u0093 Ghaziabad-201005",28.6765653,77.341822,7.0,27,3,236,0.68,40.8,14.12,4183,68.3,08:00-11:00,Medium,Medium
"The Grand Legacy, Panchgani-Mahabaleshwar Road",Maharashtra,Mahabaleshwar,"Panchgani-Mahabaleshwar Road, Post. Met-Gutad, behind Saj Resort by Club Mahindra, Mahabaleshwar, Maharashtra 412806",17.92655754,73.69586565,7.0,15,4,208,0.73,43.8,14.73,10120,48.8,12:00-15:00,Medium,High
"The Grand Legacy, Panchgani-Mahabaleshwar Road",Maharashtra,Mahabaleshwar,"Panchgani-Mahabaleshwar Road, Post. Met-Gutad, behind Saj Resort by Club Mahindra, Mahabaleshwar, Maharashtra 412806",17.92655754,73.69586565,7.0,5,14,94,0.36,21.6,13.3,2735,51.98,08:00-11:00,Low,Low
"Morya Transport Terminus, MIDC Bhosari",Maharashtra,Pune,Plot no BGP 109 Village MIDC Bhosari Taluka Haveli Pune 411026,18.621396,73.8384375,7.0,29,14,211,0.82,49.2,11.52,6016,77.6,08:00-11:00,High,High
"The Gateway Hotel, Ambad",Maharashtra,Nashik,"Ambad, Nashik, Maharashtra-422010",19.9594519,73.7591054,7.0,23,3,33,0.78,46.8,9.67,4589,25.03,12:00-15:00,High,High
"AB Infra Limited, old MIDC",Maharashtra,Latur,"Plot No- F-54, old MIDC, Latur- 413531",18.4159831,76.5356299,7.0,20,3,198,0.81,48.6,7.71,9943,63.72,18:00-21:00,High,High
"Click Hotel, Rane Nagar",Maharashtra,Nashik,"904, Mumbai - Agra National Hwy, opposite Orchid International, Rane Nagar, Nashik, Maharashtra 422009",19.9625471,73.7652956,7.0,20,16,54,0.54,32.4,14.28,4051,41.89,12:00-15:00,Medium,Medium
"Click Hotel, Cidco",Maharashtra,Aurangabad,"Phulambri - Sillod Rd, Hudco, Yadav Nagar, N 11, Cidco, Aurangabad, Maharashtra 431003",19.9116134,75.348291,7.0,4,14,134,0.36,21.6,5.08,7923,32.54,12:00-15:00,Low,Low
"Aurangabad Smart City, Himayat Bagh",Maharashtra,Aurangabad,"V8VH+HMJ, Himayat Bagh, Aurangabad, Maharashtra 431004",19.8942375,75.3280838,7.0,23,7,98,0.82,49.2,7.92,8457,29.5,18:00-21:00,High,High
"Navagauri Tyres, MIDC",Maharashtra,Baramati,"MIDC Baramati Plot No. 237, near Hindustan Cattle feed Baramati- 413133",18.206925,74.6085667,7.0,4,2,128,0.66,39.6,10.11,1974,72.4,18:00-21:00,Medium,Medium
MH | Nashik | Nashik | Car mall,Maharashtra,Maharashtra,"CAR MALL, Buddha Vihar, Pathardi Phata, Nashik, Maharashtra 422010",19.9519,73.7541,24.0,36,19,201,0.6,36.0,8.14,2224,23.55,18:00-21:00,Medium,Medium
MH | Nashik | Nashik | Car mall,Maharashtra,Maharashtra,"CAR MALL, Buddha Vihar, Pathardi Phata, Nashik, Maharashtra 422010",19.9519,73.7541,24.0,34,11,26,0.45,27.0,7.88,5898,57.41,18:00-21:00,Low,Low
"Dion Automotives,Samantarpur",Odisha,Bhubaneswar,"Plot No 2175, 3766, Lewis Road, Samantarapur, Old Town, Bhubaneswar, Odisha 751002",20.227001,85.840966,7.0,25,13,146,0.37,22.2,20.35,374,77.07,08:00-11:00,Low,Low
"GUGNANI AUTOCARS, Pratap Nagari",Odisha,Cuttack,"PLOT NO- 785, PRATAP NAGARI, CUTTACK. State: ODISHA, Pin: 753011",20.40517,85.879782,7.0,18,19,92,0.61,36.6,7.41,7558,70.72,12:00-15:00,Medium,Medium
"Gramps Auto, Bampada",Odisha,Balasore,"NH 16 (Old NH 5), Bampada, Balasore. State: ODISHA, Pin: 756056",21.497869,86.88961,7.0,12,2,140,0.72,43.2,5.69,5734,23.35,18:00-21:00,Medium,High
"Lankeswari Motors, NH 6 - Gopalpalli Chowk",Odisha,Sambalpur,"National Hwy, 06, Near Gopalpalli Chowk, Sambalpur, Odisha 768006",21.498344,83.956558,7.0,8,7,125,0.53,31.8,19.8,6738,42.13,18:00-21:00,Medium,Medium
"Lankeswari Motors, Hatpada",Odisha,Jeypore,"Plot No 576, 577 & 580 Hatpada, Jeypore, Odisha 764001",18.8580983,82.5899867,7.0,29,17,63,0.61,36.6,9.54,3493,38.76,12:00-15:00,Medium,Medium
"Hotel Vivanta, Patrapada",Odisha,Bhubaneswar,"IDCO Plot No1/A,Bhagbanpur Industrial Estate, DN Square, Patrapada, Bhubhaneswar -751019",20.240856,86.758382,7.0,32,16,245,0.6,36.0,10.72,1643,27.59,12:00-15:00,Medium,Medium
"DN Group Corporate Office, Nayapalli",Odisha,Bhubaneswar,"VIP-15, VIP Colony, IRC Village, Nayapalli, Bhubaneswar, Odisha 751015",20.296189,85.8040445,7.0,4,6,204,0.32,19.2,22.48,10472,71.75,12:00-15:00,Low,Low
"GUGNANI AUTOCARS, Mancheswar Industrial Estate",Odisha,Bhubaneswar,"PLOT NO.-S, 3/48, Block C, Sector A, Mancheswar Industrial Estate, Bhubaneswar, Odisha 751010",20.3066647,85.8528189,7.0,5,7,90,0.52,31.2,21.43,11027,76.06,12:00-15:00,Medium,Medium
"GUGNANI TYRES, Nayapalli",Odisha,Bhubaneswar,"uco bank, 1294, CRP - DAV Rd, Nilakantha Nagar, Nayapalli, Bhubaneswar, Odisha 751012",20.2854839,85.8093251,7.0,17,7,147,0.78,46.8,10.75,11120,70.78,18:00-21:00,High,High
"Trupti Automotives, NH 16 - Manguli Chowk",Odisha,Cuttack,"NH16, Manguli Chowk, Odisha 754025",20.529316,85.949237,7.0,29,14,212,0.46,27.6,5.74,2785,22.74,08:00-11:00,Low,Medium
"Trupti Automotives, Mohammed Jamalpur",Odisha,Keonjhar,"Keonjhar - Ghatgaon - Panikoili Rd, Mohammed Jamalpur, Odisha 755015",20.9187324,86.2169827,7.0,12,12,138,0.89,53.4,13.56,5665,72.28,18:00-21:00,High,High
"Trupti Automotives, Angul",Odisha,Angul,"NH 55, TELCO CHOWK, NUAHATA, Banarpal, Angul, Odisha 759128",20.8317557,85.2416603,7.0,21,1,161,0.68,40.8,14.65,10387,60.15,08:00-11:00,Medium,Medium
"Trupti Automotives, NH 53 - Duburi",Odisha,Kalinganagar,"Duburi, Kalinga Nagar Tata Steel Area, Odisha- 755026",20.9502562,85.989753,7.0,5,18,213,0.45,27.0,6.92,2004,29.85,18:00-21:00,Low,Low
"CSM Technologies, Khorda",Odisha,Bhubaneswar,"E/56, Infocity, Chandrasekharpur Industrial Area, Khorda, Bhubaneswar, Odisha-751024",20.3395267,85.80065,7.0,26,9,53,0.36,21.6,17.62,2979,50.92,12:00-15:00,Low,Low
"CSM Technologies, Acharya Vihar",Odisha,Bhubaneswar,"OCAC(Odisha Computer Application Centre) Building, Plot No N-1/7-D, Acharya Vihar, Khorda, Bhubaneswar, Odisha-751013",20.2996381,85.8309336,7.0,18,1,158,0.93,55.8,5.2,9638,74.36,18:00-21:00,High,High
"Samal Equip, Nuahata",Odisha,Angul,"Nuahata, Odisha 759128",20.832862,85.2382584,7.0,13,16,43,0.34,20.4,22.32,1813,50.85,18:00-21:00,Low,Low
"Ginger Hotel, Nayapalli",Odisha,Bhubaneswar,"Ginger Hotel Bhubaneshwar Opp. Nalco Headquarter,Jayadev Vihar, Nayapalli, Bhubaneshwar 751013",20.30,85.82,7.0,12,6,164,0.4,24.0,17.32,3638,23.88,12:00-15:00,Low,Low
"IOCL - MC2, Industrial Area II",PUNJAB,Chandigarh,"Indian OIL - MC 2 , Industrial area Phase-II MC Site, CHANDIGARH TOZIRAKPUR ROAD AT INDUSTRIAL AREA, PHASE-II, CHANDIGARH (U.T.), Chandigarh, PIN: 160002",30.69649,76.79662,7.0,37,18,120,0.56,33.6,11.93,3826,41.41,18:00-21:00,Medium,Medium
"Holiday Villa, Poladpur Road",Maharashtra,Pune,"T-163, MIDC Bhosari, Pune, MIDC, Bhosari, Pimpri-Chinchwad, Piune-411026",18.6209574,73.8299842,7.0,29,5,185,0.37,22.2,8.29,2890,28.68,12:00-15:00,Low,Low
"FPL Vehicles, Ariyankuppam",Puducherry,Puducherry,"No.1 Cuddalore, Puducherry ECR Main Road , Ariyankuppam , Puducherry-605007",11.8945141,79.8026819,7.0,37,9,205,0.36,21.6,23.91,7114,55.27,08:00-11:00,Low,Low
MG MOHALI SECTOR 82,PUNJAB,MOHALI ,"MG MOHALI,PLOT NO 3,JANATA INDUSTRIAL ESTATE SECTOR 82,SAS NAGAR,MOHALI,PUNAB,PUNJAB,160082 MOHALI",30.661356,76.731482,20.0,15,19,106,0.91,54.6,13.76,6789,43.95,12:00-15:00,High,High
"Gitansh Motors, GT Road Jugiana",PUNJAB,Ludhiana,"GT Road Jugiana,adjoining indian oil petrol pump,ludhiana-141010",30.857873,75.936632,7.0,32,20,128,0.66,39.6,19.64,11382,25.57,18:00-21:00,Medium,Medium
"RSA Motors, Industrial Area II",PUNJAB,Chandigarh,"Plot No.40, Industrial Area, Phase II, chandigarh - 160002",30.6990516,76.7855313,7.0,39,4,207,0.5,30.0,10.08,1744,26.0,18:00-21:00,Low,Medium
"IOCL - COCO IT Park, Bhagwanpura",PUNJAB,Chandigarh,"IT HABITAT, Rajiv Gandhi Chandigarh Technology Park, Bhagwanpura, Chandigarh- 160101",30.731143,76.836682,7.0,21,13,170,0.9,54.0,13.53,8639,29.64,18:00-21:00,High,High
"IOCL - COCO 65, Sec -65",PUNJAB,Mohali,"631 A, Sector 65, Sahibzada Ajit Singh Nagar, Punjab-160062",30.679836,76.746633,7.0,27,4,86,0.91,54.6,9.73,7269,70.33,18:00-21:00,High,High
"Dada Motors, Heera Singh Nagar",PUNJAB,Ludhiana,"Heera Singh Nagar, Jalandhar Bye Pass, Ludhiana-141008",30.9491373,75.826643,7.0,27,9,214,0.86,51.6,7.78,11853,75.31,12:00-15:00,High,High
"One Earth Avaas, Amritsar",Punjab,Amritsar,"One Earth Avaas, BBK DAV College,12 Lawrence Road, Dayanand Nagar, Amritsar, Punjab -143001",31.6461759,74.878269,7.0,32,20,54,0.57,34.2,5.7,399,77.37,18:00-21:00,Medium,Medium
"Shiv Shanker Motors, Hukumpet",Rajahmundry,Rajahmundry,"110-4-7, NH 16 Hukumpet, Aditya Nagar, Bommuru, Rajahmundry-533103",16.9833296,81.7980427,7.0,7,8,79,0.62,37.2,11.74,4007,37.5,18:00-21:00,Medium,Medium
"GPS Automobiles, Tonk Road",Rajasthan,Jaipur,"Plot No. 2& 3/4, Choudhary Charan Singh Colony, Tonk Road, Jaipur, 302029",26.833144,75.7951,7.0,16,3,66,0.8,48.0,16.84,3825,32.94,08:00-11:00,High,High
"Chambal Motors, Madri Industrial Area",Rajasthan,Udaipur,"CP-6/CP-7, Madri Industrial Area - 313001",24.574885,73.746285,7.0,31,6,36,0.49,29.4,9.5,6353,66.24,08:00-11:00,Low,Medium
"GPS Automobile, Parbatpura",Rajasthan,Ajmer,G.P.S. Automobiles pvt. Ltd. ; Jaipur Ajmer express highway near municipal trenching ground Parbatpura Ajmer- 305002,26.4267566,74.6819745,7.0,23,1,79,0.53,31.8,9.03,5649,20.1,18:00-21:00,Medium,Medium
"Shree Shyam Motors, VKI Area",Rajasthan,Jaipur,"E(5) B, Road no 1C, VKI area, Jaipur - 302013",26.972289,75.777332,7.0,26,17,60,0.59,35.4,13.82,4881,24.61,18:00-21:00,Medium,Medium
"First Mobital, Tonk Road",Rajasthan,Jaipur,"G1-211, Sitapura Industrial Area, behind genpect Tonk Road, Jaipur - 302022",26.7775967,75.8392813,7.0,29,13,181,0.87,52.2,17.8,3360,50.12,18:00-21:00,High,High
"Roshan Motors, Adarsh Nagar",Rajasthan,Jaipur,"No B, 7, Govind Marg, Saket Colony, Adarsh Nagar, Jaipur, Rajasthan 302004",26.9013221,75.8354512,7.0,27,8,242,0.82,49.2,6.75,9138,79.56,08:00-11:00,High,High
"Chambal MotoCorp, Surajpole",Rajasthan,Udaipur,"Plot No 3 and, 4, Panchsheel Marg, Surajpole, Udaipur, Rajasthan 313001",24.581106,73.696687,7.0,4,18,130,0.64,38.4,16.11,9739,48.47,12:00-15:00,Medium,Medium
"Four Points By Sheraton, Tonk Road",Rajasthan,Jaipur,"No. 1, City Square, Vasundhara Colony, Tonk Road, Jaipur, Rajasthan, 302016",26.8643722,75.7957703,7.0,39,1,171,0.33,19.8,13.24,9480,37.4,18:00-21:00,Low,Low
"Yaksh The Art People, Delhi-Jaipur Highway",Rajasthan,Sayri,"Yaksh, The Art People, Delhi-Jaipur Highway, Syari, Rajasthan 303002",27.1590851,75.9603844,7.0,15,11,182,0.34,20.4,20.58,8683,41.43,18:00-21:00,Low,Low
"Yash Motors, Subhash Nagar",Rajasthan,Bhilwara,"3, Ajmer Rd, Subhash Nagar, Bhilwara, Rajasthan 311001",25.38240223,74.61958377,7.0,33,14,231,0.7,42.0,5.84,5832,50.42,08:00-11:00,Medium,Medium
"Yash Motors, Chittorgarh",Rajasthan,Chittorgarh,"Meera smiriti sansthan gram ochari, nimbahera Road, Ochari,  Chittorgarh, Rajasthan 312001",24.8276645,74.6272935,7.0,29,16,97,0.81,48.6,5.94,10695,35.54,12:00-15:00,High,High
"Umaid Lake Resort, Kalakho ",Rajasthan,Dausa,"Karuna Enterprises kalakho (Umaid Lake Palaceu00c2u00a0 Village post Kalakho, NH 21 District Dausa, Rajasthan-303304",26.912864,76.466964,7.0,29,2,19,0.53,31.8,19.37,7904,31.92,18:00-21:00,Medium,Medium
"Rajshree Resort, Saladwas",Rajasthan,Jaipur,"KHASRA NO.131/1 AND 132/1, VILLAGE SALADWAS, CHANDWAJI, N.H.8 TEHSIL AMER, JAIPUR, Rajasthan - 303113",27.2377252,75.9485975,7.0,33,7,23,0.69,41.4,18.33,5572,67.14,12:00-15:00,Medium,Medium
"Bravia Hotel, Vaishali Nagar",Rajasthan,Ajmer,"Bravia Hotel, Vaishali Nagar, near Urban Haat, Rajasthan 305004",26.487745,74.6293164,7.0,39,19,238,0.46,27.6,5.11,10442,37.98,08:00-11:00,Low,Medium
"Dusk View Resort, near Bisalpur Dam",Rajasthan,Beesalpur,"Dusk View Resort Near Fishing Landing Center 1 km from Bisalpur Dam Towards Toda Rai Singh, Beesalpur, Rajasthan 304804",25.936068,75.458672,7.0,35,16,218,0.74,44.4,7.68,2147,71.24,18:00-21:00,Medium,High
"Hotel Shemron, Neemrana",Rajasthan,Shahjahanpur,"Hotel Shemron, NH-8 Shahjahanpur, Neemrana, Shahjahanpur, Rajasthan 301706",28.0088483,76.4639783,7.0,40,2,202,0.94,56.4,14.52,1888,76.61,08:00-11:00,High,High
"Click Hotel, Raja Park",Rajasthan,Jaipur,"Udai Marg, Raja Park, Jaipur, Rajasthan 302007",26.8923514,75.8257073,7.0,13,12,39,0.74,44.4,21.54,3671,63.55,08:00-11:00,Medium,High
"Roshan Motors, Shahpura",Rajasthan,Shahpura,"Roshan Motors, NH-8 Neelka, district, Shahpura, Rajasthan, Pin-303119",27.4914624,76.0530077,7.0,14,9,216,0.34,20.4,15.21,3115,44.77,12:00-15:00,Low,Low
"Click Collection, Sindhi Camp",Rajasthan,Jaipur,"Plot No 1, 2, opposite Polovictory Cinema, Sindhi Camp, Jaipur, Rajasthan 302001",26.9206169,75.7975173,7.0,36,7,83,0.49,29.4,8.51,11086,74.43,18:00-21:00,Low,Medium
JhalamandGarh Jodhpur,Rajasthan,Jodhpur,"Post Office Jhalamand, Jodhpur, Rajasthan 342005",26.20977,73.0650083,7.0,22,5,186,0.63,37.8,18.39,2188,69.49,08:00-11:00,Medium,Medium
RnB Shanti Seva Niketan,Rajasthan,Salasar,"MDR2, Salasar , Rajasthan 332318",27.7363007,74.7426386,7.0,24,11,146,0.87,52.2,21.3,4259,21.27,18:00-21:00,High,High
"Ginger Hotel, Civil Lines",Rajasthan,Jaipur,"Ginger Hotel Jaipur Geejgarh House, Civil Lines, Hawa Sadak, Jaipur 302006 Tel: 0141 4666 333",26.9013484,75.7850126,7.0,7,12,109,0.3,18.0,11.14,5995,76.09,12:00-15:00,Low,Low
"Sp Motors, Madri",Rajasthan,Udaipur,"E-110 Main Bypass Road, Mewar Industrial Area, Madri, Udaipur-313003",24.57444,73.72351,7.0,28,15,138,0.84,50.4,6.52,9643,39.58,08:00-11:00,High,High
"Visvakarma Hotel, Jhunhunnu",Rajasthan,Sikar,"Visvakarma Hotel, NH 11 NH52, Near Ganpati Dham, Sargoth, Sargoth Via Reengus, Sikar Rajasthan 332404",27.3449069,75.6020031,7.0,8,7,199,0.78,46.8,17.36,11179,76.53,12:00-15:00,High,High
"Rangeet Auto, Rumtek Road",Sikkim,Gangtok,"R.P. ALLEY COMPLEX, ADAMPOOL, RUMTEK ROAD, GANGTOK, EAST SIKKIM, SIKKIM, 737135",27.305524,88.585965,7.0,29,3,112,0.45,27.0,6.16,11937,45.22,12:00-15:00,Low,Low
GJ | Surat | Kamrej ,Gujarat,Surat,"Block number 552-553 IRB Compound opp Mansarovar Residency NH 8 Kamrej, Surat 394185",21.2210,72.8733,24.0,24,9,230,0.9,54.0,10.73,2308,66.59,08:00-11:00,High,High
ADYAR ANANDA BHAVAN,Tamil Nadu,ATTUR,"NH9,Thulakanoor Village,Salem District,Attur,TamilNadu",11.591985,78.627219,11.0,39,17,29,0.69,41.4,17.45,1006,44.08,18:00-21:00,Medium,Medium
SREE ANNAPOORNA HOTEL,Tamil Nadu,AVINASHI,"NH544,AVINASHI BYE PASS ROAD,AVINASHI,TAMILNADU 641654",11.175093,77.263374,11.0,26,19,93,0.63,37.8,24.77,1734,55.97,08:00-11:00,Medium,Medium
BROOKFIELDS MALL ,Tamil Nadu,COIMBATORE,"Dr Krishnasamy Mudaliyar Rd, Brookefields, Sukrawar Pettai, R S Puram West, Coimbatore, Tamil Nadu 641001",11.008935,76.95954,11.0,34,17,218,0.49,29.4,13.47,1436,42.51,12:00-15:00,Low,Medium
HOTEL SURYA COMPLEX,Tamil Nadu,KRISHNAGIRI,"NH44,Bangalore Highway,Pollupalli,Krishnagiri,TamilNadu 635115",12.582141,78.157101,11.0,30,13,34,0.41,24.6,15.9,9072,37.59,18:00-21:00,Low,Low
SHREE SARAVANA BHAVAN,Tamil Nadu,SANKAGIRI,"Near Sankagiri Toll Gate, NH-47 Salem-Kanyakumari Hwy, Vaikundam, Sankari, Tamil Nadu 637103",11.519342,77.935042,11.0,30,20,18,0.43,25.8,14.19,1756,30.85,08:00-11:00,Low,Low
Aswins Veg Restaurant,Tamil Nadu,Perambalur,"NH 45, Kalpady Road, Eraiyasamuthiram, Perambalur, Tamil Nadu 621113",11.2064644,78.8812406,11.0,15,8,81,0.69,41.4,5.18,4002,41.66,12:00-15:00,Medium,Medium
Cafu00c3u00a9 Udupi Ruchi,Tamil Nadu,Ulundurpet,"102/19, Chennai Trichy NH Sengurichi, Village, Ulundurpet, Tamil Nadu 606115",11.7194357,79.3364597,11.0,38,5,95,0.5,30.0,8.67,5521,41.92,08:00-11:00,Low,Medium
Hotel Kodai International,Tamil Nadu,Kodaikanal,"17/328, Laws Ghat Rd, Kodaikanal, Tamil Nadu 624101",10.2428087,77.4983634,11.0,29,8,85,0.92,55.2,21.66,10307,72.37,08:00-11:00,High,High
D square Mall,Tamil Nadu,Shoolagiri,"Dhiviyam Square Food Court, NH - 7 Hosur - Krishnagiri Highway, Sundagiri, Shool, Tamil Nadu 635117",12.6462747,78.0470111,11.0,5,9,123,0.41,24.6,16.06,10333,28.92,08:00-11:00,Low,Low
ADAYAR ANANDA BHAVAN,Tamil Nadu,THINDIVANAM,"Swastiks enterpreneurs,NH45,Chennai-Trichy highway,NallathurThindivanam,Tamilnadu 604307",12.297694,79.73365,11.0,36,6,86,0.41,24.6,15.35,9393,56.27,08:00-11:00,Low,Low
EESL High court station,Tamil Nadu,Chennai,High Court Metro Station Chennai (CMRL),13.088249,80.285359,8.0,27,19,102,0.69,41.4,15.77,8963,48.98,18:00-21:00,Medium,Medium
EESL High court station,Tamil Nadu,Chennai,High Court Metro Station Chennai (CMRL),13.088249,80.285359,8.0,7,7,216,0.48,28.8,9.68,6910,45.05,12:00-15:00,Low,Medium
EESL Chennai Egmore metro,Tamil Nadu,Chennai," Chennai Egmore metro, Chennai (CMRL)",13.079097,80.261538,8.0,7,13,209,0.36,21.6,7.51,8570,51.79,18:00-21:00,Low,Low
EESL Chennai Egmore metro,Tamil Nadu,Chennai," Chennai Egmore metro, Chennai (CMRL)",13.079097,80.261538,8.0,38,6,105,0.61,36.6,14.46,8789,41.69,12:00-15:00,Medium,Medium
EESL Saidapet Metro station,Tamil Nadu,Chennai,Saidapet Metro station,13.0237,80.2282,8.0,25,16,250,0.59,35.4,13.55,506,77.27,08:00-11:00,Medium,Medium
EESL Tirumangalam Metro station,Tamil Nadu,Chennai,Tirumangalam Metro station,13.0853,80.2016,8.0,29,16,107,0.47,28.2,19.66,10844,33.62,08:00-11:00,Low,Medium
EESL Thirumangalam Metro,Tamil Nadu,Chennai,Tirumangalam Metro station,13.0853,80.2016,8.0,14,11,167,0.55,33.0,22.26,1933,30.3,12:00-15:00,Medium,Medium
Adyar Ananda Bhavan I Rasipuram,Tamil Nadu,Rasipuram,"Adyar Ananda Bhavan Restaurant, NH44, Brindavan Garden, Salem-Madurai Rd, Athanur, Tamil Nadu 637401",11.4922712,78.1535774,11.0,5,5,112,0.83,49.8,12.32,2190,41.47,18:00-21:00,High,High
Ganpat Grand I Palani,Tamil Nadu,Palani,"Circle, 167/1, Adivaram Itteri Road Near Balaji Bhavan, Palani, Tamil Nadu 624601",10.4425816,77.5203903,11.0,23,7,241,0.51,30.6,20.38,9094,20.61,12:00-15:00,Medium,Medium
Aasai Aasai Anandha Bhavan | Omalur,Tamil Nadu,Omalur,"Aasai Aasai Anandha Bhavan Delight, A/C Pure Veg Restaurant, NH - 44, Bangalore, to, Salem Highway, Omalur, Tamil Nadu 636455",11.7592238,78.4273441,11.0,7,9,29,0.49,29.4,16.36,5249,42.97,18:00-21:00,Low,Medium
Hotel Temple City I Thirumangalam,Tamil Nadu,Thirumangalam,"Hotel Temple City, NH 44, Madurai to Virudhunagar Highways Melanesaneri Sivarakottaim, Madurai, Tamil Nadu 625706",9.7590386,77.9791582,11.0,6,18,96,0.66,39.6,20.88,5092,65.79,18:00-21:00,Medium,Medium
Hotel Temple City I vadippatti,Tamil Nadu,Vadippatti,"Hotel Temple City, NH 44, Chellakulam, Thathampatti, Tamil Nadu 625020","10.0804337,",77.9776792,11.0,23,20,226,0.78,46.8,22.28,9723,74.43,08:00-11:00,High,High
Relux Experience Centre (ABS e-auto & Charger),Tamil Nadu,Chennai,"NO: 16/8, PRV Towers, GST Road, Guindy, Chennai, Tamil Nadu - 600 032",13.00777749,80.20730884,19.0,19,5,102,0.41,24.6,10.94,4789,56.3,18:00-21:00,Low,Low
Hotel Aishwarya Bhavan (Safa Electric),Tamil Nadu,Villupuram,"Chennai - Trichy Highway, Tindivanam, Tamil Nadu - 604001",12.24034498,79.66228159,19.0,6,15,205,0.67,40.2,19.18,4321,48.84,12:00-15:00,Medium,Medium
RR Charging Station (RR Charging Station),Tamil Nadu,Ambur,"No: 19,IELC Complex, MC Road, Ambur, Tamil Nadu - 635802",12.77988445,78.71776971,19.0,13,16,193,0.68,40.8,9.1,11271,30.21,08:00-11:00,Medium,Medium
Hotel Sangeetha (Duriyam Charging Station),Tamil Nadu,Namakkal,"NH 44, Namakkal - Karur Tollgate, Tamil Nadu - 637207",11.19362344,78.10483415,19.0,38,20,145,0.44,26.4,18.17,6086,44.92,12:00-15:00,Low,Low
Hotel Temple City Lake (Inn KSN Charging Station),Tamil Nadu,Madurai,"Trichy - Madurai Highway, Valaichcherippatti, Tamil Nadu - 625104",9.987081053,78.24154444,19.0,10,11,167,0.59,35.4,7.56,10998,68.52,08:00-11:00,Medium,Medium
Alps Residency - A Bergamont Group of Hotel-,Tamil Nadu,Krishnagiri,"Bangalore Bye Pass Road Near Toll Plaza, Krishnagiri, Tamil Nadu-635001",12.54250304,78.20153274,19.0,22,1,104,0.47,28.2,10.0,5226,43.42,08:00-11:00,Low,Medium
Sri Durga Bhavan Elite (Devika Yogaraajan Charging Station),Tamil Nadu,Vellore,"Near HP Petrol Pump, Pallikonda, Tamil Nadu, 635809",12.9023796,78.93386744,19.0,6,12,142,0.54,32.4,13.41,8712,27.56,18:00-21:00,Medium,Medium
RMS Towers (Ero_G Electric Charging Station),Tamil Nadu,Erode,"NH544, Kovai to Salem Road, Solipalayam, ",11.30199446,77.60004376,19.0,28,14,206,0.65,39.0,15.08,4898,65.46,08:00-11:00,Medium,Medium
Radisson Blu Resort Temple Bay I Mamallapuram,Tamil Nadu,Mahabalipuram,"Radisson Blu Resort Temple Bay Mamallapuram, 57 Covelong Road, Dist, Mahabalipuram, Tamil Nadu 603104",12.6238399,80.1945931,11.0,17,15,76,0.86,51.6,17.36,10051,78.44,12:00-15:00,High,High
Spencer Plaza Mall | Chennai,Tamil Nadu,Chennai,"Spencer Plaza Mall, 768-769, Anna Salai, Chennai, Tamil Nadu 600002",13.0615444,80.2614559,11.0,23,10,185,0.86,51.6,17.64,11151,76.99,12:00-15:00,High,High
"LAKSHMI Motors, Thoraipakkam",Tamil Nadu,Chennai,"118, Okkiam, Thoraipakkam, Chennai, Tamil Nadu - 600097",12.92976,80.23164,7.0,33,16,233,0.89,53.4,19.43,6650,54.48,08:00-11:00,High,High
"Ginger Vadapalani, NGO Colony",Tamil Nadu,Chennai,"61, Inner Ring Rd, Thiru Nagar Colony, NGO Colony, Vadapalani, Chennai, Tamil Nadu 600026",13.05647,80.21116,7.0,9,16,207,0.57,34.2,9.47,5269,23.17,08:00-11:00,Medium,Medium
"Gurudev Tata Motors, Arumbakkam",Tamil Nadu,Chennai,"Old No 90, New Number 1090, E.V.R. Periyar High Road, Arumbakkam, Chennai, Tamil Nadu - 600106",13.07656,80.2021,7.0,9,7,243,0.64,38.4,18.45,5308,56.36,18:00-21:00,Medium,Medium
"FPL Vehicles, Annasali",Tamil Nadu,Chennai,"NO. 824/2, Annasali Nandnam, Chennai, Tamil Nadu, 600035",13.03001,80.24211,7.0,5,4,100,0.44,26.4,7.47,8643,48.52,08:00-11:00,Low,Low
"PPS Motors, Chinniyampalayam",Tamil Nadu,Coimbatore,"No-138, Avinashi Road, Chinniyampalayam, Coimbatore-641062",11.04991,77.05765,7.0,7,14,103,0.48,28.8,22.04,11609,72.3,12:00-15:00,Low,Medium
"PPS Motors, Thirumangalam",Tamil Nadu,Madurai,"Shed No. D-23, Nilaiyur First Bit, Uchapatti Village,Thirumangalam, Madurai-625402",9.862428,78.021557,7.0,7,15,57,0.85,51.0,21.75,6121,44.41,08:00-11:00,High,High
"FPL Vehicles, Perumugai",Tamil Nadu,Vellore,"33/5A1, Chennai Bangalore Highway, perumugai, Vellore-632009",12.945336,79.200662,7.0,27,10,77,0.73,43.8,11.19,2482,71.67,12:00-15:00,Medium,High
"Sree Gokulam Motors, Zamin Pallavaram",Tamil Nadu,Chennai,"Sree Gokulam Motors, No 93, 3C, 200 Feet Radial road, Zamin Pallavaram, Chennai - 600117",12.950258,80.176003,7.0,35,18,90,0.78,46.8,11.73,9960,35.83,08:00-11:00,High,High
"Vivera Hotels & Resorts, Bhuvanagiri",Telangana,Bhuvanagiri,"NH 163, Ragari, near IT College, Bhuvanagiri, Telangana 508116",17.522471,78.924306,7.0,13,5,125,0.57,34.2,8.18,5685,27.88,12:00-15:00,Medium,Medium
"Tanishq, Cathedral road Gopalpuram",Tamil Nadu,Chennai,"No.100, Cathedral Rd, Gopalapuram, Chennai, Tamil Nadu 600086",13.04774,80.25418,7.0,31,15,143,0.85,51.0,16.8,349,24.83,12:00-15:00,High,High
"True Sai Motors, Avaragere",Tamil Nadu,Krishnagiri,"No 417A/1A Krishnagiri Chennai Highway, Pethanapalli, opposite to Hotel, Krishnagiri, Tamil Nadu 635001",12.5306064,78.2375165,7.0,4,17,110,0.53,31.8,15.23,370,67.76,12:00-15:00,Medium,Medium
"True Sai Motors, Narasothipatti",Tamil Nadu,Salem,"No 73 Salem, Omalur Highway, next to Hotel Grand Estancia, Narasothipatti, Salem, Tamil Nadu 636004,636001",11.682985,78.1260402,7.0,13,15,49,0.36,21.6,14.81,6953,77.52,12:00-15:00,Low,Low
"SR Tranzcars, Saibaba Koil",Tamil Nadu,Coimbatore,"1142-A, Mettupalayam Rd, Saibaba Koil, Coimbatore, Tamil Nadu 641043",11.022849,76.951635,7.0,9,16,234,0.76,45.6,14.28,10355,28.49,12:00-15:00,High,High
"Lakshmi Motors, Ambattur",Tamil Nadu,Chennai,"#79, 80,81, NEAR WAVIN BUS STOP, Ambattur Industrial Estate, Chennai, Tamil Nadu 600058",13.0883447,80.1704698,7.0,27,15,200,0.39,23.4,24.02,8784,50.56,12:00-15:00,Low,Low
"Lakshmi Motors, Velachery",Tamil Nadu,Chennai,"No 42, Velachery Main Rd, Guindy National Park, Guindy, Chennai, Tamil Nadu 600032",13.0080236,80.22165,7.0,40,6,51,0.82,49.2,22.32,4145,22.58,18:00-21:00,High,High
"IOCL COCO Chengampalli, Salem-Kochi Highway",Tamil Nadu,Chengampalli,"Salem - Kochi Hwy, Vadamugam Kangayapalayam, Tamil Nadu 638812",11.213022,77.441968,7.0,31,14,129,0.7,42.0,5.86,1395,38.32,08:00-11:00,Medium,Medium
"Fairfield by Marriott, Mahindra World City",Tamil Nadu,Chennai,"Near Main Entrance, Mahindra World City, Chennai - 603002",12.730596,80.00463,7.0,36,12,214,0.44,26.4,22.68,6842,25.74,08:00-11:00,Low,Low
"Four Points by Sheraton, Chennai OMR",Tamil Nadu,Chennai,"Survey No 169, Plot 1B and 1A, Rajiv Gandhi Salai, Kumaran Nagar, Sholinganallur, Chennai-600119,Four Points 1, Semmancheri, Chennai, Tamil Nadu 600119",12.875613,80.227372,7.0,34,4,47,0.38,22.8,24.38,3155,20.32,18:00-21:00,Low,Low
"IOCL Shanthi Social Services, Singanallur",Tamil Nadu,Coimbatore,"128, 2247, Trichy Rd, Krishnapuram Medu, Singanallur, Tamil Nadu 641005",11.00269216,77.0387079,7.0,37,6,34,0.7,42.0,19.94,6723,58.41,18:00-21:00,Medium,Medium
"Motel Mamalla, SH 49",Tamil Nadu,Mahabalipuram,"Motel Mamalla No.77, East Coast Road, SH 49, Mahabalipuram, Tamil Nadu 603104",12.6325138,80.1958391,7.0,24,16,22,0.38,22.8,7.03,2524,41.55,08:00-11:00,Low,Low
"Pumpkin Tales, Alwarpet",Tamil Nadu,Chennai,"37, 20, Bheemanna Garden St, Alwarpet, Chennai, Tamil Nadu 600018",13.033655,80.255285,7.0,37,3,220,0.7,42.0,13.43,5623,47.3,08:00-11:00,Medium,Medium
"Chima Cars, Kappalur",Tamil Nadu,Madurai,"H-14, H-14A, SIDCO INDUSTRIAL ESTATE UCCHAPATTI, Kappalur, Tamil Nadu 625008",9.938364,78.150085,7.0,8,11,222,0.53,31.8,11.82,3227,77.46,12:00-15:00,Medium,Medium
"Kaveri Auto Garage, Seelapadi",Tamil Nadu,Dindigul,"478/1A2, Trichy Bypass, Seelapadi, Dindigul, Tamil Nadu, 624005",10.3811273,77.99681425,7.0,15,1,89,0.82,49.2,18.8,1948,65.93,18:00-21:00,High,High
"Kaveri Auto Garage, Paravai Bit 1 village",Tamil Nadu,Madurai,"New Survey No 146/2C,148/1A,149/1B2A, Paravai Bit 1 village, Madurai, 625402",9.9642326,78.0650107,7.0,19,11,75,0.61,36.6,6.73,7200,44.75,08:00-11:00,Medium,Medium
"Sree Gokulam Motors, Kattuppakkam",Tamil Nadu,Chennai,"no 2/232, Mount ponamalle road,Swaminatha nagar, Pushpa Nagar, Kattupakkam, Chennai - 600056",13.0417246,80.1258208,7.0,11,19,100,0.67,40.2,13.1,10770,27.93,12:00-15:00,Medium,Medium
"Gateway Coonoor - IHCL SeleQtions, Coonoor",Tamil Nadu,Ooty,"Upper, Coonoor, Tamil Nadu 643101",11.3459974,76.801575,7.0,39,12,151,0.48,28.8,23.16,10003,71.73,18:00-21:00,Low,Medium
Hotel Marigold,Telangana,Hyderabad,"Ameerpet Rd, Leela Nagar, Begumpet, Hyderabad, Telangana 500016",17.437257,78.4522943,21.0,34,7,87,0.82,49.2,15.61,589,62.39,18:00-21:00,High,High
"Tejaswi Motors, Madhapur",Telangana,Hyderabad,"Plot No. 4/14, Opp. Cyber Towers, KPHB Road, Madhapur, Hyderabad, Telangana - 500081",17.45345,78.38334,7.0,10,2,140,0.78,46.8,23.6,1363,58.93,12:00-15:00,High,High
"Venkataramana Motors, ECIL",Telangana,Hyderabad,"Plot No 11, Victory Plaza, ECIL X Roads, Hyderabad, Telangana - 500062",17.48081,78.57715,7.0,32,6,59,0.69,41.4,10.55,11554,34.87,18:00-21:00,Medium,Medium
"Westside, Somajiguda",Telangana,Hyderabad,"PLOT NO.6-3, Kmc Retail Mall, CIRCLE, 1112, near KIRTILAL JEWELLERS, Somajiguda, Hyderabad, Telangana 500082",17.4226,78.46136,7.0,34,8,125,0.56,33.6,21.47,6918,23.15,18:00-21:00,Medium,Medium
"Croma, Attapur",Telangana,Hyderabad,"Sirimalle Square Plot Nos. 8, 9, 10 Survey No. 523/B, Pillar No. 160 Attapur, Rajendranagar mandal, Hyderabad, Telangana 500048",17.359176,78.426285,7.0,19,16,92,0.9,54.0,5.64,4116,79.28,12:00-15:00,High,High
"Croma, Kompally",Telangana,Hyderabad,"Ratna Arcade, Ground Floor Survey No. 128 National Highway 44, Beside, Sree Vensai Towers, Ruby Block, Kompally, Secunderabad, Telangana 500014",17.531882,78.485644,7.0,26,12,222,0.63,37.8,17.55,553,50.65,12:00-15:00,Medium,Medium
"Sarath City Capital Mall, Whitefields",Telangana,Hyderabad,"Sarath City Capital Mall, Whitefields, Gachibowli-Miyapur Road, Hyderbad 500084",17.457774,78.36396,7.0,26,16,99,0.55,33.0,24.87,8371,28.58,12:00-15:00,Medium,Medium
"7 Food Court, NH 65 -Rayangudem",Telangana,Suryapet,"NH - 65, Rayangudem Village Suryapet Mandal, Suryapet, Telangana 508213",17.150628,79.577475,7.0,32,10,39,0.44,26.4,19.83,895,57.97,08:00-11:00,Low,Low
"Hotel Vididhi, Kothagudam",Telangana,Madgulapally,"Survey No. 173/2, 174/6, State Highway 2 NAM Expressway, Miryalaguda Highway Near Madugulapally Toll Plaza Kothagudam, Village, Madgulapally, Telangana 508247",16.991031,79.44047,7.0,26,17,45,0.35,21.0,9.54,1747,54.23,18:00-21:00,Low,Low
"Select Cars, Hyderabad Rd - Kothirampur",Telangana,Karimnagar,"No 8-6-396, Hyderabad Rd, Kothirampur, Karimnagar, Telangana 505001",18.417928,79.13639,7.0,6,19,246,0.57,34.2,6.98,6525,35.19,08:00-11:00,Medium,Medium
"Orange Auto, Hafeezpet",Telangana,Hyderabad,"16ABC, Mini Industrial estate, Hafeezpet, Hyderabad, Telangana 500049",17.490308,78.354536,7.0,39,2,38,0.61,36.6,19.94,941,37.14,08:00-11:00,Medium,Medium
"Fairfield by Marriott,Gachibowli",Telangana,Hyderabad,"Road No. 2, Financial District, Gachibowli, Hyderabad, Telangana - 500032",17.423858,78.347334,7.0,5,10,105,0.82,49.2,18.44,11534,53.83,08:00-11:00,High,High
"Malik Cars, Old Bowenpally",Telangana,Secunderabad,"Adj Service Road Sri Sai Enclave, Old Bowenpally, Secunderabad, Telangana 500011",17.478362,78.4737723,7.0,40,16,33,0.31,18.6,21.1,9066,24.05,08:00-11:00,Low,Low
"Daspalla Hotels, Jubilee Hills",Telangana,Hyderabad,"Daspalla Hotels u00e2u0080u0093 (Jublee Hill Resorts Pvt Ltd)- Rd Number 37, CBI Colony, Jubilee Hills, Hyderabad, Telangana 500033",17.4368304,78.3983261,7.0,21,7,42,0.71,42.6,10.45,2731,21.54,18:00-21:00,Medium,High
IOC MADINAGUDA,TELENGANA,HYDERABAD,"SURVEY NO 98 MIYAPUR MAIN ROAD,MADINAGUDA HAFEEZPET,TELENGANA 500050 HYDERABAD",17.494851,78.336467,20.0,35,20,197,0.62,37.2,21.38,10002,54.65,18:00-21:00,Medium,Medium
HMR MADHAPUR,TELENGANA,HYDERABAD,"PLOT NO 735 ROAD NO 37 AND 38LEFT LANE AFTER CROMA,CBI COLONY JUBLI HILLS,HYDERABAD.TELENGANA 500033",17.435968,78.40003,20.0,6,13,71,0.37,22.2,8.87,1582,77.13,12:00-15:00,Low,Low
MG HYDERABAD JUBILEE HILLS,TELENGANA,HYDERABAD,"8-2-120/86, 10A, opposite Hotel park hyatt, Rd no2, Banjara hills, hyderabad, 500033",17.523923,78.430328,20.0,15,10,65,0.44,26.4,7.75,11376,21.42,08:00-11:00,Low,Low
HMR BEGUMPET,TELENGANA,HYDERABAD,"7-1-22/A Begumpet flyover, Leelanagar, Ameerpet, Telanagana 500016",17.438229,78.457263,20.0,23,13,146,0.77,46.2,23.54,7832,40.37,12:00-15:00,High,High
IOC BEGUMPET,TELENGANA,HYDERABAD,"BEGUMPET,HYDERABAD,TELENGANA,INDIA,TELENGANA,500016,HYDERABAD",17.444838,78.466949,20.0,13,9,234,0.8,48.0,5.07,11452,43.83,12:00-15:00,High,High
"Shree Dev Wheels, Acharya Nagar",Uttar Pradesh,Ayodhya,"Plot No 402 and 403 B Sultanpur Road, Acharya Nagar, near Avadh University, Ayodhya, UP 224001",26.755089,82.141261,7.0,8,8,136,0.3,18.0,11.41,8262,55.84,08:00-11:00,Low,Low
AARGO ASLI PAPPU DHABA,Uttar Pradesh,KOSI KALAN,"NEAR KOTWAN POLICE CHOWKI,UP BORDER,KOSI KALAN,KOSI KOTWAN,UTTAR PRADESH",27.832687,77.418785,22.0,31,8,216,0.5,30.0,21.16,8425,23.87,18:00-21:00,Low,Medium
"Sagar Motors EV, Surajpur",Uttar Pradesh,Noida,"E-36, Site-4, UDSIDC, Surajpur Kasna Road, (Near Pari Chowk), Noida, Uttar Pradesh - 201310",28.45782,77.52322,7.0,25,7,242,0.41,24.6,9.65,507,47.5,18:00-21:00,Low,Low
"Society Motors, MACROBERTGANJ",Uttar Pradesh,Kanpur,"12/483, Macrobert Ganj, Kanpur, Uttar Pradesh - 208001",26.482346,80.329394,7.0,33,11,199,0.42,25.2,11.86,8603,78.58,12:00-15:00,Low,Low
"Beeaar Autowheels, Chinhat",Uttar Pradesh,Lucknow,"Milestone No.u00c2u00a0111, Faizabad Road, Chinhat, Lucknow (UP) 227105",26.872061,81.036465,7.0,8,7,103,0.85,51.0,6.39,900,69.23,08:00-11:00,High,High
"NRL Cars, Nagla Padi",Uttar Pradesh,Agra,"404, Nagla Padi, Near Arvind Hyundai 282005",27.21132,77.99742,7.0,5,10,169,0.85,51.0,17.6,4689,75.93,12:00-15:00,High,High
"Keshav Raj, Rampur Road",Uttar Pradesh,Bareilly,"Keshav Raj Automobiles Private Limited, 4.5 KM Rampur road, C. B Ganj Bareily-243001",28.382444,79.3860164,7.0,13,20,217,0.74,44.4,16.94,9151,78.29,12:00-15:00,Medium,High
"Sara Automobile, Dobhi",Uttar Pradesh,Gaya,"Sara Automobile Pvt Ltd, Eicher agency,NH-2  Opp:  Punjab National Bank, Suramandal near check post, Dobhi,  Gaya  PIN u00e2u0080u0093 824201",24.525355,84.932182,7.0,32,6,176,0.91,54.6,7.87,5591,27.21,12:00-15:00,High,High
"Ashok Auto Sales, Civil Lines",Uttar Pradesh,Agra,"119-120/8, Sanjay Palace, Sanjay Place, Civil Lines, Agra, Uttar Pradesh 282002",27.200798,78.008796,7.0,14,20,222,0.54,32.4,15.22,6145,68.96,12:00-15:00,Medium,Medium
"MIDAS, Muzzafarnagar",Uttar Pradesh,Muzaffarnagar,"PLOT NO. 77-1 Delhi - Haridwar, Bypass, Hwy, Muzaffarnagar, Uttar Pradesh 251001",29.4585464,77.7397628,7.0,32,7,211,0.35,21.0,14.84,8199,30.5,12:00-15:00,Low,Low
"SRM Motors, Vikas Nagar",Uttar Pradesh,Lucknow,"11/CP-2, Tedhi Pulia Ring Rd, Vikas Nagar, Lucknow, Uttar Pradesh 226022",26.900894,80.964231,7.0,33,19,185,0.93,55.8,10.28,2371,76.55,12:00-15:00,High,High
"Sagar Motors, Sector 5 Noida",Uttar Pradesh,Noida,"B-123, Udhyog Marg, opp. PayTM building, B Block, Sector 5, Noida, Uttar Pradesh 201301",28.59093,77.31969,7.0,30,9,101,0.6,36.0,5.68,8596,62.84,12:00-15:00,Medium,Medium
"One Awadh Centre, Gomti Nagar",Uttar Pradesh,Lucknow,"384, Vibhuti Khand, Gomti Nagar, Lucknow, Uttar Pradesh 226010",26.86372513,81.01027566,7.0,21,12,250,0.55,33.0,24.06,7667,28.24,08:00-11:00,Medium,Medium
"Pacific Mall, Sahibabad",Uttar Pradesh,Ghaziabad,"Plot Alpha, Sahibabad Industrial Area Site 4, Sahibabad, Ghaziabad, Uttar Pradesh 201010",28.6461808,77.3207891,7.0,25,5,205,0.51,30.6,19.82,6419,71.95,08:00-11:00,Medium,Medium
"Puneet Automobiles, Faizabad Road",Uttar Pradesh,Lucknow,"403-407, Tiwariganj Near BBD University, Faizabad Road, Lucknow - 226028",26.892843,81.0728,7.0,18,5,189,0.49,29.4,13.62,11429,59.82,18:00-21:00,Low,Medium
"HPCL - Badarpur Service Station, Gazipur",Delhi NCR,Delhi,"Integrated Freight Complex, Mayur Vihar Phase III, Gharoli, Delhi, Uttar Pradesh 110096",28.6197025,77.3411839,7.0,17,13,195,0.73,43.8,20.34,3673,32.98,12:00-15:00,Medium,High
IOCL - Tyagi Brothers Service Station,Uttar Pradesh,Ghaziabad,"IOCL on Ghaziabad bulandshahar Road, Stone No 26. 850 Vill Chhapraula Distt GB Nagar-201009",28.6195483,77.4838183,7.0,14,12,229,0.74,44.4,10.58,4221,20.56,18:00-21:00,Medium,High
IOCL - Vibhor S Station,Uttar Pradesh,Ghaziabad,IOCL on Ghaziabad - Hapur  Road (NH-24) At Mauza Garhmukhteshwar Near KM Stone No. 87 Dist Ghaziabad-245205,28.7712124,78.0976854,7.0,5,12,38,0.36,21.6,23.27,6592,75.72,08:00-11:00,Low,Low
IOCL - Agarwal  Service Station,Uttar Pradesh,Muzaffarnagar,"IOCL on Khatauli Near KM Stone NO 15.5  On NH -58 Meerut/ Delhi  Muzzaffarnagar Road, Khasra No 1745/0752, Dist Muzaffarnagar-251003",29.4118349,77.7006719,7.0,19,19,123,0.39,23.4,15.56,698,69.05,18:00-21:00,Low,Low
"Bikano Restaurant, NH-58",Uttar Pradesh,Muzaffarnagar,"Bikano Restaurant, NH-58 Rampur Tiraha Roorkee Road Muzaffarnagar-251202",29.5248148,77.7195782,7.0,24,7,213,0.6,36.0,7.21,7033,56.17,08:00-11:00,Medium,Medium
"Fun & Food Carnival, NH 58",Uttar Pradesh,Muzaffarnagar,"Fun & Food carnival, Bhainsi NH-58 National Highway Khatauli, Muzaffarnagar-251201",29.3097043,77.7221041,7.0,28,14,78,0.74,44.4,11.42,11629,37.77,08:00-11:00,Medium,High
"Devarana, Delhi-Dehradun Highway",Uttar Pradesh,Muzaffarnagar,"Devrana, Delhi Dehradun Highway NH58, Muzaffarnagar, UP 251203",29.3313177,77.721274,7.0,33,9,95,0.85,51.0,9.23,5727,50.94,18:00-21:00,High,High
"GenX Agra, NH 19",Uttar Pradesh,Agra,"NH19, SikandraBainpurMustkil, Agra, Uttar Pradesh 282007",27.22078133,77.93095398,7.0,9,9,126,0.57,34.2,14.32,7583,66.11,12:00-15:00,Medium,Medium
"GenX Le Crescent, Indirapuram",Uttar Pradesh,Ghaziabad,"Plot No, II, Mall Rd, Ahinsa Khand 2, Indirapuram, Ghaziabad, Uttar Pradesh 201014",28.6466309,77.384303,7.0,32,20,170,0.54,32.4,24.84,4136,53.51,08:00-11:00,Medium,Medium
GenX Corbett Tiger Den,Uttarkhand,Ramnagar,"Village: PattaPani, Belparao, Ramnagar, Uttarakhand 244715",29.313755,79.1950917,7.0,28,13,179,0.87,52.2,24.16,4205,66.54,08:00-11:00,High,High
Sparsh Hotels by Clarks Collection,Uttar Pradesh,Bareilly,"OPP.SURESH SHARMA NAGAR CHAURAHA, PILIBHIT BY-PASS ROAD,Bareiily., Bareilly u00e2u0080u0093 243001",28.3826,79.386066,7.0,8,14,178,0.81,48.6,23.91,1761,50.18,08:00-11:00,High,High
"Grand Vehicles, Mahobewala",Uttarakhand,Dehradun,"Saharanpur Road, Mahobewala Chowk, Dehradun, Uttarakhand 248002",30.2683877,77.984897,7.0,27,2,134,0.5,30.0,24.24,10072,55.01,08:00-11:00,Low,Medium
"Pacific Mall, Rajpur Road",Uttarakhand,Dehradun,"Pacific mall, Rajpur Rd, Jakhan, Dehradun, Uttarakhand 248001",30.3662595,78.070528,7.0,6,20,171,0.74,44.4,20.87,9898,35.81,18:00-21:00,Medium,High
"One Earth Haridwar, Motichur",Uttarakhand,Haridwar,"One Earth Haridwar near, dudhadhari chowk, Motichur, Haridwar, Uttarakhand 24941",29.9787383,78.1818067,7.0,40,18,118,0.63,37.8,6.81,4872,26.45,08:00-11:00,Medium,Medium
"Gardenia SPA & Resort, Sec 11",Uttarakhand,Haridwar,Plot No 1 Sector 11 SIDCUL Haridwar Uttrakhand-249403,29.9512388,78.0759131,7.0,4,14,20,0.43,25.8,14.44,2062,39.66,12:00-15:00,Low,Low
"Hotel Flora, Shivalik Nagar",Uttarakhand,Haridwar,"M3, M4  Shivalik Nagar Haridwar Uttrakhand-249403",29.9276885,78.0648679,7.0,38,8,34,0.73,43.8,24.59,1215,49.91,18:00-21:00,Medium,High
Clarks Collection Epicure,Uttarakhand,Dehradun,"Chakarata Road Clarks Collection Epicure, Nanda Ki Chowki, Dehradun, Uttarakhand248007",30.3430197,77.9539417,7.0,14,8,222,0.55,33.0,5.74,1836,31.04,18:00-21:00,Medium,Medium
"Auto Hi-Tech, Southern Avenue",West Bengal,Kolkata,"No 34 A, Chandra Nath Roy Rd, near Anandadham, Topsia, Kolkata, West Bengal 700039",22.531074,88.385612,7.0,13,3,32,0.49,29.4,23.96,11330,65.17,18:00-21:00,Low,Medium
"Banerjee Automobiles, NH 2 Chandul",West Bengal,Bardhaman,"Ferighat Parking, NH2, Fagupur PO, Burdhaman(purba) Chandul Mouza West Bengal - 713101n",23.2738959,87.8094992,7.0,5,10,189,0.64,38.4,14.48,6815,79.87,12:00-15:00,Medium,Medium
"Rangeet Auto, NH 31",West Bengal,Coochbehar,"31-NH CHOKCHOKA, OPPOSITE PROVA AUTOMOBILE, NEAR CHECK POST, COOCHBEHAR, COOCH BEHAR, WEST BENGAL, 736101",26.323416,89.484913,7.0,7,14,223,0.53,31.8,11.3,8226,37.78,18:00-21:00,Medium,Medium
"Rangeet Auto, Sevoke Road",West Bengal,Siliguri,"Shop No 1 And 2, Orchid Building, Sevoke Road, Near Check Post, Near Vega Mall, Siliguri, West Bengal 734001",26.750937,88.439995,7.0,34,11,151,0.55,33.0,10.18,7067,76.31,08:00-11:00,Medium,Medium
"Tata Steel, Park Street",West Bengal,Kolkata,"43, Jawaharlal Nehru Rd, Kankaria Estates, Park Street area, Kolkata, West Bengal 700071",22.547449,88.349602,7.0,12,14,136,0.62,37.2,16.96,6126,21.0,08:00-11:00,Medium,Medium
"Lexus Motors, New Town",West Bengal,Kolkata,"Plot No IID/13, Major Arterial Road (North Extension, 14, Rajarhat Rd, AA II, Newtown, Kolkata, West Bengal 700156",22.620585,88.461154,7.0,14,15,126,0.93,55.8,13.92,2265,64.94,08:00-11:00,High,High
"IOCL Drive-In, Belgachia",West Bengal,Kolkata,"Khudiram Bose Road (Guchia Rd), Dutta Bagan, Belgachia, Kolkata, West Bengal 700037",22.607396,88.392281,7.0,31,15,174,0.94,56.4,10.82,5149,68.56,08:00-11:00,High,High
"IOCL RO u00e2u0080u0093 Basanti Hwy, Bayarmari",West Bengal,Bayarmari,"Plot 392&393 Mouza, Bayarmari, Nazat Dist. North 24 Paraganas - West Bengal 743442",22.4380501,88.763395,7.0,5,15,244,0.62,37.2,10.26,8066,75.24,08:00-11:00,Medium,Medium
"Hotel Artland, Old Digha Purba",West Bengal,Digha,"Old digha purba, Digha Barrister Colony Rd, beside seahawk, West Bengal 721428",21.624423,87.528599,7.0,35,1,38,0.74,44.4,6.57,11720,54.7,12:00-15:00,Medium,High
"IOCL - PIONEER AUTO SERVICE, Bagdogara",West Bengal,Darjeeling,BAGDOGRA PO: BAGDOGRA DT: DARJEELING; West Bengal PIN: 734422,26.7006026,88.3293524,7.0,5,6,145,0.73,43.8,22.74,9773,78.26,18:00-21:00,Medium,High
The Golkonda Hotel,Telangana,Hyderabad,"The Golkonda Hotel, Ambedkar Nagar, Masab Tank, Hyderabad Telangana 500004",17.4,78.45,21.0,11,3,250,0.85,51.0,13.25,4812,30.81,12:00-15:00,High,High
Sri Sai Dhaba - Jedcharla,Telangana,Palem,"CW8R+Q54, Telangana 509219 Jedcharla Telangana 509219",16.42,77.94,21.0,4,12,67,0.67,40.2,9.51,10941,65.25,18:00-21:00,Medium,Medium
Palm Meadows,Telangana,Hyderabad,"Palm Meadows Rd, Laxmi Nagar Colony, Kompally Hyderabad Telangana 500100",17.56,78.48,21.0,27,4,158,0.33,19.8,19.89,5856,65.27,08:00-11:00,Low,Low
Sohini Tech Park,Telangana,Hyderabad,"Nanakramguda Road, Financial district, Gachibowli Hyderabad Telangana 500032",17.42,78.35,21.0,34,18,223,0.94,56.4,20.45,9175,43.49,08:00-11:00,High,High
Hotel Gangothri,Andra Pradesh,Kodikonda,"Kodikonda Checkpost (V), Chilamathur (Mandal), Anantapur Andhra pradesh 515601",13.83,77.74,21.0,30,8,146,0.64,38.4,15.17,9410,61.6,18:00-21:00,Medium,Medium
Exotikka Restaurant,Andra Pradesh,Ananthapur,"survey no- 155, NH44, beside TATA show room. Kakkala palli village Anantapur 515001.",14.65,77.58,21.0,12,12,119,0.56,33.6,24.95,11862,47.62,12:00-15:00,Medium,Medium
"Magenta TTC, Turbhe",Maharashtra,Navi Mumbai,"Magenta House, D-285, TTC Industrial Area, nTurbhe, Near Unitech Motors, Navi Mumbai, Maharashtra",19.0685788,73.022744,18.0,35,9,196,0.94,56.4,23.56,11275,55.16,18:00-21:00,High,High
The Fern An Ecotel Hotel,Maharashtra,Lonavala,"84/1 to 4/2, Valvan, Maval, Lonavla, nMaharashtra 410401",18.76284112,73.4267514,18.0,30,3,202,0.35,21.0,7.2,8453,74.61,12:00-15:00,Low,Low
"Hotel Fern Zinc, Whitefield",Karnataka,Bengaluru,"1528, Channasandra Main Rd, beside Global nSchool, Vijayanagara, Whitefield, Bengaluru, nKarnataka 560067",12.9778518,77.7566714,18.0,22,10,23,0.55,33.0,12.65,3074,23.15,12:00-15:00,Medium,Medium
Amanora Park Town,Maharashtra,Pune,"Amanora Park Town, Amanora, Magarpatta nRd, Hadapsar, Pune, Maharashtra, 411028",18.51848416,73.94137686,18.0,15,4,111,0.35,21.0,21.17,11034,61.4,18:00-21:00,Low,Low
"Magenta TTC, Turbhe",Maharashtra,Navi Mumbai,"Magenta House, D-285, TTC Industrial Area, nTurbhe, Near Unitech Motors, Navi Mumbai, Maharashtra",19.0685788,73.022744,18.0,25,16,52,0.91,54.6,10.7,2935,77.4,18:00-21:00,High,High
Xavier Institute of Engineering,Maharashtra,Mumbai,"Opposite S.L.Raheja Hospital, Mahim nCauseway, Mahim (West), Raheja Hospital nMarg, Mumbai, Maharashtra 400016",19.04527839,72.84168159,18.0,25,12,126,0.56,33.6,13.99,3755,53.26,12:00-15:00,Medium,Medium
"HPCL auto care, Sajgaon",Maharashtra,Sajgaon,"Sajgaon HPCL petrol pump, Mumbai-Pune nExpressway",18.79344,73.297239,18.0,25,12,99,0.75,45.0,8.48,3148,26.74,08:00-11:00,Medium,High
"Magenta TTC, Turbhe",Maharashtra,Navi Mumbai,"Magenta House, D-285, TTC Industrial Area, nTurbhe, Near Unitech Motors, Navi Mumbai, Maharashtra",19.0685788,73.022744,18.0,22,19,244,0.61,36.6,13.51,3635,33.56,08:00-11:00,Medium,Medium
"UK 27, The Fern",Maharashtra,Belgavi,"UK27, Fern, Ayodhya Nagar, Sadashiv Nagar, nBelagavi",15.87491249,74.51340824,18.0,25,2,123,0.54,32.4,24.44,3683,73.99,08:00-11:00,Medium,Medium
Fern Residency Karad,Maharashtra,Karad,"The Fern Residency,NH-4 At Munde, Tal, nKarad",17.2976094,74.16633302,18.0,32,2,158,0.63,37.8,18.73,2606,58.62,12:00-15:00,Medium,Medium
"Anjappar Chettinad A/C Restaurant, Nazarathpettai",Tamil Nadu,Chennai,"NH 48, Nazarathpettai, Tamil Nadu 600123",13.04691388,80.0793241,19.0,8,3,83,0.56,33.6,8.22,5710,42.86,12:00-15:00,Medium,Medium
"Ocean Spray Resort, Manjakuppam",Tamil Nadu,Pondicherry,"No: 7, 8, 9, SH 49, Manjakuppam, Tamil Nadu 60430",12.06587465,79.88027083,19.0,16,10,151,0.8,48.0,11.25,10722,75.37,18:00-21:00,High,High
"Prashanth Charging Station, Chidambaram",Tamil Nadu,Chidambaram,"SH 212, Kadavul Nagar,",11.40802995,79.67390344,19.0,23,9,142,0.83,49.8,19.08,10419,73.35,18:00-21:00,High,High
Hotel Gem Park,Tamil Nadu,Ooty,"Sheddon Road, Pudumund Ooty Tamilnadu 643001",11.42,76.7,11.0,5,14,231,0.56,33.6,17.7,10177,58.02,08:00-11:00,Medium,Medium
Hotel Aryaas Veg | Pallikonda,Tamil Nadu,Pallikonda,"HOTEL ARYAAS, NH-4, Veppangal, Pallikonda, Tamil Nadu 635809",12.9071309,78.9620183,11.0,38,12,128,0.83,49.8,22.8,6436,47.53,12:00-15:00,High,High
Hotel Sri Nanjundeshwara I Tumkur,Karnataka,Tumkur,"Hotel Nanjundeshwara, Veg Restaurant, NH 48, Sannappana Palya, Pandithanahalli, Karnataka 572104",13.2852419,77.1829955,11.0,22,8,183,0.85,51.0,13.97,11227,44.65,08:00-11:00,High,High
Cassia Restaurant I Alappuzha,Tamil Nadu,Alappuzha,"Cassia Restaurant, NH -47, Kommady, Alappuzha, Kerala 688008",9.5188743,76.3274171,11.0,29,2,30,0.36,21.6,14.25,7724,55.33,18:00-21:00,Low,Low
Wyte Portico Hotel I Adoor,Karala,Adoor,"Wyte Portico Hotel, High School Jn, Karuvatta, Adoor, Kerala 691523",9.1621728,76.7219365,11.0,24,6,110,0.73,43.8,13.15,7842,62.28,12:00-15:00,Medium,High
Hotel Kalyan Grand I Vandalur,Tamil Nadu,"Vandalur, Chennai","Kalyan Grand - a business hotel, 247 Grand Southern Trunk Rd, Next to Vandalur Zoo, Chennai, Tamil Nadu 600048",12.8735113,80.0785537,11.0,25,18,221,0.79,47.4,6.46,11981,55.41,08:00-11:00,High,High
Hotel Subbanna | Karur,Tamil Nadu,Karur,"Madurai Byepass Road Service Road, L G B Nagar, Tamil Nadu 639001",10.9577783,78.0605855,11.0,40,1,169,0.38,22.8,21.53,1361,61.94,18:00-21:00,Low,Low
A S M ABDUL CADER AND CO,TAMIL NADU,CHENNAI,"A S M ABDUL CADER AND CO, DOOR NO 355 CEMENT ROAD, ALANDUR, MEENAMBAKKAM,CHENNAI, TAMIL NADU, 600016",12.99431,80.18706,23.0,14,1,155,0.51,30.6,10.91,2825,23.63,18:00-21:00,Medium,Medium
"BP,GHAR-MARAIMALAI NAGAR",TAMIL NADU,CHENGALPATTU,"BP,GHAR-MARAIMALAI NAGAR, SY NO 336/6 ( PART ), NH-45, GST RO, MARAIMALAI NAGAR, CHENGALPATTU, TAMILNADU, 603209",12.78326,80.01671,23.0,6,18,200,0.9,54.0,22.52,10552,45.43,18:00-21:00,High,High
SAKTHI MADUMALAR AGENCIES,TAMIL NADU,CHENGALPATTU,"SAKTHI MADHUMALAR AGENCIES, NH-45 CHENNAI-TRICHY HIGHWAY, MELMARUVATHUR, CHENGALPATTU, TAMIL NADU, 603319",12.43395,79.83235,23.0,28,19,216,0.62,37.2,6.75,10932,73.9,18:00-21:00,Medium,Medium
SRI VENNI AGENCIES,TAMIL NADU,VILLUPURAM,"Bharat Petroleum Dealers, SY NO 52/6B1 & 52/7A1, NH38, Chennai Trichy Highway, CHINNAVALAVANUR, VILLUPURAM, TN-604302",12.16381,79.61146,23.0,24,14,207,0.75,45.0,21.5,6935,58.91,08:00-11:00,Medium,High
RAVIE AGENCIES,TAMIL NADU,VILLUPURAM,"Bharat Petroleum Dealers, SY NO 148/1, NH38, Chennai Trichy Highway, V. SALAI, VIKRAVANDI, VILLUPURAM, TN-605652",12.06382,79.54755,23.0,28,5,67,0.56,33.6,14.86,8764,25.76,08:00-11:00,Medium,Medium
BP-ULUNDURPET,TAMIL NADU,KALLAKURICHI,"Bharat Petroleum Company Owner retail outlet, Next to Ulundurpet Toll, NH38, CHENNAI-TRICHY HIGHWAY, SENGURICHI VILLAGE, KALLAKURICHI Dt, TN-606115",11.71881,79.33575,23.0,35,8,64,0.68,40.8,16.59,7246,69.23,08:00-11:00,Medium,Medium
BP-TRICHY,TAMIL NADU,TRICHY,"Bharat Petroleum Company owner retail outlet, S.No-489/5B, NH38, CHENNAI-TRICHY HIGHWAY, SANNAMANGALAM, Trichy, TN-621104",11.03248,78.80801,23.0,24,18,50,0.89,53.4,17.98,1094,40.44,08:00-11:00,High,High
KARTHIK AGENCIES,TAMIL NADU,TRICHY,"Bharat Petroleum Dealers, S.No-456/6, 5B, NH38, CHENNAI-TRICHY HIGHWAY, SIRUGANUR, LALGUDI TK, Trichy, TN-621105",11.00462,78.78876,23.0,24,2,246,0.34,20.4,16.06,9750,71.43,08:00-11:00,Low,Low
SRI RAJAN ENTERPRISES,TAMIL NADU,MADURAI,"Sri Rajan Enterprises, BPCL Dealers, Surakundu village, Melur - Madurai road, NH 38, Melur, Madurai 625106",10.02184,78.31352,23.0,7,14,177,0.66,39.6,22.84,7315,44.52,08:00-11:00,Medium,Medium
BP-OTHAKKADAI,TAMIL NADU,MADURAI,"BP Othakadai, BPCL Retail Outlet, Kodikulam Village, Madurai - Melur NH 38, Madurai 625104",9.9445,78.15418,23.0,10,15,162,0.87,52.2,10.92,9657,74.77,18:00-21:00,High,High
Charge Zone,Gujarat,Vapi,"GJ | Vapi |Shanti-Complex ,Shanti Complex, Beside King Ford Near Jalaram Temple, NH-8, Vapi, Gujarat 396191",20.38000422,72.914853,24.0,37,13,134,0.45,27.0,24.04,10581,35.1,08:00-11:00,Low,Low
Charge Zone,Maharashtra,Kasara,"MH | Kasara | Hotel Vrundavan,Hotel Vrindavan, Mumbai nasik highway,near indian petrol pump,mukhavane,kasara, dist thane, Kasara, Maharashtra 421601",19.62751783,73.44803503,24.0,21,13,202,0.43,25.8,5.24,4339,22.16,08:00-11:00,Low,Low
Charge Zone,Maharashtra,Sangli,"MH | Sangli | Mehta Petroleum,Miraj Rd, Samasta nagar, Miraj, Maharashtra 416410",18.79104859,73.29845541,24.0,23,4,122,0.33,19.8,19.66,6965,38.5,18:00-21:00,Low,Low
Charge Zone,Maharashtra,Mumbai,"MH | Mumbai | The Westin Mumbai Powai Lake,The Westin Mumbai Powai Lake  Kailash Nagar, Morarji Nagar, Powai, Mumbai, Maharashtra 400076",19.133659,72.900817,24.0,5,16,33,0.49,29.4,15.08,9015,71.1,18:00-21:00,Low,Medium
Charge Zone,Maharashtra,Mumbai,"MH | Mumbai | NSCI - Worli,NSCI, Lala Lajpatrai Marg, Lotus Colony, Worli, Mumbai, Maharashtra 400018",18.9862222,72.8149436,24.0,18,2,95,0.66,39.6,7.51,6454,32.68,08:00-11:00,Medium,Medium
Charge Zone,Rajasthan,Behror,"RJ | Behror Village | Hotel Express Highway,National Highway 8, Delhi - Jaipur Expy, Behror, Rajasthan 301701",27.857413,76.2640464,24.0,29,16,36,0.53,31.8,12.55,10471,77.48,12:00-15:00,Medium,Medium
Charge Zone,Uttar Pradesh,Aligarh,"UP | Aligarh | Hotel Food Bell,Ogarnagala Rajoo, Opposite Reliance fuel point, Uttar Pradesh 202136",28.0236646,77.9738421,24.0,21,5,222,0.43,25.8,24.09,1353,28.3,08:00-11:00,Low,Low
Charge Zone,Karnataka,Bengaluru,"KA | Bengaluru | Marriott Hotel Whitefield ,Plot No 75, 8th Rd, EPIP Zone, Whitefield, Bengaluru, Karnataka 560066",12.9792332,77.728456,24.0,28,7,177,0.65,39.0,18.94,9571,67.43,08:00-11:00,Medium,Medium
Tata Power ,West Bengal,Kolkata,"IOCL COCO Opp Nature Park, Makalhati MAuza, Makalhati Mauza, Kolkata, West Bengal 700088",22.52299,88.29081,7.0,31,4,243,0.58,34.8,11.35,9488,30.98,08:00-11:00,Medium,Medium
Tata Power ,West Bengal,Durgapur,"Kejriwal Castings, Gopalpur, Kejriwal Castings Limited, Bamunara, Gopalpur Road, Gopalpur, Durgapur, West Bengal 713212",23.498815,87.377675,7.0,23,19,57,0.32,19.2,23.06,4765,75.17,12:00-15:00,Low,Low
Tata Power ,West Bengal,Digha,"Le ROI, Digha, 3, Multi - MFC, Ambition Hotels Pvt Ltd, Digha Railway Station, West Bengal-721463",21.623312,87.508939,7.0,8,13,172,0.56,33.6,10.3,7602,52.95,08:00-11:00,Medium,Medium
Tata Power ,Uttarakhand,Rudrapur,"Ginger Hotel, Patnanagar, Ginger Hotel Pantnagar Plot No. 1, Commercial Sector, IIE, SIDCUL Pantnagar, Rudrapur 263153",29.006961,79.401351,7.0,40,13,196,0.89,53.4,15.14,607,54.69,18:00-21:00,High,High
Tata Power ,Uttarakhand,Nainital,"Le ROI, Corbett, Village Dhikuli, Le Roi Resort, Nainital, Uttarakhand - 244715",29.458587,79.145012,7.0,7,13,101,0.35,21.0,24.3,5929,54.13,08:00-11:00,Low,Low
Tata Power ,Uttarakhand,Haridwar,"Le ROI, Haridwar, Multifunctional Complex, Haridwar Railway Station 249401",29.947655,78.155635,7.0,34,7,152,0.46,27.6,10.55,8881,74.33,18:00-21:00,Low,Medium
Tata Power ,Uttarakhand,Haridwar,"Hyphen Grand, near Radisson, Hyphen Grand Hotel, Pentagon Mall ,Sidcul Industrial Area, near Radisson, Haridwar, Uttarakhand 249403",29.947749,78.075249,7.0,13,9,23,0.34,20.4,16.13,3131,44.6,12:00-15:00,Low,Low
Tata Power ,Uttar Pradesh,Noida,"Shiva Motocorp, Sec-5 , Shiva Motocorp - A Unit of Narnoli Apparels Pvt. Ltd.  Plot A-108, Jaguar Land-rover showroom, Sector-5, Noida - 201301",28.592257,77.322172,7.0,40,4,168,0.41,24.6,14.97,8720,36.91,08:00-11:00,Low,Low
Tata Power ,Uttar Pradesh,Noida,"IOCL - COCO EPE Aurangpur, Gautam Budh Nagar, Plot No, CH-95, 600, VILLAGE-AURANGPUR, On Eastern Peripheral Expressway, , Gautam Buddha Nagar,UP- 201301",28.346036,77.513608,7.0,35,9,198,0.81,48.6,20.97,8800,30.91,18:00-21:00,High,High
Tata Power ,Uttar Pradesh,Meerut,"Hyphen Premier Hotel, Major Dhyanchand Nagar, Hyphen Premier Hotel, Shopprix Mall, Hapur Bypass Delhi, Delhi - Meerut Expy, Major Dhyanchand Nagar, Meerut, Uttar Pradesh 250001",28.9482803,77.6754855,7.0,4,15,199,0.62,37.2,9.84,2873,77.2,08:00-11:00,Medium,Medium
Tata Power ,Uttar Pradesh,Lucknow,"Pinnacle by 1589 Hotels, LDA Colony, Sector D, C.P. - 151, Parag Rd, near Power House Chauraha, Sector D1, LDA Colony, Lucknow, Uttar Pradesh 226012",26.7737236,80.9005077,7.0,5,2,26,0.73,43.8,18.37,6847,47.39,12:00-15:00,Medium,High
Tata Power ,Tripura,Agartala,"Ginger Hotel, Airport Road, Ginger Hotel Agartala Khejur Bagan, Airport Road, Barjala Mouja, Agartala 799006",23.8620683,91.2822391,7.0,25,4,222,0.57,34.2,22.48,11330,71.75,08:00-11:00,Medium,Medium
Tata Power ,Telangana,Hyderabad,"Srinidhi Service Station, Nizampet, Survey No:305 part, Village: Nizampet, Mandal: Qutbullapur, District: Rangareddy, Telangana.Pin 500049",17.517565,78.380926,7.0,14,20,64,0.58,34.8,11.54,7927,49.17,08:00-11:00,Medium,Medium
Tata Power ,Telangana,Hyderabad,"Kona Vijay Shankar Filling Station, Bahadurpally, Plot Nos. 50, 51, 52 Part 53 Part, 54, 55, Survey No. 227/1, Bahadurpalle Village, Quthbullapur Mandal, Medchal Malkajgiri  District, Telangana State. PIN 500043",17.561621,78.4303171,7.0,12,19,163,0.47,28.2,7.37,10679,70.35,18:00-21:00,Low,Medium
Tata Power ,Tamil Nadu,Hosur,"True Sai, Agraharam, Survey No 46/ 1A and 47/1A Thorapalli Agraharam, Hosur, Tamil Nadu 635109",12.7170751,77.876026,7.0,6,14,41,0.83,49.8,7.43,3818,75.96,08:00-11:00,High,High
Tata Power ,Rajasthan,Jaipur,"Clarks Collection, Govindpuri, 18, New Sanganer Rd, RoopVihar, Goverdhan Colony, Shiva Colony, Govindpuri, Jaipur, Rajasthan 302019",26.88776,75.7680401,7.0,39,20,128,0.53,31.8,22.13,8166,50.78,12:00-15:00,Medium,Medium
Tata Power ,Rajasthan,Jaipur,"Akar Fourwheels, Jhotwara, Niwaru Rd, Kumasiya, Shivaji Nagar, Jhotwara, Jaipur, Rajasthan 302012",26.9142719,75.7533201,7.0,31,13,62,0.39,23.4,6.95,2829,28.2,08:00-11:00,Low,Low
Tata Power ,Rajasthan,Ajmer,"Mudgal Motors, Parbatpura, Mudgal motors, Jaipur Road Bypas, Parbatpura, Ajmer Rajasthan -305002",26.409926,74.661819,7.0,32,9,202,0.32,19.2,16.4,2225,72.48,18:00-21:00,Low,Low
Tata Power ,Punjab,Amritsar,"IOCL Mahal FS, Sultanwind, SULTANWIND, FROM TARA WALA FLY OVER TO TARN TARAN ROAD, TEHSIL & DISTT. AMRITSAR- 143001",31.599201,74.89145,7.0,26,18,34,0.82,49.2,24.97,6283,74.99,12:00-15:00,High,High
Tata Power ,Odisha,Kalinganagar,"Ginger Hotel, Nuagan, Ginger Hotel Kalinganagar SH 20, Nuagan, Odisha 755026",20.97918833,86.0273,7.0,31,20,172,0.51,30.6,20.38,11358,75.83,08:00-11:00,Medium,Medium
Tata Power ,Andaman,Port Blair,"Gennext Motors , Pahargaon, Ground Floor New, Pahargaon, Port Blair, Andaman and Nicobar Islands 744103",11.630305,92.724835,7.0,10,11,30,0.63,37.8,23.51,11301,30.51,18:00-21:00,Medium,Medium
Tata Power ,Assam,Guwahati,"Ginger Hotel, Borbari, Ginger Hotel GuwahatiI HM Campus, VIP Road, Upper Hengrabari, Borbari, Guwahati 781036",26.1474785,91.8145291,7.0,14,14,55,0.38,22.8,13.63,2588,50.2,12:00-15:00,Low,Low
Tata Power ,Bihar,Purnea,"Shankar Motors, NH 31 Kishanganj Road, NH 31 Kishanganj Road, Damka, near Gulabbagh, Purnea, Bihar 854326",25.7952561,87.5593019,7.0,10,19,78,0.4,24.0,18.9,9832,42.18,08:00-11:00,Low,Low
Tata Power ,Chhattisgarh,Raipur,"Le ROI, Raipur, Raipur Railway Station, Loco Colony, Gudhiyari, Raipur, Chattisgarh - 492009",21.255366,81.62943,7.0,31,13,212,0.85,51.0,12.22,10571,37.09,18:00-21:00,High,High
Tata Power ,Maharashtra,Pune,"Hotel Swamiraj Executive, Pune-Solapur Highway, Hotel Swamiraj Executive, Opposite to Saradewadi Toll Plaza,, Pune-Solapur Highway,Indapur, Pune, Maharashtra 413106",18.095949,75.068207,7.0,9,6,15,0.69,41.4,7.99,7698,21.12,18:00-21:00,Medium,Medium
Tata Power ,Maharashtra,Pune,"Balajee Auto, Aundh, Phase 2, Siddarth Nagar Society, Aundh, Pune, Maharashtra 411007",18.567199,73.812297,7.0,26,2,60,0.55,33.0,13.14,3297,22.62,12:00-15:00,Medium,Medium
Tata Power ,Maharashtra,Panvel,"Hotel Pravin , Vishrali Naka, Pravin Smruti, Service Rd, Subhash Nagar, Vishrali Naka, Old Panvel, Navi Mumbai-410206",18.98164,73.11555,7.0,32,11,208,0.36,21.6,11.61,6160,42.86,08:00-11:00,Low,Low
Tata Power ,Maharashtra,Navi Mumbai,"Fortune Cars, Navi Mumbai, Plot No. D-400, TTC Industrial Area, MIDC, Near Uran Phata Signal, Nerul, Navi Mumbai, Maharashtra - 400706",19.03639,73.029907,7.0,24,1,129,0.3,18.0,13.87,3176,37.26,18:00-21:00,Low,Low
Tata Power ,Delhi,Delhi,"MVID MCD Hospital, Mukherjee Nagar, MVID MCD Hospital Parking, Tagore Park Extension, Mukherjee Nagar, Delhi, 110009",28.7036992,77.2044734,7.0,24,2,28,0.41,24.6,8.17,9870,61.42,08:00-11:00,Low,Low
Tata Power ,Delhi,Delhi,"Naniwala Bagh Commercial Complex, Azadpur, Commercial Complex, Gopal Nagar, Azadpur, New Delhi, Delhi 110009",28.709831,77.17765,7.0,26,10,222,0.54,32.4,11.0,9562,79.08,18:00-21:00,Medium,Medium
Tata Power ,Delhi,Delhi,"Netaji Subash Place, Pitampura, MCD, Netaji Subhash Place, Pitampura, Delhi, 110034",28.6912791,77.1523963,7.0,15,15,155,0.6,36.0,12.69,10129,64.24,12:00-15:00,Medium,Medium
Tata Power ,Maharashtra,Nagpur,"RawMatt CNG Filling Station, Wadi, Old Wadi Naka, No. 10, Amravati Rd, Wadi, Nagpur, Maharashtra 440023",21.154062,79.013159,7.0,8,16,21,0.94,56.4,24.74,1952,22.26,12:00-15:00,High,High
Tata Power ,Maharashtra,Mumbai,"The Taj Mahal Palace, Colaba, In front of Times Building , Apollo Bandar, Colaba, Mumbai, Maharashtra 400001",18.92279506,72.83351898,7.0,14,2,120,0.83,49.8,22.07,869,20.65,08:00-11:00,High,High
Tata Power ,Delhi,Delhi,"Parking Near Manglam Place, Rohini, MCD parking Near Mangalam Palace, Rohini Sector 3, 110085",28.6981417,77.1164514,7.0,39,18,89,0.44,26.4,10.1,1009,56.58,08:00-11:00,Low,Low
Tata Power ,Delhi,Delhi,"PVR Naraina, Commercial Complex, Community Center, Goswami Girdhari Lal Marg, Industrial Area Phase I, Block B, Naraina Industrial Area Phase 1, Naraina, New Delhi, Delhi 110028",28.6321091,77.1372683,7.0,6,14,169,0.89,53.4,12.9,4991,42.39,12:00-15:00,High,High
Tata Power ,Maharashtra,Mumbai,"Seven Hills Hospital, Andheri East, SevenHills Health City, Marol Maroshi Road, Andheri East, Mumbai, Maharashtra 400059",19.118831,72.87823,7.0,10,2,162,0.76,45.6,21.6,7090,71.72,08:00-11:00,High,High
Tata Power ,Delhi,Delhi,"Ssensse Hotel, Sec 25, PLOT NO.28, POCKET 5A, SECTOR 25, ROHINI NEW Delhi 110085",28.735847,77.093263,7.0,11,2,112,0.44,26.4,21.63,11090,68.96,18:00-21:00,Low,Low
Tata Power ,Delhi,Delhi,"Tanga Stand, Moti Nagar, MCD Parking, Tanga Stand Road, Motinagar metro station, Moti Nagar, Delhi, 110015",28.6591233,77.1436388,7.0,39,5,22,0.58,34.8,11.77,9809,59.09,08:00-11:00,Medium,Medium
Tata Power ,Delhi,Delhi,"Videocon Tower, Jhandewalan, E3/15, Block E3, Jhandewalan Extension, Jhandewalan, New Delhi - 110005",28.6449172,77.2025135,7.0,22,14,33,0.53,31.8,17.12,10802,52.45,08:00-11:00,Medium,Medium
Tata Power ,Maharashtra,Mumbai,"IOCL Sahara Hospitality, Vile Parle, opp. Domestic Airport, Navpada, Vile Parle East, Vile Parle, Mumbai, Maharashtra 400099",19.094122,72.85223,7.0,35,17,65,0.77,46.2,23.1,9941,22.0,18:00-21:00,High,High
Tata Power ,Gujarat,Ahmedabad,"EV Capital Ram Nagar, Sabarmati, 3HGQ+QV6, Ram Nagar, Sabarmati, Ahmedabad, Gujarat,380005",23.076996,72.5896645,7.0,4,2,228,0.81,48.6,21.15,5860,57.3,08:00-11:00,High,High
Tata Power ,Gujarat,Ahmedabad,"Ginger Hotel, DriveIn Road, Ginger Hotel Ahmedabad Behind Himalaya Mall, DriveIn Road, Ahmedabad 380015",23.047141,72.531013,7.0,27,12,87,0.48,28.8,21.27,8289,47.5,08:00-11:00,Low,Medium
Tata Power ,Gujarat,Ahmedabad,"IOCL Ashtavinayak Petroleum, Hirapur, Survey No.836, Hirapur Chaukadi, Village, Hirapur, Gujarat 382435",22.922329,72.711943,7.0,37,10,174,0.42,25.2,8.55,9332,32.96,08:00-11:00,Low,Low
Tata Power ,Gujarat,Ahmedabad,"Riya Autolink, Bodakdev, Near Rajpath Club,SG Highway,Ahmedabad,Gujarat-380054",23.03577,72.51,7.0,24,12,209,0.76,45.6,14.64,741,50.19,12:00-15:00,High,High
Tata Power ,Gujarat,Ahmedabad,"Yash Motors, Narol, Opp mayauri trading company, near asopalav hotel, narol cross road, narol - pin - 382405",22.973461,72.582288,7.0,11,16,163,0.6,36.0,20.12,2896,59.78,08:00-11:00,Medium,Medium
Tata Power ,Gujarat,Rajkot,"IOCL Motamawa, Kalavad Road, Near Saraza, Opp Cosmoplex Cinema, Kalavad Rd, Rajkot, Gujarat 360005",22.269902,70.741577,7.0,29,5,209,0.91,54.6,14.28,2487,44.28,18:00-21:00,High,High
Tata Power ,Gujarat,Vapi,"Ginger Hotel, Salvav, Ginger Hotel Vapi Dream Honda, Opp. Empress Mall, NH-08, Salvav, Vapi, Gujarat-396191",20.414322,72.91809,7.0,29,11,189,0.8,48.0,13.79,10627,65.12,18:00-21:00,High,High
Tata Power ,Haryana,Faridabad,"AutoVikas, Sec -5, Plot no-2 Sector- 5 North India Compound, 20/3, Mathura Road Faridabad-121005",28.3628,77.314851,7.0,12,14,16,0.82,49.2,14.2,3090,62.31,08:00-11:00,High,High
Tata Power ,Maharashtra,Mumbai,"CR - Lokmanya Tilak Station, Kurla, Outside Platform 1, Beside LTT Pay and Park, LTT Station, Pipeline Rd, Tilak Nagar, Kurla, Mumbai, Maharashtra 400089",19.068262,72.890964,7.0,8,13,236,0.62,37.2,8.62,7939,21.57,08:00-11:00,Medium,Medium
Tata Power ,Maharashtra,Chouk,"Chowk Highway Service Centre, Old Mum-Pune highway, Nadhal, NH 48, Chouk,, Old Mumbai - Pune Hwy, Maharashtra 410206",18.90173,73.23436,7.0,36,5,82,0.6,36.0,21.09,3271,59.69,08:00-11:00,Medium,Medium
Tata Power ,Maharashtra,Ahmednagar,"Lilium Park, SH 44, Hotel Lilium Park State Highway 44, Opp. Lemon Tree Hotel, Ahmednagar, Maharashtra 414106",19.26433634,74.82719974,7.0,14,1,183,0.73,43.8,23.33,3560,79.33,08:00-11:00,Medium,High
Tata Power ,Madhya Pradesh,Bhopal,"Hriday Cars, Hoshangabad Road, Near Shiv Mandir , Ahmedpur Kalan Hoshangabad Road Bhopal 462026",23.1891128,77.4515544,7.0,31,5,20,0.3,18.0,17.71,5596,67.16,08:00-11:00,Low,Low
Tata Power ,Kerala,Pathanamthitta,"MK Motors, Churulikkodu Pathanamthitta, Milan Plaza, Churulikkodu, Pathanamthitta, Kerala 689668",9.2744022,76.7637408,7.0,4,12,33,0.37,22.2,13.44,10603,29.04,18:00-21:00,Low,Low
Tata Power ,Kerala,Munnar,"Gokulam Park Munnar, Power House Road, South Chithirapuram, Power House Road, Munnar - 685565",10.0297934,77.0458592,7.0,15,12,43,0.78,46.8,15.43,9923,71.01,12:00-15:00,High,High
Tata Power ,Haryana,Gurgaon,"Vatika Town Square II, Sector 82, Sector 82, Vatika India Next, Haryana -122004",28.3904593,76.9592003,7.0,5,7,178,0.48,28.8,11.86,3473,25.39,18:00-21:00,Low,Medium
Tata Power ,Haryana,Gurgaon,"Zedex TATA, Sec 48, GF-26, NIHO Scottish Mall, Sector 48, P.S. - Badshahpur, District - Gurugram 122001",28.411072,77.040546,7.0,24,9,49,0.4,24.0,18.82,4302,22.77,12:00-15:00,Low,Low
Tata Power ,Jammu,Jammu,"Le ROI, Jammu, Railway Station, Jammu, Jammu & Kashmir - 180003",32.7064117,74.8792033,7.0,28,14,32,0.49,29.4,8.04,3771,42.07,18:00-21:00,Low,Medium
Tata Power ,Karnataka,Mangalore,"Auto Matrix, Bejai, Manjusha Building, Bejai, Mangalore, Karnataka 575004",12.885716,74.843476,7.0,6,16,238,0.39,23.4,12.68,3647,60.79,18:00-21:00,Low,Low
